-- Existing Data (Keep this part as it was)
INSERT INTO users(id,username, password, firstname, lastname, email, enabled) VALUES(4,'admin', '$2a$10$sk586e6x3Xn/Y1ZmgQGZf.Q3MbRrt0WjZuvgFZ75YYiXtX3rsI4lW', 'admin', 'adminkovic', 'admin@mail.com', true);
INSERT INTO users (id,username, password, firstname, lastname, email, enabled)
VALUES
    (1, 'john_doe','sifra','john','doe', 'john@example.com', false),
    (2, 'jane_smith','sifra','jane','smith', 'jane@example.com', false),
    (3, 'mike_wilson','sifra','mike','wilson', 'mike@example.com', false);

insert into fitnessprogramapp.program (followers_number, creator_id, id, title, image_data,is_public)
values  (1000, 1, 1, 'Program 1', null,true),
        (2000, 1, 2, 'Program 2', null,true),
        (3000, 2, 3, 'Program 3', null,true),
        (4000, 2, 4, 'Program 4', null,true),
        (5000, 3, 5, 'Program 5', null,true),
        (1000, 1, 6, 'Program 6', null,true),
        (2000, 1, 7, 'Program 7', null,true),
        (3000, 2, 8, 'Program 8', null,true),
        (4000, 2, 9, 'Program 9', null,true),
        (5000, 3, 10, 'Program 10', null,true),
        (1000, 1, 11, 'Program 11', null,true),
        (2000, 1, 12, 'Program 12', null,true),
        (3000, 2, 13, 'Program 13', null,true),
        (4000, 2, 14, 'Program 14', null,true),
        (5000, 3, 15, 'Program 15', null,false),
        (0, 4, 16, 'asdfas', null,false);

ALTER TABLE program AUTO_INCREMENT = 17; -- Adjusted based on highest ID inserted
ALTER TABLE users AUTO_INCREMENT = 5; -- Adjusted based on highest ID inserted

INSERT INTO review (id, comment, rating,  deleted, created_at, reviewer_id) VALUES
                                                                                (41, 'Amazing experience! Learned so much about cutting-edge technology.', 5, false, '2023-09-15 10:00:00', 1),
                                                                                (42, 'Well-organized but I felt the sessions were too long.', 4, false, '2023-09-16 11:00:00', 2),
                                                                                (43, 'The location was too crowded for the number of attendees.', 3,  false, '2023-09-17 12:00:00', 1),
                                                                                (44, 'Great event! Excellent speakers and engaging sessions.', 5,  false, '2023-09-18 13:00:00', 1);
insert into program_reviews(program_id,review_id) values
                                                      (1,41),
                                                      (1,42),
                                                      (2,43),
                                                      (2,44);
insert into volume_metric(id,is_range,title,metric_symbol) values
                                                               (1,false,'Reps','reps'),
                                                               (2,true,'Reps Range','reps');
insert into intensity_metric(id,minimum_intensity,maximum_intensity,title,metric_symbol,is_range) values
                                                                                                      (1,0,10,'Rpe','rpe',false),
                                                                                                      (2,0,10,'Rpe Range','rpe',true);

# -- Existing Exercises (Keep these)
#
#
#
# -- >>> NEW DATA STARTS HERE <<<
#
# -- Insert Muscles extracted from TypeScript files
# -- Note: IDs are assigned sequentially. Adjust if you have existing muscles with specific IDs.
# -- ==================================================
# -- PRE-POPULATE MUSCLE TABLE (Example - Ensure this is done first)
# -- ==================================================
# INSERT INTO muscle (id, name) VALUES (1, 'Neck');
# INSERT INTO muscle (id, name) VALUES (2, 'Front Deltoid');
# INSERT INTO muscle (id, name) VALUES (3, 'Side Deltoid');
# INSERT INTO muscle (id, name) VALUES (4, 'Triceps');
# INSERT INTO muscle (id, name) VALUES (5, 'Tibialis');
# INSERT INTO muscle (id, name) VALUES (6, 'Calves');
# INSERT INTO muscle (id, name) VALUES (7, 'Chest');
# INSERT INTO muscle (id, name) VALUES (8, 'Biceps');
# INSERT INTO muscle (id, name) VALUES (9, 'Trapezius');
# INSERT INTO muscle (id, name) VALUES (10, 'Forearms');
# INSERT INTO muscle (id, name) VALUES (11, 'Abs');
# INSERT INTO muscle (id, name) VALUES (12, 'Obliques');
# INSERT INTO muscle (id, name) VALUES (13, 'Quads');
# INSERT INTO muscle (id, name) VALUES (14, 'Adductors');
# INSERT INTO muscle (id, name) VALUES (15, 'Abductors');
# INSERT INTO muscle (id, name) VALUES (16, 'Knees');
# INSERT INTO muscle (id, name) VALUES (17, 'Lats');
# INSERT INTO muscle (id, name) VALUES (18, 'Upper Back');
# INSERT INTO muscle (id, name) VALUES (19, 'Rear Deltoids');
# INSERT INTO muscle (id, name) VALUES (20, 'Lower Back');
# INSERT INTO muscle (id, name) VALUES (21, 'Glutes');
# INSERT INTO muscle (id, name) VALUES (22, 'Hamstrings');
# #
# # -- ==================================================
# # -- Equipment Inserts
# # -- ==================================================
# INSERT INTO Equipment (id, title) VALUES (1, 'Stability Ball');
# INSERT INTO Equipment (id, title) VALUES (2, 'Bodyweight');
# INSERT INTO Equipment (id, title) VALUES (3, 'Gymnastic Rings');
# INSERT INTO Equipment (id, title) VALUES (4, 'Parallette Bars');
# INSERT INTO Equipment (id, title) VALUES (5, 'Slam Ball');
# INSERT INTO Equipment (id, title) VALUES (6, 'Dumbbell');
# INSERT INTO Equipment (id, title) VALUES (7, 'Ab Wheel');
# INSERT INTO Equipment (id, title) VALUES (8, 'Cable');
# INSERT INTO Equipment (id, title) VALUES (9, 'Bench (Flat)');
# INSERT INTO Equipment (id, title) VALUES (10, 'Medicine Ball');
# INSERT INTO Equipment (id, title) VALUES (11, 'Suspension Trainer');
# INSERT INTO Equipment (id, title) VALUES (12, 'Barbell');
# INSERT INTO Equipment (id, title) VALUES (13, 'Miniband');
# INSERT INTO Equipment (id, title) VALUES (14, 'Sliders');
# INSERT INTO Equipment (id, title) VALUES (15, 'Kettlebell');
# INSERT INTO Equipment (id, title) VALUES (16, 'Pull Up Bar');
# INSERT INTO Equipment (id, title) VALUES (17, 'Bench (Incline)');
# INSERT INTO Equipment (id, title) VALUES (18, 'EZ Bar');
# INSERT INTO Equipment (id, title) VALUES (19, 'Landmine');
# INSERT INTO Equipment (id, title) VALUES (20, 'Superband');
# INSERT INTO Equipment (id, title) VALUES (21, 'Resistance Band');
# INSERT INTO Equipment (id, title) VALUES (22, 'Weight Plate');
# INSERT INTO Equipment (id, title) VALUES (23, 'Bench (Decline)');
# INSERT INTO Equipment (id, title) VALUES (24, 'Macebell');
# INSERT INTO Equipment (id, title) VALUES (25, 'Indian Club');
# INSERT INTO Equipment (id, title) VALUES (26, 'Clubbell');
# INSERT INTO Equipment (id, title) VALUES (27, 'Plyo Box');
# INSERT INTO Equipment (id, title) VALUES (28, 'Slant Board');
# INSERT INTO Equipment (id, title) VALUES (29, 'Tire');
# INSERT INTO Equipment (id, title) VALUES (30, 'Sledge Hammer');
# INSERT INTO Equipment (id, title) VALUES (31, 'Trap Bar');
# INSERT INTO Equipment (id, title) VALUES (32, 'Battle Ropes');
# INSERT INTO Equipment (id, title) VALUES (33, 'Gravity Boots');
# INSERT INTO Equipment (id, title) VALUES (34, 'Bulgarian Bag');
# INSERT INTO Equipment (id, title) VALUES (35, 'Heavy Sandbag');
# INSERT INTO Equipment (id, title) VALUES (36, 'Sandbag');
# INSERT INTO Equipment (id, title) VALUES (37, 'Wall Ball');
# INSERT INTO Equipment (id, title) VALUES (38, 'Sled');
# #
# # -- ==================================================
# # -- Training Type Inserts
# # -- ==================================================
# INSERT INTO Training_Type (id, title) VALUES (1, 'Postural');
# INSERT INTO Training_Type (id, title) VALUES (2, 'Bodybuilding');
# INSERT INTO Training_Type (id, title) VALUES (3, 'Unsorted');
# INSERT INTO Training_Type (id, title) VALUES (4, 'Calisthenics');
# INSERT INTO Training_Type (id, title) VALUES (5, 'Animal Flow');
# INSERT INTO Training_Type (id, title) VALUES (6, 'Grinds');
# INSERT INTO Training_Type (id, title) VALUES (7, 'Powerlifting');
# INSERT INTO Training_Type (id, title) VALUES (8, 'Mobility');
# INSERT INTO Training_Type (id, title) VALUES (9, 'Plyometric');
# INSERT INTO Training_Type (id, title) VALUES (10, 'Ballistics');
# INSERT INTO Training_Type (id, title) VALUES (11, 'Olympic Weightlifting');
# INSERT INTO Training_Type (id, title) VALUES (12, 'Balance');
# #
# # -- ==================================================
# # -- Exercise and ExerciseMuscle Inserts
# # -- ==================================================
# # -- Exercise ID: 1
# INSERT INTO Exercise (id, title, description, link, equipment_id, training_type_id) VALUES (1, 'Stability Ball Dead Bug', 'Target: Abdominals', 'https://youtu.be/5jDEulwWs04', 1, 1);
# INSERT INTO exercise_muscle (exercise_id, muscle_id, intensity) VALUES (1, 11, 10);
# INSERT INTO exercise_muscle (exercise_id, muscle_id, intensity) VALUES (1, 12, 7);
# INSERT INTO exercise_muscle (exercise_id, muscle_id, intensity) VALUES (1, 13, 4);

# -- Exercise ID: 2
# INSERT INTO Exercise (id, title, description, link, equipment_id, training_type_id) VALUES (2, 'Bodyweight Glute Bridge', 'Target: Glutes', 'https://youtu.be/ncpMkhXAykg?si=a_b3ot2rsThtz4DE', 2, 2);
# INSERT INTO exercise_muscle (exercise_id, muscle_id, intensity) VALUES (2, 21, 10);
# INSERT INTO exercise_muscle (exercise_id, muscle_id, intensity) VALUES (2, 22, 7);
# INSERT INTO exercise_muscle (exercise_id, muscle_id, intensity) VALUES (2, 20, 4);
#
# -- Exercise ID: 3
# INSERT INTO Exercise (id, title, description, link, equipment_id, training_type_id) VALUES (3, 'Bodyweight Bird Dog', 'Target: Abdominals', 'https://youtu.be/tU-WZsouVjo?si=Ti1JUU03OqgnmtX6', 2, 1);
# INSERT INTO exercise_muscle (exercise_id, muscle_id, intensity) VALUES (3, 11, 10);
# INSERT INTO exercise_muscle (exercise_id, muscle_id, intensity) VALUES (3, 21, 7);
# INSERT INTO exercise_muscle (exercise_id, muscle_id, intensity) VALUES (3, 20, 4);
#
# -- Exercise ID: 4
# INSERT INTO Exercise (id, title, description, link, equipment_id, training_type_id) VALUES (4, 'Stability Ball Russian Twist', 'Target: Abdominals', 'https://youtu.be/2rbbUJR-Nx4?si=aAPlfM1RYBeErvZk', 1, 3);
# INSERT INTO exercise_muscle (exercise_id, muscle_id, intensity) VALUES (4, 12, 10);
# INSERT INTO exercise_muscle (exercise_id, muscle_id, intensity) VALUES (4, 11, 7);
#
# -- Exercise ID: 5
# INSERT INTO Exercise (id, title, description, link, equipment_id, training_type_id) VALUES (5, 'Stability Ball Feet Elevated Crunch', 'Target: Abdominals', 'https://youtu.be/ByXVlY2L3nw', 1, 3);
# INSERT INTO exercise_muscle (exercise_id, muscle_id, intensity) VALUES (5, 11, 10);
# INSERT INTO exercise_muscle (exercise_id, muscle_id, intensity) VALUES (5, 12, 4);
#
# -- Exercise ID: 6
# INSERT INTO Exercise (id, title, description, link, equipment_id, training_type_id) VALUES (6, 'Ring Hanging Knee Raise', 'Target: Abdominals', 'https://youtu.be/RPBH_Dw5hUo?si=SqKs_FnqsPMuLdq0', 3, 4);
# INSERT INTO exercise_muscle (exercise_id, muscle_id, intensity) VALUES (6, 11, 10);
# INSERT INTO exercise_muscle (exercise_id, muscle_id, intensity) VALUES (6, 13, 4);
#
# -- Exercise ID: 7
# INSERT INTO Exercise (id, title, description, link, equipment_id, training_type_id) VALUES (7, 'Parallette Mountain Climber', 'Target: Abdominals', 'https://youtu.be/W0RoAqlFzrA', 4, 4);
# INSERT INTO exercise_muscle (exercise_id, muscle_id, intensity) VALUES (7, 11, 10);
# INSERT INTO exercise_muscle (exercise_id, muscle_id, intensity) VALUES (7, 2, 4);
#
# -- Exercise ID: 8
# INSERT INTO Exercise (id, title, description, link, equipment_id, training_type_id) VALUES (8, 'Parallette Push Up', 'Target: Chest', 'https://youtu.be/Kbhl_O1N4aw', 4, 4);
# INSERT INTO exercise_muscle (exercise_id, muscle_id, intensity) VALUES (8, 7, 10);
# INSERT INTO exercise_muscle (exercise_id, muscle_id, intensity) VALUES (8, 4, 7);
#
# -- Exercise ID: 9
# INSERT INTO Exercise (id, title, description, link, equipment_id, training_type_id) VALUES (9, 'Bodyweight Knee Hover Bird Dog', 'Target: Abdominals', 'https://youtu.be/fGaqVUHB1aA', 2, 1);
# INSERT INTO exercise_muscle (exercise_id, muscle_id, intensity) VALUES (9, 11, 10);
# INSERT INTO exercise_muscle (exercise_id, muscle_id, intensity) VALUES (9, 21, 7);
# INSERT INTO exercise_muscle (exercise_id, muscle_id, intensity) VALUES (9, 20, 4);
#
# -- Exercise ID: 10
# INSERT INTO Exercise (id, title, description, link, equipment_id, training_type_id) VALUES (10, 'Stability Ball V Up Pass', 'Target: Abdominals', 'https://youtu.be/n4UPDi5BuL0', 1, 3);
# INSERT INTO exercise_muscle (exercise_id, muscle_id, intensity) VALUES (10, 11, 10);
# INSERT INTO exercise_muscle (exercise_id, muscle_id, intensity) VALUES (10, 12, 4);
#
# -- Exercise ID: 11
# INSERT INTO Exercise (id, title, description, link, equipment_id, training_type_id) VALUES (11, 'Bodyweight Dead Bug', 'Target: Abdominals', 'https://youtu.be/jbWmbhElf3Q', 2, 1);
# INSERT INTO exercise_muscle (exercise_id, muscle_id, intensity) VALUES (11, 11, 10);
# INSERT INTO exercise_muscle (exercise_id, muscle_id, intensity) VALUES (11, 12, 7);
# INSERT INTO exercise_muscle (exercise_id, muscle_id, intensity) VALUES (11, 13, 4);
#
# -- Exercise ID: 12
# INSERT INTO Exercise (id, title, description, link, equipment_id, training_type_id) VALUES (12, 'Bodyweight Alternating Heel Taps', 'Target: Abdominals', 'https://youtu.be/URWXz0DmE7s', 2, 3);
# INSERT INTO exercise_muscle (exercise_id, muscle_id, intensity) VALUES (12, 12, 10);
# INSERT INTO exercise_muscle (exercise_id, muscle_id, intensity) VALUES (12, 11, 7);
#
# -- Exercise ID: 13
# INSERT INTO Exercise (id, title, description, link, equipment_id, training_type_id) VALUES (13, 'Bodyweight Flutter Kicks', 'Target: Abdominals', 'https://youtu.be/e_s7uBNPnow', 2, 3);
# INSERT INTO exercise_muscle (exercise_id, muscle_id, intensity) VALUES (13, 11, 10);
#
# -- Exercise ID: 14
# INSERT INTO Exercise (id, title, description, link, equipment_id, training_type_id) VALUES (14, 'Bodyweight Kneeling Forearm Plank', 'Target: Abdominals', 'https://youtu.be/Ns1NS9ThNhI', 2, 4);
# INSERT INTO exercise_muscle (exercise_id, muscle_id, intensity) VALUES (14, 11, 10);
#
# -- Exercise ID: 15
# INSERT INTO Exercise (id, title, description, link, equipment_id, training_type_id) VALUES (15, 'Bodyweight Seated Ab Circles', 'Target: Abdominals', 'https://youtu.be/GflQ_ymx9Nw', 2, 3);
# INSERT INTO exercise_muscle (exercise_id, muscle_id, intensity) VALUES (15, 11, 10);
#
# -- Exercise ID: 16
# INSERT INTO Exercise (id, title, description, link, equipment_id, training_type_id) VALUES (16, 'Ring Hanging Oblique Knee Raise', 'Target: Abdominals', NULL, 3, 4);
# INSERT INTO exercise_muscle (exercise_id, muscle_id, intensity) VALUES (16, 12, 10);
# INSERT INTO exercise_muscle (exercise_id, muscle_id, intensity) VALUES (16, 11, 7);
#
# -- Exercise ID: 17
# INSERT INTO Exercise (id, title, description, link, equipment_id, training_type_id) VALUES (17, 'Stability Ball Stir the Pot', 'Target: Abdominals', 'https://youtu.be/IfOtFv6zz8I', 1, 3);
# INSERT INTO exercise_muscle (exercise_id, muscle_id, intensity) VALUES (17, 11, 10);
#
# -- Exercise ID: 18
# INSERT INTO Exercise (id, title, description, link, equipment_id, training_type_id) VALUES (18, 'Bodyweight Alternating Lateral Kick Through', 'Target: Abdominals', 'https://youtu.be/1jCudOtlLsc', 2, 5);
# INSERT INTO exercise_muscle (exercise_id, muscle_id, intensity) VALUES (18, 11, 10);
#
# -- Exercise ID: 19
# INSERT INTO Exercise (id, title, description, link, equipment_id, training_type_id) VALUES (19, 'Ring L Sit Hang Flutter Kicks', 'Target: Abdominals', 'https://youtu.be/Y7Ua1YRsqd0', 3, 4);
# INSERT INTO exercise_muscle (exercise_id, muscle_id, intensity) VALUES (19, 11, 10);
#
# -- Exercise ID: 20
# INSERT INTO Exercise (id, title, description, link, equipment_id, training_type_id) VALUES (20, 'Slam Ball Russian Twist', 'Target: Abdominals', 'https://youtu.be/qyZ0pAtgo_Y', 5, 3);
# INSERT INTO exercise_muscle (exercise_id, muscle_id, intensity) VALUES (20, 12, 10);
# INSERT INTO exercise_muscle (exercise_id, muscle_id, intensity) VALUES (20, 11, 7);
#
# -- Exercise ID: 21
# INSERT INTO Exercise (id, title, description, link, equipment_id, training_type_id) VALUES (21, 'Dumbbell Otis Up', 'Target: Abdominals', 'https://youtu.be/vjAjAERSkIk', 6, 3);
# INSERT INTO exercise_muscle (exercise_id, muscle_id, intensity) VALUES (21, 11, 10);
# INSERT INTO exercise_muscle (exercise_id, muscle_id, intensity) VALUES (21, 12, 4);
#
# -- Exercise ID: 22
# INSERT INTO Exercise (id, title, description, link, equipment_id, training_type_id) VALUES (22, 'Single Arm Dumbbell Side Plank Reach Through', 'Target: Abdominals', 'https://youtu.be/Ec9Ymqhe5i4', 6, 3);
# INSERT INTO exercise_muscle (exercise_id, muscle_id, intensity) VALUES (22, 12, 10);
# INSERT INTO exercise_muscle (exercise_id, muscle_id, intensity) VALUES (22, 11, 7);
#
# -- Exercise ID: 23
# INSERT INTO Exercise (id, title, description, link, equipment_id, training_type_id) VALUES (23, 'Ab Wheel Kneeling Rollout', 'Target: Abdominals', 'https://youtu.be/QB2Gj1QGfjQ', 7, 3);
# INSERT INTO exercise_muscle (exercise_id, muscle_id, intensity) VALUES (23, 11, 10);
# INSERT INTO exercise_muscle (exercise_id, muscle_id, intensity) VALUES (23, 17, 7);
#
# -- Exercise ID: 24
# INSERT INTO Exercise (id, title, description, link, equipment_id, training_type_id) VALUES (24, 'Cable Seated Crunch', 'Target: Abdominals', 'https://youtu.be/gQT76pz_X9Y', 8, 3);
# INSERT INTO exercise_muscle (exercise_id, muscle_id, intensity) VALUES (24, 11, 10);
# INSERT INTO exercise_muscle (exercise_id, muscle_id, intensity) VALUES (24, 12, 4);
#
# -- Exercise ID: 25
# INSERT INTO Exercise (id, title, description, link, equipment_id, training_type_id) VALUES (25, 'Cable Kneeling Crunch', 'Target: Abdominals', 'https://youtu.be/ToJeyhydUxU', 8, 3);
# INSERT INTO exercise_muscle (exercise_id, muscle_id, intensity) VALUES (25, 11, 10);
# INSERT INTO exercise_muscle (exercise_id, muscle_id, intensity) VALUES (25, 12, 4);
#
# -- Exercise ID: 26
# INSERT INTO Exercise (id, title, description, link, equipment_id, training_type_id) VALUES (26, 'Medicine Ball V Up', 'Target: Abdominals', 'https://youtu.be/7MY2agzydDw', 10, 3);
# INSERT INTO exercise_muscle (exercise_id, muscle_id, intensity) VALUES (26, 11, 10);
# INSERT INTO exercise_muscle (exercise_id, muscle_id, intensity) VALUES (26, 12, 4);
#
# -- Exercise ID: 27
# INSERT INTO Exercise (id, title, description, link, equipment_id, training_type_id) VALUES (27, 'Suspension Knee Tuck', 'Target: Abdominals', 'https://youtu.be/z2tctrNfTrY', 11, 3);
# INSERT INTO exercise_muscle (exercise_id, muscle_id, intensity) VALUES (27, 11, 10);
#
# -- Exercise ID: 28
# INSERT INTO Exercise (id, title, description, link, equipment_id, training_type_id) VALUES (28, 'Suspension Lateral Knee Tuck', 'Target: Abdominals', 'https://youtu.be/nedEXGnhHak', 11, 3);
# INSERT INTO exercise_muscle (exercise_id, muscle_id, intensity) VALUES (28, 11, 10);
#
# -- Exercise ID: 29
# INSERT INTO Exercise (id, title, description, link, equipment_id, training_type_id) VALUES (29, 'Suspension Archer Row', 'Target: Shoulders', 'https://youtu.be/O0wf46CgVZg', 11, 3);
# INSERT INTO exercise_muscle (exercise_id, muscle_id, intensity) VALUES (29, 19, 10);
#
# -- Exercise ID: 30
# INSERT INTO Exercise (id, title, description, link, equipment_id, training_type_id) VALUES (30, 'Single Arm Dumbbell Turkish Get Up', 'Target: Abdominals', 'https://youtu.be/saYKvqSscuY', 6, 6);
# INSERT INTO exercise_muscle (exercise_id, muscle_id, intensity) VALUES (30, 12, 10);
# INSERT INTO exercise_muscle (exercise_id, muscle_id, intensity) VALUES (30, 11, 7);
#
# -- Exercise ID: 31
# INSERT INTO Exercise (id, title, description, link, equipment_id, training_type_id) VALUES (31, 'Bodyweight Bear Crawl', 'Target: Abdominals', 'https://youtu.be/8y-C1wUb-3c', 2, 5);
# INSERT INTO exercise_muscle (exercise_id, muscle_id, intensity) VALUES (31, 11, 10);
#
# -- Exercise ID: 32
# INSERT INTO Exercise (id, title, description, link, equipment_id, training_type_id) VALUES (32, 'Stability Ball Knee Tuck', 'Target: Abdominals', 'https://youtu.be/Q8MnsYG5sbk?si=8Aln2doES1PVTKQP', 1, 3);
# INSERT INTO exercise_muscle (exercise_id, muscle_id, intensity) VALUES (32, 11, 10);
#
# -- Exercise ID: 33
# INSERT INTO Exercise (id, title, description, link, equipment_id, training_type_id) VALUES (33, 'Ring Hanging Leg Raise', 'Target: Abdominals', 'https://youtu.be/IMWzJ7zkklA', 3, 4);
# INSERT INTO exercise_muscle (exercise_id, muscle_id, intensity) VALUES (33, 11, 10);
# INSERT INTO exercise_muscle (exercise_id, muscle_id, intensity) VALUES (33, 12, 4);
#
# -- Exercise ID: 34
# INSERT INTO Exercise (id, title, description, link, equipment_id, training_type_id) VALUES (34, 'Parallette L Sit', 'Target: Abdominals', 'https://youtu.be/lLu9U0G7Ogw', 4, 4);
# INSERT INTO exercise_muscle (exercise_id, muscle_id, intensity) VALUES (34, 11, 10);
#
# -- Exercise ID: 35
# INSERT INTO Exercise (id, title, description, link, equipment_id, training_type_id) VALUES (35, 'Bodyweight Standing Walkout Plank', 'Target: Abdominals', 'https://youtu.be/R6SMJ-TzgZo', 2, 4);
# INSERT INTO exercise_muscle (exercise_id, muscle_id, intensity) VALUES (35, 11, 10);
#
# -- Exercise ID: 36
# INSERT INTO Exercise (id, title, description, link, equipment_id, training_type_id) VALUES (36, 'Ring Eccentric Pull Up', 'Target: Back', 'https://youtu.be/4vEoBieXyKk', 3, 4);
# INSERT INTO exercise_muscle (exercise_id, muscle_id, intensity) VALUES (36, 17, 10);
#
# -- Exercise ID: 37
# INSERT INTO Exercise (id, title, description, link, equipment_id, training_type_id) VALUES (37, 'Barbell Climb', 'Target: Abdominals', 'https://youtu.be/1bBP54xKHbQ', 12, 4);
# INSERT INTO exercise_muscle (exercise_id, muscle_id, intensity) VALUES (37, 11, 10);
#
# -- Exercise ID: 38
# INSERT INTO Exercise (id, title, description, link, equipment_id, training_type_id) VALUES (38, 'Bodyweight Ipsilateral Bird Dog', 'Target: Abdominals', 'https://youtu.be/8e1m4FNO7t8', 2, 3);
# INSERT INTO exercise_muscle (exercise_id, muscle_id, intensity) VALUES (38, 11, 10);
# INSERT INTO exercise_muscle (exercise_id, muscle_id, intensity) VALUES (38, 21, 7);
# INSERT INTO exercise_muscle (exercise_id, muscle_id, intensity) VALUES (38, 20, 4);
#
# -- Exercise ID: 39
# INSERT INTO Exercise (id, title, description, link, equipment_id, training_type_id) VALUES (39, 'Bodyweight Copenhagen Plank Knee to Elbow', 'Target: Adductors', 'https://youtu.be/DrSAMHlAk4I', 2, 3);
# INSERT INTO exercise_muscle (exercise_id, muscle_id, intensity) VALUES (39, 14, 10);
#
# -- Exercise ID: 40
# INSERT INTO Exercise (id, title, description, link, equipment_id, training_type_id) VALUES (40, 'Ring Eccentric Chin Up', 'Target: Biceps', 'https://youtu.be/QvgPN5XfDX8?si=0U64Q99rkmh8yNmO', 3, 4);
# INSERT INTO exercise_muscle (exercise_id, muscle_id, intensity) VALUES (40, 8, 10);
# INSERT INTO exercise_muscle (exercise_id, muscle_id, intensity) VALUES (40, 17, 7);
#
# -- Exercise ID: 41
# INSERT INTO Exercise (id, title, description, link, equipment_id, training_type_id) VALUES (41, 'Single Arm Dumbbell Seated Shoulder External Rotation', 'Target: Shoulders', 'https://youtu.be/HeY0G79zbGA?si=qV6g26pqatUMpDew', 6, 3);
# INSERT INTO exercise_muscle (exercise_id, muscle_id, intensity) VALUES (41, 19, 10);
#
# -- Exercise ID: 42
# INSERT INTO Exercise (id, title, description, link, equipment_id, training_type_id) VALUES (42, 'Double Dumbbell Seated Cuban Rotation', 'Target: Shoulders', 'https://youtu.be/oYGHjG0jZuA', 6, 3);
# INSERT INTO exercise_muscle (exercise_id, muscle_id, intensity) VALUES (42, 19, 10);
#
# -- Exercise ID: 43
# INSERT INTO Exercise (id, title, description, link, equipment_id, training_type_id) VALUES (43, 'Double Dumbbell Standing Cuban Rotation', 'Target: Shoulders', 'https://youtu.be/_Cfrbn8dxH4', 6, 3);
# INSERT INTO exercise_muscle (exercise_id, muscle_id, intensity) VALUES (43, 19, 10);
#
# -- Exercise ID: 44
# INSERT INTO Exercise (id, title, description, link, equipment_id, training_type_id) VALUES (44, 'Single Arm Cable Half Kneeling Contralateral Shoulder External Rotation 90 Degrees', 'Target: Shoulders', 'https://youtu.be/Ff4Dg3T4pNQ?si=xU9cm-kpyPdrIwA0', 8, 3);
# INSERT INTO exercise_muscle (exercise_id, muscle_id, intensity) VALUES (44, 19, 10);
#
# -- Exercise ID: 45
# INSERT INTO Exercise (id, title, description, link, equipment_id, training_type_id) VALUES (45, 'Miniband Fire Hydrant', 'Target: Glutes', 'https://youtu.be/gnzypKUFU6Y', 13, 2);
# INSERT INTO exercise_muscle (exercise_id, muscle_id, intensity) VALUES (45, 21, 10);
# INSERT INTO exercise_muscle (exercise_id, muscle_id, intensity) VALUES (45, 15, 7);
#
# -- Exercise ID: 46
# INSERT INTO Exercise (id, title, description, link, equipment_id, training_type_id) VALUES (46, 'Medicine Ball Russian Twist', 'Target: Abdominals', 'https://youtu.be/vT8p57mXVDo?feature=shared', 10, 3);
# INSERT INTO exercise_muscle (exercise_id, muscle_id, intensity) VALUES (46, 12, 10);
# INSERT INTO exercise_muscle (exercise_id, muscle_id, intensity) VALUES (46, 11, 7);
#
# -- Exercise ID: 47
# INSERT INTO Exercise (id, title, description, link, equipment_id, training_type_id) VALUES (47, 'Bodyweight Side Plank', 'Target: Abdominals', 'https://youtu.be/_R389Jk0tIo', 2, 4);
# INSERT INTO exercise_muscle (exercise_id, muscle_id, intensity) VALUES (47, 12, 10);
# INSERT INTO exercise_muscle (exercise_id, muscle_id, intensity) VALUES (47, 11, 7);
#
# -- Exercise ID: 48
# INSERT INTO Exercise (id, title, description, link, equipment_id, training_type_id) VALUES (48, 'Cable Reverse Crunch', 'Target: Abdominals', 'https://youtu.be/3Mn_4KTDTi0?si=3zBBQ33AQDN7XPp4', 8, 3);
# INSERT INTO exercise_muscle (exercise_id, muscle_id, intensity) VALUES (48, 11, 10);
# INSERT INTO exercise_muscle (exercise_id, muscle_id, intensity) VALUES (48, 12, 4);
#
# -- Exercise ID: 49
# INSERT INTO Exercise (id, title, description, link, equipment_id, training_type_id) VALUES (49, 'Cable Rope Half Kneeling High to Low Chop', 'Target: Abdominals', 'https://youtu.be/hUbRkz4AxkE', 8, 3);
# INSERT INTO exercise_muscle (exercise_id, muscle_id, intensity) VALUES (49, 12, 10);
# INSERT INTO exercise_muscle (exercise_id, muscle_id, intensity) VALUES (49, 11, 7);
#
# -- Exercise ID: 50
# INSERT INTO Exercise (id, title, description, link, equipment_id, training_type_id) VALUES (50, 'Cable Rope Half Kneeling Low to High Chop', 'Target: Abdominals', 'https://youtu.be/48LIxDpby_E?feature=shared', 8, 3);
# INSERT INTO exercise_muscle (exercise_id, muscle_id, intensity) VALUES (50, 12, 10);
# INSERT INTO exercise_muscle (exercise_id, muscle_id, intensity) VALUES (50, 11, 7);
#
# -- Exercise ID: 51
# INSERT INTO Exercise (id, title, description, link, equipment_id, training_type_id) VALUES (51, 'Slider Double Kettlebell Bottoms Up Overhead Lateral Lunge', 'Target: Quadriceps', NULL, 14, 2);
# INSERT INTO exercise_muscle (exercise_id, muscle_id, intensity) VALUES (51, 13, 10);
# INSERT INTO exercise_muscle (exercise_id, muscle_id, intensity) VALUES (51, 21, 7);
# INSERT INTO exercise_muscle (exercise_id, muscle_id, intensity) VALUES (51, 14, 4);
#
# -- Exercise ID: 52
# INSERT INTO Exercise (id, title, description, link, equipment_id, training_type_id) VALUES (52, 'Cable Rope Staggered Stance High to Low Chop', 'Target: Abdominals', 'https://youtu.be/FFaeQW7hwYs?feature=shared', 8, 3);
# INSERT INTO exercise_muscle (exercise_id, muscle_id, intensity) VALUES (52, 12, 10);
# INSERT INTO exercise_muscle (exercise_id, muscle_id, intensity) VALUES (52, 11, 7);
#
# -- Exercise ID: 53
# INSERT INTO Exercise (id, title, description, link, equipment_id, training_type_id) VALUES (53, 'Cable Rope Staggered Stance Low to High Chop', 'Target: Abdominals', NULL, 8, 3);
# INSERT INTO exercise_muscle (exercise_id, muscle_id, intensity) VALUES (53, 12, 10);
# INSERT INTO exercise_muscle (exercise_id, muscle_id, intensity) VALUES (53, 11, 7);
#
# -- Exercise ID: 54
# INSERT INTO Exercise (id, title, description, link, equipment_id, training_type_id) VALUES (54, 'Single Arm Dumbbell Windmill', 'Target: Abdominals', 'https://youtu.be/EVLXzqAzAHI', 6, 3);
# INSERT INTO exercise_muscle (exercise_id, muscle_id, intensity) VALUES (54, 12, 10);
# INSERT INTO exercise_muscle (exercise_id, muscle_id, intensity) VALUES (54, 11, 7);
# INSERT INTO exercise_muscle (exercise_id, muscle_id, intensity) VALUES (54, 2, 4);
#
# -- Exercise ID: 55
# INSERT INTO Exercise (id, title, description, link, equipment_id, training_type_id) VALUES (55, 'Slider Double Kettlebell Bottoms Up Front Rack Lateral Lunge', 'Target: Quadriceps', NULL, 14, 2);
# INSERT INTO exercise_muscle (exercise_id, muscle_id, intensity) VALUES (55, 13, 10);
# INSERT INTO exercise_muscle (exercise_id, muscle_id, intensity) VALUES (55, 21, 7);
# INSERT INTO exercise_muscle (exercise_id, muscle_id, intensity) VALUES (55, 14, 4);
#
# -- Exercise ID: 56
# INSERT INTO Exercise (id, title, description, link, equipment_id, training_type_id) VALUES (56, 'Slider Double Kettlebell Front Rack Lateral Lunge', 'Target: Quadriceps', NULL, 14, 2);
# INSERT INTO exercise_muscle (exercise_id, muscle_id, intensity) VALUES (56, 13, 10);
# INSERT INTO exercise_muscle (exercise_id, muscle_id, intensity) VALUES (56, 21, 7);
# INSERT INTO exercise_muscle (exercise_id, muscle_id, intensity) VALUES (56, 14, 4);
#
# -- Exercise ID: 57
# INSERT INTO Exercise (id, title, description, link, equipment_id, training_type_id) VALUES (57, 'Bodyweight Feet On Wall Mountain Climber', 'Target: Abdominals', 'https://youtu.be/jGwHfj957eU?si=i-ZtryUkm2Geud9J', 2, 4);
# INSERT INTO exercise_muscle (exercise_id, muscle_id, intensity) VALUES (57, 11, 10);
# INSERT INTO exercise_muscle (exercise_id, muscle_id, intensity) VALUES (57, 2, 4);
#
# -- Exercise ID: 58
# INSERT INTO Exercise (id, title, description, link, equipment_id, training_type_id) VALUES (58, 'Slider Double Kettlebell Suitcase Reverse Lunge', 'Target: Quadriceps', 'https://youtu.be/1SlpUMsiiiw?si=WnEVv0WTROHdU4eR', 14, 2);
# INSERT INTO exercise_muscle (exercise_id, muscle_id, intensity) VALUES (58, 13, 10);
# INSERT INTO exercise_muscle (exercise_id, muscle_id, intensity) VALUES (58, 21, 7);
# INSERT INTO exercise_muscle (exercise_id, muscle_id, intensity) VALUES (58, 22, 4);
#
# -- Exercise ID: 59
# INSERT INTO Exercise (id, title, description, link, equipment_id, training_type_id) VALUES (59, 'Bodyweight Hollow Body Hold', 'Target: Abdominals', 'https://youtu.be/4xRpGgttca8', 2, 3);
# INSERT INTO exercise_muscle (exercise_id, muscle_id, intensity) VALUES (59, 11, 10);
#
# -- Exercise ID: 60
# INSERT INTO Exercise (id, title, description, link, equipment_id, training_type_id) VALUES (60, 'Dumbbell Crush Grip Hollow Body Hold', 'Target: Abdominals', 'https://youtu.be/Wo-pGZst6l0', 6, 3);
# INSERT INTO exercise_muscle (exercise_id, muscle_id, intensity) VALUES (60, 11, 10);
#
# -- Exercise ID: 61
# INSERT INTO Exercise (id, title, description, link, equipment_id, training_type_id) VALUES (61, 'Bar Inverted Hanging Crunch', 'Target: Abdominals', 'https://youtu.be/LXQTkeYPki8', 16, 3);
# INSERT INTO exercise_muscle (exercise_id, muscle_id, intensity) VALUES (61, 11, 10);
# INSERT INTO exercise_muscle (exercise_id, muscle_id, intensity) VALUES (61, 12, 4);
#
# -- Exercise ID: 62
# INSERT INTO Exercise (id, title, description, link, equipment_id, training_type_id) VALUES (62, 'Bodyweight Inverted Hanging Oblique Crunch', 'Target: Abdominals', NULL, 2, 3);
# INSERT INTO exercise_muscle (exercise_id, muscle_id, intensity) VALUES (62, 12, 10);
# INSERT INTO exercise_muscle (exercise_id, muscle_id, intensity) VALUES (62, 11, 7);
#
# -- Exercise ID: 63
# INSERT INTO Exercise (id, title, description, link, equipment_id, training_type_id) VALUES (63, 'Slider Double Kettlebell Front Rack Reverse Lunge', 'Target: Quadriceps', 'https://youtu.be/-p1l0vXTtAU?si=ebEJZJZkoWYTDFbC', 14, 2);
# INSERT INTO exercise_muscle (exercise_id, muscle_id, intensity) VALUES (63, 13, 10);
# INSERT INTO exercise_muscle (exercise_id, muscle_id, intensity) VALUES (63, 21, 7);
# INSERT INTO exercise_muscle (exercise_id, muscle_id, intensity) VALUES (63, 22, 4);
#
# -- Exercise ID: 64
# INSERT INTO Exercise (id, title, description, link, equipment_id, training_type_id) VALUES (64, 'Bodyweight Supine Alternating Single Leg Raise', 'Target: Abdominals', 'https://youtu.be/IUCoqgdvDxU?si=8xtgp1M-mJqke2mR', 2, 3);
# INSERT INTO exercise_muscle (exercise_id, muscle_id, intensity) VALUES (64, 11, 10);
# INSERT INTO exercise_muscle (exercise_id, muscle_id, intensity) VALUES (64, 12, 4);
#
# -- Exercise ID: 65
# INSERT INTO Exercise (id, title, description, link, equipment_id, training_type_id) VALUES (65, 'Bodyweight Supine Leg Raise', 'Target: Abdominals', 'https://youtu.be/q0JVBRHoLz4', 2, 3);
# INSERT INTO exercise_muscle (exercise_id, muscle_id, intensity) VALUES (65, 11, 10);
# INSERT INTO exercise_muscle (exercise_id, muscle_id, intensity) VALUES (65, 12, 4);
#
# -- Exercise ID: 66
# INSERT INTO Exercise (id, title, description, link, equipment_id, training_type_id) VALUES (66, 'Miniband Bicycle Crunch', 'Target: Abdominals', 'https://youtu.be/q_c5MFYuza4', 13, 3);
# INSERT INTO exercise_muscle (exercise_id, muscle_id, intensity) VALUES (66, 12, 10);
# INSERT INTO exercise_muscle (exercise_id, muscle_id, intensity) VALUES (66, 11, 7);
#
# -- Exercise ID: 67
# INSERT INTO Exercise (id, title, description, link, equipment_id, training_type_id) VALUES (67, 'Bodyweight Side Plank Reach Through', 'Target: Abdominals', 'https://youtu.be/7lfNb_zydvQ', 2, 4);
# INSERT INTO exercise_muscle (exercise_id, muscle_id, intensity) VALUES (67, 12, 10);
# INSERT INTO exercise_muscle (exercise_id, muscle_id, intensity) VALUES (67, 11, 7);
#
# -- Exercise ID: 68
# INSERT INTO Exercise (id, title, description, link, equipment_id, training_type_id) VALUES (68, 'Bodyweight Sit Up', 'Target: Abdominals', 'https://youtu.be/bT8NVeDvuQg?si=paUR-bam-jwd-xPx', 2, 3);
# INSERT INTO exercise_muscle (exercise_id, muscle_id, intensity) VALUES (68, 11, 10);
#
# -- Exercise ID: 69
# INSERT INTO Exercise (id, title, description, link, equipment_id, training_type_id) VALUES (69, 'Bodyweight Butterfly Sit Up', 'Target: Abdominals', 'https://youtu.be/ZLyOWSPnVrM', 2, 3);
# INSERT INTO exercise_muscle (exercise_id, muscle_id, intensity) VALUES (69, 11, 10);
#
# -- Exercise ID: 70
# INSERT INTO Exercise (id, title, description, link, equipment_id, training_type_id) VALUES (70, 'Slider Mountain Climber', 'Target: Abdominals', 'https://youtu.be/fjHQIVIPLHY', 14, 3);
# INSERT INTO exercise_muscle (exercise_id, muscle_id, intensity) VALUES (70, 11, 10);
# INSERT INTO exercise_muscle (exercise_id, muscle_id, intensity) VALUES (70, 2, 4);
#
# -- Exercise ID: 71
# INSERT INTO Exercise (id, title, description, link, equipment_id, training_type_id) VALUES (71, 'Slider Pike', 'Target: Abdominals', 'https://youtu.be/vB803WCcQDk?si=hXUn4t23jP7Bn6R8', 14, 3);
# INSERT INTO exercise_muscle (exercise_id, muscle_id, intensity) VALUES (71, 11, 10);
#
# -- Exercise ID: 72
# INSERT INTO Exercise (id, title, description, link, equipment_id, training_type_id) VALUES (72, 'Stability Ball Pike', 'Target: Abdominals', 'https://youtu.be/-ciDJCuTu3A?si=zpBNDJ0Pbp7YfJOm', 1, 3);
# INSERT INTO exercise_muscle (exercise_id, muscle_id, intensity) VALUES (72, 11, 10);
#
# -- Exercise ID: 73
# INSERT INTO Exercise (id, title, description, link, equipment_id, training_type_id) VALUES (73, 'Slider Wide Mountain Climber', 'Target: Abdominals', 'https://youtu.be/d64d_6PE9fY', 14, 3);
# INSERT INTO exercise_muscle (exercise_id, muscle_id, intensity) VALUES (73, 11, 10);
# INSERT INTO exercise_muscle (exercise_id, muscle_id, intensity) VALUES (73, 2, 4);
#
# -- Exercise ID: 74
# INSERT INTO Exercise (id, title, description, link, equipment_id, training_type_id) VALUES (74, 'Stability Ball Crunch', 'Target: Abdominals', 'https://youtu.be/O4d3kd1ZLyc?si=xAr_I7jNLwrDm7lL', 1, 3);
# INSERT INTO exercise_muscle (exercise_id, muscle_id, intensity) VALUES (74, 11, 10);
# INSERT INTO exercise_muscle (exercise_id, muscle_id, intensity) VALUES (74, 12, 4);
#
# -- Exercise ID: 75
# INSERT INTO Exercise (id, title, description, link, equipment_id, training_type_id) VALUES (75, 'Stability Ball Feet Elevated Oblique Crunch', 'Target: Abdominals', 'https://youtu.be/fZZK29dMla0?si=BQpGveG4S8WqLjzv', 1, 3);
# INSERT INTO exercise_muscle (exercise_id, muscle_id, intensity) VALUES (75, 12, 10);
# INSERT INTO exercise_muscle (exercise_id, muscle_id, intensity) VALUES (75, 11, 7);
#
# -- Exercise ID: 76
# INSERT INTO Exercise (id, title, description, link, equipment_id, training_type_id) VALUES (76, 'Stability Ball Kneeling Rollout', 'Target: Abdominals', 'https://youtu.be/gi38qGKDzXY?si=XCqiGVtu482eeeTP', 1, 3);
# INSERT INTO exercise_muscle (exercise_id, muscle_id, intensity) VALUES (76, 11, 10);
# INSERT INTO exercise_muscle (exercise_id, muscle_id, intensity) VALUES (76, 17, 7);
#
# -- Exercise ID: 77
# INSERT INTO Exercise (id, title, description, link, equipment_id, training_type_id) VALUES (77, 'Stability Ball Single Leg Knee Tuck', 'Target: Abdominals', 'https://youtu.be/fv6mxdkTT60?si=1AhvmIbGHoW_9tm9', 1, 3);
# INSERT INTO exercise_muscle (exercise_id, muscle_id, intensity) VALUES (77, 11, 10);
#
# -- Exercise ID: 78
# INSERT INTO Exercise (id, title, description, link, equipment_id, training_type_id) VALUES (78, 'Stability Ball Single Leg Pike', 'Target: Abdominals', 'https://youtu.be/7skasCMLRL8', 1, 3);
# INSERT INTO exercise_muscle (exercise_id, muscle_id, intensity) VALUES (78, 11, 10);
#
# -- Exercise ID: 79
# INSERT INTO Exercise (id, title, description, link, equipment_id, training_type_id) VALUES (79, 'Double Dumbbell Z Press', 'Target: Shoulders', 'https://youtu.be/k_kXBEjURUA', 6, 2);
# INSERT INTO exercise_muscle (exercise_id, muscle_id, intensity) VALUES (79, 2, 10);
# INSERT INTO exercise_muscle (exercise_id, muscle_id, intensity) VALUES (79, 4, 7);
# INSERT INTO exercise_muscle (exercise_id, muscle_id, intensity) VALUES (79, 11, 4);
#
# -- Exercise ID: 80
# INSERT INTO Exercise (id, title, description, link, equipment_id, training_type_id) VALUES (80, 'Slider Double Kettlebell Overhead Reverse Lunge', 'Target: Quadriceps', NULL, 14, 2);
# INSERT INTO exercise_muscle (exercise_id, muscle_id, intensity) VALUES (80, 13, 10);
# INSERT INTO exercise_muscle (exercise_id, muscle_id, intensity) VALUES (80, 21, 7);
# INSERT INTO exercise_muscle (exercise_id, muscle_id, intensity) VALUES (80, 22, 4);
#
# -- Exercise ID: 81
# INSERT INTO Exercise (id, title, description, link, equipment_id, training_type_id) VALUES (81, 'Double Dumbbell Romanian Deadlift', 'Target: Hamstrings', 'https://youtu.be/Cf3CaHui43A?si=dFPcP6jQEQECmXmY', 6, 2);
# INSERT INTO exercise_muscle (exercise_id, muscle_id, intensity) VALUES (81, 22, 10);
# INSERT INTO exercise_muscle (exercise_id, muscle_id, intensity) VALUES (81, 21, 7);
# INSERT INTO exercise_muscle (exercise_id, muscle_id, intensity) VALUES (81, 20, 4);
#
# -- Exercise ID: 82
# INSERT INTO Exercise (id, title, description, link, equipment_id, training_type_id) VALUES (82, 'Single Arm Dumbbell Side Plank', 'Target: Abdominals', 'https://youtu.be/2WxwO9E93wI', 6, 3);
# INSERT INTO exercise_muscle (exercise_id, muscle_id, intensity) VALUES (82, 12, 10);
# INSERT INTO exercise_muscle (exercise_id, muscle_id, intensity) VALUES (82, 11, 7);
#
# -- Exercise ID: 83
# INSERT INTO Exercise (id, title, description, link, equipment_id, training_type_id) VALUES (83, 'Bodyweight Single Leg Glute Bridge', 'Target: Glutes', 'https://youtu.be/z4J188sFD4g', 2, 2);
# INSERT INTO exercise_muscle (exercise_id, muscle_id, intensity) VALUES (83, 21, 10);
# INSERT INTO exercise_muscle (exercise_id, muscle_id, intensity) VALUES (83, 22, 7);
# INSERT INTO exercise_muscle (exercise_id, muscle_id, intensity) VALUES (83, 12, 4);
#
# -- Exercise ID: 84
# INSERT INTO Exercise (id, title, description, link, equipment_id, training_type_id) VALUES (84, 'Dumbbell Glute Bridge', 'Target: Glutes', 'https://youtu.be/JpDDoINkrog', 6, 2);
# INSERT INTO exercise_muscle (exercise_id, muscle_id, intensity) VALUES (84, 21, 10);
# INSERT INTO exercise_muscle (exercise_id, muscle_id, intensity) VALUES (84, 22, 7);
# INSERT INTO exercise_muscle (exercise_id, muscle_id, intensity) VALUES (84, 20, 4);
#
# -- Exercise ID: 85
# INSERT INTO Exercise (id, title, description, link, equipment_id, training_type_id) VALUES (85, 'Bodyweight Glute Bridge Isometric with Alternating Single Leg Extension', 'Target: Glutes', 'https://youtu.be/cRCXEFhpBEI?si=6A2YpBsXM9WqT6rW', 2, 2);
# INSERT INTO exercise_muscle (exercise_id, muscle_id, intensity) VALUES (85, 21, 10);
# INSERT INTO exercise_muscle (exercise_id, muscle_id, intensity) VALUES (85, 22, 7);
# INSERT INTO exercise_muscle (exercise_id, muscle_id, intensity) VALUES (85, 12, 4);
#
# -- Exercise ID: 86
# INSERT INTO Exercise (id, title, description, link, equipment_id, training_type_id) VALUES (86, 'Miniband Side Lying Clamshell', 'Target: Glutes', 'https://youtu.be/vSpyJR3dA7s?si=voo83Swm5kMbYEwl', 13, 2);
# INSERT INTO exercise_muscle (exercise_id, muscle_id, intensity) VALUES (86, 21, 10);
# INSERT INTO exercise_muscle (exercise_id, muscle_id, intensity) VALUES (86, 15, 7);
#
# -- Exercise ID: 87
# INSERT INTO Exercise (id, title, description, link, equipment_id, training_type_id) VALUES (87, 'Miniband Ankle Side Lying Hip Abduction', 'Target: Abductors', 'https://youtu.be/bDvFd4EZt8M', 13, 2);
# INSERT INTO exercise_muscle (exercise_id, muscle_id, intensity) VALUES (87, 15, 10);
#
# -- Exercise ID: 88
# INSERT INTO Exercise (id, title, description, link, equipment_id, training_type_id) VALUES (88, 'Miniband Bench Seated Hip Abduction', 'Target: Abductors', 'https://youtu.be/NeO0w4Jv4rs?si=zFKHnPvts0-arQgk', 13, 2);
# INSERT INTO exercise_muscle (exercise_id, muscle_id, intensity) VALUES (88, 15, 10);
#
# -- Exercise ID: 89
# INSERT INTO Exercise (id, title, description, link, equipment_id, training_type_id) VALUES (89, 'Miniband Glute Bridge with Hip Abduction', 'Target: Glutes', 'https://youtu.be/oS3cYfl6Bns', 13, 2);
# INSERT INTO exercise_muscle (exercise_id, muscle_id, intensity) VALUES (89, 21, 10);
# INSERT INTO exercise_muscle (exercise_id, muscle_id, intensity) VALUES (89, 15, 7);
#
# -- Exercise ID: 90
# INSERT INTO Exercise (id, title, description, link, equipment_id, training_type_id) VALUES (90, 'Stability Ball Hip Thrust', 'Target: Glutes', 'https://youtu.be/4azLK_5vOqY?si=bceKCFzhvhSW5jXe', 1, 2);
# INSERT INTO exercise_muscle (exercise_id, muscle_id, intensity) VALUES (90, 21, 10);
# INSERT INTO exercise_muscle (exercise_id, muscle_id, intensity) VALUES (90, 22, 7);
# INSERT INTO exercise_muscle (exercise_id, muscle_id, intensity) VALUES (90, 13, 4);
#
# -- Exercise ID: 91
# INSERT INTO Exercise (id, title, description, link, equipment_id, training_type_id) VALUES (91, 'Stability Ball Dumbbell Hip Thrust', 'Target: Glutes', 'https://youtu.be/x4lc8HocO1c', 1, 2);
# INSERT INTO exercise_muscle (exercise_id, muscle_id, intensity) VALUES (91, 21, 10);
# INSERT INTO exercise_muscle (exercise_id, muscle_id, intensity) VALUES (91, 22, 7);
# INSERT INTO exercise_muscle (exercise_id, muscle_id, intensity) VALUES (91, 13, 4);
#
# -- Exercise ID: 92
# INSERT INTO Exercise (id, title, description, link, equipment_id, training_type_id) VALUES (92, 'Bodyweight Frog Pump', 'Target: Glutes', 'https://youtu.be/7IVoH7E4rWo', 2, 3);
# INSERT INTO exercise_muscle (exercise_id, muscle_id, intensity) VALUES (92, 21, 10);
# INSERT INTO exercise_muscle (exercise_id, muscle_id, intensity) VALUES (92, 22, 7);
# INSERT INTO exercise_muscle (exercise_id, muscle_id, intensity) VALUES (92, 14, 4);
#
# -- Exercise ID: 93
# INSERT INTO Exercise (id, title, description, link, equipment_id, training_type_id) VALUES (93, 'Dumbbell Frog Pump', 'Target: Glutes', 'https://youtu.be/N6t2Fv0SKGc', 6, 3);
# INSERT INTO exercise_muscle (exercise_id, muscle_id, intensity) VALUES (93, 21, 10);
# INSERT INTO exercise_muscle (exercise_id, muscle_id, intensity) VALUES (93, 22, 7);
# INSERT INTO exercise_muscle (exercise_id, muscle_id, intensity) VALUES (93, 14, 4);
#
# -- Exercise ID: 94
# INSERT INTO Exercise (id, title, description, link, equipment_id, training_type_id) VALUES (94, 'Cable Glute Kickback', 'Target: Glutes', 'https://youtu.be/qJxwJ1e1HxI?si=5y999i_uPybFFDol', 8, 2);
# INSERT INTO exercise_muscle (exercise_id, muscle_id, intensity) VALUES (94, 21, 10);
#
# -- Exercise ID: 95
# INSERT INTO Exercise (id, title, description, link, equipment_id, training_type_id) VALUES (95, 'Bodyweight Single Leg Foot Elevated Glute Bridge', 'Target: Glutes', 'https://youtu.be/I7Zwyzr8COk', 2, 2);
# INSERT INTO exercise_muscle (exercise_id, muscle_id, intensity) VALUES (95, 21, 10);
# INSERT INTO exercise_muscle (exercise_id, muscle_id, intensity) VALUES (95, 22, 7);
# INSERT INTO exercise_muscle (exercise_id, muscle_id, intensity) VALUES (95, 12, 4);
#
# -- Exercise ID: 96
# INSERT INTO Exercise (id, title, description, link, equipment_id, training_type_id) VALUES (96, 'Suspension Feet Elevated Glute Bridge', 'Target: Glutes', 'https://youtu.be/bZUGEwxZVks?si=GXDy3dTxYcWMuQpw', 11, 2);
# INSERT INTO exercise_muscle (exercise_id, muscle_id, intensity) VALUES (96, 21, 10);
# INSERT INTO exercise_muscle (exercise_id, muscle_id, intensity) VALUES (96, 22, 7);
# INSERT INTO exercise_muscle (exercise_id, muscle_id, intensity) VALUES (96, 20, 4);
#
# -- Exercise ID: 97
# INSERT INTO Exercise (id, title, description, link, equipment_id, training_type_id) VALUES (97, 'Miniband Thigh Lateral Walk', 'Target: Abductors', 'https://youtu.be/34fVGXqWWs8', 13, 2);
# INSERT INTO exercise_muscle (exercise_id, muscle_id, intensity) VALUES (97, 15, 10);
#
# -- Exercise ID: 98
# INSERT INTO Exercise (id, title, description, link, equipment_id, training_type_id) VALUES (98, 'Miniband Ankle Lateral Walk', 'Target: Abductors', 'https://youtu.be/N4tkpDMlqCQ', 13, 2);
# INSERT INTO exercise_muscle (exercise_id, muscle_id, intensity) VALUES (98, 15, 10);
#
# -- Exercise ID: 99
# INSERT INTO Exercise (id, title, description, link, equipment_id, training_type_id) VALUES (99, 'Miniband Feet Lateral Walk', 'Target: Abductors', 'https://youtu.be/GxqfnFHLH6c', 13, 2);
# INSERT INTO exercise_muscle (exercise_id, muscle_id, intensity) VALUES (99, 15, 10);
#
# -- Exercise ID: 100
# INSERT INTO Exercise (id, title, description, link, equipment_id, training_type_id) VALUES (100, 'Miniband Standing Glute Kickback', 'Target: Glutes', 'https://youtu.be/pdP0uJXvc44?si=lpmJ6krZopavsZrJ', 13, 2);
# INSERT INTO exercise_muscle (exercise_id, muscle_id, intensity) VALUES (100, 21, 10);
#
# -- Exercise ID: 101
# INSERT INTO Exercise (id, title, description, link, equipment_id, training_type_id) VALUES (101, 'Barbell Hip Thrust', 'Target: Glutes', 'https://youtu.be/5S8SApGU_Lk', 12, 2);
# INSERT INTO exercise_muscle (exercise_id, muscle_id, intensity) VALUES (101, 21, 10);
# INSERT INTO exercise_muscle (exercise_id, muscle_id, intensity) VALUES (101, 22, 7);
# INSERT INTO exercise_muscle (exercise_id, muscle_id, intensity) VALUES (101, 13, 4);
#
# -- Exercise ID: 102
# INSERT INTO Exercise (id, title, description, link, equipment_id, training_type_id) VALUES (102, 'Barbell Single Leg Hip Thrust', 'Target: Glutes', 'https://youtu.be/BMIy2gtjsTI?si=JnJL8ZiliAOk_Ac1', 12, 2);
# INSERT INTO exercise_muscle (exercise_id, muscle_id, intensity) VALUES (102, 21, 10);
# INSERT INTO exercise_muscle (exercise_id, muscle_id, intensity) VALUES (102, 22, 7);
# INSERT INTO exercise_muscle (exercise_id, muscle_id, intensity) VALUES (102, 12, 4);
#
# -- Exercise ID: 103
# INSERT INTO Exercise (id, title, description, link, equipment_id, training_type_id) VALUES (103, 'Stability Ball Single Leg Foot Elevated Glute Bridge', 'Target: Glutes', 'https://youtu.be/LSUPiOJOA6M', 1, 2);
# INSERT INTO exercise_muscle (exercise_id, muscle_id, intensity) VALUES (103, 21, 10);
# INSERT INTO exercise_muscle (exercise_id, muscle_id, intensity) VALUES (103, 22, 7);
# INSERT INTO exercise_muscle (exercise_id, muscle_id, intensity) VALUES (103, 12, 4);
#
# -- Exercise ID: 104
# INSERT INTO Exercise (id, title, description, link, equipment_id, training_type_id) VALUES (104, 'Miniband Standing Hip Abduction', 'Target: Abductors', 'https://youtu.be/dZNkjqKNUUs', 13, 2);
# INSERT INTO exercise_muscle (exercise_id, muscle_id, intensity) VALUES (104, 15, 10);
#
# -- Exercise ID: 105
# INSERT INTO Exercise (id, title, description, link, equipment_id, training_type_id) VALUES (105, 'Miniband 3 Way Cha Cha', 'Target: Abductors', 'https://youtu.be/3SOcMYQWbDU', 13, 2);
# INSERT INTO exercise_muscle (exercise_id, muscle_id, intensity) VALUES (105, 15, 10);
#
# -- Exercise ID: 106
# INSERT INTO Exercise (id, title, description, link, equipment_id, training_type_id) VALUES (106, 'Slider Single Arm Kettlebell Suitcase Contralateral Reverse Lunge', 'Target: Quadriceps', 'https://youtu.be/5D-hSAvpFls?si=2EfexeMUADw51Wu2', 14, 2);
# INSERT INTO exercise_muscle (exercise_id, muscle_id, intensity) VALUES (106, 13, 10);
# INSERT INTO exercise_muscle (exercise_id, muscle_id, intensity) VALUES (106, 21, 7);
# INSERT INTO exercise_muscle (exercise_id, muscle_id, intensity) VALUES (106, 22, 4);
#
# -- Exercise ID: 107
# INSERT INTO Exercise (id, title, description, link, equipment_id, training_type_id) VALUES (107, 'Cable Hip Abduction', 'Target: Abductors', 'https://youtu.be/saVSMtIttZE?si=qgSuj5ww8uiz2Wkd', 8, 3);
# INSERT INTO exercise_muscle (exercise_id, muscle_id, intensity) VALUES (107, 15, 10);
#
# -- Exercise ID: 108
# INSERT INTO Exercise (id, title, description, link, equipment_id, training_type_id) VALUES (108, 'Miniband Wall Sit Hip Abduction', 'Target: Quadriceps', 'https://youtu.be/w5nYnnT1E9s', 13, 3);
# INSERT INTO exercise_muscle (exercise_id, muscle_id, intensity) VALUES (108, 13, 10);
# INSERT INTO exercise_muscle (exercise_id, muscle_id, intensity) VALUES (108, 15, 7);
#
# -- Exercise ID: 109
# INSERT INTO Exercise (id, title, description, link, equipment_id, training_type_id) VALUES (109, 'Slider Barbell Overhead Lateral Lunge', 'Target: Quadriceps', NULL, 14, 2);
# INSERT INTO exercise_muscle (exercise_id, muscle_id, intensity) VALUES (109, 13, 10);
# INSERT INTO exercise_muscle (exercise_id, muscle_id, intensity) VALUES (109, 21, 7);
# INSERT INTO exercise_muscle (exercise_id, muscle_id, intensity) VALUES (109, 14, 4);
#
# -- Exercise ID: 110
# INSERT INTO Exercise (id, title, description, link, equipment_id, training_type_id) VALUES (110, 'Single Arm Dumbbell Half Kneeling Contralateral Overhead Press', 'Target: Shoulders', 'https://youtu.be/4DUIY95jX6Y', 6, 2);
# INSERT INTO exercise_muscle (exercise_id, muscle_id, intensity) VALUES (110, 2, 10);
# INSERT INTO exercise_muscle (exercise_id, muscle_id, intensity) VALUES (110, 4, 7);
# INSERT INTO exercise_muscle (exercise_id, muscle_id, intensity) VALUES (110, 11, 4);
#
# -- Exercise ID: 111
# INSERT INTO Exercise (id, title, description, link, equipment_id, training_type_id) VALUES (111, 'Barbell Shrug', 'Target: Trapezius', 'https://youtu.be/pqYr_lb04O4', 12, 2);
# INSERT INTO exercise_muscle (exercise_id, muscle_id, intensity) VALUES (111, 9, 10);
# INSERT INTO exercise_muscle (exercise_id, muscle_id, intensity) VALUES (111, 18, 4);
#
# -- Exercise ID: 112
# INSERT INTO Exercise (id, title, description, link, equipment_id, training_type_id) VALUES (112, 'Cable Face Pull', 'Target: Shoulders', 'https://youtu.be/l3prcz-3FbI?si=qvb-6gLh-aavLGWK', 8, 3);
# INSERT INTO exercise_muscle (exercise_id, muscle_id, intensity) VALUES (112, 19, 10);
#
# -- Exercise ID: 113
# INSERT INTO Exercise (id, title, description, link, equipment_id, training_type_id) VALUES (113, 'Cable Seated Face Pull', 'Target: Shoulders', 'https://youtu.be/4UhV4cCkugM', 8, 3);
# INSERT INTO exercise_muscle (exercise_id, muscle_id, intensity) VALUES (113, 19, 10);
#
# -- Exercise ID: 114
# INSERT INTO Exercise (id, title, description, link, equipment_id, training_type_id) VALUES (114, 'Cable Guillotine Curl', 'Target: Biceps', 'https://youtu.be/KLM1hUecXbY', 8, 2);
# INSERT INTO exercise_muscle (exercise_id, muscle_id, intensity) VALUES (114, 8, 10);
# INSERT INTO exercise_muscle (exercise_id, muscle_id, intensity) VALUES (114, 10, 4);
#
# -- Exercise ID: 115
# INSERT INTO Exercise (id, title, description, link, equipment_id, training_type_id) VALUES (115, 'Cable Supine Bicep Curl', 'Target: Biceps', 'https://youtu.be/hBC7lPyEkVM', 8, 2);
# INSERT INTO exercise_muscle (exercise_id, muscle_id, intensity) VALUES (115, 8, 10);
# INSERT INTO exercise_muscle (exercise_id, muscle_id, intensity) VALUES (115, 10, 4);
#
# -- Exercise ID: 116
# INSERT INTO Exercise (id, title, description, link, equipment_id, training_type_id) VALUES (116, 'Cable Straight Bar High Bicep Curl', 'Target: Biceps', 'https://youtu.be/xaMJYDzqTZg', 8, 2);
# INSERT INTO exercise_muscle (exercise_id, muscle_id, intensity) VALUES (116, 8, 10);
# INSERT INTO exercise_muscle (exercise_id, muscle_id, intensity) VALUES (116, 10, 4);
#
# -- Exercise ID: 117
# INSERT INTO Exercise (id, title, description, link, equipment_id, training_type_id) VALUES (117, 'Double Dumbbell Spider Curl', 'Target: Biceps', 'https://youtu.be/9Dd8iiEUs_Q?si=juy6zuf-MVn-W8j8', 6, 2);
# INSERT INTO exercise_muscle (exercise_id, muscle_id, intensity) VALUES (117, 8, 10);
# INSERT INTO exercise_muscle (exercise_id, muscle_id, intensity) VALUES (117, 10, 4);
#
# -- Exercise ID: 118
# INSERT INTO Exercise (id, title, description, link, equipment_id, training_type_id) VALUES (118, 'EZ Bar Spider Curl', 'Target: Biceps', 'https://youtu.be/wtbHEt6Qi8g?si=wca7IhWcGWNDg2QX', 18, 2);
# INSERT INTO exercise_muscle (exercise_id, muscle_id, intensity) VALUES (118, 8, 10);
# INSERT INTO exercise_muscle (exercise_id, muscle_id, intensity) VALUES (118, 10, 4);
#
# -- Exercise ID: 119
# INSERT INTO Exercise (id, title, description, link, equipment_id, training_type_id) VALUES (119, 'Stability Ball Cable Preacher Curl', 'Target: Biceps', 'https://youtu.be/uEjtuyC6-bc', 1, 2);
# INSERT INTO exercise_muscle (exercise_id, muscle_id, intensity) VALUES (119, 8, 10);
# INSERT INTO exercise_muscle (exercise_id, muscle_id, intensity) VALUES (119, 10, 4);
#
# -- Exercise ID: 120
# INSERT INTO Exercise (id, title, description, link, equipment_id, training_type_id) VALUES (120, 'Single Arm Dumbbell Standing Concentration Curl', 'Target: Biceps', 'https://youtu.be/fOV-z1wARvs?si=pxr3u-XyVhL6BlD3', 6, 2);
# INSERT INTO exercise_muscle (exercise_id, muscle_id, intensity) VALUES (120, 8, 10);
# INSERT INTO exercise_muscle (exercise_id, muscle_id, intensity) VALUES (120, 10, 4);
#
# -- Exercise ID: 121
# INSERT INTO Exercise (id, title, description, link, equipment_id, training_type_id) VALUES (121, 'EZ Bar Wide Grip Bicep Curl', 'Target: Biceps', 'https://youtu.be/xUdw3EtnTLM?si=6zj86RhHEsTUIlf4', 18, 2);
# INSERT INTO exercise_muscle (exercise_id, muscle_id, intensity) VALUES (121, 8, 10);
# INSERT INTO exercise_muscle (exercise_id, muscle_id, intensity) VALUES (121, 10, 4);
#
# -- Exercise ID: 122
# INSERT INTO Exercise (id, title, description, link, equipment_id, training_type_id) VALUES (122, 'Single Arm Cable Standing High Bicep Curl', 'Target: Biceps', 'https://youtu.be/shIYFhPQVSo', 8, 2);
# INSERT INTO exercise_muscle (exercise_id, muscle_id, intensity) VALUES (122, 8, 10);
# INSERT INTO exercise_muscle (exercise_id, muscle_id, intensity) VALUES (122, 10, 4);
#
# -- Exercise ID: 123
# INSERT INTO Exercise (id, title, description, link, equipment_id, training_type_id) VALUES (123, 'EZ Bar Seated Overhead Tricep Extension', 'Target: Triceps', 'https://youtu.be/QGK3RQ_Eexc?si=2Go8XA5nbKIfwUBr', 18, 2);
# INSERT INTO exercise_muscle (exercise_id, muscle_id, intensity) VALUES (123, 4, 10);
# INSERT INTO exercise_muscle (exercise_id, muscle_id, intensity) VALUES (123, 2, 7);
# INSERT INTO exercise_muscle (exercise_id, muscle_id, intensity) VALUES (123, 11, 4);
#
# -- Exercise ID: 124
# INSERT INTO Exercise (id, title, description, link, equipment_id, training_type_id) VALUES (124, 'EZ Bar Standing Overhead Tricep Extension', 'Target: Triceps', 'https://youtu.be/99qXUnFuQdM', 18, 2);
# INSERT INTO exercise_muscle (exercise_id, muscle_id, intensity) VALUES (124, 4, 10);
# INSERT INTO exercise_muscle (exercise_id, muscle_id, intensity) VALUES (124, 2, 7);
# INSERT INTO exercise_muscle (exercise_id, muscle_id, intensity) VALUES (124, 11, 4);
#
# -- Exercise ID: 125
# INSERT INTO Exercise (id, title, description, link, equipment_id, training_type_id) VALUES (125, 'Barbell Thruster', 'Target: Quadriceps', 'https://youtu.be/aea5BGj9a8Y', 12, 2);
# INSERT INTO exercise_muscle (exercise_id, muscle_id, intensity) VALUES (125, 13, 10);
# INSERT INTO exercise_muscle (exercise_id, muscle_id, intensity) VALUES (125, 2, 7);
#
# -- Exercise ID: 126
# INSERT INTO Exercise (id, title, description, link, equipment_id, training_type_id) VALUES (126, 'Bodyweight Diamond Push Up', 'Target: Triceps', 'https://youtu.be/XtU2VQVuLYs', 2, 4);
# INSERT INTO exercise_muscle (exercise_id, muscle_id, intensity) VALUES (126, 4, 10);
# INSERT INTO exercise_muscle (exercise_id, muscle_id, intensity) VALUES (126, 7, 7);
# INSERT INTO exercise_muscle (exercise_id, muscle_id, intensity) VALUES (126, 2, 4);
#
# -- Exercise ID: 127
# INSERT INTO Exercise (id, title, description, link, equipment_id, training_type_id) VALUES (127, 'EZ Bar Lying Tricep Extension', 'Target: Triceps', 'https://youtu.be/fUW3C1lVWkk?si=uxeyIMMcnTpM46fm', 18, 2);
# INSERT INTO exercise_muscle (exercise_id, muscle_id, intensity) VALUES (127, 4, 10);
#
# -- Exercise ID: 128
# INSERT INTO Exercise (id, title, description, link, equipment_id, training_type_id) VALUES (128, 'Cable Rope Overhead Tricep Extension', 'Target: Triceps', 'https://youtu.be/KvrP8c6eVBc?si=1EP-aMrXRtcbPO6b', 8, 2);
# INSERT INTO exercise_muscle (exercise_id, muscle_id, intensity) VALUES (128, 4, 10);
# INSERT INTO exercise_muscle (exercise_id, muscle_id, intensity) VALUES (128, 2, 7);
# INSERT INTO exercise_muscle (exercise_id, muscle_id, intensity) VALUES (128, 11, 4);
#
# -- Exercise ID: 129
# INSERT INTO Exercise (id, title, description, link, equipment_id, training_type_id) VALUES (129, 'Single Arm Cable Reverse Grip Tricep Pushdown', 'Target: Triceps', 'https://youtu.be/pXd8vm-ZSOA?si=8_iZ3618RVjOmu3S', 8, 2);
# INSERT INTO exercise_muscle (exercise_id, muscle_id, intensity) VALUES (129, 4, 10);
#
# -- Exercise ID: 130
# INSERT INTO Exercise (id, title, description, link, equipment_id, training_type_id) VALUES (130, 'EZ Bar Reverse Grip Bicep Curl', 'Target: Forearms', 'https://youtu.be/aIrvcBlNHBA', 18, 2);
# INSERT INTO exercise_muscle (exercise_id, muscle_id, intensity) VALUES (130, 10, 10);
# INSERT INTO exercise_muscle (exercise_id, muscle_id, intensity) VALUES (130, 8, 7);
#
# -- Exercise ID: 131
# INSERT INTO Exercise (id, title, description, link, equipment_id, training_type_id) VALUES (131, 'Stability Ball Single Arm Dumbbell Chest Press', 'Target: Chest', 'https://youtu.be/EQlfrWvaU6w', 6, 2);
# INSERT INTO exercise_muscle (exercise_id, muscle_id, intensity) VALUES (131, 7, 10);
# INSERT INTO exercise_muscle (exercise_id, muscle_id, intensity) VALUES (131, 4, 7);
# INSERT INTO exercise_muscle (exercise_id, muscle_id, intensity) VALUES (131, 2, 4);
#
# -- Exercise ID: 132
# INSERT INTO Exercise (id, title, description, link, equipment_id, training_type_id) VALUES (132, 'Suspension Face Pull', 'Target: Shoulders', 'https://youtu.be/3FVZDVJnvIA', 11, 3);
# INSERT INTO exercise_muscle (exercise_id, muscle_id, intensity) VALUES (132, 19, 10);
#
# -- Exercise ID: 133
# INSERT INTO Exercise (id, title, description, link, equipment_id, training_type_id) VALUES (133, 'Landmine V Grip Row', 'Target: Back', 'https://youtu.be/gnikveF7dgI', 19, 2);
# INSERT INTO exercise_muscle (exercise_id, muscle_id, intensity) VALUES (133, 17, 10);
#
# -- Exercise ID: 134
# INSERT INTO Exercise (id, title, description, link, equipment_id, training_type_id) VALUES (134, 'Double Dumbbell Thruster', 'Target: Quadriceps', 'https://youtu.be/u3wKkZjE8QM', 6, 2);
# INSERT INTO exercise_muscle (exercise_id, muscle_id, intensity) VALUES (134, 13, 10);
# INSERT INTO exercise_muscle (exercise_id, muscle_id, intensity) VALUES (134, 2, 7);
#
# -- Exercise ID: 135
# INSERT INTO Exercise (id, title, description, link, equipment_id, training_type_id) VALUES (135, 'Single Arm Dumbbell Thruster', 'Target: Quadriceps', 'https://youtu.be/03aX4h5-EkA', 6, 2);
# INSERT INTO exercise_muscle (exercise_id, muscle_id, intensity) VALUES (135, 13, 10);
# INSERT INTO exercise_muscle (exercise_id, muscle_id, intensity) VALUES (135, 2, 7);
#
# -- Exercise ID: 136
# INSERT INTO Exercise (id, title, description, link, equipment_id, training_type_id) VALUES (136, 'Single Arm Landmine Row', 'Target: Back', 'https://youtu.be/tiETx7VNDf0', 19, 2);
# INSERT INTO exercise_muscle (exercise_id, muscle_id, intensity) VALUES (136, 17, 10);
#
# -- Exercise ID: 137
# INSERT INTO Exercise (id, title, description, link, equipment_id, training_type_id) VALUES (137, 'Superband Assisted Bar Wide Grip Pull Up', 'Target: Back', 'https://youtu.be/0FLLqjG68rg', 20, 4);
# INSERT INTO exercise_muscle (exercise_id, muscle_id, intensity) VALUES (137, 17, 10);
#
# -- Exercise ID: 138
# INSERT INTO Exercise (id, title, description, link, equipment_id, training_type_id) VALUES (138, 'Stability Ball Prone Cobra', 'Target: Back', 'https://youtu.be/qt1WWg8QDg8?si=Go7eAWcyWu13yBIi', 1, 1);
# INSERT INTO exercise_muscle (exercise_id, muscle_id, intensity) VALUES (138, 20, 10);
#
# -- Exercise ID: 139
# INSERT INTO Exercise (id, title, description, link, equipment_id, training_type_id) VALUES (139, 'Single Arm Dumbbell Overhead Carry', 'Target: Shoulders', 'https://youtu.be/Pvs-dT7KPh4', 6, 3);
# INSERT INTO exercise_muscle (exercise_id, muscle_id, intensity) VALUES (139, 2, 10);
# INSERT INTO exercise_muscle (exercise_id, muscle_id, intensity) VALUES (139, 12, 7);
#
# -- Exercise ID: 140
# INSERT INTO Exercise (id, title, description, link, equipment_id, training_type_id) VALUES (140, 'Double Dumbbell Pendlay Row', 'Target: Back', 'https://youtu.be/4-Jz3c_u1dw', 6, 2);
# INSERT INTO exercise_muscle (exercise_id, muscle_id, intensity) VALUES (140, 17, 10);
#
# -- Exercise ID: 141
# INSERT INTO Exercise (id, title, description, link, equipment_id, training_type_id) VALUES (141, 'Cable Straight Bar Pullover', 'Target: Back', 'https://youtu.be/SgzJGLlAtok?si=p2bo--kETp2ajVVX', 8, 2);
# INSERT INTO exercise_muscle (exercise_id, muscle_id, intensity) VALUES (141, 17, 10);
#
# -- Exercise ID: 142
# INSERT INTO Exercise (id, title, description, link, equipment_id, training_type_id) VALUES (142, 'Single Arm Cable Half Kneeling Lat Pulldown', 'Target: Back', 'https://youtu.be/4QDCC2gU5_E', 8, 2);
# INSERT INTO exercise_muscle (exercise_id, muscle_id, intensity) VALUES (142, 17, 10);
#
# -- Exercise ID: 143
# INSERT INTO Exercise (id, title, description, link, equipment_id, training_type_id) VALUES (143, 'Single Arm Cable Half Kneeling Low Row', 'Target: Back', 'https://youtu.be/redrpTwkplw', 8, 2);
# INSERT INTO exercise_muscle (exercise_id, muscle_id, intensity) VALUES (143, 17, 10);
#
# -- Exercise ID: 144
# INSERT INTO Exercise (id, title, description, link, equipment_id, training_type_id) VALUES (144, 'Single Arm Suspension Low Row', 'Target: Back', 'https://youtu.be/wH4TXGV8UyA?si=N8Y8Uk0A9glEeeuQ', 11, 3);
# INSERT INTO exercise_muscle (exercise_id, muscle_id, intensity) VALUES (144, 17, 10);
# INSERT INTO exercise_muscle (exercise_id, muscle_id, intensity) VALUES (144, 8, 7);
#
# -- Exercise ID: 145
# INSERT INTO Exercise (id, title, description, link, equipment_id, training_type_id) VALUES (145, 'Double Dumbbell Incline Bench Prone Row', 'Target: Back', 'https://youtu.be/93ZAdx24QVQ', 6, 2);
# INSERT INTO exercise_muscle (exercise_id, muscle_id, intensity) VALUES (145, 17, 10);
#
# -- Exercise ID: 146
# INSERT INTO Exercise (id, title, description, link, equipment_id, training_type_id) VALUES (146, 'Barbell Pendlay Row', 'Target: Back', 'https://youtu.be/ezrZnmjZTR4', 12, 2);
# INSERT INTO exercise_muscle (exercise_id, muscle_id, intensity) VALUES (146, 17, 10);
#
# -- Exercise ID: 147
# INSERT INTO Exercise (id, title, description, link, equipment_id, training_type_id) VALUES (147, 'Barbell Bench Press', 'Target: Chest', 'https://youtu.be/SCVCLChPQFY', 12, 7);
# INSERT INTO exercise_muscle (exercise_id, muscle_id, intensity) VALUES (147, 7, 10);
# INSERT INTO exercise_muscle (exercise_id, muscle_id, intensity) VALUES (147, 4, 7);
# INSERT INTO exercise_muscle (exercise_id, muscle_id, intensity) VALUES (147, 2, 4);
#
# -- Exercise ID: 148
# INSERT INTO Exercise (id, title, description, link, equipment_id, training_type_id) VALUES (148, 'Cable Single Leg Standing Bent Knee Hip External Rotation', 'Target: Glutes', 'https://youtu.be/1OnBBhiaQjY', 8, 3);
# INSERT INTO exercise_muscle (exercise_id, muscle_id, intensity) VALUES (148, 21, 10);
# INSERT INTO exercise_muscle (exercise_id, muscle_id, intensity) VALUES (148, 15, 7);
#
# -- Exercise ID: 149
# INSERT INTO Exercise (id, title, description, link, equipment_id, training_type_id) VALUES (149, 'Cable Hip Rotation', 'Target: Glutes', 'https://youtu.be/ApvO0XTFjRc', 8, 3);
# INSERT INTO exercise_muscle (exercise_id, muscle_id, intensity) VALUES (149, 21, 10);
# INSERT INTO exercise_muscle (exercise_id, muscle_id, intensity) VALUES (149, 15, 7);
#
# -- Exercise ID: 150
# INSERT INTO Exercise (id, title, description, link, equipment_id, training_type_id) VALUES (150, 'Barbell Bicep Curl', 'Target: Biceps', 'https://youtu.be/BVrlItPBX8M?si=4NJpARumV7sAFCki', 12, 2);
# INSERT INTO exercise_muscle (exercise_id, muscle_id, intensity) VALUES (150, 8, 10);
# INSERT INTO exercise_muscle (exercise_id, muscle_id, intensity) VALUES (150, 10, 4);
#
# -- Exercise ID: 151
# INSERT INTO Exercise (id, title, description, link, equipment_id, training_type_id) VALUES (151, 'Barbell Overhead Press', 'Target: Shoulders', 'https://youtu.be/43GSKivZnw4?si=OIfasYK8gG4sUDBW', 12, 2);
# INSERT INTO exercise_muscle (exercise_id, muscle_id, intensity) VALUES (151, 2, 10);
# INSERT INTO exercise_muscle (exercise_id, muscle_id, intensity) VALUES (151, 4, 7);
#
# -- Exercise ID: 152
# INSERT INTO Exercise (id, title, description, link, equipment_id, training_type_id) VALUES (152, 'Barbell Push Press', 'Target: Shoulders', 'https://youtu.be/iaBVSJm78ko', 12, 3);
# INSERT INTO exercise_muscle (exercise_id, muscle_id, intensity) VALUES (152, 2, 10);
# INSERT INTO exercise_muscle (exercise_id, muscle_id, intensity) VALUES (152, 4, 7);
#
# -- Exercise ID: 153
# INSERT INTO Exercise (id, title, description, link, equipment_id, training_type_id) VALUES (153, 'Barbell Bent Over Row', 'Target: Back', 'https://youtu.be/9Gf-Ourup_k?si=qt-DlqHLDICtOmju', 12, 2);
# INSERT INTO exercise_muscle (exercise_id, muscle_id, intensity) VALUES (153, 17, 10);
# INSERT INTO exercise_muscle (exercise_id, muscle_id, intensity) VALUES (153, 18, 7);
# INSERT INTO exercise_muscle (exercise_id, muscle_id, intensity) VALUES (153, 19, 4);
#
# -- Exercise ID: 154
# INSERT INTO Exercise (id, title, description, link, equipment_id, training_type_id) VALUES (154, 'Single Arm Landmine Meadows Row', 'Target: Back', 'https://youtu.be/e-c4gMcqdyw', 19, 2);
# INSERT INTO exercise_muscle (exercise_id, muscle_id, intensity) VALUES (154, 17, 10);
#
# -- Exercise ID: 155
# INSERT INTO Exercise (id, title, description, link, equipment_id, training_type_id) VALUES (155, 'Cable Straight Bar Seated Bicep Curl', 'Target: Biceps', 'https://youtu.be/iWyvxI5A1cA?si=aBSi-dGZ6CxySnnU', 8, 2);
# INSERT INTO exercise_muscle (exercise_id, muscle_id, intensity) VALUES (155, 8, 10);
# INSERT INTO exercise_muscle (exercise_id, muscle_id, intensity) VALUES (155, 10, 4);
#
# -- Exercise ID: 156
# INSERT INTO Exercise (id, title, description, link, equipment_id, training_type_id) VALUES (156, 'Cable Rope Bench Skull Crusher', 'Target: Triceps', 'https://youtu.be/NfOLyLpoGII', 8, 2);
# INSERT INTO exercise_muscle (exercise_id, muscle_id, intensity) VALUES (156, 4, 10);
# INSERT INTO exercise_muscle (exercise_id, muscle_id, intensity) VALUES (156, 10, 4);
#
# -- Exercise ID: 157
# INSERT INTO Exercise (id, title, description, link, equipment_id, training_type_id) VALUES (157, 'Single Arm Dumbbell Seated Cuban Press', 'Target: Shoulders', 'https://youtu.be/KxPNCVXkvAg?si=pDMoju9bpHN_T9_7', 6, 3);
# INSERT INTO exercise_muscle (exercise_id, muscle_id, intensity) VALUES (157, 19, 10);
#
# -- Exercise ID: 158
# INSERT INTO Exercise (id, title, description, link, equipment_id, training_type_id) VALUES (158, 'Bodyweight Wall Facing Handstand', 'Target: Shoulders', 'https://youtu.be/yHuLx1J9orw', 2, 4);
# INSERT INTO exercise_muscle (exercise_id, muscle_id, intensity) VALUES (158, 2, 10);
# INSERT INTO exercise_muscle (exercise_id, muscle_id, intensity) VALUES (158, 4, 7);
#
# -- Exercise ID: 159
# INSERT INTO Exercise (id, title, description, link, equipment_id, training_type_id) VALUES (159, 'Parallette Close Grip Push Up', 'Target: Triceps', 'https://youtu.be/hDH5pliNKoM?si=NTV941Sjf3NsUGDj', 4, 4);
# INSERT INTO exercise_muscle (exercise_id, muscle_id, intensity) VALUES (159, 4, 10);
# INSERT INTO exercise_muscle (exercise_id, muscle_id, intensity) VALUES (159, 7, 7);
#
# -- Exercise ID: 160
# INSERT INTO Exercise (id, title, description, link, equipment_id, training_type_id) VALUES (160, 'Parallette Wide Push Up', 'Target: Chest', 'https://youtu.be/UEZy-OmXdZs', 4, 4);
# INSERT INTO exercise_muscle (exercise_id, muscle_id, intensity) VALUES (160, 7, 10);
#
# -- Exercise ID: 161
# INSERT INTO Exercise (id, title, description, link, equipment_id, training_type_id) VALUES (161, 'Barbell Front Raise', 'Target: Shoulders', 'https://youtu.be/DL-HN35sxdg', 12, 2);
# INSERT INTO exercise_muscle (exercise_id, muscle_id, intensity) VALUES (161, 2, 10);
# INSERT INTO exercise_muscle (exercise_id, muscle_id, intensity) VALUES (161, 7, 7);
# INSERT INTO exercise_muscle (exercise_id, muscle_id, intensity) VALUES (161, 8, 4);
#
# -- Exercise ID: 162
# INSERT INTO Exercise (id, title, description, link, equipment_id, training_type_id) VALUES (162, 'Single Arm Cable Front Raise', 'Target: Shoulders', 'https://youtu.be/acozHQv1JLk', 8, 2);
# INSERT INTO exercise_muscle (exercise_id, muscle_id, intensity) VALUES (162, 2, 10);
# INSERT INTO exercise_muscle (exercise_id, muscle_id, intensity) VALUES (162, 7, 7);
# INSERT INTO exercise_muscle (exercise_id, muscle_id, intensity) VALUES (162, 8, 4);
#
# -- Exercise ID: 163
# INSERT INTO Exercise (id, title, description, link, equipment_id, training_type_id) VALUES (163, 'Parallette Side Plank', 'Target: Abdominals', 'https://youtu.be/d7PGNbhmQVM', 4, 4);
# INSERT INTO exercise_muscle (exercise_id, muscle_id, intensity) VALUES (163, 12, 10);
# INSERT INTO exercise_muscle (exercise_id, muscle_id, intensity) VALUES (163, 11, 7);
#
# -- Exercise ID: 164
# INSERT INTO Exercise (id, title, description, link, equipment_id, training_type_id) VALUES (164, 'Cable Straight Bar Front Raise', 'Target: Shoulders', 'https://youtu.be/PgSZlX32WTo', 8, 2);
# INSERT INTO exercise_muscle (exercise_id, muscle_id, intensity) VALUES (164, 2, 10);
# INSERT INTO exercise_muscle (exercise_id, muscle_id, intensity) VALUES (164, 7, 7);
# INSERT INTO exercise_muscle (exercise_id, muscle_id, intensity) VALUES (164, 8, 4);
#
# -- Exercise ID: 165
# INSERT INTO Exercise (id, title, description, link, equipment_id, training_type_id) VALUES (165, 'Barbell Close Grip Bench Press', 'Target: Triceps', 'https://youtu.be/XEFDMwmrLAM', 12, 2);
# INSERT INTO exercise_muscle (exercise_id, muscle_id, intensity) VALUES (165, 4, 10);
# INSERT INTO exercise_muscle (exercise_id, muscle_id, intensity) VALUES (165, 7, 7);
#
# -- Exercise ID: 166
# INSERT INTO Exercise (id, title, description, link, equipment_id, training_type_id) VALUES (166, 'Single Arm Cable Bicep Curl', 'Target: Biceps', 'https://youtu.be/Pu5p6uZGTZM?si=MoB-YCpKDesQD9Nn', 8, 2);
# INSERT INTO exercise_muscle (exercise_id, muscle_id, intensity) VALUES (166, 8, 10);
# INSERT INTO exercise_muscle (exercise_id, muscle_id, intensity) VALUES (166, 10, 4);
#
# -- Exercise ID: 167
# INSERT INTO Exercise (id, title, description, link, equipment_id, training_type_id) VALUES (167, 'Single Arm Cable Shotgun Row', 'Target: Back', 'https://youtu.be/91nVZ7FLPyA?si=_khiKXF3khjyeuSP', 8, 2);
# INSERT INTO exercise_muscle (exercise_id, muscle_id, intensity) VALUES (167, 17, 10);
# INSERT INTO exercise_muscle (exercise_id, muscle_id, intensity) VALUES (167, 8, 7);
#
# -- Exercise ID: 168
# INSERT INTO Exercise (id, title, description, link, equipment_id, training_type_id) VALUES (168, 'Cable Half Kneeling Face Pull', 'Target: Shoulders', 'https://youtu.be/_1ATOXmanEw?si=7DN0OJcZ8jGgOQxp', 8, 3);
# INSERT INTO exercise_muscle (exercise_id, muscle_id, intensity) VALUES (168, 19, 10);
#
# -- Exercise ID: 169
# INSERT INTO Exercise (id, title, description, link, equipment_id, training_type_id) VALUES (169, 'Stability Ball Double Dumbbell W Raise', 'Target: Shoulders', 'https://youtu.be/BnLUcAR6bpE', 1, 3);
# INSERT INTO exercise_muscle (exercise_id, muscle_id, intensity) VALUES (169, 19, 10);
#
# -- Exercise ID: 170
# INSERT INTO Exercise (id, title, description, link, equipment_id, training_type_id) VALUES (170, 'Single Arm Kettlebell Bent Over Row', 'Target: Back', 'https://youtu.be/9Q9gwoXHn1o', 15, 2);
# INSERT INTO exercise_muscle (exercise_id, muscle_id, intensity) VALUES (170, 17, 10);
# INSERT INTO exercise_muscle (exercise_id, muscle_id, intensity) VALUES (170, 18, 7);
# INSERT INTO exercise_muscle (exercise_id, muscle_id, intensity) VALUES (170, 19, 4);
#
# -- Exercise ID: 171
# INSERT INTO Exercise (id, title, description, link, equipment_id, training_type_id) VALUES (171, 'Double Kettlebell Gorilla Row', 'Target: Back', 'https://youtu.be/Ln1j7lm6SrE', 15, 2);
# INSERT INTO exercise_muscle (exercise_id, muscle_id, intensity) VALUES (171, 17, 10);
#
# -- Exercise ID: 172
# INSERT INTO Exercise (id, title, description, link, equipment_id, training_type_id) VALUES (172, 'Kettlebell Alternating Halo', 'Target: Shoulders', 'https://youtu.be/wJcmanVh5EE', 15, 8);
# INSERT INTO exercise_muscle (exercise_id, muscle_id, intensity) VALUES (172, 19, 10);
# INSERT INTO exercise_muscle (exercise_id, muscle_id, intensity) VALUES (172, 3, 7);
#
# -- Exercise ID: 173
# INSERT INTO Exercise (id, title, description, link, equipment_id, training_type_id) VALUES (173, 'Single Arm Kettlebell Overhead Press', 'Target: Shoulders', 'https://youtu.be/CwhbuoGqyug?si=Q9nkDUY4NvpGPqak', 15, 2);
# INSERT INTO exercise_muscle (exercise_id, muscle_id, intensity) VALUES (173, 2, 10);
# INSERT INTO exercise_muscle (exercise_id, muscle_id, intensity) VALUES (173, 4, 7);
#
# -- Exercise ID: 174
# INSERT INTO Exercise (id, title, description, link, equipment_id, training_type_id) VALUES (174, 'Kettlebell Horn Grip Bicep Curl', 'Target: Biceps', 'https://youtu.be/YzTfq9VaQKs', 15, 2);
# INSERT INTO exercise_muscle (exercise_id, muscle_id, intensity) VALUES (174, 8, 10);
# INSERT INTO exercise_muscle (exercise_id, muscle_id, intensity) VALUES (174, 10, 4);
#
# -- Exercise ID: 175
# INSERT INTO Exercise (id, title, description, link, equipment_id, training_type_id) VALUES (175, 'Double Dumbbell Prone Row', 'Target: Back', 'https://youtu.be/scf3uLuAATg', 6, 2);
# INSERT INTO exercise_muscle (exercise_id, muscle_id, intensity) VALUES (175, 17, 10);
#
# -- Exercise ID: 176
# INSERT INTO Exercise (id, title, description, link, equipment_id, training_type_id) VALUES (176, 'Double Kettlebell Z Press', 'Target: Shoulders', 'https://youtu.be/6GbGvGvedOc', 15, 2);
# INSERT INTO exercise_muscle (exercise_id, muscle_id, intensity) VALUES (176, 2, 10);
# INSERT INTO exercise_muscle (exercise_id, muscle_id, intensity) VALUES (176, 4, 7);
# INSERT INTO exercise_muscle (exercise_id, muscle_id, intensity) VALUES (176, 11, 4);
#
# -- Exercise ID: 177
# INSERT INTO Exercise (id, title, description, link, equipment_id, training_type_id) VALUES (177, 'Double Kettlebell Push Press', 'Target: Shoulders', 'https://youtu.be/ekNrVv6G5v8', 15, 2);
# INSERT INTO exercise_muscle (exercise_id, muscle_id, intensity) VALUES (177, 2, 10);
# INSERT INTO exercise_muscle (exercise_id, muscle_id, intensity) VALUES (177, 4, 7);
#
# -- Exercise ID: 178
# INSERT INTO Exercise (id, title, description, link, equipment_id, training_type_id) VALUES (178, 'Barbell Prone Row', 'Target: Back', 'https://youtu.be/pJzThQgKKxw', 12, 2);
# INSERT INTO exercise_muscle (exercise_id, muscle_id, intensity) VALUES (178, 17, 10);
#
# -- Exercise ID: 179
# INSERT INTO Exercise (id, title, description, link, equipment_id, training_type_id) VALUES (179, 'Single Arm Dumbbell Cuban Press', 'Target: Shoulders', 'https://youtu.be/XsV_KH5Xrng', 6, 3);
# INSERT INTO exercise_muscle (exercise_id, muscle_id, intensity) VALUES (179, 19, 10);
#
# -- Exercise ID: 180
# INSERT INTO Exercise (id, title, description, link, equipment_id, training_type_id) VALUES (180, 'Single Arm Kettlebell Push Jerk', 'Target: Shoulders', 'https://youtu.be/pRfJwVHLp6c', 15, 3);
# INSERT INTO exercise_muscle (exercise_id, muscle_id, intensity) VALUES (180, 2, 10);
# INSERT INTO exercise_muscle (exercise_id, muscle_id, intensity) VALUES (180, 4, 7);
# INSERT INTO exercise_muscle (exercise_id, muscle_id, intensity) VALUES (180, 15, 4);
#
# -- Exercise ID: 181
# INSERT INTO Exercise (id, title, description, link, equipment_id, training_type_id) VALUES (181, 'Barbell Incline Bench Press', 'Target: Chest', 'https://youtu.be/2jFFCy8JBU8?si=BCYplSL2-ewJ8kiB', 12, 2);
# INSERT INTO exercise_muscle (exercise_id, muscle_id, intensity) VALUES (181, 7, 10);
# INSERT INTO exercise_muscle (exercise_id, muscle_id, intensity) VALUES (181, 4, 7);
#
# -- Exercise ID: 182
# INSERT INTO Exercise (id, title, description, link, equipment_id, training_type_id) VALUES (182, 'Double Kettlebell Tall Kneeling Overhead Press', 'Target: Shoulders', 'https://youtu.be/2nJsZIScaVk', 15, 2);
# INSERT INTO exercise_muscle (exercise_id, muscle_id, intensity) VALUES (182, 2, 10);
# INSERT INTO exercise_muscle (exercise_id, muscle_id, intensity) VALUES (182, 4, 7);
#
# -- Exercise ID: 183
# INSERT INTO Exercise (id, title, description, link, equipment_id, training_type_id) VALUES (183, 'Double Dumbbell Incline Bench Prone Y Raise', 'Target: Shoulders', 'https://youtu.be/x4PRrxvYtwk?si=arNJc-zXL0vatJmL', 6, 1);
# INSERT INTO exercise_muscle (exercise_id, muscle_id, intensity) VALUES (183, 19, 10);
#
# -- Exercise ID: 184
# INSERT INTO Exercise (id, title, description, link, equipment_id, training_type_id) VALUES (184, 'Suspension Face Pull to Overhead Press', 'Target: Shoulders', 'https://youtu.be/a33rvhoBWYM', 11, 3);
# INSERT INTO exercise_muscle (exercise_id, muscle_id, intensity) VALUES (184, 19, 10);
#
# -- Exercise ID: 185
# INSERT INTO Exercise (id, title, description, link, equipment_id, training_type_id) VALUES (185, 'Double Dumbbell Reverse Grip Bench Press', 'Target: Chest', 'https://youtu.be/Cb5ZNB7Vf-0?si=_wFvEZ4u-wYsUhzm', 6, 2);
# INSERT INTO exercise_muscle (exercise_id, muscle_id, intensity) VALUES (185, 7, 10);
#
# -- Exercise ID: 186
# INSERT INTO Exercise (id, title, description, link, equipment_id, training_type_id) VALUES (186, 'Single Arm Cable Seated Floor Lat Pulldown', 'Target: Back', 'https://youtu.be/N7FcfA7UFZk', 8, 2);
# INSERT INTO exercise_muscle (exercise_id, muscle_id, intensity) VALUES (186, 17, 10);
# INSERT INTO exercise_muscle (exercise_id, muscle_id, intensity) VALUES (186, 8, 7);
#
# -- Exercise ID: 187
# INSERT INTO Exercise (id, title, description, link, equipment_id, training_type_id) VALUES (187, 'Double Dumbbell Suitcase Carry', 'Target: Forearms', 'https://youtu.be/p5MNNosenJc', 6, 3);
# INSERT INTO exercise_muscle (exercise_id, muscle_id, intensity) VALUES (187, 10, 10);
#
# -- Exercise ID: 188
# INSERT INTO Exercise (id, title, description, link, equipment_id, training_type_id) VALUES (188, 'Single Arm Resistance Band Half Kneeling Cuban Press', 'Target: Shoulders', 'https://youtu.be/JO0zKzQSCIE', 21, 3);
# INSERT INTO exercise_muscle (exercise_id, muscle_id, intensity) VALUES (188, 19, 10);
# INSERT INTO exercise_muscle (exercise_id, muscle_id, intensity) VALUES (188, 9, 4);
#
# -- Exercise ID: 189
# INSERT INTO Exercise (id, title, description, link, equipment_id, training_type_id) VALUES (189, 'Double Dumbbell Cuban Press', 'Target: Shoulders', 'https://youtu.be/XpcOM9Np9LQ?si=p-JIsZ-J0LYgrnEO', 6, 3);
# INSERT INTO exercise_muscle (exercise_id, muscle_id, intensity) VALUES (189, 19, 10);
# INSERT INTO exercise_muscle (exercise_id, muscle_id, intensity) VALUES (189, 9, 4);
#
# -- Exercise ID: 190
# INSERT INTO Exercise (id, title, description, link, equipment_id, training_type_id) VALUES (190, 'Double Kettlebell Pendlay Row', 'Target: Back', 'https://youtu.be/KoOmLu7ms1s', 15, 2);
# INSERT INTO exercise_muscle (exercise_id, muscle_id, intensity) VALUES (190, 17, 10);
# INSERT INTO exercise_muscle (exercise_id, muscle_id, intensity) VALUES (190, 8, 7);
#
# -- Exercise ID: 191
# INSERT INTO Exercise (id, title, description, link, equipment_id, training_type_id) VALUES (191, 'Double Kettlebell Half Kneeling Overhead Press', 'Target: Shoulders', 'https://youtu.be/ZcUxxxNl1PA', 15, 2);
# INSERT INTO exercise_muscle (exercise_id, muscle_id, intensity) VALUES (191, 2, 10);
# INSERT INTO exercise_muscle (exercise_id, muscle_id, intensity) VALUES (191, 4, 7);
#
# -- Exercise ID: 192
# INSERT INTO Exercise (id, title, description, link, equipment_id, training_type_id) VALUES (192, 'Single Arm Kettlebell Push Press', 'Target: Shoulders', 'https://youtu.be/KUsZAGWd0VQ', 15, 3);
# INSERT INTO exercise_muscle (exercise_id, muscle_id, intensity) VALUES (192, 2, 10);
# INSERT INTO exercise_muscle (exercise_id, muscle_id, intensity) VALUES (192, 4, 7);
#
# -- Exercise ID: 193
# INSERT INTO Exercise (id, title, description, link, equipment_id, training_type_id) VALUES (193, 'Double Kettlebell Push Jerk', 'Target: Shoulders', 'https://youtu.be/U2w1H0oXhhg?si=OkR2U3VpYiRe81Eo', 15, 3);
# INSERT INTO exercise_muscle (exercise_id, muscle_id, intensity) VALUES (193, 2, 10);
# INSERT INTO exercise_muscle (exercise_id, muscle_id, intensity) VALUES (193, 4, 7);
# INSERT INTO exercise_muscle (exercise_id, muscle_id, intensity) VALUES (193, 15, 4);
#
# -- Exercise ID: 194
# INSERT INTO Exercise (id, title, description, link, equipment_id, training_type_id) VALUES (194, 'Double Dumbbell Glute Bridge Isometric Floor Press', 'Target: Chest', 'https://youtu.be/195-8CoZDgo', 6, 2);
# INSERT INTO exercise_muscle (exercise_id, muscle_id, intensity) VALUES (194, 7, 10);
# INSERT INTO exercise_muscle (exercise_id, muscle_id, intensity) VALUES (194, 4, 7);
# INSERT INTO exercise_muscle (exercise_id, muscle_id, intensity) VALUES (194, 21, 4);
#
# -- Exercise ID: 195
# INSERT INTO Exercise (id, title, description, link, equipment_id, training_type_id) VALUES (195, 'Double Kettlebell Seesaw Overhead Press', 'Target: Shoulders', 'https://youtu.be/55-ngw6hplo', 15, 3);
# INSERT INTO exercise_muscle (exercise_id, muscle_id, intensity) VALUES (195, 2, 10);
# INSERT INTO exercise_muscle (exercise_id, muscle_id, intensity) VALUES (195, 4, 7);
#
# -- Exercise ID: 196
# INSERT INTO Exercise (id, title, description, link, equipment_id, training_type_id) VALUES (196, 'Alternating Double Kettlebell Z Press', 'Target: Shoulders', 'https://youtu.be/DmC9vPYvU0g?si=mIpOJCXLUo_un5rT', 15, 2);
# INSERT INTO exercise_muscle (exercise_id, muscle_id, intensity) VALUES (196, 2, 10);
# INSERT INTO exercise_muscle (exercise_id, muscle_id, intensity) VALUES (196, 4, 7);
# INSERT INTO exercise_muscle (exercise_id, muscle_id, intensity) VALUES (196, 11, 4);
#
# -- Exercise ID: 197
# INSERT INTO Exercise (id, title, description, link, equipment_id, training_type_id) VALUES (197, 'Bodyweight Burpee', 'Target: Chest', 'https://youtu.be/auBLPXO8Fww', 2, 3);
# INSERT INTO exercise_muscle (exercise_id, muscle_id, intensity) VALUES (197, 7, 10);
# INSERT INTO exercise_muscle (exercise_id, muscle_id, intensity) VALUES (197, 4, 7);
# INSERT INTO exercise_muscle (exercise_id, muscle_id, intensity) VALUES (197, 2, 4);
#
# -- Exercise ID: 198
# INSERT INTO Exercise (id, title, description, link, equipment_id, training_type_id) VALUES (198, 'Double Dumbbell Devil Press', 'Target: Shoulders', 'https://youtu.be/SCOxIkPDqxM?si=JHtcK8O5k4voNCP2', 6, 3);
# INSERT INTO exercise_muscle (exercise_id, muscle_id, intensity) VALUES (198, 2, 10);
# INSERT INTO exercise_muscle (exercise_id, muscle_id, intensity) VALUES (198, 7, 7);
#
# -- Exercise ID: 199
# INSERT INTO Exercise (id, title, description, link, equipment_id, training_type_id) VALUES (199, 'Alternating Single Arm Dumbbell Devil Press', 'Target: Shoulders', 'https://youtu.be/l6_aD2IWEEA', 6, 3);
# INSERT INTO exercise_muscle (exercise_id, muscle_id, intensity) VALUES (199, 2, 10);
# INSERT INTO exercise_muscle (exercise_id, muscle_id, intensity) VALUES (199, 7, 7);
#
# -- Exercise ID: 200
# INSERT INTO Exercise (id, title, description, link, equipment_id, training_type_id) VALUES (200, 'Double Kettlebell Seesaw Z Press', 'Target: Shoulders', 'https://youtu.be/n54YmZS9uM4', 15, 2);
# INSERT INTO exercise_muscle (exercise_id, muscle_id, intensity) VALUES (200, 2, 10);
# INSERT INTO exercise_muscle (exercise_id, muscle_id, intensity) VALUES (200, 4, 7);
# INSERT INTO exercise_muscle (exercise_id, muscle_id, intensity) VALUES (200, 11, 4);
#
# -- Exercise ID: 201
# INSERT INTO Exercise (id, title, description, link, equipment_id, training_type_id) VALUES (201, 'Double Plate Lu Raise', 'Target: Shoulders', 'https://youtu.be/IeGDlglTK9M', 22, 8);
# INSERT INTO exercise_muscle (exercise_id, muscle_id, intensity) VALUES (201, 19, 10);
#
# -- Exercise ID: 202
# INSERT INTO Exercise (id, title, description, link, equipment_id, training_type_id) VALUES (202, 'Plate Steering Wheel', 'Target: Shoulders', 'https://youtu.be/ToHy85wT3KE?si=z9VmwQGWt8A86_Mc', 22, 3);
# INSERT INTO exercise_muscle (exercise_id, muscle_id, intensity) VALUES (202, 2, 10);
#
# -- Exercise ID: 203
# INSERT INTO Exercise (id, title, description, link, equipment_id, training_type_id) VALUES (203, 'Suspension Cuban Press', 'Target: Shoulders', 'https://youtu.be/ybVFLdr1_Vk?si=NGTNOkq-xBRDhbIF', 11, 3);
# INSERT INTO exercise_muscle (exercise_id, muscle_id, intensity) VALUES (203, 19, 10);
# INSERT INTO exercise_muscle (exercise_id, muscle_id, intensity) VALUES (203, 4, 7);
#
# -- Exercise ID: 204
# INSERT INTO Exercise (id, title, description, link, equipment_id, training_type_id) VALUES (204, 'Barbell Decline Bench Press', 'Target: Chest', 'https://youtu.be/6yGZ0KCaiWM', 12, 2);
# INSERT INTO exercise_muscle (exercise_id, muscle_id, intensity) VALUES (204, 7, 10);
# INSERT INTO exercise_muscle (exercise_id, muscle_id, intensity) VALUES (204, 4, 7);
# INSERT INTO exercise_muscle (exercise_id, muscle_id, intensity) VALUES (204, 2, 4);
#
# -- Exercise ID: 205
# INSERT INTO Exercise (id, title, description, link, equipment_id, training_type_id) VALUES (205, 'Kettlebell Half Kneeling Alternating Halo', 'Target: Shoulders', 'https://youtu.be/A2jT86tgnII', 15, 8);
# INSERT INTO exercise_muscle (exercise_id, muscle_id, intensity) VALUES (205, 19, 10);
# INSERT INTO exercise_muscle (exercise_id, muscle_id, intensity) VALUES (205, 3, 7);
#
# -- Exercise ID: 206
# INSERT INTO Exercise (id, title, description, link, equipment_id, training_type_id) VALUES (206, 'Kettlebell Tall Kneeling Alternating Halo', 'Target: Shoulders', 'https://youtu.be/9n3nSrJiuFE?si=oGT50V2Fg6jzr5X2', 15, 8);
# INSERT INTO exercise_muscle (exercise_id, muscle_id, intensity) VALUES (206, 19, 10);
# INSERT INTO exercise_muscle (exercise_id, muscle_id, intensity) VALUES (206, 3, 7);
#
# -- Exercise ID: 207
# INSERT INTO Exercise (id, title, description, link, equipment_id, training_type_id) VALUES (207, 'Bodyweight Rolling Squat Burpee', 'Target: Chest', 'https://youtu.be/phmcox-C8iA', 2, 9);
# INSERT INTO exercise_muscle (exercise_id, muscle_id, intensity) VALUES (207, 7, 10);
# INSERT INTO exercise_muscle (exercise_id, muscle_id, intensity) VALUES (207, 4, 7);
# INSERT INTO exercise_muscle (exercise_id, muscle_id, intensity) VALUES (207, 2, 4);
#
# -- Exercise ID: 208
# INSERT INTO Exercise (id, title, description, link, equipment_id, training_type_id) VALUES (208, 'Kettlebell Tall Kneeling Alternating Hip to Halo', 'Target: Shoulders', 'https://youtu.be/4frRMFUlaFs', 15, 8);
# INSERT INTO exercise_muscle (exercise_id, muscle_id, intensity) VALUES (208, 19, 10);
# INSERT INTO exercise_muscle (exercise_id, muscle_id, intensity) VALUES (208, 3, 7);
#
# -- Exercise ID: 209
# INSERT INTO Exercise (id, title, description, link, equipment_id, training_type_id) VALUES (209, 'Barbell Seated Overhead Press', 'Target: Shoulders', 'https://youtu.be/Mdx1V3v7E5g', 12, 2);
# INSERT INTO exercise_muscle (exercise_id, muscle_id, intensity) VALUES (209, 2, 10);
# INSERT INTO exercise_muscle (exercise_id, muscle_id, intensity) VALUES (209, 4, 7);
#
# -- Exercise ID: 210
# INSERT INTO Exercise (id, title, description, link, equipment_id, training_type_id) VALUES (210, 'Dumbbell Crush Grip Z Press', 'Target: Shoulders', 'https://youtu.be/_othSKjqF30', 6, 2);
# INSERT INTO exercise_muscle (exercise_id, muscle_id, intensity) VALUES (210, 2, 10);
# INSERT INTO exercise_muscle (exercise_id, muscle_id, intensity) VALUES (210, 4, 7);
# INSERT INTO exercise_muscle (exercise_id, muscle_id, intensity) VALUES (210, 11, 4);
#
# -- Exercise ID: 211
# INSERT INTO Exercise (id, title, description, link, equipment_id, training_type_id) VALUES (211, 'Barbell Half Kneeling Overhead Press', 'Target: Shoulders', 'https://youtu.be/HdsS7MO_KFs?si=6N85JwB13t24ha7T', 12, 2);
# INSERT INTO exercise_muscle (exercise_id, muscle_id, intensity) VALUES (211, 2, 10);
# INSERT INTO exercise_muscle (exercise_id, muscle_id, intensity) VALUES (211, 4, 7);
#
# -- Exercise ID: 212
# INSERT INTO Exercise (id, title, description, link, equipment_id, training_type_id) VALUES (212, 'Barbell Tall Kneeling Overhead Press', 'Target: Shoulders', 'https://youtu.be/j2slieruHx0?si=qsnkz69oUwDeE0hp', 12, 2);
# INSERT INTO exercise_muscle (exercise_id, muscle_id, intensity) VALUES (212, 2, 10);
# INSERT INTO exercise_muscle (exercise_id, muscle_id, intensity) VALUES (212, 4, 7);
#
# -- Exercise ID: 213
# INSERT INTO Exercise (id, title, description, link, equipment_id, training_type_id) VALUES (213, 'Barbell Bodyweight Row', 'Target: Back', 'https://youtu.be/bHO0A4ZF_Zg', 12, 4);
# INSERT INTO exercise_muscle (exercise_id, muscle_id, intensity) VALUES (213, 17, 10);
# INSERT INTO exercise_muscle (exercise_id, muscle_id, intensity) VALUES (213, 8, 7);
#
# -- Exercise ID: 214
# INSERT INTO Exercise (id, title, description, link, equipment_id, training_type_id) VALUES (214, 'Ring Row', 'Target: Back', 'https://youtu.be/xhlReCpAE9k', 3, 4);
# INSERT INTO exercise_muscle (exercise_id, muscle_id, intensity) VALUES (214, 17, 10);
# INSERT INTO exercise_muscle (exercise_id, muscle_id, intensity) VALUES (214, 8, 7);
#
# -- Exercise ID: 215
# INSERT INTO Exercise (id, title, description, link, equipment_id, training_type_id) VALUES (215, 'Slider Single Arm Kettlebell Suitcase Ipsilateral Reverse Lunge', 'Target: Quadriceps', 'https://youtu.be/DS-pvuh8VEo?si=KEDC31EUxCubFjGj', 14, 2);
# INSERT INTO exercise_muscle (exercise_id, muscle_id, intensity) VALUES (215, 13, 10);
# INSERT INTO exercise_muscle (exercise_id, muscle_id, intensity) VALUES (215, 21, 7);
# INSERT INTO exercise_muscle (exercise_id, muscle_id, intensity) VALUES (215, 22, 4);
#
# -- Exercise ID: 216
# INSERT INTO Exercise (id, title, description, link, equipment_id, training_type_id) VALUES (216, 'Slider Single Arm Kettlebell Front Rack Contralateral Reverse Lunge', 'Target: Quadriceps', 'https://youtu.be/iRHrBseKm0k?si=X-TqbB38SGkCSqnE', 14, 2);
# INSERT INTO exercise_muscle (exercise_id, muscle_id, intensity) VALUES (216, 13, 10);
# INSERT INTO exercise_muscle (exercise_id, muscle_id, intensity) VALUES (216, 21, 7);
# INSERT INTO exercise_muscle (exercise_id, muscle_id, intensity) VALUES (216, 22, 4);
#
# -- Exercise ID: 217
# INSERT INTO Exercise (id, title, description, link, equipment_id, training_type_id) VALUES (217, 'Ring Bulgarian Row', 'Target: Back', 'https://youtu.be/5CxPrNkhm2k', 3, 4);
# INSERT INTO exercise_muscle (exercise_id, muscle_id, intensity) VALUES (217, 17, 10);
# INSERT INTO exercise_muscle (exercise_id, muscle_id, intensity) VALUES (217, 8, 7);
#
# -- Exercise ID: 218
# INSERT INTO Exercise (id, title, description, link, equipment_id, training_type_id) VALUES (218, 'Alternating Double Kettlebell Rotational Overhead Press', 'Target: Shoulders', 'https://youtu.be/VQKcF1HfsYk', 15, 2);
# INSERT INTO exercise_muscle (exercise_id, muscle_id, intensity) VALUES (218, 2, 10);
#
# -- Exercise ID: 219
# INSERT INTO Exercise (id, title, description, link, equipment_id, training_type_id) VALUES (219, 'Alternating Double Kettlebell Push Press', 'Target: Shoulders', 'https://youtu.be/kUgzuCAvO3A', 15, 3);
# INSERT INTO exercise_muscle (exercise_id, muscle_id, intensity) VALUES (219, 2, 10);
# INSERT INTO exercise_muscle (exercise_id, muscle_id, intensity) VALUES (219, 4, 7);
#
# -- Exercise ID: 220
# INSERT INTO Exercise (id, title, description, link, equipment_id, training_type_id) VALUES (220, 'Cable Tall Kneeling Face Pull', 'Target: Shoulders', 'https://youtu.be/VGOZVVlarfg', 8, 3);
# INSERT INTO exercise_muscle (exercise_id, muscle_id, intensity) VALUES (220, 19, 10);
#
# -- Exercise ID: 221
# INSERT INTO Exercise (id, title, description, link, equipment_id, training_type_id) VALUES (221, 'Macebell Ballistic Curl', 'Target: Biceps', 'https://youtu.be/e8aZdfRK4FE?si=VtO52sSIMj0T-KCF', 24, 10);
# INSERT INTO exercise_muscle (exercise_id, muscle_id, intensity) VALUES (221, 8, 10);
#
# -- Exercise ID: 222
# INSERT INTO Exercise (id, title, description, link, equipment_id, training_type_id) VALUES (222, 'Single Arm Indian Club Outer Heart Shaped Swing', 'Target: Shoulders', NULL, 25, 8);
# INSERT INTO exercise_muscle (exercise_id, muscle_id, intensity) VALUES (222, 19, 10);
#
# -- Exercise ID: 223
# INSERT INTO Exercise (id, title, description, link, equipment_id, training_type_id) VALUES (223, 'Single Arm Clubbell Pullover', 'Target: Back', 'https://youtu.be/JJgOmmqZneM?si=v93qv5Poy03NJqj_', 26, 3);
# INSERT INTO exercise_muscle (exercise_id, muscle_id, intensity) VALUES (223, 17, 10);
# INSERT INTO exercise_muscle (exercise_id, muscle_id, intensity) VALUES (223, 19, 7);
# INSERT INTO exercise_muscle (exercise_id, muscle_id, intensity) VALUES (223, 4, 4);
#
# -- Exercise ID: 224
# INSERT INTO Exercise (id, title, description, link, equipment_id, training_type_id) VALUES (224, 'Double Clubbell Pullover', 'Target: Back', 'https://youtu.be/2ZYphWzJedw?si=f5GGOhThihsKqIds', 26, 3);
# INSERT INTO exercise_muscle (exercise_id, muscle_id, intensity) VALUES (224, 17, 10);
# INSERT INTO exercise_muscle (exercise_id, muscle_id, intensity) VALUES (224, 19, 7);
# INSERT INTO exercise_muscle (exercise_id, muscle_id, intensity) VALUES (224, 4, 4);
#
# -- Exercise ID: 225
# INSERT INTO Exercise (id, title, description, link, equipment_id, training_type_id) VALUES (225, 'Clubbell Pullover', 'Target: Back', 'https://youtu.be/0sRFLvzcqxw?si=cqK8W0uEQdEUfDAy', 26, 3);
# INSERT INTO exercise_muscle (exercise_id, muscle_id, intensity) VALUES (225, 17, 10);
# INSERT INTO exercise_muscle (exercise_id, muscle_id, intensity) VALUES (225, 19, 7);
# INSERT INTO exercise_muscle (exercise_id, muscle_id, intensity) VALUES (225, 4, 4);
#
# -- Exercise ID: 226
# INSERT INTO Exercise (id, title, description, link, equipment_id, training_type_id) VALUES (226, 'Clubbell Front Flag Press', 'Target: Shoulders', 'https://youtu.be/3_F4oUpYY7Q?si=qgoqjkcK33CSqmX4', 26, 3);
# INSERT INTO exercise_muscle (exercise_id, muscle_id, intensity) VALUES (226, 2, 10);
# INSERT INTO exercise_muscle (exercise_id, muscle_id, intensity) VALUES (226, 4, 7);
#
# -- Exercise ID: 227
# INSERT INTO Exercise (id, title, description, link, equipment_id, training_type_id) VALUES (227, 'Single Arm Indian Club Inner Heart Shaped Swing', 'Target: Shoulders', NULL, 25, 8);
# INSERT INTO exercise_muscle (exercise_id, muscle_id, intensity) VALUES (227, 19, 10);
#
# -- Exercise ID: 228
# INSERT INTO Exercise (id, title, description, link, equipment_id, training_type_id) VALUES (228, 'Single Arm Ring Dead Hang', 'Target: Back', 'https://youtu.be/7J_x9uMtr-o?si=2tga8qG4urWcSCMT', 3, 4);
# INSERT INTO exercise_muscle (exercise_id, muscle_id, intensity) VALUES (228, 17, 10);
#
# -- Exercise ID: 229
# INSERT INTO Exercise (id, title, description, link, equipment_id, training_type_id) VALUES (229, 'Single Arm Dumbbell Suitcase Deadlift', 'Target: Back', 'https://youtu.be/yMRbcOd51pA?si=7Hc1xBgOqKKuKw3C', 6, 2);
# INSERT INTO exercise_muscle (exercise_id, muscle_id, intensity) VALUES (229, 17, 10);
# INSERT INTO exercise_muscle (exercise_id, muscle_id, intensity) VALUES (229, 12, 7);
#
# -- Exercise ID: 230
# INSERT INTO Exercise (id, title, description, link, equipment_id, training_type_id) VALUES (230, 'Slider Single Arm Kettlebell Front Rack Ipsilateral Reverse Lunge', 'Target: Quadriceps', 'https://youtu.be/7wCLqLLyHh0?si=hFc7L_yPlG-KnZVg', 14, 2);
# INSERT INTO exercise_muscle (exercise_id, muscle_id, intensity) VALUES (230, 13, 10);
# INSERT INTO exercise_muscle (exercise_id, muscle_id, intensity) VALUES (230, 21, 7);
# INSERT INTO exercise_muscle (exercise_id, muscle_id, intensity) VALUES (230, 22, 4);
#
# -- Exercise ID: 231
# INSERT INTO Exercise (id, title, description, link, equipment_id, training_type_id) VALUES (231, 'Clubbell Torch Press', 'Target: Shoulders', 'https://youtu.be/REUDhFnYMYc?si=13Shwx4VKvuvNLZh', 26, 3);
# INSERT INTO exercise_muscle (exercise_id, muscle_id, intensity) VALUES (231, 2, 10);
# INSERT INTO exercise_muscle (exercise_id, muscle_id, intensity) VALUES (231, 4, 7);
#
# -- Exercise ID: 232
# INSERT INTO Exercise (id, title, description, link, equipment_id, training_type_id) VALUES (232, 'Single Arm Clubbell Torch Press', 'Target: Shoulders', 'https://youtu.be/UU4WhE25JfI?si=6sinMuju_2nUhgZK', 26, 3);
# INSERT INTO exercise_muscle (exercise_id, muscle_id, intensity) VALUES (232, 2, 10);
# INSERT INTO exercise_muscle (exercise_id, muscle_id, intensity) VALUES (232, 4, 7);
#
# -- Exercise ID: 233
# INSERT INTO Exercise (id, title, description, link, equipment_id, training_type_id) VALUES (233, 'Double Clubbell Torch Press', 'Target: Shoulders', NULL, 26, 3);
# INSERT INTO exercise_muscle (exercise_id, muscle_id, intensity) VALUES (233, 2, 10);
# INSERT INTO exercise_muscle (exercise_id, muscle_id, intensity) VALUES (233, 4, 7);
#
# -- Exercise ID: 234
# INSERT INTO Exercise (id, title, description, link, equipment_id, training_type_id) VALUES (234, 'Barbell Conventional Deadlift', 'Target: Back', 'https://youtu.be/op9kVnSso6Q', 12, 7);
# INSERT INTO exercise_muscle (exercise_id, muscle_id, intensity) VALUES (234, 17, 10);
#
# -- Exercise ID: 235
# INSERT INTO Exercise (id, title, description, link, equipment_id, training_type_id) VALUES (235, 'Barbell Sumo Deadlift', 'Target: Back', 'https://youtu.be/wQHSYDSgDn8', 12, 7);
# INSERT INTO exercise_muscle (exercise_id, muscle_id, intensity) VALUES (235, 17, 10);
# INSERT INTO exercise_muscle (exercise_id, muscle_id, intensity) VALUES (235, 21, 7);
# INSERT INTO exercise_muscle (exercise_id, muscle_id, intensity) VALUES (235, 22, 4);
#
# -- Exercise ID: 236
# INSERT INTO Exercise (id, title, description, link, equipment_id, training_type_id) VALUES (236, 'Barbell Rack Pull', 'Target: Back', 'https://youtu.be/zdaEWO0S5HU', 12, 2);
# INSERT INTO exercise_muscle (exercise_id, muscle_id, intensity) VALUES (236, 17, 10);
#
# -- Exercise ID: 237
# INSERT INTO Exercise (id, title, description, link, equipment_id, training_type_id) VALUES (237, 'Barbell Snatch Grip Deadlift', 'Target: Back', 'https://youtu.be/0Ah-ol5EGlo', 12, 2);
# INSERT INTO exercise_muscle (exercise_id, muscle_id, intensity) VALUES (237, 17, 10);
#
# -- Exercise ID: 238
# INSERT INTO Exercise (id, title, description, link, equipment_id, training_type_id) VALUES (238, 'Alternating Double Clubbell Torch Press', 'Target: Shoulders', NULL, 26, 3);
# INSERT INTO exercise_muscle (exercise_id, muscle_id, intensity) VALUES (238, 2, 10);
# INSERT INTO exercise_muscle (exercise_id, muscle_id, intensity) VALUES (238, 4, 7);
#
# -- Exercise ID: 239
# INSERT INTO Exercise (id, title, description, link, equipment_id, training_type_id) VALUES (239, 'Stability Ball Hyperextension', 'Target: Back', 'https://youtu.be/bmRTtzOOiVM', 1, 3);
# INSERT INTO exercise_muscle (exercise_id, muscle_id, intensity) VALUES (239, 20, 10);
#
# -- Exercise ID: 240
# INSERT INTO Exercise (id, title, description, link, equipment_id, training_type_id) VALUES (240, 'Barbell Seated Good Morning', 'Target: Back', 'https://youtu.be/ZPeJ0s8X6Gs', 12, 2);
# INSERT INTO exercise_muscle (exercise_id, muscle_id, intensity) VALUES (240, 20, 10);
# INSERT INTO exercise_muscle (exercise_id, muscle_id, intensity) VALUES (240, 22, 7);
# INSERT INTO exercise_muscle (exercise_id, muscle_id, intensity) VALUES (240, 21, 4);
#
# -- Exercise ID: 241
# INSERT INTO Exercise (id, title, description, link, equipment_id, training_type_id) VALUES (241, 'Barbell Good Morning', 'Target: Back', 'https://youtu.be/F8dCjzbed-4', 12, 2);
# INSERT INTO exercise_muscle (exercise_id, muscle_id, intensity) VALUES (241, 20, 10);
# INSERT INTO exercise_muscle (exercise_id, muscle_id, intensity) VALUES (241, 22, 7);
# INSERT INTO exercise_muscle (exercise_id, muscle_id, intensity) VALUES (241, 21, 4);
#
# -- Exercise ID: 242
# INSERT INTO Exercise (id, title, description, link, equipment_id, training_type_id) VALUES (242, 'Bodyweight Wall Sit', 'Target: Quadriceps', 'https://youtu.be/SszDMOZvFuw', 2, 3);
# INSERT INTO exercise_muscle (exercise_id, muscle_id, intensity) VALUES (242, 13, 10);
# INSERT INTO exercise_muscle (exercise_id, muscle_id, intensity) VALUES (242, 21, 7);
#
# -- Exercise ID: 243
# INSERT INTO Exercise (id, title, description, link, equipment_id, training_type_id) VALUES (243, 'Bodyweight Wall Slide Squat', 'Target: Quadriceps', 'https://youtu.be/3J99J5NxNSQ?si=Xv_W-o9GzT-nvtVQ', 2, 3);
# INSERT INTO exercise_muscle (exercise_id, muscle_id, intensity) VALUES (243, 13, 10);
# INSERT INTO exercise_muscle (exercise_id, muscle_id, intensity) VALUES (243, 21, 7);
#
# -- Exercise ID: 244
# INSERT INTO Exercise (id, title, description, link, equipment_id, training_type_id) VALUES (244, 'Stability Ball Wall Slide Squat', 'Target: Quadriceps', 'https://youtu.be/lWJ6BujsDYY?si=Hl4kTZutf9b6tDUi', 1, 3);
# INSERT INTO exercise_muscle (exercise_id, muscle_id, intensity) VALUES (244, 13, 10);
# INSERT INTO exercise_muscle (exercise_id, muscle_id, intensity) VALUES (244, 21, 7);
#
# -- Exercise ID: 245
# INSERT INTO Exercise (id, title, description, link, equipment_id, training_type_id) VALUES (245, 'Suspension Squat', 'Target: Quadriceps', 'https://youtu.be/Re73IUOJqf8?si=LWvs8KrK-E4j70cn', 11, 3);
# INSERT INTO exercise_muscle (exercise_id, muscle_id, intensity) VALUES (245, 13, 10);
# INSERT INTO exercise_muscle (exercise_id, muscle_id, intensity) VALUES (245, 21, 7);
#
# -- Exercise ID: 246
# INSERT INTO Exercise (id, title, description, link, equipment_id, training_type_id) VALUES (246, 'Suspension Alternating Reverse Lunge', 'Target: Quadriceps', 'https://youtu.be/oRO4ailwZb4', 11, 2);
# INSERT INTO exercise_muscle (exercise_id, muscle_id, intensity) VALUES (246, 13, 10);
# INSERT INTO exercise_muscle (exercise_id, muscle_id, intensity) VALUES (246, 21, 7);
# INSERT INTO exercise_muscle (exercise_id, muscle_id, intensity) VALUES (246, 22, 4);
#
# -- Exercise ID: 247
# INSERT INTO Exercise (id, title, description, link, equipment_id, training_type_id) VALUES (247, 'Bodyweight Squat to Bench', 'Target: Quadriceps', 'https://youtu.be/93l0NGCosAE', 2, 4);
# INSERT INTO exercise_muscle (exercise_id, muscle_id, intensity) VALUES (247, 13, 10);
# INSERT INTO exercise_muscle (exercise_id, muscle_id, intensity) VALUES (247, 21, 7);
#
# -- Exercise ID: 248
# INSERT INTO Exercise (id, title, description, link, equipment_id, training_type_id) VALUES (248, 'Bodyweight Squat', 'Target: Quadriceps', 'https://youtu.be/C_VtOYc6j5c', 2, 4);
# INSERT INTO exercise_muscle (exercise_id, muscle_id, intensity) VALUES (248, 13, 10);
# INSERT INTO exercise_muscle (exercise_id, muscle_id, intensity) VALUES (248, 21, 7);
#
# -- Exercise ID: 249
# INSERT INTO Exercise (id, title, description, link, equipment_id, training_type_id) VALUES (249, 'Bodyweight Hand Assisted Split Squat', 'Target: Quadriceps', 'https://youtu.be/WRCsxtCfrEE', 2, 2);
# INSERT INTO exercise_muscle (exercise_id, muscle_id, intensity) VALUES (249, 13, 10);
# INSERT INTO exercise_muscle (exercise_id, muscle_id, intensity) VALUES (249, 21, 7);
# INSERT INTO exercise_muscle (exercise_id, muscle_id, intensity) VALUES (249, 22, 4);
#
# -- Exercise ID: 250
# INSERT INTO Exercise (id, title, description, link, equipment_id, training_type_id) VALUES (250, 'Bodyweight Walking Lunge', 'Target: Quadriceps', 'https://youtu.be/tlbTz6IamaE', 2, 2);
# INSERT INTO exercise_muscle (exercise_id, muscle_id, intensity) VALUES (250, 13, 10);
# INSERT INTO exercise_muscle (exercise_id, muscle_id, intensity) VALUES (250, 21, 7);
# INSERT INTO exercise_muscle (exercise_id, muscle_id, intensity) VALUES (250, 22, 4);
#
# -- Exercise ID: 251
# INSERT INTO Exercise (id, title, description, link, equipment_id, training_type_id) VALUES (251, 'Dumbbell Goblet Squat', 'Target: Quadriceps', 'https://youtu.be/a-dqF4NL2K4', 6, 2);
# INSERT INTO exercise_muscle (exercise_id, muscle_id, intensity) VALUES (251, 13, 10);
# INSERT INTO exercise_muscle (exercise_id, muscle_id, intensity) VALUES (251, 21, 7);
#
# -- Exercise ID: 252
# INSERT INTO Exercise (id, title, description, link, equipment_id, training_type_id) VALUES (252, 'Miniband Romanian Deadlift', 'Target: Hamstrings', 'https://youtu.be/N5lBa2zMAPI?si=Eth4HWtKMOXBXNx6', 13, 2);
# INSERT INTO exercise_muscle (exercise_id, muscle_id, intensity) VALUES (252, 22, 10);
# INSERT INTO exercise_muscle (exercise_id, muscle_id, intensity) VALUES (252, 21, 7);
# INSERT INTO exercise_muscle (exercise_id, muscle_id, intensity) VALUES (252, 20, 4);
#
# -- Exercise ID: 253
# INSERT INTO Exercise (id, title, description, link, equipment_id, training_type_id) VALUES (253, 'Superband Resisted Skater Jump', 'Target: Abductors', 'https://youtu.be/VHBOyCCupJ4?feature=shared', 20, 9);
# INSERT INTO exercise_muscle (exercise_id, muscle_id, intensity) VALUES (253, 15, 10);
# INSERT INTO exercise_muscle (exercise_id, muscle_id, intensity) VALUES (253, 21, 7);
#
# -- Exercise ID: 254
# INSERT INTO Exercise (id, title, description, link, equipment_id, training_type_id) VALUES (254, 'Cable Prone Single Leg Hamstring Curl', 'Target: Hamstrings', 'https://youtu.be/k6Vo8hBLypQ', 8, 2);
# INSERT INTO exercise_muscle (exercise_id, muscle_id, intensity) VALUES (254, 22, 10);
# INSERT INTO exercise_muscle (exercise_id, muscle_id, intensity) VALUES (254, 21, 7);
#
# -- Exercise ID: 255
# INSERT INTO Exercise (id, title, description, link, equipment_id, training_type_id) VALUES (255, 'Bodyweight Candlestick Roll Up Tuck Jump', 'Target: Glutes', 'https://youtu.be/BpwGQP8k7aY', 2, 9);
# INSERT INTO exercise_muscle (exercise_id, muscle_id, intensity) VALUES (255, 21, 10);
#
# -- Exercise ID: 256
# INSERT INTO Exercise (id, title, description, link, equipment_id, training_type_id) VALUES (256, 'Single Arm Clubbell Front Flag Press', 'Target: Shoulders', NULL, 26, 3);
# INSERT INTO exercise_muscle (exercise_id, muscle_id, intensity) VALUES (256, 2, 10);
# INSERT INTO exercise_muscle (exercise_id, muscle_id, intensity) VALUES (256, 4, 7);
#
# -- Exercise ID: 257
# INSERT INTO Exercise (id, title, description, link, equipment_id, training_type_id) VALUES (257, 'Double Clubbell Front Flag Press', 'Target: Shoulders', NULL, 26, 3);
# INSERT INTO exercise_muscle (exercise_id, muscle_id, intensity) VALUES (257, 2, 10);
# INSERT INTO exercise_muscle (exercise_id, muscle_id, intensity) VALUES (257, 4, 7);
#
# -- Exercise ID: 258
# INSERT INTO Exercise (id, title, description, link, equipment_id, training_type_id) VALUES (258, 'Barbell Block Pull Deadlift', 'Target: Back', 'https://youtu.be/iVpVk8x-VDQ', 12, 2);
# INSERT INTO exercise_muscle (exercise_id, muscle_id, intensity) VALUES (258, 17, 10);
#
# -- Exercise ID: 259
# INSERT INTO Exercise (id, title, description, link, equipment_id, training_type_id) VALUES (259, 'Barbell Box Back Squat', 'Target: Quadriceps', 'https://youtu.be/dLG78_Z9rjM', 12, 3);
# INSERT INTO exercise_muscle (exercise_id, muscle_id, intensity) VALUES (259, 13, 10);
# INSERT INTO exercise_muscle (exercise_id, muscle_id, intensity) VALUES (259, 21, 7);
#
# -- Exercise ID: 260
# INSERT INTO Exercise (id, title, description, link, equipment_id, training_type_id) VALUES (260, 'Barbell Deficit Deadlift', 'Target: Back', 'https://youtu.be/PzoxegwRlOw', 12, 2);
# INSERT INTO exercise_muscle (exercise_id, muscle_id, intensity) VALUES (260, 17, 10);
#
# -- Exercise ID: 261
# INSERT INTO Exercise (id, title, description, link, equipment_id, training_type_id) VALUES (261, 'Barbell Front Rack Squat', 'Target: Quadriceps', 'https://youtu.be/uYumuL_G_V0', 12, 11);
# INSERT INTO exercise_muscle (exercise_id, muscle_id, intensity) VALUES (261, 13, 10);
# INSERT INTO exercise_muscle (exercise_id, muscle_id, intensity) VALUES (261, 21, 7);
#
# -- Exercise ID: 262
# INSERT INTO Exercise (id, title, description, link, equipment_id, training_type_id) VALUES (262, 'Barbell Glute Bridge', 'Target: Glutes', 'https://youtu.be/6EhYj5eSngY', 12, 2);
# INSERT INTO exercise_muscle (exercise_id, muscle_id, intensity) VALUES (262, 21, 10);
# INSERT INTO exercise_muscle (exercise_id, muscle_id, intensity) VALUES (262, 22, 7);
# INSERT INTO exercise_muscle (exercise_id, muscle_id, intensity) VALUES (262, 20, 4);
#
# -- Exercise ID: 263
# INSERT INTO Exercise (id, title, description, link, equipment_id, training_type_id) VALUES (263, 'Barbell Halting Deadlift', 'Target: Back', 'https://youtu.be/0LrH7uHRGxI', 12, 2);
# INSERT INTO exercise_muscle (exercise_id, muscle_id, intensity) VALUES (263, 17, 10);
#
# -- Exercise ID: 264
# INSERT INTO Exercise (id, title, description, link, equipment_id, training_type_id) VALUES (264, 'Barbell High Bar Back Squat', 'Target: Quadriceps', 'https://youtu.be/ultWZbUMPL8', 12, 3);
# INSERT INTO exercise_muscle (exercise_id, muscle_id, intensity) VALUES (264, 13, 10);
# INSERT INTO exercise_muscle (exercise_id, muscle_id, intensity) VALUES (264, 21, 7);
#
# -- Exercise ID: 265
# INSERT INTO Exercise (id, title, description, link, equipment_id, training_type_id) VALUES (265, 'Barbell Low Bar Back Squat', 'Target: Quadriceps', 'https://youtu.be/nhoikoUEI8U', 12, 7);
# INSERT INTO exercise_muscle (exercise_id, muscle_id, intensity) VALUES (265, 13, 10);
# INSERT INTO exercise_muscle (exercise_id, muscle_id, intensity) VALUES (265, 21, 7);
# INSERT INTO exercise_muscle (exercise_id, muscle_id, intensity) VALUES (265, 22, 4);
#
# -- Exercise ID: 266
# INSERT INTO Exercise (id, title, description, link, equipment_id, training_type_id) VALUES (266, 'Alternating Double Clubbell Front Flag Press', 'Target: Shoulders', NULL, 26, 3);
# INSERT INTO exercise_muscle (exercise_id, muscle_id, intensity) VALUES (266, 2, 10);
# INSERT INTO exercise_muscle (exercise_id, muscle_id, intensity) VALUES (266, 4, 7);
#
# -- Exercise ID: 267
# INSERT INTO Exercise (id, title, description, link, equipment_id, training_type_id) VALUES (267, 'Barbell Power Clean', 'Target: Glutes', 'https://youtu.be/KwYJTpQ_x5A', 12, 11);
# INSERT INTO exercise_muscle (exercise_id, muscle_id, intensity) VALUES (267, 21, 10);
# INSERT INTO exercise_muscle (exercise_id, muscle_id, intensity) VALUES (267, 22, 7);
#
# -- Exercise ID: 268
# INSERT INTO Exercise (id, title, description, link, equipment_id, training_type_id) VALUES (268, 'Barbell Power Snatch', 'Target: Glutes', 'https://youtu.be/TL8SMp7RdXQ', 12, 11);
# INSERT INTO exercise_muscle (exercise_id, muscle_id, intensity) VALUES (268, 21, 10);
# INSERT INTO exercise_muscle (exercise_id, muscle_id, intensity) VALUES (268, 2, 7);
#
# -- Exercise ID: 269
# INSERT INTO Exercise (id, title, description, link, equipment_id, training_type_id) VALUES (269, 'Double Indian Club Lateral Internal and External Rotations', 'Target: Shoulders', NULL, 25, 8);
# INSERT INTO exercise_muscle (exercise_id, muscle_id, intensity) VALUES (269, 19, 10);
#
# -- Exercise ID: 270
# INSERT INTO Exercise (id, title, description, link, equipment_id, training_type_id) VALUES (270, 'Barbell Romanian Deadlift', 'Target: Hamstrings', 'https://youtu.be/LURGDIX3adY?si=fHh3AAX-mZB09HXi', 12, 2);
# INSERT INTO exercise_muscle (exercise_id, muscle_id, intensity) VALUES (270, 22, 10);
# INSERT INTO exercise_muscle (exercise_id, muscle_id, intensity) VALUES (270, 21, 7);
# INSERT INTO exercise_muscle (exercise_id, muscle_id, intensity) VALUES (270, 20, 4);
#
# -- Exercise ID: 271
# INSERT INTO Exercise (id, title, description, link, equipment_id, training_type_id) VALUES (271, 'Single Arm Indian Club Lateral Internal and External Rotation', 'Target: Shoulders', NULL, 25, 8);
# INSERT INTO exercise_muscle (exercise_id, muscle_id, intensity) VALUES (271, 19, 10);
#
# -- Exercise ID: 272
# INSERT INTO Exercise (id, title, description, link, equipment_id, training_type_id) VALUES (272, 'Barbell Back Rack Split Squat', 'Target: Quadriceps', 'https://youtu.be/KXUJxb8hO8U', 12, 2);
# INSERT INTO exercise_muscle (exercise_id, muscle_id, intensity) VALUES (272, 13, 10);
# INSERT INTO exercise_muscle (exercise_id, muscle_id, intensity) VALUES (272, 21, 7);
# INSERT INTO exercise_muscle (exercise_id, muscle_id, intensity) VALUES (272, 22, 4);
#
# -- Exercise ID: 273
# INSERT INTO Exercise (id, title, description, link, equipment_id, training_type_id) VALUES (273, 'Barbell Stiff Legged Deadlift', 'Target: Hamstrings', 'https://youtu.be/5_t0SsovgW8?si=5Zg1x855TTmrp1cL', 12, 2);
# INSERT INTO exercise_muscle (exercise_id, muscle_id, intensity) VALUES (273, 22, 10);
# INSERT INTO exercise_muscle (exercise_id, muscle_id, intensity) VALUES (273, 21, 7);
#
# -- Exercise ID: 274
# INSERT INTO Exercise (id, title, description, link, equipment_id, training_type_id) VALUES (274, 'Barbell Sumo Back Squat', 'Target: Glutes', 'https://youtu.be/qiQAsB0x-7k?si=OlWu0ou6Vr0NnuvE', 12, 3);
# INSERT INTO exercise_muscle (exercise_id, muscle_id, intensity) VALUES (274, 21, 10);
# INSERT INTO exercise_muscle (exercise_id, muscle_id, intensity) VALUES (274, 13, 7);
#
# -- Exercise ID: 275
# INSERT INTO Exercise (id, title, description, link, equipment_id, training_type_id) VALUES (275, 'Bodyweight Pistol Squat', 'Target: Quadriceps', 'https://youtu.be/KA186_3cAGY?si=LQLcC09buiv75LfU', 2, 4);
# INSERT INTO exercise_muscle (exercise_id, muscle_id, intensity) VALUES (275, 13, 10);
# INSERT INTO exercise_muscle (exercise_id, muscle_id, intensity) VALUES (275, 21, 7);
#
# -- Exercise ID: 276
# INSERT INTO Exercise (id, title, description, link, equipment_id, training_type_id) VALUES (276, 'Bodyweight Skater Squat', 'Target: Quadriceps', 'https://youtu.be/kRnLZadW5Q0', 2, 4);
# INSERT INTO exercise_muscle (exercise_id, muscle_id, intensity) VALUES (276, 13, 10);
# INSERT INTO exercise_muscle (exercise_id, muscle_id, intensity) VALUES (276, 21, 7);
#
# -- Exercise ID: 277
# INSERT INTO Exercise (id, title, description, link, equipment_id, training_type_id) VALUES (277, 'Cable Pull Through', 'Target: Glutes', 'https://youtu.be/NEDrQPoITMc?si=ZeJ1LOUbzrjgk-_8', 8, 2);
# INSERT INTO exercise_muscle (exercise_id, muscle_id, intensity) VALUES (277, 21, 10);
#
# -- Exercise ID: 278
# INSERT INTO Exercise (id, title, description, link, equipment_id, training_type_id) VALUES (278, 'Double Dumbbell Suitcase Bulgarian Split Squat', 'Target: Quadriceps', 'https://youtu.be/G0Mo2LF8uLU', 6, 2);
# INSERT INTO exercise_muscle (exercise_id, muscle_id, intensity) VALUES (278, 13, 10);
# INSERT INTO exercise_muscle (exercise_id, muscle_id, intensity) VALUES (278, 21, 7);
# INSERT INTO exercise_muscle (exercise_id, muscle_id, intensity) VALUES (278, 22, 4);
#
# -- Exercise ID: 279
# INSERT INTO Exercise (id, title, description, link, equipment_id, training_type_id) VALUES (279, 'Double Dumbbell Suitcase Step Up', 'Target: Quadriceps', 'https://youtu.be/37tVohr7LcE', 6, 2);
# INSERT INTO exercise_muscle (exercise_id, muscle_id, intensity) VALUES (279, 13, 10);
# INSERT INTO exercise_muscle (exercise_id, muscle_id, intensity) VALUES (279, 21, 7);
# INSERT INTO exercise_muscle (exercise_id, muscle_id, intensity) VALUES (279, 22, 4);
#
# -- Exercise ID: 280
# INSERT INTO Exercise (id, title, description, link, equipment_id, training_type_id) VALUES (280, 'Double Dumbbell Suitcase Deficit Split Squat', 'Target: Quadriceps', 'https://youtu.be/jqWAqPQvqAk', 6, 2);
# INSERT INTO exercise_muscle (exercise_id, muscle_id, intensity) VALUES (280, 13, 10);
# INSERT INTO exercise_muscle (exercise_id, muscle_id, intensity) VALUES (280, 21, 7);
# INSERT INTO exercise_muscle (exercise_id, muscle_id, intensity) VALUES (280, 22, 4);
#
# -- Exercise ID: 281
# INSERT INTO Exercise (id, title, description, link, equipment_id, training_type_id) VALUES (281, 'Double Dumbbell Suitcase Alternating Forward Lunge', 'Target: Quadriceps', 'https://youtu.be/t7DBjlOTwAk', 6, 2);
# INSERT INTO exercise_muscle (exercise_id, muscle_id, intensity) VALUES (281, 13, 10);
# INSERT INTO exercise_muscle (exercise_id, muscle_id, intensity) VALUES (281, 21, 7);
# INSERT INTO exercise_muscle (exercise_id, muscle_id, intensity) VALUES (281, 22, 4);
#
# -- Exercise ID: 282
# INSERT INTO Exercise (id, title, description, link, equipment_id, training_type_id) VALUES (282, 'Double Dumbbell Suitcase Alternating Reverse Lunge', 'Target: Quadriceps', 'https://youtu.be/Lsen4vH1nm8', 6, 2);
# INSERT INTO exercise_muscle (exercise_id, muscle_id, intensity) VALUES (282, 13, 10);
# INSERT INTO exercise_muscle (exercise_id, muscle_id, intensity) VALUES (282, 21, 7);
# INSERT INTO exercise_muscle (exercise_id, muscle_id, intensity) VALUES (282, 22, 4);
#
# -- Exercise ID: 283
# INSERT INTO Exercise (id, title, description, link, equipment_id, training_type_id) VALUES (283, 'Double Indian Club Overhead Arm Circles', 'Target: Shoulders', NULL, 25, 8);
# INSERT INTO exercise_muscle (exercise_id, muscle_id, intensity) VALUES (283, 3, 10);
#
# -- Exercise ID: 284
# INSERT INTO Exercise (id, title, description, link, equipment_id, training_type_id) VALUES (284, 'Double Dumbbell Suitcase Split Squat', 'Target: Quadriceps', 'https://youtu.be/yqH8u037IjM', 6, 2);
# INSERT INTO exercise_muscle (exercise_id, muscle_id, intensity) VALUES (284, 13, 10);
# INSERT INTO exercise_muscle (exercise_id, muscle_id, intensity) VALUES (284, 21, 7);
# INSERT INTO exercise_muscle (exercise_id, muscle_id, intensity) VALUES (284, 22, 4);
#
# -- Exercise ID: 285
# INSERT INTO Exercise (id, title, description, link, equipment_id, training_type_id) VALUES (285, 'Double Dumbbell Front Rack Alternating Step Up', 'Target: Quadriceps', 'https://youtu.be/anHX8Zp67C8?si=qbb7ETCqekLaflB_', 6, 2);
# INSERT INTO exercise_muscle (exercise_id, muscle_id, intensity) VALUES (285, 13, 10);
# INSERT INTO exercise_muscle (exercise_id, muscle_id, intensity) VALUES (285, 21, 7);
# INSERT INTO exercise_muscle (exercise_id, muscle_id, intensity) VALUES (285, 22, 4);
#
# -- Exercise ID: 286
# INSERT INTO Exercise (id, title, description, link, equipment_id, training_type_id) VALUES (286, 'Bodyweight Face the Wall Squat', 'Target: Quadriceps', 'https://youtu.be/pktIjwNiuYE?si=fWFt85clM0T2gopP', 2, 3);
# INSERT INTO exercise_muscle (exercise_id, muscle_id, intensity) VALUES (286, 13, 10);
# INSERT INTO exercise_muscle (exercise_id, muscle_id, intensity) VALUES (286, 21, 7);
#
# -- Exercise ID: 287
# INSERT INTO Exercise (id, title, description, link, equipment_id, training_type_id) VALUES (287, 'Bodyweight Feet Elevated Glute Bridge', 'Target: Glutes', 'https://youtu.be/kFvF6ZHv-KI', 2, 2);
# INSERT INTO exercise_muscle (exercise_id, muscle_id, intensity) VALUES (287, 21, 10);
# INSERT INTO exercise_muscle (exercise_id, muscle_id, intensity) VALUES (287, 22, 7);
# INSERT INTO exercise_muscle (exercise_id, muscle_id, intensity) VALUES (287, 20, 4);
#
# -- Exercise ID: 288
# INSERT INTO Exercise (id, title, description, link, equipment_id, training_type_id) VALUES (288, 'Slider Single Arm Kettlebell Bottoms Up Front Rack Contralateral Reverse Lunge', 'Target: Quadriceps', NULL, 14, 2);
# INSERT INTO exercise_muscle (exercise_id, muscle_id, intensity) VALUES (288, 13, 10);
# INSERT INTO exercise_muscle (exercise_id, muscle_id, intensity) VALUES (288, 21, 7);
# INSERT INTO exercise_muscle (exercise_id, muscle_id, intensity) VALUES (288, 22, 4);
#
# -- Exercise ID: 289
# INSERT INTO Exercise (id, title, description, link, equipment_id, training_type_id) VALUES (289, 'Slider Single Arm Kettlebell Bottoms Up Front Rack Ipsilateral Reverse Lunge', 'Target: Quadriceps', NULL, 14, 2);
# INSERT INTO exercise_muscle (exercise_id, muscle_id, intensity) VALUES (289, 13, 10);
# INSERT INTO exercise_muscle (exercise_id, muscle_id, intensity) VALUES (289, 21, 7);
# INSERT INTO exercise_muscle (exercise_id, muscle_id, intensity) VALUES (289, 22, 4);
#
# -- Exercise ID: 290
# INSERT INTO Exercise (id, title, description, link, equipment_id, training_type_id) VALUES (290, 'Slider Single Arm Kettlebell Overhead Contralateral Reverse Lunge', 'Target: Quadriceps', NULL, 14, 2);
# INSERT INTO exercise_muscle (exercise_id, muscle_id, intensity) VALUES (290, 13, 10);
# INSERT INTO exercise_muscle (exercise_id, muscle_id, intensity) VALUES (290, 21, 7);
# INSERT INTO exercise_muscle (exercise_id, muscle_id, intensity) VALUES (290, 22, 4);
#
# -- Exercise ID: 291
# INSERT INTO Exercise (id, title, description, link, equipment_id, training_type_id) VALUES (291, 'Slider Single Arm Kettlebell Overhead Ipsilateral Reverse Lunge', 'Target: Quadriceps', NULL, 14, 2);
# INSERT INTO exercise_muscle (exercise_id, muscle_id, intensity) VALUES (291, 13, 10);
# INSERT INTO exercise_muscle (exercise_id, muscle_id, intensity) VALUES (291, 21, 7);
# INSERT INTO exercise_muscle (exercise_id, muscle_id, intensity) VALUES (291, 22, 4);
#
# -- Exercise ID: 292
# INSERT INTO Exercise (id, title, description, link, equipment_id, training_type_id) VALUES (292, 'Slider Single Arm Kettlebell Bottoms Up Overhead Contralateral Reverse Lunge', 'Target: Quadriceps', NULL, 14, 2);
# INSERT INTO exercise_muscle (exercise_id, muscle_id, intensity) VALUES (292, 13, 10);
# INSERT INTO exercise_muscle (exercise_id, muscle_id, intensity) VALUES (292, 21, 7);
# INSERT INTO exercise_muscle (exercise_id, muscle_id, intensity) VALUES (292, 22, 4);
#
# -- Exercise ID: 293
# INSERT INTO Exercise (id, title, description, link, equipment_id, training_type_id) VALUES (293, 'Slider Single Arm Kettlebell Bottoms Up Overhead Ipsilateral Reverse Lunge', 'Target: Quadriceps', NULL, 14, 2);
# INSERT INTO exercise_muscle (exercise_id, muscle_id, intensity) VALUES (293, 13, 10);
# INSERT INTO exercise_muscle (exercise_id, muscle_id, intensity) VALUES (293, 21, 7);
# INSERT INTO exercise_muscle (exercise_id, muscle_id, intensity) VALUES (293, 22, 4);
#
# -- Exercise ID: 294
# INSERT INTO Exercise (id, title, description, link, equipment_id, training_type_id) VALUES (294, 'Slider Kettlebell Goblet Reverse Lunge', 'Target: Quadriceps', 'https://youtu.be/8k08cvYq-n8?si=bbPqV1XKB99kPfpP', 14, 2);
# INSERT INTO exercise_muscle (exercise_id, muscle_id, intensity) VALUES (294, 13, 10);
# INSERT INTO exercise_muscle (exercise_id, muscle_id, intensity) VALUES (294, 21, 7);
# INSERT INTO exercise_muscle (exercise_id, muscle_id, intensity) VALUES (294, 22, 4);
#
# -- Exercise ID: 295
# INSERT INTO Exercise (id, title, description, link, equipment_id, training_type_id) VALUES (295, 'Miniband Thigh Monster Walk', 'Target: Abductors', 'https://youtu.be/po3I8qoRC2c?si=XeJ7Tq5PXt3WLJfl', 13, 2);
# INSERT INTO exercise_muscle (exercise_id, muscle_id, intensity) VALUES (295, 15, 10);
#
# -- Exercise ID: 296
# INSERT INTO Exercise (id, title, description, link, equipment_id, training_type_id) VALUES (296, 'Bodyweight Quadruped Hip Extension', 'Target: Glutes', 'https://youtu.be/1UwyzWjFx5k', 2, 3);
# INSERT INTO exercise_muscle (exercise_id, muscle_id, intensity) VALUES (296, 21, 10);
#
# -- Exercise ID: 297
# INSERT INTO Exercise (id, title, description, link, equipment_id, training_type_id) VALUES (297, 'Suspension Pistol Squat', 'Target: Quadriceps', 'https://youtu.be/K7qfUjKf9rU', 11, 12);
# INSERT INTO exercise_muscle (exercise_id, muscle_id, intensity) VALUES (297, 13, 10);
# INSERT INTO exercise_muscle (exercise_id, muscle_id, intensity) VALUES (297, 21, 7);
#
# -- Exercise ID: 298
# INSERT INTO Exercise (id, title, description, link, equipment_id, training_type_id) VALUES (298, 'Suspension Skater Squat', 'Target: Quadriceps', 'https://youtu.be/YyBeT4WWBk4', 11, 12);
# INSERT INTO exercise_muscle (exercise_id, muscle_id, intensity) VALUES (298, 13, 10);
# INSERT INTO exercise_muscle (exercise_id, muscle_id, intensity) VALUES (298, 21, 7);
#
# -- Exercise ID: 299
# INSERT INTO Exercise (id, title, description, link, equipment_id, training_type_id) VALUES (299, 'Bodyweight Tuck Jump', 'Target: Quadriceps', 'https://youtu.be/vgB_eWuvGW8?si=anQ4gfG2ik-Y_uU9', 2, 9);
# INSERT INTO exercise_muscle (exercise_id, muscle_id, intensity) VALUES (299, 13, 10);
# INSERT INTO exercise_muscle (exercise_id, muscle_id, intensity) VALUES (299, 21, 7);
#
# -- Exercise ID: 300
# INSERT INTO Exercise (id, title, description, link, equipment_id, training_type_id) VALUES (300, 'Bodyweight Alternating Single Leg Wall Sit', 'Target: Quadriceps', 'https://youtu.be/eYGszeFcI7Y?si=jFOFuzza1JQMYuVE', 2, 3);
# INSERT INTO exercise_muscle (exercise_id, muscle_id, intensity) VALUES (300, 13, 10);
# INSERT INTO exercise_muscle (exercise_id, muscle_id, intensity) VALUES (300, 21, 7);
#
# -- Exercise ID: 301
# INSERT INTO Exercise (id, title, description, link, equipment_id, training_type_id) VALUES (301, 'Bodyweight Single Leg Romanian Deadlift Jump', 'Target: Hamstrings', 'https://youtu.be/EmmP-jsvVJE', 2, 9);
# INSERT INTO exercise_muscle (exercise_id, muscle_id, intensity) VALUES (301, 22, 10);
# INSERT INTO exercise_muscle (exercise_id, muscle_id, intensity) VALUES (301, 21, 7);
# INSERT INTO exercise_muscle (exercise_id, muscle_id, intensity) VALUES (301, 12, 4);
#
# -- Exercise ID: 302
# INSERT INTO Exercise (id, title, description, link, equipment_id, training_type_id) VALUES (302, 'Double Dumbbell Overhead Walking Lunge', 'Target: Quadriceps', 'https://youtu.be/TBw3mPrKAIs', 6, 2);
# INSERT INTO exercise_muscle (exercise_id, muscle_id, intensity) VALUES (302, 13, 10);
# INSERT INTO exercise_muscle (exercise_id, muscle_id, intensity) VALUES (302, 21, 7);
# INSERT INTO exercise_muscle (exercise_id, muscle_id, intensity) VALUES (302, 22, 4);
#
# -- Exercise ID: 303
# INSERT INTO Exercise (id, title, description, link, equipment_id, training_type_id) VALUES (303, 'Stability Ball Double Dumbbell Suitcase Bulgarian Split Squat', 'Target: Quadriceps', NULL, 1, 2);
# INSERT INTO exercise_muscle (exercise_id, muscle_id, intensity) VALUES (303, 13, 10);
# INSERT INTO exercise_muscle (exercise_id, muscle_id, intensity) VALUES (303, 21, 7);
# INSERT INTO exercise_muscle (exercise_id, muscle_id, intensity) VALUES (303, 22, 4);
#
# -- Exercise ID: 304
# INSERT INTO Exercise (id, title, description, link, equipment_id, training_type_id) VALUES (304, 'Bodyweight Reverse Nordic', 'Target: Quadriceps', 'https://youtu.be/GbpDfXXKuk0?si=IsPMd_J3d72xrMcZ', 2, 3);
# INSERT INTO exercise_muscle (exercise_id, muscle_id, intensity) VALUES (304, 13, 10);
#
# -- Exercise ID: 305
# INSERT INTO Exercise (id, title, description, link, equipment_id, training_type_id) VALUES (305, 'Bodyweight Alternating Lateral Bench Jump', 'Target: Glutes', 'https://youtu.be/pVoOtkGBN6s', 2, 9);
# INSERT INTO exercise_muscle (exercise_id, muscle_id, intensity) VALUES (305, 21, 10);
#
# -- Exercise ID: 306
# INSERT INTO Exercise (id, title, description, link, equipment_id, training_type_id) VALUES (306, 'Single Arm Dumbbell Front Rack Squat', 'Target: Quadriceps', 'https://youtu.be/1VzKnqCcUJ4', 6, 2);
# INSERT INTO exercise_muscle (exercise_id, muscle_id, intensity) VALUES (306, 13, 10);
# INSERT INTO exercise_muscle (exercise_id, muscle_id, intensity) VALUES (306, 21, 7);
#
# -- Exercise ID: 307
# INSERT INTO Exercise (id, title, description, link, equipment_id, training_type_id) VALUES (307, 'Bodyweight Skater Jump', 'Target: Abductors', 'https://youtu.be/CaN4zfIPyXU', 2, 9);
# INSERT INTO exercise_muscle (exercise_id, muscle_id, intensity) VALUES (307, 15, 10);
# INSERT INTO exercise_muscle (exercise_id, muscle_id, intensity) VALUES (307, 14, 7);
#
# -- Exercise ID: 308
# INSERT INTO Exercise (id, title, description, link, equipment_id, training_type_id) VALUES (308, 'Slider Single Arm Dumbbell Front Rack Contralateral Reverse Lunge', 'Target: Quadriceps', 'https://youtu.be/t8OkcdLjRFQ', 14, 2);
# INSERT INTO exercise_muscle (exercise_id, muscle_id, intensity) VALUES (308, 13, 10);
# INSERT INTO exercise_muscle (exercise_id, muscle_id, intensity) VALUES (308, 21, 7);
# INSERT INTO exercise_muscle (exercise_id, muscle_id, intensity) VALUES (308, 22, 4);
#
# -- Exercise ID: 309
# INSERT INTO Exercise (id, title, description, link, equipment_id, training_type_id) VALUES (309, 'Cable Prone Bench Hamstring Curl', 'Target: Hamstrings', 'https://youtu.be/IalP0lgYPnc', 8, 2);
# INSERT INTO exercise_muscle (exercise_id, muscle_id, intensity) VALUES (309, 22, 10);
# INSERT INTO exercise_muscle (exercise_id, muscle_id, intensity) VALUES (309, 21, 7);
#
# -- Exercise ID: 310
# INSERT INTO Exercise (id, title, description, link, equipment_id, training_type_id) VALUES (310, 'Bodyweight Bulgarian Split Squat Jump', 'Target: Quadriceps', 'https://youtu.be/CWTu90BUTIY?si=9JSuKmfFRaalZ6er', 2, 9);
# INSERT INTO exercise_muscle (exercise_id, muscle_id, intensity) VALUES (310, 13, 10);
# INSERT INTO exercise_muscle (exercise_id, muscle_id, intensity) VALUES (310, 21, 7);
# INSERT INTO exercise_muscle (exercise_id, muscle_id, intensity) VALUES (310, 22, 4);
#
# -- Exercise ID: 311
# INSERT INTO Exercise (id, title, description, link, equipment_id, training_type_id) VALUES (311, 'Cable Standing Single Leg Hamstring Curl', 'Target: Hamstrings', 'https://youtu.be/tkh43Yc0tEs', 8, 2);
# INSERT INTO exercise_muscle (exercise_id, muscle_id, intensity) VALUES (311, 22, 10);
# INSERT INTO exercise_muscle (exercise_id, muscle_id, intensity) VALUES (311, 21, 7);
#
# -- Exercise ID: 312
# INSERT INTO Exercise (id, title, description, link, equipment_id, training_type_id) VALUES (312, 'Bodyweight Nordic Hamstring Curl', 'Target: Hamstrings', 'https://youtu.be/kjv4WQXWl_A', 2, 3);
# INSERT INTO exercise_muscle (exercise_id, muscle_id, intensity) VALUES (312, 22, 10);
# INSERT INTO exercise_muscle (exercise_id, muscle_id, intensity) VALUES (312, 21, 7);
#
# -- Exercise ID: 313
# INSERT INTO Exercise (id, title, description, link, equipment_id, training_type_id) VALUES (313, 'Superband Assisted Pistol Squat', 'Target: Quadriceps', 'https://youtu.be/szRINrcALyI', 20, 12);
# INSERT INTO exercise_muscle (exercise_id, muscle_id, intensity) VALUES (313, 13, 10);
# INSERT INTO exercise_muscle (exercise_id, muscle_id, intensity) VALUES (313, 21, 7);
#
# -- Exercise ID: 314
# INSERT INTO Exercise (id, title, description, link, equipment_id, training_type_id) VALUES (314, 'Slider Double Kettlebell Bottoms Up Front Rack Reverse Lunge', 'Target: Quadriceps', NULL, 14, 2);
# INSERT INTO exercise_muscle (exercise_id, muscle_id, intensity) VALUES (314, 13, 10);
# INSERT INTO exercise_muscle (exercise_id, muscle_id, intensity) VALUES (314, 21, 7);
# INSERT INTO exercise_muscle (exercise_id, muscle_id, intensity) VALUES (314, 22, 4);
#
# -- Exercise ID: 315
# INSERT INTO Exercise (id, title, description, link, equipment_id, training_type_id) VALUES (315, 'Double Dumbbell Front Rack Squat', 'Target: Quadriceps', 'https://youtu.be/B86Zj72LwzA', 6, 2);
# INSERT INTO exercise_muscle (exercise_id, muscle_id, intensity) VALUES (315, 13, 10);
# INSERT INTO exercise_muscle (exercise_id, muscle_id, intensity) VALUES (315, 21, 7);
#
# -- Exercise ID: 316
# INSERT INTO Exercise (id, title, description, link, equipment_id, training_type_id) VALUES (316, 'Double Dumbbell Suitcase Walking Lunge', 'Target: Quadriceps', 'https://youtu.be/KdE6b_r7wxA', 6, 2);
# INSERT INTO exercise_muscle (exercise_id, muscle_id, intensity) VALUES (316, 13, 10);
# INSERT INTO exercise_muscle (exercise_id, muscle_id, intensity) VALUES (316, 21, 7);
# INSERT INTO exercise_muscle (exercise_id, muscle_id, intensity) VALUES (316, 22, 4);
#
# -- Exercise ID: 317
# INSERT INTO Exercise (id, title, description, link, equipment_id, training_type_id) VALUES (317, 'Barbell Back Rack Walking Lunge', 'Target: Quadriceps', 'https://youtu.be/ZPoMxOrIeO4', 12, 2);
# INSERT INTO exercise_muscle (exercise_id, muscle_id, intensity) VALUES (317, 13, 10);
# INSERT INTO exercise_muscle (exercise_id, muscle_id, intensity) VALUES (317, 21, 7);
# INSERT INTO exercise_muscle (exercise_id, muscle_id, intensity) VALUES (317, 22, 4);
#
# -- Exercise ID: 318
# INSERT INTO Exercise (id, title, description, link, equipment_id, training_type_id) VALUES (318, 'Bodyweight Box Pistol Squat', 'Target: Quadriceps', 'https://youtu.be/Ly71LeprFKQ', 2, 4);
# INSERT INTO exercise_muscle (exercise_id, muscle_id, intensity) VALUES (318, 13, 10);
# INSERT INTO exercise_muscle (exercise_id, muscle_id, intensity) VALUES (318, 21, 7);
#
# -- Exercise ID: 319
# INSERT INTO Exercise (id, title, description, link, equipment_id, training_type_id) VALUES (319, 'Barbell Overhead Squat', 'Target: Quadriceps', 'https://youtu.be/pn8mqlG0nkE', 12, 3);
# INSERT INTO exercise_muscle (exercise_id, muscle_id, intensity) VALUES (319, 13, 10);
# INSERT INTO exercise_muscle (exercise_id, muscle_id, intensity) VALUES (319, 21, 7);
#
# -- Exercise ID: 320
# INSERT INTO Exercise (id, title, description, link, equipment_id, training_type_id) VALUES (320, 'Slider Double Kettlebell Bottoms Up Overhead Reverse Lunge', 'Target: Quadriceps', NULL, 14, 2);
# INSERT INTO exercise_muscle (exercise_id, muscle_id, intensity) VALUES (320, 13, 10);
# INSERT INTO exercise_muscle (exercise_id, muscle_id, intensity) VALUES (320, 21, 7);
# INSERT INTO exercise_muscle (exercise_id, muscle_id, intensity) VALUES (320, 22, 4);
#
# -- Exercise ID: 321
# INSERT INTO Exercise (id, title, description, link, equipment_id, training_type_id) VALUES (321, 'Landmine Goblet Squat', 'Target: Quadriceps', 'https://youtu.be/oTRl7p13XtY', 19, 2);
# INSERT INTO exercise_muscle (exercise_id, muscle_id, intensity) VALUES (321, 13, 10);
# INSERT INTO exercise_muscle (exercise_id, muscle_id, intensity) VALUES (321, 21, 7);
#
# -- Exercise ID: 322
# INSERT INTO Exercise (id, title, description, link, equipment_id, training_type_id) VALUES (322, 'Stability Ball Hamstring Curl', 'Target: Hamstrings', 'https://youtu.be/d-FBclT8W0g?si=wl1sJCzk2Z5PCnwx', 1, 3);
# INSERT INTO exercise_muscle (exercise_id, muscle_id, intensity) VALUES (322, 22, 10);
# INSERT INTO exercise_muscle (exercise_id, muscle_id, intensity) VALUES (322, 21, 7);
#
# -- Exercise ID: 323
# INSERT INTO Exercise (id, title, description, link, equipment_id, training_type_id) VALUES (323, 'Slider Hamstring Curl', 'Target: Hamstrings', 'https://youtu.be/UaecXxAgsKA', 14, 3);
# INSERT INTO exercise_muscle (exercise_id, muscle_id, intensity) VALUES (323, 22, 10);
# INSERT INTO exercise_muscle (exercise_id, muscle_id, intensity) VALUES (323, 21, 7);
#
# -- Exercise ID: 324
# INSERT INTO Exercise (id, title, description, link, equipment_id, training_type_id) VALUES (324, 'Bodyweight Hamstring Walkout', 'Target: Hamstrings', 'https://youtu.be/GcV2LB0qqnY?si=PoIiYCAOL0uaDuPR', 2, 3);
# INSERT INTO exercise_muscle (exercise_id, muscle_id, intensity) VALUES (324, 22, 10);
# INSERT INTO exercise_muscle (exercise_id, muscle_id, intensity) VALUES (324, 21, 7);
#
# -- Exercise ID: 325
# INSERT INTO Exercise (id, title, description, link, equipment_id, training_type_id) VALUES (325, 'Slider Dumbbell Goblet Reverse Lunge', 'Target: Quadriceps', 'https://youtu.be/tWmzgpoOUls?si=Fmrp6-y_e5qk2SNJ', 14, 2);
# INSERT INTO exercise_muscle (exercise_id, muscle_id, intensity) VALUES (325, 13, 10);
# INSERT INTO exercise_muscle (exercise_id, muscle_id, intensity) VALUES (325, 21, 7);
# INSERT INTO exercise_muscle (exercise_id, muscle_id, intensity) VALUES (325, 22, 4);
#
# -- Exercise ID: 326
# INSERT INTO Exercise (id, title, description, link, equipment_id, training_type_id) VALUES (326, 'Bodyweight Dragon Squat', 'Target: Quadriceps', 'https://youtu.be/bQY7fLEkZqU', 2, 4);
# INSERT INTO exercise_muscle (exercise_id, muscle_id, intensity) VALUES (326, 13, 10);
# INSERT INTO exercise_muscle (exercise_id, muscle_id, intensity) VALUES (326, 21, 7);
#
# -- Exercise ID: 327
# INSERT INTO Exercise (id, title, description, link, equipment_id, training_type_id) VALUES (327, 'Stability Ball Single Leg Hamstring Curl', 'Target: Hamstrings', 'https://youtu.be/cuM7OBHSVow', 1, 2);
# INSERT INTO exercise_muscle (exercise_id, muscle_id, intensity) VALUES (327, 22, 10);
# INSERT INTO exercise_muscle (exercise_id, muscle_id, intensity) VALUES (327, 21, 7);
#
# -- Exercise ID: 328
# INSERT INTO Exercise (id, title, description, link, equipment_id, training_type_id) VALUES (328, 'Barbell Single Leg Romanian Deadlift', 'Target: Hamstrings', 'https://youtu.be/-IaQkgdQgfM', 12, 2);
# INSERT INTO exercise_muscle (exercise_id, muscle_id, intensity) VALUES (328, 22, 10);
# INSERT INTO exercise_muscle (exercise_id, muscle_id, intensity) VALUES (328, 21, 7);
# INSERT INTO exercise_muscle (exercise_id, muscle_id, intensity) VALUES (328, 12, 4);
#
# -- Exercise ID: 329
# INSERT INTO Exercise (id, title, description, link, equipment_id, training_type_id) VALUES (329, 'Double Dumbbell Suitcase Lateral Lunge', 'Target: Quadriceps', 'https://youtu.be/HLDhxSqMQyE', 6, 3);
# INSERT INTO exercise_muscle (exercise_id, muscle_id, intensity) VALUES (329, 13, 10);
# INSERT INTO exercise_muscle (exercise_id, muscle_id, intensity) VALUES (329, 21, 7);
# INSERT INTO exercise_muscle (exercise_id, muscle_id, intensity) VALUES (329, 14, 4);
#
# -- Exercise ID: 330
# INSERT INTO Exercise (id, title, description, link, equipment_id, training_type_id) VALUES (330, 'Barbell Zombie Walking Lunge', 'Target: Quadriceps', 'https://youtu.be/SQYG5QRpYDQ', 12, 2);
# INSERT INTO exercise_muscle (exercise_id, muscle_id, intensity) VALUES (330, 13, 10);
# INSERT INTO exercise_muscle (exercise_id, muscle_id, intensity) VALUES (330, 21, 7);
# INSERT INTO exercise_muscle (exercise_id, muscle_id, intensity) VALUES (330, 22, 4);
#
# -- Exercise ID: 331
# INSERT INTO Exercise (id, title, description, link, equipment_id, training_type_id) VALUES (331, 'Barbell Overhead Walking Lunge', 'Target: Quadriceps', 'https://youtu.be/m6MczOv_Ayg', 12, 2);
# INSERT INTO exercise_muscle (exercise_id, muscle_id, intensity) VALUES (331, 13, 10);
# INSERT INTO exercise_muscle (exercise_id, muscle_id, intensity) VALUES (331, 21, 7);
# INSERT INTO exercise_muscle (exercise_id, muscle_id, intensity) VALUES (331, 22, 4);
#
# -- Exercise ID: 332
# INSERT INTO Exercise (id, title, description, link, equipment_id, training_type_id) VALUES (332, 'Barbell Squat Clean', 'Target: Quadriceps', 'https://youtu.be/EKRiW9Yt3Ps', 12, 11);
# INSERT INTO exercise_muscle (exercise_id, muscle_id, intensity) VALUES (332, 13, 10);
# INSERT INTO exercise_muscle (exercise_id, muscle_id, intensity) VALUES (332, 21, 7);
#
# -- Exercise ID: 333
# INSERT INTO Exercise (id, title, description, link, equipment_id, training_type_id) VALUES (333, 'Single Arm Landmine Split Clean to Split Jerk', 'Target: Shoulders', 'https://youtu.be/BjIh4n3UI9Y?si=dbrubdXZ7d9MRYDw', 19, 3);
# INSERT INTO exercise_muscle (exercise_id, muscle_id, intensity) VALUES (333, 2, 10);
# INSERT INTO exercise_muscle (exercise_id, muscle_id, intensity) VALUES (333, 4, 7);
#
# -- Exercise ID: 334
# INSERT INTO Exercise (id, title, description, link, equipment_id, training_type_id) VALUES (334, 'Single Arm Landmine Hack Squat', 'Target: Quadriceps', 'https://youtu.be/hwd_6Y9YKvI', 19, 2);
# INSERT INTO exercise_muscle (exercise_id, muscle_id, intensity) VALUES (334, 13, 10);
# INSERT INTO exercise_muscle (exercise_id, muscle_id, intensity) VALUES (334, 21, 7);
#
# -- Exercise ID: 335
# INSERT INTO Exercise (id, title, description, link, equipment_id, training_type_id) VALUES (335, 'Double Indian Club Lateral Arm Circles', 'Target: Shoulders', NULL, 25, 8);
# INSERT INTO exercise_muscle (exercise_id, muscle_id, intensity) VALUES (335, 3, 10);
#
# -- Exercise ID: 336
# INSERT INTO Exercise (id, title, description, link, equipment_id, training_type_id) VALUES (336, 'Resistance Band Shoulder Dislocates', 'Target: Shoulders', 'https://youtu.be/2Yvkc77evN0?si=VEM5C0oL2fIS5eiY', 21, 8);
# INSERT INTO exercise_muscle (exercise_id, muscle_id, intensity) VALUES (336, 19, 10);
#
# -- Exercise ID: 337
# INSERT INTO Exercise (id, title, description, link, equipment_id, training_type_id) VALUES (337, 'Suspension Reverse Grip Bicep Curl', 'Target: Forearms', 'https://youtu.be/yewf3adybcc?si=-PZ9RsGl7FC8vp7J', 11, 3);
# INSERT INTO exercise_muscle (exercise_id, muscle_id, intensity) VALUES (337, 10, 10);
# INSERT INTO exercise_muscle (exercise_id, muscle_id, intensity) VALUES (337, 8, 7);
#
# -- Exercise ID: 338
# INSERT INTO Exercise (id, title, description, link, equipment_id, training_type_id) VALUES (338, 'Cable Straight Bar Reverse Grip Bicep Curl', 'Target: Forearms', 'https://youtu.be/RLlT3qbVS3Q?si=SYASKBhplBkTNYee', 8, 2);
# INSERT INTO exercise_muscle (exercise_id, muscle_id, intensity) VALUES (338, 10, 10);
# INSERT INTO exercise_muscle (exercise_id, muscle_id, intensity) VALUES (338, 8, 7);
#
# -- Exercise ID: 339
# INSERT INTO Exercise (id, title, description, link, equipment_id, training_type_id) VALUES (339, 'Single Arm Cable Reverse Grip Bicep Curl', 'Target: Forearms', 'https://youtu.be/SIuDkLLlL6E?si=_Y_P-I5PU4GP5LRy', 8, 2);
# INSERT INTO exercise_muscle (exercise_id, muscle_id, intensity) VALUES (339, 10, 10);
# INSERT INTO exercise_muscle (exercise_id, muscle_id, intensity) VALUES (339, 8, 7);
#
# -- Exercise ID: 340
# INSERT INTO Exercise (id, title, description, link, equipment_id, training_type_id) VALUES (340, 'Bar Eccentric Chin Up', 'Target: Biceps', 'https://youtu.be/B1nRr__KiNk?si=5PGKtxdEbPpVW1Ds', 16, 4);
# INSERT INTO exercise_muscle (exercise_id, muscle_id, intensity) VALUES (340, 8, 10);
# INSERT INTO exercise_muscle (exercise_id, muscle_id, intensity) VALUES (340, 17, 7);
#
# -- Exercise ID: 341
# INSERT INTO Exercise (id, title, description, link, equipment_id, training_type_id) VALUES (341, 'Bar Eccentric Pull Up', 'Target: Back', 'https://youtu.be/T4Jv__fWjZ8?si=sbUarOu5VD7qBK4s', 16, 4);
# INSERT INTO exercise_muscle (exercise_id, muscle_id, intensity) VALUES (341, 17, 10);
#
# -- Exercise ID: 342
# INSERT INTO Exercise (id, title, description, link, equipment_id, training_type_id) VALUES (342, 'Landmine Half Kneeling Oblique Twist', 'Target: Abdominals', 'https://youtu.be/HGzu8tvh79U', 19, 3);
# INSERT INTO exercise_muscle (exercise_id, muscle_id, intensity) VALUES (342, 12, 10);
#
# -- Exercise ID: 343
# INSERT INTO Exercise (id, title, description, link, equipment_id, training_type_id) VALUES (343, 'Single Arm Bar Dead Hang', 'Target: Back', 'https://youtu.be/uyNR71ZCrho?si=blbw-wn6NHBGbR9y', 16, 4);
# INSERT INTO exercise_muscle (exercise_id, muscle_id, intensity) VALUES (343, 17, 10);
#
# -- Exercise ID: 344
# INSERT INTO Exercise (id, title, description, link, equipment_id, training_type_id) VALUES (344, 'Single Arm Kettlebell Tall Kneeling Overhead Press', 'Target: Shoulders', 'https://youtu.be/UF_oINIojVQ?si=nyrZ0y91pz4IIfOs', 15, 2);
# INSERT INTO exercise_muscle (exercise_id, muscle_id, intensity) VALUES (344, 2, 10);
# INSERT INTO exercise_muscle (exercise_id, muscle_id, intensity) VALUES (344, 4, 7);
#
# -- Exercise ID: 345
# INSERT INTO Exercise (id, title, description, link, equipment_id, training_type_id) VALUES (345, 'Alternating Double Kettlebell Tall Kneeling Overhead Press', 'Target: Shoulders', 'https://youtu.be/2kWWWRpk6Co?si=gy0bI1KIAsGs2hhI', 15, 2);
# INSERT INTO exercise_muscle (exercise_id, muscle_id, intensity) VALUES (345, 2, 10);
# INSERT INTO exercise_muscle (exercise_id, muscle_id, intensity) VALUES (345, 4, 7);
#
# -- Exercise ID: 346
# INSERT INTO Exercise (id, title, description, link, equipment_id, training_type_id) VALUES (346, 'Alternating Double Kettlebell Half Kneeling Overhead Press', 'Target: Shoulders', 'https://youtu.be/V3wxOSo53mQ?si=cM14QdTRQfd_FXUt', 15, 2);
# INSERT INTO exercise_muscle (exercise_id, muscle_id, intensity) VALUES (346, 2, 10);
# INSERT INTO exercise_muscle (exercise_id, muscle_id, intensity) VALUES (346, 4, 7);
#
# -- Exercise ID: 347
# INSERT INTO Exercise (id, title, description, link, equipment_id, training_type_id) VALUES (347, 'Stability Ball Single Arm Forearm Plank', 'Target: Abdominals', 'https://youtu.be/J3JZR2SFknM', 1, 3);
# INSERT INTO exercise_muscle (exercise_id, muscle_id, intensity) VALUES (347, 11, 10);
#
# -- Exercise ID: 348
# INSERT INTO Exercise (id, title, description, link, equipment_id, training_type_id) VALUES (348, 'Stability Ball Feet Elevated Single Arm Forearm Plank', 'Target: Abdominals', 'https://youtu.be/PAFvOAPjKwk', 1, 3);
# INSERT INTO exercise_muscle (exercise_id, muscle_id, intensity) VALUES (348, 11, 10);
#
# -- Exercise ID: 349
# INSERT INTO Exercise (id, title, description, link, equipment_id, training_type_id) VALUES (349, 'Landmine Zercher Skater Squat', 'Target: Quadriceps', 'https://youtu.be/avCA3xXb9hg', 19, 12);
# INSERT INTO exercise_muscle (exercise_id, muscle_id, intensity) VALUES (349, 13, 10);
# INSERT INTO exercise_muscle (exercise_id, muscle_id, intensity) VALUES (349, 21, 7);
#
# -- Exercise ID: 350
# INSERT INTO Exercise (id, title, description, link, equipment_id, training_type_id) VALUES (350, 'Single Arm Landmine Front Rack Contralateral Reverse Lunge to Shoulder Press', 'Target: Quadriceps', 'https://youtu.be/h2bPSv9ka_o', 19, 3);
# INSERT INTO exercise_muscle (exercise_id, muscle_id, intensity) VALUES (350, 13, 10);
# INSERT INTO exercise_muscle (exercise_id, muscle_id, intensity) VALUES (350, 2, 7);
# INSERT INTO exercise_muscle (exercise_id, muscle_id, intensity) VALUES (350, 21, 4);
#
# -- Exercise ID: 351
# INSERT INTO Exercise (id, title, description, link, equipment_id, training_type_id) VALUES (351, 'Landmine Thruster', 'Target: Quadriceps', 'https://youtu.be/jLvQenjeus8', 19, 2);
# INSERT INTO exercise_muscle (exercise_id, muscle_id, intensity) VALUES (351, 13, 10);
# INSERT INTO exercise_muscle (exercise_id, muscle_id, intensity) VALUES (351, 2, 7);
#
# -- Exercise ID: 352
# INSERT INTO Exercise (id, title, description, link, equipment_id, training_type_id) VALUES (352, 'Landmine Romanian Deadlift', 'Target: Hamstrings', 'https://youtu.be/x5wWyQ-2k2E?feature=shared', 19, 2);
# INSERT INTO exercise_muscle (exercise_id, muscle_id, intensity) VALUES (352, 22, 10);
# INSERT INTO exercise_muscle (exercise_id, muscle_id, intensity) VALUES (352, 21, 7);
# INSERT INTO exercise_muscle (exercise_id, muscle_id, intensity) VALUES (352, 20, 4);
#
# -- Exercise ID: 353
# INSERT INTO Exercise (id, title, description, link, equipment_id, training_type_id) VALUES (353, 'Single Arm Landmine Single Leg Romanian Deadlift', 'Target: Hamstrings', 'https://youtu.be/rzJse5Ds98k', 19, 2);
# INSERT INTO exercise_muscle (exercise_id, muscle_id, intensity) VALUES (353, 22, 10);
# INSERT INTO exercise_muscle (exercise_id, muscle_id, intensity) VALUES (353, 21, 7);
# INSERT INTO exercise_muscle (exercise_id, muscle_id, intensity) VALUES (353, 12, 4);
#
# -- Exercise ID: 354
# INSERT INTO Exercise (id, title, description, link, equipment_id, training_type_id) VALUES (354, 'Landmine Tall Kneeling Oblique Twist', 'Target: Abdominals', 'https://youtu.be/OCMcVEdK5vw', 19, 3);
# INSERT INTO exercise_muscle (exercise_id, muscle_id, intensity) VALUES (354, 12, 10);
# INSERT INTO exercise_muscle (exercise_id, muscle_id, intensity) VALUES (354, 11, 7);
#
# -- Exercise ID: 355
# INSERT INTO Exercise (id, title, description, link, equipment_id, training_type_id) VALUES (355, 'Landmine Feet Elevated Russian Twist', 'Target: Abdominals', 'https://youtu.be/Zb-l68-4KFM', 19, 3);
# INSERT INTO exercise_muscle (exercise_id, muscle_id, intensity) VALUES (355, 12, 10);
# INSERT INTO exercise_muscle (exercise_id, muscle_id, intensity) VALUES (355, 11, 7);
#
# -- Exercise ID: 356
# INSERT INTO Exercise (id, title, description, link, equipment_id, training_type_id) VALUES (356, 'Single Arm Landmine Thruster', 'Target: Quadriceps', 'https://youtu.be/EcUficjayCY', 19, 2);
# INSERT INTO exercise_muscle (exercise_id, muscle_id, intensity) VALUES (356, 13, 10);
# INSERT INTO exercise_muscle (exercise_id, muscle_id, intensity) VALUES (356, 2, 7);
#
# -- Exercise ID: 357
# INSERT INTO Exercise (id, title, description, link, equipment_id, training_type_id) VALUES (357, 'Double Kettlebell Tall Kneeling Seesaw Overhead Press', 'Target: Shoulders', 'https://youtu.be/Ke5Erzd3NjE?si=fOzgTGBaC6CMWfE6', 15, 2);
# INSERT INTO exercise_muscle (exercise_id, muscle_id, intensity) VALUES (357, 2, 10);
# INSERT INTO exercise_muscle (exercise_id, muscle_id, intensity) VALUES (357, 4, 7);
#
# -- Exercise ID: 358
# INSERT INTO Exercise (id, title, description, link, equipment_id, training_type_id) VALUES (358, 'Single Arm Kettlebell Arm Bar', 'Target: Shoulders', 'https://youtu.be/I8gW4L9tP7Y?si=APnoKbFCOjNOOot5', 15, 8);
# INSERT INTO exercise_muscle (exercise_id, muscle_id, intensity) VALUES (358, 19, 10);
# INSERT INTO exercise_muscle (exercise_id, muscle_id, intensity) VALUES (358, 12, 4);
#
# -- Exercise ID: 359
# INSERT INTO Exercise (id, title, description, link, equipment_id, training_type_id) VALUES (359, 'Barbell Power Clean to Overhead Press', 'Target: Shoulders', 'https://youtu.be/NwQVfcvesOs', 12, 11);
# INSERT INTO exercise_muscle (exercise_id, muscle_id, intensity) VALUES (359, 2, 10);
# INSERT INTO exercise_muscle (exercise_id, muscle_id, intensity) VALUES (359, 4, 7);
#
# -- Exercise ID: 360
# INSERT INTO Exercise (id, title, description, link, equipment_id, training_type_id) VALUES (360, 'Single Arm Suspension Mid Row', 'Target: Back', NULL, 11, 2);
# INSERT INTO exercise_muscle (exercise_id, muscle_id, intensity) VALUES (360, 17, 10);
#
# -- Exercise ID: 361
# INSERT INTO Exercise (id, title, description, link, equipment_id, training_type_id) VALUES (361, 'Landmine Zercher Curtsy Lunge', 'Target: Quadriceps', 'https://youtu.be/e7jkuKuWcZ0', 19, 2);
# INSERT INTO exercise_muscle (exercise_id, muscle_id, intensity) VALUES (361, 13, 10);
# INSERT INTO exercise_muscle (exercise_id, muscle_id, intensity) VALUES (361, 21, 7);
# INSERT INTO exercise_muscle (exercise_id, muscle_id, intensity) VALUES (361, 14, 4);
#
# -- Exercise ID: 362
# INSERT INTO Exercise (id, title, description, link, equipment_id, training_type_id) VALUES (362, 'Barbell Back Rack Alternating Cossack Squat', 'Target: Quadriceps', 'https://youtu.be/YZQP6D9LP4E', 12, 2);
# INSERT INTO exercise_muscle (exercise_id, muscle_id, intensity) VALUES (362, 13, 10);
# INSERT INTO exercise_muscle (exercise_id, muscle_id, intensity) VALUES (362, 14, 7);
# INSERT INTO exercise_muscle (exercise_id, muscle_id, intensity) VALUES (362, 21, 4);
#
# -- Exercise ID: 363
# INSERT INTO Exercise (id, title, description, link, equipment_id, training_type_id) VALUES (363, 'Barbell Front Rack Alternating Cossack Squat', 'Target: Quadriceps', 'https://youtu.be/_AEuTTkYzjg', 12, 2);
# INSERT INTO exercise_muscle (exercise_id, muscle_id, intensity) VALUES (363, 13, 10);
# INSERT INTO exercise_muscle (exercise_id, muscle_id, intensity) VALUES (363, 14, 7);
# INSERT INTO exercise_muscle (exercise_id, muscle_id, intensity) VALUES (363, 21, 4);
#
# -- Exercise ID: 364
# INSERT INTO Exercise (id, title, description, link, equipment_id, training_type_id) VALUES (364, 'Slider Double Kettlebell Overhead Lateral Lunge', 'Target: Quadriceps', NULL, 14, 2);
# INSERT INTO exercise_muscle (exercise_id, muscle_id, intensity) VALUES (364, 13, 10);
# INSERT INTO exercise_muscle (exercise_id, muscle_id, intensity) VALUES (364, 21, 7);
# INSERT INTO exercise_muscle (exercise_id, muscle_id, intensity) VALUES (364, 14, 4);
#
# -- Exercise ID: 365
# INSERT INTO Exercise (id, title, description, link, equipment_id, training_type_id) VALUES (365, 'Dumbbell Goblet Alternating Cossack Squat', 'Target: Quadriceps', 'https://youtu.be/glbP_VzHNkw?si=1k1fGSYRRORQv7W8', 6, 2);
# INSERT INTO exercise_muscle (exercise_id, muscle_id, intensity) VALUES (365, 13, 10);
# INSERT INTO exercise_muscle (exercise_id, muscle_id, intensity) VALUES (365, 14, 7);
# INSERT INTO exercise_muscle (exercise_id, muscle_id, intensity) VALUES (365, 21, 4);
#
# -- Exercise ID: 366
# INSERT INTO Exercise (id, title, description, link, equipment_id, training_type_id) VALUES (366, 'Bodyweight Alternating Cossack Squat', 'Target: Quadriceps', 'https://youtu.be/dhDjKmTX8tU', 2, 2);
# INSERT INTO exercise_muscle (exercise_id, muscle_id, intensity) VALUES (366, 13, 10);
# INSERT INTO exercise_muscle (exercise_id, muscle_id, intensity) VALUES (366, 14, 7);
# INSERT INTO exercise_muscle (exercise_id, muscle_id, intensity) VALUES (366, 21, 4);
#
# -- Exercise ID: 367
# INSERT INTO Exercise (id, title, description, link, equipment_id, training_type_id) VALUES (367, 'Bodyweight Knee Over Toe Split Squat', 'Target: Quadriceps', 'https://youtu.be/ufsoFnFCqA4', 2, 2);
# INSERT INTO exercise_muscle (exercise_id, muscle_id, intensity) VALUES (367, 13, 10);
# INSERT INTO exercise_muscle (exercise_id, muscle_id, intensity) VALUES (367, 21, 7);
# INSERT INTO exercise_muscle (exercise_id, muscle_id, intensity) VALUES (367, 6, 4);
#
# -- Exercise ID: 368
# INSERT INTO Exercise (id, title, description, link, equipment_id, training_type_id) VALUES (368, 'Barbell Back Rack Knee Over Toe Split Squat', 'Target: Quadriceps', 'https://youtu.be/RBcrPYSWQb8', 12, 2);
# INSERT INTO exercise_muscle (exercise_id, muscle_id, intensity) VALUES (368, 13, 10);
# INSERT INTO exercise_muscle (exercise_id, muscle_id, intensity) VALUES (368, 21, 7);
# INSERT INTO exercise_muscle (exercise_id, muscle_id, intensity) VALUES (368, 6, 4);
#
# -- Exercise ID: 369
# INSERT INTO Exercise (id, title, description, link, equipment_id, training_type_id) VALUES (369, 'Barbell Front Rack Knee Over Toe Split Squat', 'Target: Quadriceps', 'https://youtu.be/q7zJZAexRmc', 12, 2);
# INSERT INTO exercise_muscle (exercise_id, muscle_id, intensity) VALUES (369, 13, 10);
# INSERT INTO exercise_muscle (exercise_id, muscle_id, intensity) VALUES (369, 21, 7);
# INSERT INTO exercise_muscle (exercise_id, muscle_id, intensity) VALUES (369, 6, 4);
#
# -- Exercise ID: 370
# INSERT INTO Exercise (id, title, description, link, equipment_id, training_type_id) VALUES (370, 'Barbell Overhead Knee Over Toe Split Squat', 'Target: Quadriceps', NULL, 12, 2);
# INSERT INTO exercise_muscle (exercise_id, muscle_id, intensity) VALUES (370, 13, 10);
# INSERT INTO exercise_muscle (exercise_id, muscle_id, intensity) VALUES (370, 21, 7);
# INSERT INTO exercise_muscle (exercise_id, muscle_id, intensity) VALUES (370, 6, 4);
#
# -- Exercise ID: 371
# INSERT INTO Exercise (id, title, description, link, equipment_id, training_type_id) VALUES (371, 'EZ Bar Incline Bench Lying Tricep Extension', 'Target: Triceps', 'https://youtu.be/vJuyPyyEdTs?si=_MMem5dVaaarfRRu', 18, 2);
# INSERT INTO exercise_muscle (exercise_id, muscle_id, intensity) VALUES (371, 4, 10);
#
# -- Exercise ID: 372
# INSERT INTO Exercise (id, title, description, link, equipment_id, training_type_id) VALUES (372, 'EZ Bar Skull Crusher', 'Target: Triceps', 'https://youtu.be/eiCMrII3j9k?si=J2G1ZmeiFQDhnfxT', 18, 2);
# INSERT INTO exercise_muscle (exercise_id, muscle_id, intensity) VALUES (372, 4, 10);
# INSERT INTO exercise_muscle (exercise_id, muscle_id, intensity) VALUES (372, 10, 4);
#
# -- Exercise ID: 373
# INSERT INTO Exercise (id, title, description, link, equipment_id, training_type_id) VALUES (373, 'Slider Knee Tuck', 'Target: Abdominals', 'https://youtu.be/vx9j9l18pyE?si=U7boXKing8U74cQZ', 14, 3);
# INSERT INTO exercise_muscle (exercise_id, muscle_id, intensity) VALUES (373, 11, 10);
#
# -- Exercise ID: 374
# INSERT INTO Exercise (id, title, description, link, equipment_id, training_type_id) VALUES (374, 'EZ Bar Incline Bench Skull Crusher', 'Target: Triceps', 'https://youtu.be/9VtEoirFmT8?si=B904_aTFyPDoEqMp', 18, 2);
# INSERT INTO exercise_muscle (exercise_id, muscle_id, intensity) VALUES (374, 4, 10);
# INSERT INTO exercise_muscle (exercise_id, muscle_id, intensity) VALUES (374, 10, 4);
#
# -- Exercise ID: 375
# INSERT INTO Exercise (id, title, description, link, equipment_id, training_type_id) VALUES (375, 'EZ Bar Decline Bench Skull Crusher', 'Target: Triceps', 'https://youtu.be/XFBsHDastRI?si=rP6H63ZVPOndCThK', 18, 2);
# INSERT INTO exercise_muscle (exercise_id, muscle_id, intensity) VALUES (375, 4, 10);
# INSERT INTO exercise_muscle (exercise_id, muscle_id, intensity) VALUES (375, 10, 4);
#
# -- Exercise ID: 376
# INSERT INTO Exercise (id, title, description, link, equipment_id, training_type_id) VALUES (376, 'EZ Bar Front Raise', 'Target: Shoulders', 'https://youtu.be/N4HLFIr5H4A?si=l2WKwgNX9fExG7xF', 18, 2);
# INSERT INTO exercise_muscle (exercise_id, muscle_id, intensity) VALUES (376, 2, 10);
# INSERT INTO exercise_muscle (exercise_id, muscle_id, intensity) VALUES (376, 7, 7);
# INSERT INTO exercise_muscle (exercise_id, muscle_id, intensity) VALUES (376, 8, 4);
#
# -- Exercise ID: 377
# INSERT INTO Exercise (id, title, description, link, equipment_id, training_type_id) VALUES (377, 'Suspension Pike', 'Target: Abdominals', 'https://youtu.be/MkmpHj0T3OQ', 11, 3);
# INSERT INTO exercise_muscle (exercise_id, muscle_id, intensity) VALUES (377, 11, 10);
#
# -- Exercise ID: 378
# INSERT INTO Exercise (id, title, description, link, equipment_id, training_type_id) VALUES (378, 'Suspension Side Plank Reach Through', 'Target: Abdominals', 'https://youtu.be/9PiqAsdkh6Q', 11, 3);
# INSERT INTO exercise_muscle (exercise_id, muscle_id, intensity) VALUES (378, 12, 10);
# INSERT INTO exercise_muscle (exercise_id, muscle_id, intensity) VALUES (378, 11, 7);
#
# -- Exercise ID: 379
# INSERT INTO Exercise (id, title, description, link, equipment_id, training_type_id) VALUES (379, 'Bodyweight Cocoon Crunch', 'Target: Abdominals', 'https://youtu.be/BZWoijzyF_4?si=2gKtoX0oa_Lef7o8', 2, 3);
# INSERT INTO exercise_muscle (exercise_id, muscle_id, intensity) VALUES (379, 11, 10);
# INSERT INTO exercise_muscle (exercise_id, muscle_id, intensity) VALUES (379, 12, 4);
#
# -- Exercise ID: 380
# INSERT INTO Exercise (id, title, description, link, equipment_id, training_type_id) VALUES (380, 'Ab Wheel Standing Rollout', 'Target: Abdominals', 'https://youtu.be/SFTn_VON9qw', 7, 3);
# INSERT INTO exercise_muscle (exercise_id, muscle_id, intensity) VALUES (380, 11, 10);
# INSERT INTO exercise_muscle (exercise_id, muscle_id, intensity) VALUES (380, 17, 7);
#
# -- Exercise ID: 381
# INSERT INTO Exercise (id, title, description, link, equipment_id, training_type_id) VALUES (381, 'Cable Fire Hydrant', 'Target: Glutes', 'https://youtu.be/P4cP-juNM1Q', 8, 2);
# INSERT INTO exercise_muscle (exercise_id, muscle_id, intensity) VALUES (381, 21, 10);
# INSERT INTO exercise_muscle (exercise_id, muscle_id, intensity) VALUES (381, 15, 7);
#
# -- Exercise ID: 382
# INSERT INTO Exercise (id, title, description, link, equipment_id, training_type_id) VALUES (382, 'Cable Tall Kneeling Pull Through', 'Target: Glutes', 'https://youtu.be/5mkpuBI-2Ls', 8, 2);
# INSERT INTO exercise_muscle (exercise_id, muscle_id, intensity) VALUES (382, 21, 10);
#
# -- Exercise ID: 383
# INSERT INTO Exercise (id, title, description, link, equipment_id, training_type_id) VALUES (383, 'Stability Ball Bent Knee Reverse Hyperextension', 'Target: Glutes', 'https://youtu.be/UOtzPdmg2Ow', 1, 2);
# INSERT INTO exercise_muscle (exercise_id, muscle_id, intensity) VALUES (383, 21, 10);
#
# -- Exercise ID: 384
# INSERT INTO Exercise (id, title, description, link, equipment_id, training_type_id) VALUES (384, 'Bodyweight Bent Knee Reverse Hyperextension', 'Target: Glutes', 'https://youtu.be/RbkVHCMU3xU', 2, 2);
# INSERT INTO exercise_muscle (exercise_id, muscle_id, intensity) VALUES (384, 21, 10);
#
# -- Exercise ID: 385
# INSERT INTO Exercise (id, title, description, link, equipment_id, training_type_id) VALUES (385, 'Parallette Tuck L Sit', 'Target: Abdominals', 'https://youtu.be/VhqEdeeAyvg', 4, 4);
# INSERT INTO exercise_muscle (exercise_id, muscle_id, intensity) VALUES (385, 11, 10);
#
# -- Exercise ID: 386
# INSERT INTO Exercise (id, title, description, link, equipment_id, training_type_id) VALUES (386, 'EZ Bar Close Grip Bicep Curl', 'Target: Biceps', 'https://youtu.be/o1c9wFYt6FA?feature=shared', 18, 2);
# INSERT INTO exercise_muscle (exercise_id, muscle_id, intensity) VALUES (386, 8, 10);
# INSERT INTO exercise_muscle (exercise_id, muscle_id, intensity) VALUES (386, 10, 4);
#
# -- Exercise ID: 387
# INSERT INTO Exercise (id, title, description, link, equipment_id, training_type_id) VALUES (387, 'EZ Bar Overhead Press', 'Target: Shoulders', 'https://youtu.be/_5VJKCjn8YE?feature=shared', 18, 2);
# INSERT INTO exercise_muscle (exercise_id, muscle_id, intensity) VALUES (387, 2, 10);
# INSERT INTO exercise_muscle (exercise_id, muscle_id, intensity) VALUES (387, 4, 7);
#
# -- Exercise ID: 388
# INSERT INTO Exercise (id, title, description, link, equipment_id, training_type_id) VALUES (388, 'Parallette Single Leg L Sit', 'Target: Abdominals', 'https://youtu.be/V3hnphPbiAg', 4, 4);
# INSERT INTO exercise_muscle (exercise_id, muscle_id, intensity) VALUES (388, 11, 10);
#
# -- Exercise ID: 389
# INSERT INTO Exercise (id, title, description, link, equipment_id, training_type_id) VALUES (389, 'Stability Ball Bottoms Up', 'Target: Abdominals', 'https://youtu.be/FK7FbHmvVfo?si=eonHUTXVko7S7g0w', 1, 3);
# INSERT INTO exercise_muscle (exercise_id, muscle_id, intensity) VALUES (389, 11, 10);
#
# -- Exercise ID: 390
# INSERT INTO Exercise (id, title, description, link, equipment_id, training_type_id) VALUES (390, 'Stability Ball Windshield Wiper', 'Target: Abdominals', 'https://youtu.be/tVfP2_HkXEc', 1, 3);
# INSERT INTO exercise_muscle (exercise_id, muscle_id, intensity) VALUES (390, 12, 10);
# INSERT INTO exercise_muscle (exercise_id, muscle_id, intensity) VALUES (390, 11, 7);
#
# -- Exercise ID: 391
# INSERT INTO Exercise (id, title, description, link, equipment_id, training_type_id) VALUES (391, 'Stability Ball Tall Kneeling Balance', 'Target: Abdominals', 'https://youtu.be/wIkwr6LV9E8?si=WttWmNStYjInstEN', 1, 12);
# INSERT INTO exercise_muscle (exercise_id, muscle_id, intensity) VALUES (391, 11, 10);
#
# -- Exercise ID: 392
# INSERT INTO Exercise (id, title, description, link, equipment_id, training_type_id) VALUES (392, 'Stability Ball Oblique Crunch', 'Target: Abdominals', 'https://youtu.be/1gC-nI0XuZU', 1, 3);
# INSERT INTO exercise_muscle (exercise_id, muscle_id, intensity) VALUES (392, 12, 10);
# INSERT INTO exercise_muscle (exercise_id, muscle_id, intensity) VALUES (392, 11, 7);
#
# -- Exercise ID: 393
# INSERT INTO Exercise (id, title, description, link, equipment_id, training_type_id) VALUES (393, 'Stability Ball Forearm Plank', 'Target: Abdominals', 'https://youtu.be/4xODTD0UL-o?si=TSlUT4Fa309FslEb', 1, 3);
# INSERT INTO exercise_muscle (exercise_id, muscle_id, intensity) VALUES (393, 11, 10);
#
# -- Exercise ID: 394
# INSERT INTO Exercise (id, title, description, link, equipment_id, training_type_id) VALUES (394, 'Slider Double Kettlebell Suitcase Lateral Lunge', 'Target: Quadriceps', 'https://youtu.be/bAaaXP2xb8E?si=AOaxE4RzaGKjiq0h', 14, 2);
# INSERT INTO exercise_muscle (exercise_id, muscle_id, intensity) VALUES (394, 13, 10);
# INSERT INTO exercise_muscle (exercise_id, muscle_id, intensity) VALUES (394, 21, 7);
# INSERT INTO exercise_muscle (exercise_id, muscle_id, intensity) VALUES (394, 14, 4);
#
# -- Exercise ID: 395
# INSERT INTO Exercise (id, title, description, link, equipment_id, training_type_id) VALUES (395, 'Slider Kettlebell Horn Grip Lateral Lunge', 'Target: Quadriceps', 'https://youtu.be/OsP6_mqxBDI?si=Kdp1ECOmqjUFcNM9', 14, 2);
# INSERT INTO exercise_muscle (exercise_id, muscle_id, intensity) VALUES (395, 13, 10);
# INSERT INTO exercise_muscle (exercise_id, muscle_id, intensity) VALUES (395, 21, 7);
# INSERT INTO exercise_muscle (exercise_id, muscle_id, intensity) VALUES (395, 14, 4);
#
# -- Exercise ID: 396
# INSERT INTO Exercise (id, title, description, link, equipment_id, training_type_id) VALUES (396, 'Single Arm Dumbbell Turkish Sit Up', 'Target: Abdominals', 'https://youtu.be/h9OYpweuJEc', 6, 3);
# INSERT INTO exercise_muscle (exercise_id, muscle_id, intensity) VALUES (396, 11, 10);
# INSERT INTO exercise_muscle (exercise_id, muscle_id, intensity) VALUES (396, 2, 7);
#
# -- Exercise ID: 397
# INSERT INTO Exercise (id, title, description, link, equipment_id, training_type_id) VALUES (397, 'Single Arm Landmine Turkish Sit Up', 'Target: Abdominals', 'https://youtu.be/EhYVfy1KUUA', 19, 3);
# INSERT INTO exercise_muscle (exercise_id, muscle_id, intensity) VALUES (397, 11, 10);
# INSERT INTO exercise_muscle (exercise_id, muscle_id, intensity) VALUES (397, 2, 7);
#
# -- Exercise ID: 398
# INSERT INTO Exercise (id, title, description, link, equipment_id, training_type_id) VALUES (398, 'Double Kettlebell Front Rack Cyclist Squat', 'Target: Quadriceps', 'https://youtu.be/xkL1f4yewf0', 15, 2);
# INSERT INTO exercise_muscle (exercise_id, muscle_id, intensity) VALUES (398, 13, 10);
# INSERT INTO exercise_muscle (exercise_id, muscle_id, intensity) VALUES (398, 21, 7);
# INSERT INTO exercise_muscle (exercise_id, muscle_id, intensity) VALUES (398, 6, 4);
#
# -- Exercise ID: 399
# INSERT INTO Exercise (id, title, description, link, equipment_id, training_type_id) VALUES (399, 'Double Dumbbell Turkish Sit Up', 'Target: Abdominals', 'https://youtu.be/SreLOxzaIX4', 6, 3);
# INSERT INTO exercise_muscle (exercise_id, muscle_id, intensity) VALUES (399, 11, 10);
# INSERT INTO exercise_muscle (exercise_id, muscle_id, intensity) VALUES (399, 2, 7);
#
# -- Exercise ID: 400
# INSERT INTO Exercise (id, title, description, link, equipment_id, training_type_id) VALUES (400, 'Single Arm Kettlebell Front Rack Cyclist Squat', 'Target: Quadriceps', 'https://youtu.be/_FjMUe0AhTY', 15, 2);
# INSERT INTO exercise_muscle (exercise_id, muscle_id, intensity) VALUES (400, 13, 10);
# INSERT INTO exercise_muscle (exercise_id, muscle_id, intensity) VALUES (400, 21, 7);
# INSERT INTO exercise_muscle (exercise_id, muscle_id, intensity) VALUES (400, 6, 4);
#
# -- Exercise ID: 401
# INSERT INTO Exercise (id, title, description, link, equipment_id, training_type_id) VALUES (401, 'Single Arm Kettlebell Overhead Cyclist Squat', 'Target: Quadriceps', 'https://youtu.be/PSRoSLw3GME', 15, 2);
# INSERT INTO exercise_muscle (exercise_id, muscle_id, intensity) VALUES (401, 13, 10);
# INSERT INTO exercise_muscle (exercise_id, muscle_id, intensity) VALUES (401, 21, 7);
# INSERT INTO exercise_muscle (exercise_id, muscle_id, intensity) VALUES (401, 6, 4);
#
# -- Exercise ID: 402
# INSERT INTO Exercise (id, title, description, link, equipment_id, training_type_id) VALUES (402, 'Double Dumbbell Front Rack Alternating Cossack Squat', 'Target: Quadriceps', 'https://youtu.be/JFeG8YiLYmk', 6, 2);
# INSERT INTO exercise_muscle (exercise_id, muscle_id, intensity) VALUES (402, 13, 10);
# INSERT INTO exercise_muscle (exercise_id, muscle_id, intensity) VALUES (402, 14, 7);
# INSERT INTO exercise_muscle (exercise_id, muscle_id, intensity) VALUES (402, 21, 4);
#
# -- Exercise ID: 403
# INSERT INTO Exercise (id, title, description, link, equipment_id, training_type_id) VALUES (403, 'Kettlebell Horn Grip Cyclist Squat', 'Target: Quadriceps', 'https://youtu.be/TysYZ7rKhpM', 15, 2);
# INSERT INTO exercise_muscle (exercise_id, muscle_id, intensity) VALUES (403, 13, 10);
# INSERT INTO exercise_muscle (exercise_id, muscle_id, intensity) VALUES (403, 21, 7);
# INSERT INTO exercise_muscle (exercise_id, muscle_id, intensity) VALUES (403, 6, 4);
#
# -- Exercise ID: 404
# INSERT INTO Exercise (id, title, description, link, equipment_id, training_type_id) VALUES (404, 'Kettlebell Bottoms Up Horn Grip Cyclist Squat', 'Target: Quadriceps', NULL, 15, 2);
# INSERT INTO exercise_muscle (exercise_id, muscle_id, intensity) VALUES (404, 13, 10);
# INSERT INTO exercise_muscle (exercise_id, muscle_id, intensity) VALUES (404, 21, 7);
# INSERT INTO exercise_muscle (exercise_id, muscle_id, intensity) VALUES (404, 6, 4);
#
# -- Exercise ID: 405
# INSERT INTO Exercise (id, title, description, link, equipment_id, training_type_id) VALUES (405, 'Single Arm Kettlebell Bottoms Up Front Rack Cyclist Squat', 'Target: Quadriceps', 'https://youtu.be/x8bLCSXTChA', 15, 2);
# INSERT INTO exercise_muscle (exercise_id, muscle_id, intensity) VALUES (405, 13, 10);
# INSERT INTO exercise_muscle (exercise_id, muscle_id, intensity) VALUES (405, 21, 7);
# INSERT INTO exercise_muscle (exercise_id, muscle_id, intensity) VALUES (405, 6, 4);
#
# -- Exercise ID: 406
# INSERT INTO Exercise (id, title, description, link, equipment_id, training_type_id) VALUES (406, 'Double Kettlebell Overhead Cyclist Squat', 'Target: Quadriceps', NULL, 15, 2);
# INSERT INTO exercise_muscle (exercise_id, muscle_id, intensity) VALUES (406, 13, 10);
# INSERT INTO exercise_muscle (exercise_id, muscle_id, intensity) VALUES (406, 21, 7);
# INSERT INTO exercise_muscle (exercise_id, muscle_id, intensity) VALUES (406, 6, 4);
#
# -- Exercise ID: 407
# INSERT INTO Exercise (id, title, description, link, equipment_id, training_type_id) VALUES (407, 'Double Kettlebell Bottoms Up Overhead Cyclist Squat', 'Target: Quadriceps', NULL, 15, 2);
# INSERT INTO exercise_muscle (exercise_id, muscle_id, intensity) VALUES (407, 13, 10);
# INSERT INTO exercise_muscle (exercise_id, muscle_id, intensity) VALUES (407, 21, 7);
# INSERT INTO exercise_muscle (exercise_id, muscle_id, intensity) VALUES (407, 6, 4);
#
# -- Exercise ID: 408
# INSERT INTO Exercise (id, title, description, link, equipment_id, training_type_id) VALUES (408, 'Double Kettlebell Bottoms Up Front Rack Cyclist Squat', 'Target: Quadriceps', NULL, 15, 2);
# INSERT INTO exercise_muscle (exercise_id, muscle_id, intensity) VALUES (408, 13, 10);
# INSERT INTO exercise_muscle (exercise_id, muscle_id, intensity) VALUES (408, 21, 7);
# INSERT INTO exercise_muscle (exercise_id, muscle_id, intensity) VALUES (408, 6, 4);
#
# -- Exercise ID: 409
# INSERT INTO Exercise (id, title, description, link, equipment_id, training_type_id) VALUES (409, 'Single Arm Kettlebell Bottoms Up Overhead Cyclist Squat', 'Target: Quadriceps', NULL, 15, 2);
# INSERT INTO exercise_muscle (exercise_id, muscle_id, intensity) VALUES (409, 13, 10);
# INSERT INTO exercise_muscle (exercise_id, muscle_id, intensity) VALUES (409, 21, 7);
# INSERT INTO exercise_muscle (exercise_id, muscle_id, intensity) VALUES (409, 6, 4);
#
# -- Exercise ID: 410
# INSERT INTO Exercise (id, title, description, link, equipment_id, training_type_id) VALUES (410, 'EZ Bar Seated Overhead Press', 'Target: Shoulders', 'https://youtu.be/-MwL_9KOv7U?si=z-KgUayvNC37N78i', 18, 2);
# INSERT INTO exercise_muscle (exercise_id, muscle_id, intensity) VALUES (410, 2, 10);
# INSERT INTO exercise_muscle (exercise_id, muscle_id, intensity) VALUES (410, 4, 7);
#
# -- Exercise ID: 411
# INSERT INTO Exercise (id, title, description, link, equipment_id, training_type_id) VALUES (411, 'EZ Bar Tall Kneeling Overhead Tricep Extension', 'Target: Triceps', NULL, 18, 2);
# INSERT INTO exercise_muscle (exercise_id, muscle_id, intensity) VALUES (411, 4, 10);
# INSERT INTO exercise_muscle (exercise_id, muscle_id, intensity) VALUES (411, 2, 7);
# INSERT INTO exercise_muscle (exercise_id, muscle_id, intensity) VALUES (411, 11, 4);
#
# -- Exercise ID: 412
# INSERT INTO Exercise (id, title, description, link, equipment_id, training_type_id) VALUES (412, 'EZ Bar Reverse Grip Overhead Press', 'Target: Shoulders', NULL, 18, 2);
# INSERT INTO exercise_muscle (exercise_id, muscle_id, intensity) VALUES (412, 2, 10);
# INSERT INTO exercise_muscle (exercise_id, muscle_id, intensity) VALUES (412, 4, 7);
#
# -- Exercise ID: 413
# INSERT INTO Exercise (id, title, description, link, equipment_id, training_type_id) VALUES (413, 'Double Dumbbell Suitcase Knee Over Toe Split Squat', 'Target: Quadriceps', 'https://youtu.be/2U58iHm7oSM', 6, 2);
# INSERT INTO exercise_muscle (exercise_id, muscle_id, intensity) VALUES (413, 13, 10);
# INSERT INTO exercise_muscle (exercise_id, muscle_id, intensity) VALUES (413, 21, 7);
# INSERT INTO exercise_muscle (exercise_id, muscle_id, intensity) VALUES (413, 6, 4);
#
# -- Exercise ID: 414
# INSERT INTO Exercise (id, title, description, link, equipment_id, training_type_id) VALUES (414, 'EZ Bar Reverse Grip Seated Overhead Press', 'Target: Shoulders', NULL, 18, 2);
# INSERT INTO exercise_muscle (exercise_id, muscle_id, intensity) VALUES (414, 2, 10);
# INSERT INTO exercise_muscle (exercise_id, muscle_id, intensity) VALUES (414, 4, 7);
#
# -- Exercise ID: 415
# INSERT INTO Exercise (id, title, description, link, equipment_id, training_type_id) VALUES (415, 'EZ Bar Close Grip Bench Press', 'Target: Triceps', 'https://youtu.be/yoS-cVxq28Q?si=hPjefaZ8jY6Ugoh_', 18, 2);
# INSERT INTO exercise_muscle (exercise_id, muscle_id, intensity) VALUES (415, 4, 10);
# INSERT INTO exercise_muscle (exercise_id, muscle_id, intensity) VALUES (415, 7, 7);
#
# -- Exercise ID: 416
# INSERT INTO Exercise (id, title, description, link, equipment_id, training_type_id) VALUES (416, 'EZ Bar Close Grip Incline Bench Press', 'Target: Triceps', 'https://youtu.be/PEH5Ncie81g?si=F2eXxzjoehGGc9Bb', 18, 2);
# INSERT INTO exercise_muscle (exercise_id, muscle_id, intensity) VALUES (416, 4, 10);
# INSERT INTO exercise_muscle (exercise_id, muscle_id, intensity) VALUES (416, 7, 7);
#
# -- Exercise ID: 417
# INSERT INTO Exercise (id, title, description, link, equipment_id, training_type_id) VALUES (417, 'EZ Bar Close Grip Decline Bench Press', 'Target: Triceps', 'https://youtu.be/K40CGYdAysc?si=AY-3wTXsp03-uRQ_', 18, 2);
# INSERT INTO exercise_muscle (exercise_id, muscle_id, intensity) VALUES (417, 4, 10);
# INSERT INTO exercise_muscle (exercise_id, muscle_id, intensity) VALUES (417, 7, 7);
#
# -- Exercise ID: 418
# INSERT INTO Exercise (id, title, description, link, equipment_id, training_type_id) VALUES (418, 'Cable Half Kneeling Pallof Press', 'Target: Abdominals', 'https://youtu.be/7JBR6JGE1hY', 8, 3);
# INSERT INTO exercise_muscle (exercise_id, muscle_id, intensity) VALUES (418, 12, 10);
# INSERT INTO exercise_muscle (exercise_id, muscle_id, intensity) VALUES (418, 11, 7);
#
# -- Exercise ID: 419
# INSERT INTO Exercise (id, title, description, link, equipment_id, training_type_id) VALUES (419, 'Single Arm Kettlebell Cyclist Thruster', 'Target: Quadriceps', NULL, 15, 2);
# INSERT INTO exercise_muscle (exercise_id, muscle_id, intensity) VALUES (419, 13, 10);
# INSERT INTO exercise_muscle (exercise_id, muscle_id, intensity) VALUES (419, 2, 7);
#
# -- Exercise ID: 420
# INSERT INTO Exercise (id, title, description, link, equipment_id, training_type_id) VALUES (420, 'Double Kettlebell Cyclist Thruster', 'Target: Quadriceps', NULL, 15, 2);
# INSERT INTO exercise_muscle (exercise_id, muscle_id, intensity) VALUES (420, 13, 10);
# INSERT INTO exercise_muscle (exercise_id, muscle_id, intensity) VALUES (420, 2, 7);
#
# -- Exercise ID: 421
# INSERT INTO Exercise (id, title, description, link, equipment_id, training_type_id) VALUES (421, 'Alternating Double Kettlebell Cyclist Thruster', 'Target: Quadriceps', NULL, 15, 2);
# INSERT INTO exercise_muscle (exercise_id, muscle_id, intensity) VALUES (421, 13, 10);
# INSERT INTO exercise_muscle (exercise_id, muscle_id, intensity) VALUES (421, 2, 7);
#
# -- Exercise ID: 422
# INSERT INTO Exercise (id, title, description, link, equipment_id, training_type_id) VALUES (422, 'Single Arm Kettlebell Bottoms Up Cyclist Thruster', 'Target: Quadriceps', NULL, 15, 2);
# INSERT INTO exercise_muscle (exercise_id, muscle_id, intensity) VALUES (422, 13, 10);
# INSERT INTO exercise_muscle (exercise_id, muscle_id, intensity) VALUES (422, 2, 7);
#
# -- Exercise ID: 423
# INSERT INTO Exercise (id, title, description, link, equipment_id, training_type_id) VALUES (423, 'Double Kettlebell Bottoms Up Cyclist Thruster', 'Target: Quadriceps', NULL, 15, 2);
# INSERT INTO exercise_muscle (exercise_id, muscle_id, intensity) VALUES (423, 13, 10);
# INSERT INTO exercise_muscle (exercise_id, muscle_id, intensity) VALUES (423, 2, 7);
#
# -- Exercise ID: 424
# INSERT INTO Exercise (id, title, description, link, equipment_id, training_type_id) VALUES (424, 'Alternating Double Kettlebell Bottoms Up Cyclist Thruster', 'Target: Quadriceps', NULL, 15, 2);
# INSERT INTO exercise_muscle (exercise_id, muscle_id, intensity) VALUES (424, 13, 10);
# INSERT INTO exercise_muscle (exercise_id, muscle_id, intensity) VALUES (424, 2, 7);
#
# -- Exercise ID: 425
# INSERT INTO Exercise (id, title, description, link, equipment_id, training_type_id) VALUES (425, 'Barbell Kneeling Rollout', 'Target: Abdominals', 'https://youtu.be/AEfj6Lnn0Ao', 12, 3);
# INSERT INTO exercise_muscle (exercise_id, muscle_id, intensity) VALUES (425, 11, 10);
# INSERT INTO exercise_muscle (exercise_id, muscle_id, intensity) VALUES (425, 17, 7);
#
# -- Exercise ID: 426
# INSERT INTO Exercise (id, title, description, link, equipment_id, training_type_id) VALUES (426, 'Barbell Reverse Grip Overhead Press', 'Target: Shoulders', 'https://youtu.be/ZO_ALQcMaq4?si=Sv5NmxfQj3aIKU84', 12, 2);
# INSERT INTO exercise_muscle (exercise_id, muscle_id, intensity) VALUES (426, 2, 10);
# INSERT INTO exercise_muscle (exercise_id, muscle_id, intensity) VALUES (426, 4, 7);
#
# -- Exercise ID: 427
# INSERT INTO Exercise (id, title, description, link, equipment_id, training_type_id) VALUES (427, 'Barbell Seated Reverse Grip Overhead Press', 'Target: Shoulders', NULL, 12, 2);
# INSERT INTO exercise_muscle (exercise_id, muscle_id, intensity) VALUES (427, 2, 10);
# INSERT INTO exercise_muscle (exercise_id, muscle_id, intensity) VALUES (427, 4, 7);
#
# -- Exercise ID: 428
# INSERT INTO Exercise (id, title, description, link, equipment_id, training_type_id) VALUES (428, 'Cable Tall Kneeling Pallof Press', 'Target: Abdominals', 'https://youtu.be/EtEPKajf0PE', 8, 3);
# INSERT INTO exercise_muscle (exercise_id, muscle_id, intensity) VALUES (428, 12, 10);
# INSERT INTO exercise_muscle (exercise_id, muscle_id, intensity) VALUES (428, 11, 7);
#
# -- Exercise ID: 429
# INSERT INTO Exercise (id, title, description, link, equipment_id, training_type_id) VALUES (429, 'Tire Sledge Hammer Staggered Stance Slam', 'Target: Abdominals', 'https://youtu.be/ykhGpORlJ4Y?si=6hFSwmMbG1lGLXki', 29, 10);
# INSERT INTO exercise_muscle (exercise_id, muscle_id, intensity) VALUES (429, 12, 10);
# INSERT INTO exercise_muscle (exercise_id, muscle_id, intensity) VALUES (429, 11, 7);
# INSERT INTO exercise_muscle (exercise_id, muscle_id, intensity) VALUES (429, 19, 4);
#
# -- Exercise ID: 430
# INSERT INTO Exercise (id, title, description, link, equipment_id, training_type_id) VALUES (430, 'Tire Macebell Staggered Stance Slam', 'Target: Abdominals', NULL, 29, 10);
# INSERT INTO exercise_muscle (exercise_id, muscle_id, intensity) VALUES (430, 12, 10);
# INSERT INTO exercise_muscle (exercise_id, muscle_id, intensity) VALUES (430, 11, 7);
# INSERT INTO exercise_muscle (exercise_id, muscle_id, intensity) VALUES (430, 19, 4);
#
# -- Exercise ID: 431
# INSERT INTO Exercise (id, title, description, link, equipment_id, training_type_id) VALUES (431, 'Barbell Hang Power Clean', 'Target: Glutes', 'https://youtu.be/0aP3tgKZcHQ', 12, 11);
# INSERT INTO exercise_muscle (exercise_id, muscle_id, intensity) VALUES (431, 21, 10);
#
# -- Exercise ID: 432
# INSERT INTO Exercise (id, title, description, link, equipment_id, training_type_id) VALUES (432, 'Landmine Goblet Alternating Cossack Squat', 'Target: Quadriceps', 'https://youtu.be/N549md2Wu2A', 19, 2);
# INSERT INTO exercise_muscle (exercise_id, muscle_id, intensity) VALUES (432, 13, 10);
# INSERT INTO exercise_muscle (exercise_id, muscle_id, intensity) VALUES (432, 14, 7);
# INSERT INTO exercise_muscle (exercise_id, muscle_id, intensity) VALUES (432, 21, 4);
#
# -- Exercise ID: 433
# INSERT INTO Exercise (id, title, description, link, equipment_id, training_type_id) VALUES (433, 'Landmine Low Hold Alternating Cossack Squat', 'Target: Quadriceps', 'https://youtu.be/PnBI0wLBZIg', 19, 2);
# INSERT INTO exercise_muscle (exercise_id, muscle_id, intensity) VALUES (433, 13, 10);
# INSERT INTO exercise_muscle (exercise_id, muscle_id, intensity) VALUES (433, 14, 7);
# INSERT INTO exercise_muscle (exercise_id, muscle_id, intensity) VALUES (433, 21, 4);
#
# -- Exercise ID: 434
# INSERT INTO Exercise (id, title, description, link, equipment_id, training_type_id) VALUES (434, 'Bodyweight Push Up', 'Target: Chest', 'https://youtu.be/_l3ySVKYVJ8?si=PZh3DAAcRNF9txaZ', 2, 4);
# INSERT INTO exercise_muscle (exercise_id, muscle_id, intensity) VALUES (434, 7, 10);
# INSERT INTO exercise_muscle (exercise_id, muscle_id, intensity) VALUES (434, 4, 7);
#
# -- Exercise ID: 435
# INSERT INTO Exercise (id, title, description, link, equipment_id, training_type_id) VALUES (435, 'Barbell Close Grip Incline Bench Press', 'Target: Triceps', 'https://youtu.be/wbI4qof1454?si=WRjRCDTcll5n5uKu', 12, 2);
# INSERT INTO exercise_muscle (exercise_id, muscle_id, intensity) VALUES (435, 4, 10);
# INSERT INTO exercise_muscle (exercise_id, muscle_id, intensity) VALUES (435, 7, 7);
#
# -- Exercise ID: 436
# INSERT INTO Exercise (id, title, description, link, equipment_id, training_type_id) VALUES (436, 'Barbell Close Grip Decline Bench Press', 'Target: Triceps', 'https://youtu.be/t5TxzynRREU?feature=shared', 12, 2);
# INSERT INTO exercise_muscle (exercise_id, muscle_id, intensity) VALUES (436, 4, 10);
# INSERT INTO exercise_muscle (exercise_id, muscle_id, intensity) VALUES (436, 7, 7);
#
# -- Exercise ID: 437
# INSERT INTO Exercise (id, title, description, link, equipment_id, training_type_id) VALUES (437, 'Double Dumbbell Push Press', 'Target: Shoulders', 'https://youtu.be/JqztIwOb4Hs?si=89lHhxGXew7SEPqj', 6, 2);
# INSERT INTO exercise_muscle (exercise_id, muscle_id, intensity) VALUES (437, 2, 10);
# INSERT INTO exercise_muscle (exercise_id, muscle_id, intensity) VALUES (437, 4, 7);
#
# -- Exercise ID: 438
# INSERT INTO Exercise (id, title, description, link, equipment_id, training_type_id) VALUES (438, 'Single Arm Dumbbell Push Press', 'Target: Shoulders', 'https://youtu.be/-TVuoR8URxg?si=RsWhCdjyNahveL9y', 6, 3);
# INSERT INTO exercise_muscle (exercise_id, muscle_id, intensity) VALUES (438, 2, 10);
# INSERT INTO exercise_muscle (exercise_id, muscle_id, intensity) VALUES (438, 4, 7);
#
# -- Exercise ID: 439
# INSERT INTO Exercise (id, title, description, link, equipment_id, training_type_id) VALUES (439, 'Alternating Double Dumbbell Push Press', 'Target: Shoulders', 'https://youtu.be/Kn3oZ9MNAhg?si=j1DYyyohu1ImlWt4', 6, 3);
# INSERT INTO exercise_muscle (exercise_id, muscle_id, intensity) VALUES (439, 2, 10);
# INSERT INTO exercise_muscle (exercise_id, muscle_id, intensity) VALUES (439, 4, 7);
#
# -- Exercise ID: 440
# INSERT INTO Exercise (id, title, description, link, equipment_id, training_type_id) VALUES (440, 'Single Arm Kettlebell Bottoms Up Push Jerk', 'Target: Shoulders', NULL, 15, 3);
# INSERT INTO exercise_muscle (exercise_id, muscle_id, intensity) VALUES (440, 2, 10);
# INSERT INTO exercise_muscle (exercise_id, muscle_id, intensity) VALUES (440, 4, 7);
# INSERT INTO exercise_muscle (exercise_id, muscle_id, intensity) VALUES (440, 15, 4);
#
# -- Exercise ID: 441
# INSERT INTO Exercise (id, title, description, link, equipment_id, training_type_id) VALUES (441, 'Cable Rope Tall Kneeling Overhead Tricep Extension', 'Target: Triceps', 'https://youtu.be/cDMXXH7Y9AM?si=pObK3p_2FqS0HqbC', 8, 2);
# INSERT INTO exercise_muscle (exercise_id, muscle_id, intensity) VALUES (441, 4, 10);
# INSERT INTO exercise_muscle (exercise_id, muscle_id, intensity) VALUES (441, 2, 7);
# INSERT INTO exercise_muscle (exercise_id, muscle_id, intensity) VALUES (441, 11, 4);
#
# -- Exercise ID: 442
# INSERT INTO Exercise (id, title, description, link, equipment_id, training_type_id) VALUES (442, 'Alternating Double Kettlebell Push Jerk', 'Target: Shoulders', 'https://youtu.be/4wXnxXq4hX4?si=21E2nrYJROeQgBUm', 15, 3);
# INSERT INTO exercise_muscle (exercise_id, muscle_id, intensity) VALUES (442, 2, 10);
# INSERT INTO exercise_muscle (exercise_id, muscle_id, intensity) VALUES (442, 4, 7);
# INSERT INTO exercise_muscle (exercise_id, muscle_id, intensity) VALUES (442, 15, 4);
#
# -- Exercise ID: 443
# INSERT INTO Exercise (id, title, description, link, equipment_id, training_type_id) VALUES (443, 'Double Dumbbell Push Jerk', 'Target: Shoulders', 'https://youtu.be/oWfLP7JFwTg?si=UbP4KHHXrg5hVRnc', 6, 3);
# INSERT INTO exercise_muscle (exercise_id, muscle_id, intensity) VALUES (443, 2, 10);
# INSERT INTO exercise_muscle (exercise_id, muscle_id, intensity) VALUES (443, 4, 7);
# INSERT INTO exercise_muscle (exercise_id, muscle_id, intensity) VALUES (443, 15, 4);
#
# -- Exercise ID: 444
# INSERT INTO Exercise (id, title, description, link, equipment_id, training_type_id) VALUES (444, 'Alternating Double Kettlebell Overhead Press', 'Target: Shoulders', 'https://youtu.be/KMKqAY-T3wE?si=DccwyejeKVDgXRV-', 15, 2);
# INSERT INTO exercise_muscle (exercise_id, muscle_id, intensity) VALUES (444, 2, 10);
#
# -- Exercise ID: 445
# INSERT INTO Exercise (id, title, description, link, equipment_id, training_type_id) VALUES (445, 'Single Arm Dumbbell Push Jerk', 'Target: Shoulders', 'https://youtu.be/r-yDtVg8Yf0?si=XQ5L1OU_VTCHZWRf', 6, 3);
# INSERT INTO exercise_muscle (exercise_id, muscle_id, intensity) VALUES (445, 2, 10);
# INSERT INTO exercise_muscle (exercise_id, muscle_id, intensity) VALUES (445, 4, 7);
# INSERT INTO exercise_muscle (exercise_id, muscle_id, intensity) VALUES (445, 15, 4);
#
# -- Exercise ID: 446
# INSERT INTO Exercise (id, title, description, link, equipment_id, training_type_id) VALUES (446, 'Alternating Double Dumbbell Push Jerk', 'Target: Shoulders', 'https://youtu.be/ZQ653_FImKw?si=O2ttj0r4a_Nbkwq1', 6, 3);
# INSERT INTO exercise_muscle (exercise_id, muscle_id, intensity) VALUES (446, 2, 10);
# INSERT INTO exercise_muscle (exercise_id, muscle_id, intensity) VALUES (446, 4, 7);
# INSERT INTO exercise_muscle (exercise_id, muscle_id, intensity) VALUES (446, 15, 4);
#
# -- Exercise ID: 447
# INSERT INTO Exercise (id, title, description, link, equipment_id, training_type_id) VALUES (447, 'Double Plate Seated Lu Raise', 'Target: Shoulders', NULL, 22, 8);
# INSERT INTO exercise_muscle (exercise_id, muscle_id, intensity) VALUES (447, 19, 10);
#
# -- Exercise ID: 448
# INSERT INTO Exercise (id, title, description, link, equipment_id, training_type_id) VALUES (448, 'Double Kettlebell Bottoms Up Floor Press', 'Target: Chest', 'https://youtu.be/BDCAkIEOPvE?si=ouPFKCSuMS-REkBT', 15, 2);
# INSERT INTO exercise_muscle (exercise_id, muscle_id, intensity) VALUES (448, 7, 10);
# INSERT INTO exercise_muscle (exercise_id, muscle_id, intensity) VALUES (448, 4, 7);
# INSERT INTO exercise_muscle (exercise_id, muscle_id, intensity) VALUES (448, 2, 4);
#
# -- Exercise ID: 449
# INSERT INTO Exercise (id, title, description, link, equipment_id, training_type_id) VALUES (449, 'Alternating Double Kettlebell Bottoms Up Floor Press', 'Target: Chest', NULL, 15, 2);
# INSERT INTO exercise_muscle (exercise_id, muscle_id, intensity) VALUES (449, 7, 10);
# INSERT INTO exercise_muscle (exercise_id, muscle_id, intensity) VALUES (449, 4, 7);
# INSERT INTO exercise_muscle (exercise_id, muscle_id, intensity) VALUES (449, 2, 4);
#
# -- Exercise ID: 450
# INSERT INTO Exercise (id, title, description, link, equipment_id, training_type_id) VALUES (450, 'Single Arm Kettlebell Bottoms Up Floor Press', 'Target: Chest', 'https://youtu.be/uk39UR9K25Y?si=s6ejJf9GtQ4llbjw', 15, 2);
# INSERT INTO exercise_muscle (exercise_id, muscle_id, intensity) VALUES (450, 7, 10);
# INSERT INTO exercise_muscle (exercise_id, muscle_id, intensity) VALUES (450, 4, 7);
# INSERT INTO exercise_muscle (exercise_id, muscle_id, intensity) VALUES (450, 2, 4);
#
# -- Exercise ID: 451
# INSERT INTO Exercise (id, title, description, link, equipment_id, training_type_id) VALUES (451, 'Trap Bar Bent Over Row', 'Target: Back', 'https://youtu.be/aNllFax4shk?si=J0w79P4ud8wpm67U', 31, 2);
# INSERT INTO exercise_muscle (exercise_id, muscle_id, intensity) VALUES (451, 17, 10);
# INSERT INTO exercise_muscle (exercise_id, muscle_id, intensity) VALUES (451, 18, 7);
# INSERT INTO exercise_muscle (exercise_id, muscle_id, intensity) VALUES (451, 19, 4);
#
# -- Exercise ID: 452
# INSERT INTO Exercise (id, title, description, link, equipment_id, training_type_id) VALUES (452, 'Trap Bar Pendlay Row', 'Target: Back', 'https://youtu.be/d5rLWfIN9fo?si=iiKqMHW4Xr9OMyaR', 31, 2);
# INSERT INTO exercise_muscle (exercise_id, muscle_id, intensity) VALUES (452, 17, 10);
#
# -- Exercise ID: 453
# INSERT INTO Exercise (id, title, description, link, equipment_id, training_type_id) VALUES (453, 'Trap Bar Shrug', 'Target: Trapezius', 'https://youtu.be/DjFdFkeXSDM?si=RIA3ok7NhzuAj8LK', 31, 2);
# INSERT INTO exercise_muscle (exercise_id, muscle_id, intensity) VALUES (453, 9, 10);
# INSERT INTO exercise_muscle (exercise_id, muscle_id, intensity) VALUES (453, 18, 4);
#
# -- Exercise ID: 454
# INSERT INTO Exercise (id, title, description, link, equipment_id, training_type_id) VALUES (454, 'Bodyweight Tuck L Sit', 'Target: Abdominals', 'https://youtu.be/U9Z7WWNm1d4?si=pWSS4MOr8iZXWiNj', 2, 4);
# INSERT INTO exercise_muscle (exercise_id, muscle_id, intensity) VALUES (454, 11, 10);
#
# -- Exercise ID: 455
# INSERT INTO Exercise (id, title, description, link, equipment_id, training_type_id) VALUES (455, 'Parallette Straddle L Sit', 'Target: Abdominals', 'https://youtu.be/F6o417SxU1g', 4, 4);
# INSERT INTO exercise_muscle (exercise_id, muscle_id, intensity) VALUES (455, 11, 10);
#
# -- Exercise ID: 456
# INSERT INTO Exercise (id, title, description, link, equipment_id, training_type_id) VALUES (456, 'Ring Turned Out L Sit', 'Target: Abdominals', NULL, 3, 4);
# INSERT INTO exercise_muscle (exercise_id, muscle_id, intensity) VALUES (456, 11, 10);
#
# -- Exercise ID: 457
# INSERT INTO Exercise (id, title, description, link, equipment_id, training_type_id) VALUES (457, 'Battle Rope Power Slam', 'Target: Abdominals', 'https://youtu.be/7wDx6mZDxA8?si=rDE21yzc81AXz5sw', 32, 3);
# INSERT INTO exercise_muscle (exercise_id, muscle_id, intensity) VALUES (457, 11, 10);
#
# -- Exercise ID: 458
# INSERT INTO Exercise (id, title, description, link, equipment_id, training_type_id) VALUES (458, 'Bodyweight Manna', 'Target: Abdominals', 'https://youtu.be/L7reIo5f6uo', 2, 3);
# INSERT INTO exercise_muscle (exercise_id, muscle_id, intensity) VALUES (458, 11, 10);
#
# -- Exercise ID: 459
# INSERT INTO Exercise (id, title, description, link, equipment_id, training_type_id) VALUES (459, 'Ring Tuck Back Lever', 'Target: Abdominals', 'https://youtu.be/SZV1-ts76CM', 3, 4);
# INSERT INTO exercise_muscle (exercise_id, muscle_id, intensity) VALUES (459, 11, 10);
#
# -- Exercise ID: 460
# INSERT INTO Exercise (id, title, description, link, equipment_id, training_type_id) VALUES (460, 'Ring Advanced Tuck Back Lever', 'Target: Abdominals', 'https://youtu.be/7lceZm3XEcM', 3, 4);
# INSERT INTO exercise_muscle (exercise_id, muscle_id, intensity) VALUES (460, 11, 10);
#
# -- Exercise ID: 461
# INSERT INTO Exercise (id, title, description, link, equipment_id, training_type_id) VALUES (461, 'Ring Straddle Back Lever', 'Target: Abdominals', 'https://youtu.be/5GJB37pP6z8', 3, 4);
# INSERT INTO exercise_muscle (exercise_id, muscle_id, intensity) VALUES (461, 11, 10);
#
# -- Exercise ID: 462
# INSERT INTO Exercise (id, title, description, link, equipment_id, training_type_id) VALUES (462, 'Ring Half Lay Back Lever', 'Target: Abdominals', NULL, 3, 4);
# INSERT INTO exercise_muscle (exercise_id, muscle_id, intensity) VALUES (462, 11, 10);
#
# -- Exercise ID: 463
# INSERT INTO Exercise (id, title, description, link, equipment_id, training_type_id) VALUES (463, 'Ring Single Leg Out Back Lever', 'Target: Abdominals', NULL, 3, 4);
# INSERT INTO exercise_muscle (exercise_id, muscle_id, intensity) VALUES (463, 11, 10);
#
# -- Exercise ID: 464
# INSERT INTO Exercise (id, title, description, link, equipment_id, training_type_id) VALUES (464, 'Ring Full Back Lever', 'Target: Abdominals', 'https://youtu.be/ZFEy1s_N820', 3, 4);
# INSERT INTO exercise_muscle (exercise_id, muscle_id, intensity) VALUES (464, 11, 10);
#
# -- Exercise ID: 465
# INSERT INTO Exercise (id, title, description, link, equipment_id, training_type_id) VALUES (465, 'Trap Bar Floor Press', 'Target: Chest', 'https://youtu.be/4C4LDf-eZ5A?si=Uh-L_Lu-0xta0H-S', 31, 2);
# INSERT INTO exercise_muscle (exercise_id, muscle_id, intensity) VALUES (465, 7, 10);
# INSERT INTO exercise_muscle (exercise_id, muscle_id, intensity) VALUES (465, 4, 7);
# INSERT INTO exercise_muscle (exercise_id, muscle_id, intensity) VALUES (465, 2, 4);
#
# -- Exercise ID: 466
# INSERT INTO Exercise (id, title, description, link, equipment_id, training_type_id) VALUES (466, 'Trap Bar Overhead Press', 'Target: Shoulders', 'https://youtu.be/Vorw1hVd_Dc?si=CRIVCwpCzzeBwN26', 31, 2);
# INSERT INTO exercise_muscle (exercise_id, muscle_id, intensity) VALUES (466, 2, 10);
# INSERT INTO exercise_muscle (exercise_id, muscle_id, intensity) VALUES (466, 4, 7);
#
# -- Exercise ID: 467
# INSERT INTO Exercise (id, title, description, link, equipment_id, training_type_id) VALUES (467, 'Ring Handstand Lower to Back Lever', 'Target: Abdominals', NULL, 3, 4);
# INSERT INTO exercise_muscle (exercise_id, muscle_id, intensity) VALUES (467, 11, 10);
#
# -- Exercise ID: 468
# INSERT INTO Exercise (id, title, description, link, equipment_id, training_type_id) VALUES (468, 'Ring Tuck Front Lever', 'Target: Abdominals', 'https://youtu.be/JxlKAuD9gkA', 3, 4);
# INSERT INTO exercise_muscle (exercise_id, muscle_id, intensity) VALUES (468, 11, 10);
#
# -- Exercise ID: 469
# INSERT INTO Exercise (id, title, description, link, equipment_id, training_type_id) VALUES (469, 'Ring Advanced Tuck Front Lever', 'Target: Abdominals', 'https://youtu.be/Purt97a2pqE', 3, 4);
# INSERT INTO exercise_muscle (exercise_id, muscle_id, intensity) VALUES (469, 11, 10);
#
# -- Exercise ID: 470
# INSERT INTO Exercise (id, title, description, link, equipment_id, training_type_id) VALUES (470, 'Ring Straddle Front Lever', 'Target: Abdominals', 'https://youtu.be/eI-15uPc0yE', 3, 4);
# INSERT INTO exercise_muscle (exercise_id, muscle_id, intensity) VALUES (470, 11, 10);
#
# -- Exercise ID: 471
# INSERT INTO Exercise (id, title, description, link, equipment_id, training_type_id) VALUES (471, 'Ring Half Lay Front Lever', 'Target: Abdominals', NULL, 3, 4);
# INSERT INTO exercise_muscle (exercise_id, muscle_id, intensity) VALUES (471, 11, 10);
#
# -- Exercise ID: 472
# INSERT INTO Exercise (id, title, description, link, equipment_id, training_type_id) VALUES (472, 'Ring Single Leg Out Front Lever', 'Target: Abdominals', NULL, 3, 4);
# INSERT INTO exercise_muscle (exercise_id, muscle_id, intensity) VALUES (472, 11, 10);
#
# -- Exercise ID: 473
# INSERT INTO Exercise (id, title, description, link, equipment_id, training_type_id) VALUES (473, 'Ring Full Front Lever', 'Target: Abdominals', 'https://youtu.be/rB9EcLohiVs', 3, 4);
# INSERT INTO exercise_muscle (exercise_id, muscle_id, intensity) VALUES (473, 11, 10);
#
# -- Exercise ID: 474
# INSERT INTO Exercise (id, title, description, link, equipment_id, training_type_id) VALUES (474, 'Ring Front Lever Pull to Inverted Hang', 'Target: Abdominals', NULL, 3, 4);
# INSERT INTO exercise_muscle (exercise_id, muscle_id, intensity) VALUES (474, 11, 10);
#
# -- Exercise ID: 475
# INSERT INTO Exercise (id, title, description, link, equipment_id, training_type_id) VALUES (475, 'Ring Inverted Hang', 'Target: Abdominals', 'https://youtu.be/txtXtF2-4S0', 3, 4);
# INSERT INTO exercise_muscle (exercise_id, muscle_id, intensity) VALUES (475, 11, 10);
#
# -- Exercise ID: 476
# INSERT INTO Exercise (id, title, description, link, equipment_id, training_type_id) VALUES (476, 'Single Arm Barbell Kneeling Rollout', 'Target: Abdominals', 'https://youtu.be/i-JO6pBsKWk', 12, 3);
# INSERT INTO exercise_muscle (exercise_id, muscle_id, intensity) VALUES (476, 11, 10);
# INSERT INTO exercise_muscle (exercise_id, muscle_id, intensity) VALUES (476, 17, 7);
#
# -- Exercise ID: 477
# INSERT INTO Exercise (id, title, description, link, equipment_id, training_type_id) VALUES (477, 'Single Arm Barbell Standing Rollout', 'Target: Abdominals', NULL, 12, 3);
# INSERT INTO exercise_muscle (exercise_id, muscle_id, intensity) VALUES (477, 11, 10);
# INSERT INTO exercise_muscle (exercise_id, muscle_id, intensity) VALUES (477, 17, 7);
#
# -- Exercise ID: 478
# INSERT INTO Exercise (id, title, description, link, equipment_id, training_type_id) VALUES (478, 'Ring Circle Front Lever', 'Target: Abdominals', NULL, 3, 4);
# INSERT INTO exercise_muscle (exercise_id, muscle_id, intensity) VALUES (478, 11, 10);
#
# -- Exercise ID: 479
# INSERT INTO Exercise (id, title, description, link, equipment_id, training_type_id) VALUES (479, 'Trap Bar Tall Kneeling Overhead Press', 'Target: Shoulders', 'https://youtu.be/ILFSDv6TaiY?si=0iUQUtwUMsGFbVuI', 31, 2);
# INSERT INTO exercise_muscle (exercise_id, muscle_id, intensity) VALUES (479, 2, 10);
# INSERT INTO exercise_muscle (exercise_id, muscle_id, intensity) VALUES (479, 4, 7);
#
# -- Exercise ID: 480
# INSERT INTO Exercise (id, title, description, link, equipment_id, training_type_id) VALUES (480, 'Trap Bar Bench Press', 'Target: Chest', 'https://youtu.be/8TIFsF_HU_8?feature=shared', 31, 2);
# INSERT INTO exercise_muscle (exercise_id, muscle_id, intensity) VALUES (480, 7, 10);
# INSERT INTO exercise_muscle (exercise_id, muscle_id, intensity) VALUES (480, 4, 7);
# INSERT INTO exercise_muscle (exercise_id, muscle_id, intensity) VALUES (480, 2, 4);
#
# -- Exercise ID: 481
# INSERT INTO Exercise (id, title, description, link, equipment_id, training_type_id) VALUES (481, 'Alternating Double Dumbbell Z Press', 'Target: Shoulders', 'https://youtu.be/dsTU2qm4ef0?si=sT2aw7NxeFtfYYNV', 6, 2);
# INSERT INTO exercise_muscle (exercise_id, muscle_id, intensity) VALUES (481, 2, 10);
# INSERT INTO exercise_muscle (exercise_id, muscle_id, intensity) VALUES (481, 4, 7);
# INSERT INTO exercise_muscle (exercise_id, muscle_id, intensity) VALUES (481, 11, 4);
#
# -- Exercise ID: 482
# INSERT INTO Exercise (id, title, description, link, equipment_id, training_type_id) VALUES (482, 'Single Arm Dumbbell Half Kneeling Ipsilateral Overhead Press', 'Target: Shoulders', 'https://youtu.be/xwNijn3wK7I?si=h_QgGtuzq4TYPztT', 6, 2);
# INSERT INTO exercise_muscle (exercise_id, muscle_id, intensity) VALUES (482, 2, 10);
# INSERT INTO exercise_muscle (exercise_id, muscle_id, intensity) VALUES (482, 4, 7);
# INSERT INTO exercise_muscle (exercise_id, muscle_id, intensity) VALUES (482, 11, 4);
#
# -- Exercise ID: 483
# INSERT INTO Exercise (id, title, description, link, equipment_id, training_type_id) VALUES (483, 'Double Dumbbell Half Kneeling Overhead Press', 'Target: Shoulders', 'https://youtu.be/HZM84steEyw?si=wN3l2SpjKBFPTIbD', 6, 2);
# INSERT INTO exercise_muscle (exercise_id, muscle_id, intensity) VALUES (483, 2, 10);
# INSERT INTO exercise_muscle (exercise_id, muscle_id, intensity) VALUES (483, 4, 7);
# INSERT INTO exercise_muscle (exercise_id, muscle_id, intensity) VALUES (483, 11, 4);
#
# -- Exercise ID: 484
# INSERT INTO Exercise (id, title, description, link, equipment_id, training_type_id) VALUES (484, 'Double Dumbbell Tall Kneeling Overhead Press', 'Target: Shoulders', 'https://youtu.be/y0t2PFFwSe4?si=VjtJz1Dg61jGQIZ9', 6, 2);
# INSERT INTO exercise_muscle (exercise_id, muscle_id, intensity) VALUES (484, 2, 10);
# INSERT INTO exercise_muscle (exercise_id, muscle_id, intensity) VALUES (484, 4, 7);
# INSERT INTO exercise_muscle (exercise_id, muscle_id, intensity) VALUES (484, 11, 4);
#
# -- Exercise ID: 485
# INSERT INTO Exercise (id, title, description, link, equipment_id, training_type_id) VALUES (485, 'Alternating Double Dumbbell Tall Kneeling Overhead Press', 'Target: Shoulders', 'https://youtu.be/UhOs_Wvckvs?si=FqNmpb8ECh_Y-9rl', 6, 2);
# INSERT INTO exercise_muscle (exercise_id, muscle_id, intensity) VALUES (485, 2, 10);
# INSERT INTO exercise_muscle (exercise_id, muscle_id, intensity) VALUES (485, 4, 7);
# INSERT INTO exercise_muscle (exercise_id, muscle_id, intensity) VALUES (485, 11, 4);
#
# -- Exercise ID: 486
# INSERT INTO Exercise (id, title, description, link, equipment_id, training_type_id) VALUES (486, 'Alternating Double Dumbbell Half Kneeling Overhead Press', 'Target: Shoulders', 'https://youtu.be/12MxAGiIgK8?si=pO89QghXz2Ykj1lb', 6, 2);
# INSERT INTO exercise_muscle (exercise_id, muscle_id, intensity) VALUES (486, 2, 10);
# INSERT INTO exercise_muscle (exercise_id, muscle_id, intensity) VALUES (486, 4, 7);
# INSERT INTO exercise_muscle (exercise_id, muscle_id, intensity) VALUES (486, 11, 4);
#
# -- Exercise ID: 487
# INSERT INTO Exercise (id, title, description, link, equipment_id, training_type_id) VALUES (487, 'Single Arm Dumbbell Tall Kneeling Overhead Press', 'Target: Shoulders', 'https://youtu.be/QVFklRHtJxY?si=D_kiEaZg-5pSrfHL', 6, 2);
# INSERT INTO exercise_muscle (exercise_id, muscle_id, intensity) VALUES (487, 2, 10);
# INSERT INTO exercise_muscle (exercise_id, muscle_id, intensity) VALUES (487, 4, 7);
# INSERT INTO exercise_muscle (exercise_id, muscle_id, intensity) VALUES (487, 11, 4);
#
# -- Exercise ID: 488
# INSERT INTO Exercise (id, title, description, link, equipment_id, training_type_id) VALUES (488, 'Double Plate Incline Bench Prone Y Raise', 'Target: Shoulders', 'https://youtu.be/VHeZJHEj6ic?si=DTfOrwFveTP-memt', 22, 1);
# INSERT INTO exercise_muscle (exercise_id, muscle_id, intensity) VALUES (488, 19, 10);
#
# -- Exercise ID: 489
# INSERT INTO Exercise (id, title, description, link, equipment_id, training_type_id) VALUES (489, 'Single Arm Kettlebell Pendlay Row', 'Target: Back', 'https://youtu.be/VOmnhGvccZ0?feature=shared', 15, 2);
# INSERT INTO exercise_muscle (exercise_id, muscle_id, intensity) VALUES (489, 17, 10);
# INSERT INTO exercise_muscle (exercise_id, muscle_id, intensity) VALUES (489, 8, 7);
#
# -- Exercise ID: 490
# INSERT INTO Exercise (id, title, description, link, equipment_id, training_type_id) VALUES (490, 'Barbell Floor Press', 'Target: Chest', 'https://youtu.be/YdiVxhxufG8?si=pMAxf531BcAPvatO', 12, 2);
# INSERT INTO exercise_muscle (exercise_id, muscle_id, intensity) VALUES (490, 7, 10);
# INSERT INTO exercise_muscle (exercise_id, muscle_id, intensity) VALUES (490, 4, 7);
# INSERT INTO exercise_muscle (exercise_id, muscle_id, intensity) VALUES (490, 2, 4);
#
# -- Exercise ID: 491
# INSERT INTO Exercise (id, title, description, link, equipment_id, training_type_id) VALUES (491, 'Ring Plank', 'Target: Abdominals', 'https://youtu.be/p3zS2AMqGlg', 3, 4);
# INSERT INTO exercise_muscle (exercise_id, muscle_id, intensity) VALUES (491, 11, 10);
#
# -- Exercise ID: 492
# INSERT INTO Exercise (id, title, description, link, equipment_id, training_type_id) VALUES (492, 'Single Arm Ring Plank', 'Target: Abdominals', 'https://youtu.be/_Iev7PLP6QY', 3, 4);
# INSERT INTO exercise_muscle (exercise_id, muscle_id, intensity) VALUES (492, 11, 10);
#
# -- Exercise ID: 493
# INSERT INTO Exercise (id, title, description, link, equipment_id, training_type_id) VALUES (493, 'Battle Rope Alternating Outward Circle', 'Target: Shoulders', 'https://youtu.be/O2HVcPD3wKQ?si=CFVI8GpHxTsirv6u', 32, 3);
# INSERT INTO exercise_muscle (exercise_id, muscle_id, intensity) VALUES (493, 2, 10);
# INSERT INTO exercise_muscle (exercise_id, muscle_id, intensity) VALUES (493, 8, 7);
#
# -- Exercise ID: 494
# INSERT INTO Exercise (id, title, description, link, equipment_id, training_type_id) VALUES (494, 'Battle Rope Alternating Inward Circle', 'Target: Shoulders', NULL, 32, 3);
# INSERT INTO exercise_muscle (exercise_id, muscle_id, intensity) VALUES (494, 2, 10);
# INSERT INTO exercise_muscle (exercise_id, muscle_id, intensity) VALUES (494, 8, 7);
#
# -- Exercise ID: 495
# INSERT INTO Exercise (id, title, description, link, equipment_id, training_type_id) VALUES (495, 'Ring Support Hold', 'Target: Abdominals', 'https://youtu.be/kONbxg4kzkE', 3, 4);
# INSERT INTO exercise_muscle (exercise_id, muscle_id, intensity) VALUES (495, 11, 10);
#
# -- Exercise ID: 496
# INSERT INTO Exercise (id, title, description, link, equipment_id, training_type_id) VALUES (496, 'Ring Side Plank', 'Target: Abdominals', 'https://youtu.be/PQ3Vz8fp73k', 3, 4);
# INSERT INTO exercise_muscle (exercise_id, muscle_id, intensity) VALUES (496, 12, 10);
# INSERT INTO exercise_muscle (exercise_id, muscle_id, intensity) VALUES (496, 11, 7);
#
# -- Exercise ID: 497
# INSERT INTO Exercise (id, title, description, link, equipment_id, training_type_id) VALUES (497, 'Barbell Reverse Grip Bent Over Row', 'Target: Back', 'https://youtu.be/cZvQNvTUUu0?si=SqA3lYAZBc0jOnvn', 12, 2);
# INSERT INTO exercise_muscle (exercise_id, muscle_id, intensity) VALUES (497, 17, 10);
# INSERT INTO exercise_muscle (exercise_id, muscle_id, intensity) VALUES (497, 18, 7);
# INSERT INTO exercise_muscle (exercise_id, muscle_id, intensity) VALUES (497, 19, 4);
#
# -- Exercise ID: 498
# INSERT INTO Exercise (id, title, description, link, equipment_id, training_type_id) VALUES (498, 'Macebell Offset Bent Over Row', 'Target: Back', 'https://youtu.be/OXl94TQd_vw?si=AMXpvOM-H382GJoz', 24, 2);
# INSERT INTO exercise_muscle (exercise_id, muscle_id, intensity) VALUES (498, 17, 10);
# INSERT INTO exercise_muscle (exercise_id, muscle_id, intensity) VALUES (498, 18, 7);
# INSERT INTO exercise_muscle (exercise_id, muscle_id, intensity) VALUES (498, 19, 4);
#
# -- Exercise ID: 499
# INSERT INTO Exercise (id, title, description, link, equipment_id, training_type_id) VALUES (499, 'Macebell Reverse Grip Offset Bent Over Row', 'Target: Back', 'https://youtu.be/igNnqZZ69JM?si=xaqrnAFrW4r7NuVR', 24, 2);
# INSERT INTO exercise_muscle (exercise_id, muscle_id, intensity) VALUES (499, 17, 10);
# INSERT INTO exercise_muscle (exercise_id, muscle_id, intensity) VALUES (499, 18, 7);
# INSERT INTO exercise_muscle (exercise_id, muscle_id, intensity) VALUES (499, 19, 4);
#
# -- Exercise ID: 500
# INSERT INTO Exercise (id, title, description, link, equipment_id, training_type_id) VALUES (500, 'Alternating Single Arm Kettlebell Pendlay Row', 'Target: Back', NULL, 15, 2);
# INSERT INTO exercise_muscle (exercise_id, muscle_id, intensity) VALUES (500, 17, 10);
# INSERT INTO exercise_muscle (exercise_id, muscle_id, intensity) VALUES (500, 8, 7);
#
# -- Exercise ID: 501
# INSERT INTO Exercise (id, title, description, link, equipment_id, training_type_id) VALUES (501, 'Bodyweight Hollow Body Rock', 'Target: Abdominals', 'https://youtu.be/p7j02V1fIzU', 2, 3);
# INSERT INTO exercise_muscle (exercise_id, muscle_id, intensity) VALUES (501, 11, 10);
#
# -- Exercise ID: 502
# INSERT INTO Exercise (id, title, description, link, equipment_id, training_type_id) VALUES (502, 'Single Arm Dumbbell Power Snatch', 'Target: Glutes', 'https://youtu.be/3mlhF3dptAo', 6, 3);
# INSERT INTO exercise_muscle (exercise_id, muscle_id, intensity) VALUES (502, 21, 10);
# INSERT INTO exercise_muscle (exercise_id, muscle_id, intensity) VALUES (502, 2, 7);
#
# -- Exercise ID: 503
# INSERT INTO Exercise (id, title, description, link, equipment_id, training_type_id) VALUES (503, 'Alternating Single Arm Dumbbell Power Snatch', 'Target: Glutes', 'https://youtu.be/OktkfRlGcns', 6, 3);
# INSERT INTO exercise_muscle (exercise_id, muscle_id, intensity) VALUES (503, 21, 10);
# INSERT INTO exercise_muscle (exercise_id, muscle_id, intensity) VALUES (503, 2, 7);
#
# -- Exercise ID: 504
# INSERT INTO Exercise (id, title, description, link, equipment_id, training_type_id) VALUES (504, 'Single Arm Dumbbell Squat Snatch', 'Target: Quadriceps', 'https://youtu.be/etK3OPjM3S4', 6, 3);
# INSERT INTO exercise_muscle (exercise_id, muscle_id, intensity) VALUES (504, 13, 10);
#
# -- Exercise ID: 505
# INSERT INTO Exercise (id, title, description, link, equipment_id, training_type_id) VALUES (505, 'Alternating Single Arm Dumbbell Squat Snatch', 'Target: Quadriceps', 'https://youtu.be/T0_a2xijJBE', 6, 3);
# INSERT INTO exercise_muscle (exercise_id, muscle_id, intensity) VALUES (505, 13, 10);
#
# -- Exercise ID: 506
# INSERT INTO Exercise (id, title, description, link, equipment_id, training_type_id) VALUES (506, 'Single Arm Cable Single Leg Romanian Deadlift', 'Target: Hamstrings', 'https://youtu.be/OC_7QIo0uk4', 8, 2);
# INSERT INTO exercise_muscle (exercise_id, muscle_id, intensity) VALUES (506, 22, 10);
# INSERT INTO exercise_muscle (exercise_id, muscle_id, intensity) VALUES (506, 21, 7);
# INSERT INTO exercise_muscle (exercise_id, muscle_id, intensity) VALUES (506, 12, 4);
#
# -- Exercise ID: 507
# INSERT INTO Exercise (id, title, description, link, equipment_id, training_type_id) VALUES (507, 'Double Kettlebell Suitcase Cyclist Squat', 'Target: Quadriceps', 'https://youtu.be/6caQpfXMvyw?si=WY0XcdcIUuE20g-o', 15, 2);
# INSERT INTO exercise_muscle (exercise_id, muscle_id, intensity) VALUES (507, 13, 10);
# INSERT INTO exercise_muscle (exercise_id, muscle_id, intensity) VALUES (507, 21, 7);
# INSERT INTO exercise_muscle (exercise_id, muscle_id, intensity) VALUES (507, 6, 4);
#
# -- Exercise ID: 508
# INSERT INTO Exercise (id, title, description, link, equipment_id, training_type_id) VALUES (508, 'Single Arm Kettlebell Suitcase Cyclist Squat', 'Target: Quadriceps', 'https://youtu.be/AlxuA22ymwg?si=-tgz7djxN0QKxXfA', 15, 2);
# INSERT INTO exercise_muscle (exercise_id, muscle_id, intensity) VALUES (508, 13, 10);
# INSERT INTO exercise_muscle (exercise_id, muscle_id, intensity) VALUES (508, 21, 7);
# INSERT INTO exercise_muscle (exercise_id, muscle_id, intensity) VALUES (508, 6, 4);
#
# -- Exercise ID: 509
# INSERT INTO Exercise (id, title, description, link, equipment_id, training_type_id) VALUES (509, 'Double Kettlebell Front Rack Step Up', 'Target: Quadriceps', 'https://youtu.be/wcnuhd6RHwE', 15, 2);
# INSERT INTO exercise_muscle (exercise_id, muscle_id, intensity) VALUES (509, 13, 10);
# INSERT INTO exercise_muscle (exercise_id, muscle_id, intensity) VALUES (509, 21, 7);
# INSERT INTO exercise_muscle (exercise_id, muscle_id, intensity) VALUES (509, 22, 4);
#
# -- Exercise ID: 510
# INSERT INTO Exercise (id, title, description, link, equipment_id, training_type_id) VALUES (510, 'Double Kettlebell Incline Bench Prone Row', 'Target: Back', 'https://youtu.be/jHpBzpxK16c?si=3sB9wGkke_B632ad', 15, 2);
# INSERT INTO exercise_muscle (exercise_id, muscle_id, intensity) VALUES (510, 17, 10);
#
# -- Exercise ID: 511
# INSERT INTO Exercise (id, title, description, link, equipment_id, training_type_id) VALUES (511, 'Single Arm Dumbbell Incline Bench Prone Row', 'Target: Back', 'https://youtu.be/4Bv94e_ufjo?si=8V5SPIIuNai7zUm3', 6, 2);
# INSERT INTO exercise_muscle (exercise_id, muscle_id, intensity) VALUES (511, 17, 10);
#
# -- Exercise ID: 512
# INSERT INTO Exercise (id, title, description, link, equipment_id, training_type_id) VALUES (512, 'Single Arm Dumbbell Spider Curl', 'Target: Biceps', 'https://youtu.be/Ew2ZzKqICfA?si=Irq2jLSDxKiagY3F', 6, 2);
# INSERT INTO exercise_muscle (exercise_id, muscle_id, intensity) VALUES (512, 8, 10);
# INSERT INTO exercise_muscle (exercise_id, muscle_id, intensity) VALUES (512, 10, 4);
#
# -- Exercise ID: 513
# INSERT INTO Exercise (id, title, description, link, equipment_id, training_type_id) VALUES (513, 'Double Kettlebell Spider Curl', 'Target: Biceps', 'https://youtu.be/L6XHpSFmVjA?si=BYKjvx0FJ8AIiQ7W', 15, 2);
# INSERT INTO exercise_muscle (exercise_id, muscle_id, intensity) VALUES (513, 8, 10);
# INSERT INTO exercise_muscle (exercise_id, muscle_id, intensity) VALUES (513, 10, 4);
#
# -- Exercise ID: 514
# INSERT INTO Exercise (id, title, description, link, equipment_id, training_type_id) VALUES (514, 'Double Kettlebell Bottoms Up Incline Bench Press', 'Target: Chest', 'https://youtu.be/STeIzkHm6tE?si=BxEJOKh_KtwNSMK_', 15, 2);
# INSERT INTO exercise_muscle (exercise_id, muscle_id, intensity) VALUES (514, 7, 10);
# INSERT INTO exercise_muscle (exercise_id, muscle_id, intensity) VALUES (514, 4, 7);
#
# -- Exercise ID: 515
# INSERT INTO Exercise (id, title, description, link, equipment_id, training_type_id) VALUES (515, 'Double Dumbbell Seated Good Morning', 'Target: Back', 'https://youtu.be/x5nnk8hUBo4', 6, 2);
# INSERT INTO exercise_muscle (exercise_id, muscle_id, intensity) VALUES (515, 20, 10);
# INSERT INTO exercise_muscle (exercise_id, muscle_id, intensity) VALUES (515, 22, 7);
# INSERT INTO exercise_muscle (exercise_id, muscle_id, intensity) VALUES (515, 21, 4);
#
# -- Exercise ID: 516
# INSERT INTO Exercise (id, title, description, link, equipment_id, training_type_id) VALUES (516, 'Bodyweight Hip Thrust', 'Target: Glutes', 'https://youtu.be/OAhvIWLC0rc', 2, 2);
# INSERT INTO exercise_muscle (exercise_id, muscle_id, intensity) VALUES (516, 21, 10);
# INSERT INTO exercise_muscle (exercise_id, muscle_id, intensity) VALUES (516, 22, 7);
# INSERT INTO exercise_muscle (exercise_id, muscle_id, intensity) VALUES (516, 13, 4);
#
# -- Exercise ID: 517
# INSERT INTO Exercise (id, title, description, link, equipment_id, training_type_id) VALUES (517, 'Double Kettlebell Front Rack Box Pistol Squat', 'Target: Quadriceps', 'https://youtu.be/mnQtaFcGtv4', 15, 12);
# INSERT INTO exercise_muscle (exercise_id, muscle_id, intensity) VALUES (517, 13, 10);
# INSERT INTO exercise_muscle (exercise_id, muscle_id, intensity) VALUES (517, 21, 7);
#
# -- Exercise ID: 518
# INSERT INTO Exercise (id, title, description, link, equipment_id, training_type_id) VALUES (518, 'Alternating Double Kettlebell Bottoms Up Incline Bench Press', 'Target: Chest', NULL, 15, 2);
# INSERT INTO exercise_muscle (exercise_id, muscle_id, intensity) VALUES (518, 7, 10);
# INSERT INTO exercise_muscle (exercise_id, muscle_id, intensity) VALUES (518, 4, 7);
#
# -- Exercise ID: 519
# INSERT INTO Exercise (id, title, description, link, equipment_id, training_type_id) VALUES (519, 'Single Arm Kettlebell Bottoms Up Incline Bench Press', 'Target: Chest', 'https://youtu.be/SoVCwno_9z8?si=BCvfBOVPW_aHbvZ_', 15, 2);
# INSERT INTO exercise_muscle (exercise_id, muscle_id, intensity) VALUES (519, 7, 10);
# INSERT INTO exercise_muscle (exercise_id, muscle_id, intensity) VALUES (519, 4, 7);
#
# -- Exercise ID: 520
# INSERT INTO Exercise (id, title, description, link, equipment_id, training_type_id) VALUES (520, 'Alternating Double Kettlebell Incline Bench Prone Row', 'Target: Back', 'https://youtu.be/rAoi4_AI7VA?si=b6KXmXEYoxIPmTt2', 15, 2);
# INSERT INTO exercise_muscle (exercise_id, muscle_id, intensity) VALUES (520, 17, 10);
#
# -- Exercise ID: 521
# INSERT INTO Exercise (id, title, description, link, equipment_id, training_type_id) VALUES (521, 'Single Arm Kettlebell Incline Bench Prone Row', 'Target: Back', 'https://youtu.be/gPX8OmnYmQY?si=UgQnJkh9n3OobTcZ', 15, 2);
# INSERT INTO exercise_muscle (exercise_id, muscle_id, intensity) VALUES (521, 17, 10);
#
# -- Exercise ID: 522
# INSERT INTO Exercise (id, title, description, link, equipment_id, training_type_id) VALUES (522, 'Ring Side Plank Reach Through', 'Target: Abdominals', NULL, 3, 4);
# INSERT INTO exercise_muscle (exercise_id, muscle_id, intensity) VALUES (522, 12, 10);
# INSERT INTO exercise_muscle (exercise_id, muscle_id, intensity) VALUES (522, 11, 7);
#
# -- Exercise ID: 523
# INSERT INTO Exercise (id, title, description, link, equipment_id, training_type_id) VALUES (523, 'Single Arm Dumbbell Overhead Contralateral Bulgarian Split Squat', 'Target: Quadriceps', 'https://youtu.be/z7rygloAW30?si=p4kPPZcAKammq1Vv', 6, 2);
# INSERT INTO exercise_muscle (exercise_id, muscle_id, intensity) VALUES (523, 13, 10);
# INSERT INTO exercise_muscle (exercise_id, muscle_id, intensity) VALUES (523, 21, 7);
# INSERT INTO exercise_muscle (exercise_id, muscle_id, intensity) VALUES (523, 22, 4);
#
# -- Exercise ID: 524
# INSERT INTO Exercise (id, title, description, link, equipment_id, training_type_id) VALUES (524, 'Single Arm Dumbbell Overhead Contralateral Knee Over Toe Split Squat', 'Target: Quadriceps', NULL, 6, 2);
# INSERT INTO exercise_muscle (exercise_id, muscle_id, intensity) VALUES (524, 13, 10);
# INSERT INTO exercise_muscle (exercise_id, muscle_id, intensity) VALUES (524, 21, 7);
# INSERT INTO exercise_muscle (exercise_id, muscle_id, intensity) VALUES (524, 6, 4);
#
# -- Exercise ID: 525
# INSERT INTO Exercise (id, title, description, link, equipment_id, training_type_id) VALUES (525, 'Double Kettlebell Suitcase Step Up', 'Target: Quadriceps', 'https://youtu.be/3HUEab31fks?si=B2OmGKfwSuXhts1z', 15, 2);
# INSERT INTO exercise_muscle (exercise_id, muscle_id, intensity) VALUES (525, 13, 10);
# INSERT INTO exercise_muscle (exercise_id, muscle_id, intensity) VALUES (525, 21, 7);
# INSERT INTO exercise_muscle (exercise_id, muscle_id, intensity) VALUES (525, 22, 4);
#
# -- Exercise ID: 526
# INSERT INTO Exercise (id, title, description, link, equipment_id, training_type_id) VALUES (526, 'Single Arm Kettlebell Suitcase Contralateral Step Up', 'Target: Quadriceps', 'https://youtu.be/lMADALbx1eM?si=wJjWrYeLHPKqVgHh', 15, 2);
# INSERT INTO exercise_muscle (exercise_id, muscle_id, intensity) VALUES (526, 13, 10);
# INSERT INTO exercise_muscle (exercise_id, muscle_id, intensity) VALUES (526, 21, 7);
# INSERT INTO exercise_muscle (exercise_id, muscle_id, intensity) VALUES (526, 22, 4);
#
# -- Exercise ID: 527
# INSERT INTO Exercise (id, title, description, link, equipment_id, training_type_id) VALUES (527, 'Single Arm Kettlebell Suitcase Ipsilateral Step Up', 'Target: Quadriceps', NULL, 15, 2);
# INSERT INTO exercise_muscle (exercise_id, muscle_id, intensity) VALUES (527, 13, 10);
# INSERT INTO exercise_muscle (exercise_id, muscle_id, intensity) VALUES (527, 21, 7);
# INSERT INTO exercise_muscle (exercise_id, muscle_id, intensity) VALUES (527, 22, 4);
#
# -- Exercise ID: 528
# INSERT INTO Exercise (id, title, description, link, equipment_id, training_type_id) VALUES (528, 'Single Arm Kettlebell Front Rack Contralateral Step Up', 'Target: Quadriceps', NULL, 15, 2);
# INSERT INTO exercise_muscle (exercise_id, muscle_id, intensity) VALUES (528, 13, 10);
# INSERT INTO exercise_muscle (exercise_id, muscle_id, intensity) VALUES (528, 21, 7);
# INSERT INTO exercise_muscle (exercise_id, muscle_id, intensity) VALUES (528, 22, 4);
#
# -- Exercise ID: 529
# INSERT INTO Exercise (id, title, description, link, equipment_id, training_type_id) VALUES (529, 'Single Arm Kettlebell Front Rack Ipsilateral Step Up', 'Target: Quadriceps', NULL, 15, 2);
# INSERT INTO exercise_muscle (exercise_id, muscle_id, intensity) VALUES (529, 13, 10);
# INSERT INTO exercise_muscle (exercise_id, muscle_id, intensity) VALUES (529, 21, 7);
# INSERT INTO exercise_muscle (exercise_id, muscle_id, intensity) VALUES (529, 22, 4);
#
# -- Exercise ID: 530
# INSERT INTO Exercise (id, title, description, link, equipment_id, training_type_id) VALUES (530, 'Double Kettlebell Overhead Step Up', 'Target: Quadriceps', 'https://youtu.be/eKUmMljLcKw?si=ocsvBon7ivrRziM6', 15, 2);
# INSERT INTO exercise_muscle (exercise_id, muscle_id, intensity) VALUES (530, 13, 10);
# INSERT INTO exercise_muscle (exercise_id, muscle_id, intensity) VALUES (530, 21, 7);
# INSERT INTO exercise_muscle (exercise_id, muscle_id, intensity) VALUES (530, 22, 4);
#
# -- Exercise ID: 531
# INSERT INTO Exercise (id, title, description, link, equipment_id, training_type_id) VALUES (531, 'Single Arm Kettlebell Overhead Contralateral Step Up', 'Target: Quadriceps', NULL, 15, 2);
# INSERT INTO exercise_muscle (exercise_id, muscle_id, intensity) VALUES (531, 13, 10);
# INSERT INTO exercise_muscle (exercise_id, muscle_id, intensity) VALUES (531, 21, 7);
# INSERT INTO exercise_muscle (exercise_id, muscle_id, intensity) VALUES (531, 22, 4);
#
# -- Exercise ID: 532
# INSERT INTO Exercise (id, title, description, link, equipment_id, training_type_id) VALUES (532, 'Single Arm Kettlebell Overhead Ipsilateral Step Up', 'Target: Quadriceps', NULL, 15, 2);
# INSERT INTO exercise_muscle (exercise_id, muscle_id, intensity) VALUES (532, 13, 10);
# INSERT INTO exercise_muscle (exercise_id, muscle_id, intensity) VALUES (532, 21, 7);
# INSERT INTO exercise_muscle (exercise_id, muscle_id, intensity) VALUES (532, 22, 4);
#
# -- Exercise ID: 533
# INSERT INTO Exercise (id, title, description, link, equipment_id, training_type_id) VALUES (533, 'Double Kettlebell Bottoms Up Front Rack Step Up', 'Target: Quadriceps', NULL, 15, 2);
# INSERT INTO exercise_muscle (exercise_id, muscle_id, intensity) VALUES (533, 13, 10);
# INSERT INTO exercise_muscle (exercise_id, muscle_id, intensity) VALUES (533, 21, 7);
# INSERT INTO exercise_muscle (exercise_id, muscle_id, intensity) VALUES (533, 22, 4);
#
# -- Exercise ID: 534
# INSERT INTO Exercise (id, title, description, link, equipment_id, training_type_id) VALUES (534, 'Single Arm Kettlebell Bottoms Up Front Rack Contralateral Step Up', 'Target: Quadriceps', NULL, 15, 2);
# INSERT INTO exercise_muscle (exercise_id, muscle_id, intensity) VALUES (534, 13, 10);
# INSERT INTO exercise_muscle (exercise_id, muscle_id, intensity) VALUES (534, 21, 7);
# INSERT INTO exercise_muscle (exercise_id, muscle_id, intensity) VALUES (534, 22, 4);
#
# -- Exercise ID: 535
# INSERT INTO Exercise (id, title, description, link, equipment_id, training_type_id) VALUES (535, 'Single Arm Kettlebell Bottoms Up Front Rack Ipsilateral Step Up', 'Target: Quadriceps', NULL, 15, 2);
# INSERT INTO exercise_muscle (exercise_id, muscle_id, intensity) VALUES (535, 13, 10);
# INSERT INTO exercise_muscle (exercise_id, muscle_id, intensity) VALUES (535, 21, 7);
# INSERT INTO exercise_muscle (exercise_id, muscle_id, intensity) VALUES (535, 22, 4);
#
# -- Exercise ID: 536
# INSERT INTO Exercise (id, title, description, link, equipment_id, training_type_id) VALUES (536, 'Double Kettlebell Bottoms Up Overhead Step Up', 'Target: Quadriceps', NULL, 15, 2);
# INSERT INTO exercise_muscle (exercise_id, muscle_id, intensity) VALUES (536, 13, 10);
# INSERT INTO exercise_muscle (exercise_id, muscle_id, intensity) VALUES (536, 21, 7);
# INSERT INTO exercise_muscle (exercise_id, muscle_id, intensity) VALUES (536, 22, 4);
#
# -- Exercise ID: 537
# INSERT INTO Exercise (id, title, description, link, equipment_id, training_type_id) VALUES (537, 'Single Arm Kettlebell Bottoms Up Overhead Contralateral Step Up', 'Target: Quadriceps', NULL, 15, 2);
# INSERT INTO exercise_muscle (exercise_id, muscle_id, intensity) VALUES (537, 13, 10);
# INSERT INTO exercise_muscle (exercise_id, muscle_id, intensity) VALUES (537, 21, 7);
# INSERT INTO exercise_muscle (exercise_id, muscle_id, intensity) VALUES (537, 22, 4);
#
# -- Exercise ID: 538
# INSERT INTO Exercise (id, title, description, link, equipment_id, training_type_id) VALUES (538, 'Single Arm Kettlebell Bottoms Up Overhead Ipsilateral Step Up', 'Target: Quadriceps', NULL, 15, 2);
# INSERT INTO exercise_muscle (exercise_id, muscle_id, intensity) VALUES (538, 13, 10);
# INSERT INTO exercise_muscle (exercise_id, muscle_id, intensity) VALUES (538, 21, 7);
# INSERT INTO exercise_muscle (exercise_id, muscle_id, intensity) VALUES (538, 22, 4);
#
# -- Exercise ID: 539
# INSERT INTO Exercise (id, title, description, link, equipment_id, training_type_id) VALUES (539, 'Kettlebell Half Kneeling Low to High Chop', 'Target: Abdominals', 'https://youtu.be/wPXdGwc0NTs', 15, 3);
# INSERT INTO exercise_muscle (exercise_id, muscle_id, intensity) VALUES (539, 12, 10);
# INSERT INTO exercise_muscle (exercise_id, muscle_id, intensity) VALUES (539, 11, 7);
#
# -- Exercise ID: 540
# INSERT INTO Exercise (id, title, description, link, equipment_id, training_type_id) VALUES (540, 'Single Arm Kettlebell Windmill', 'Target: Abdominals', 'https://youtu.be/3rtUK_jUv4s', 15, 6);
# INSERT INTO exercise_muscle (exercise_id, muscle_id, intensity) VALUES (540, 12, 10);
# INSERT INTO exercise_muscle (exercise_id, muscle_id, intensity) VALUES (540, 11, 7);
# INSERT INTO exercise_muscle (exercise_id, muscle_id, intensity) VALUES (540, 2, 4);
#
# -- Exercise ID: 541
# INSERT INTO Exercise (id, title, description, link, equipment_id, training_type_id) VALUES (541, 'Kettlebell Russian Twist', 'Target: Abdominals', 'https://youtu.be/59_aq7COfts', 15, 3);
# INSERT INTO exercise_muscle (exercise_id, muscle_id, intensity) VALUES (541, 12, 10);
# INSERT INTO exercise_muscle (exercise_id, muscle_id, intensity) VALUES (541, 11, 7);
#
# -- Exercise ID: 542
# INSERT INTO Exercise (id, title, description, link, equipment_id, training_type_id) VALUES (542, 'Alternating Single Arm Kettlebell Plank Pull Through', 'Target: Abdominals', 'https://youtu.be/fKbu_2L94x8', 15, 3);
# INSERT INTO exercise_muscle (exercise_id, muscle_id, intensity) VALUES (542, 11, 10);
# INSERT INTO exercise_muscle (exercise_id, muscle_id, intensity) VALUES (542, 12, 7);
#
# -- Exercise ID: 543
# INSERT INTO Exercise (id, title, description, link, equipment_id, training_type_id) VALUES (543, 'Single Arm Kettlebell Single Leg Standing Bent Knee Around The World', 'Target: Abdominals', 'https://youtu.be/ve60gzLLyzA', 15, 12);
# INSERT INTO exercise_muscle (exercise_id, muscle_id, intensity) VALUES (543, 11, 10);
#
# -- Exercise ID: 544
# INSERT INTO Exercise (id, title, description, link, equipment_id, training_type_id) VALUES (544, 'Single Arm Kettlebell Swing', 'Target: Glutes', 'https://youtu.be/kneGICiz30g', 15, 10);
# INSERT INTO exercise_muscle (exercise_id, muscle_id, intensity) VALUES (544, 21, 10);
# INSERT INTO exercise_muscle (exercise_id, muscle_id, intensity) VALUES (544, 22, 7);
#
# -- Exercise ID: 545
# INSERT INTO Exercise (id, title, description, link, equipment_id, training_type_id) VALUES (545, 'Double Kettlebell Suitcase Feet Elevated Calf Raise', 'Target: Calves', 'https://youtu.be/qkK_V6hpQ80?si=HkiTuj2F0YsYYRFZ', 15, 2);
# INSERT INTO exercise_muscle (exercise_id, muscle_id, intensity) VALUES (545, 6, 10);
# INSERT INTO exercise_muscle (exercise_id, muscle_id, intensity) VALUES (545, 5, 4);
#
# -- Exercise ID: 546
# INSERT INTO Exercise (id, title, description, link, equipment_id, training_type_id) VALUES (546, 'Single Arm Kettlebell Spider Curl', 'Target: Biceps', NULL, 15, 2);
# INSERT INTO exercise_muscle (exercise_id, muscle_id, intensity) VALUES (546, 8, 10);
# INSERT INTO exercise_muscle (exercise_id, muscle_id, intensity) VALUES (546, 10, 4);
#
# -- Exercise ID: 547
# INSERT INTO Exercise (id, title, description, link, equipment_id, training_type_id) VALUES (547, 'Double Kettlebell Bottoms Up Bench Press', 'Target: Chest', 'https://youtu.be/bIzD1Z_C0cA', 15, 2);
# INSERT INTO exercise_muscle (exercise_id, muscle_id, intensity) VALUES (547, 7, 10);
# INSERT INTO exercise_muscle (exercise_id, muscle_id, intensity) VALUES (547, 4, 7);
#
# -- Exercise ID: 548
# INSERT INTO Exercise (id, title, description, link, equipment_id, training_type_id) VALUES (548, 'Single Arm Kettlebell Suitcase Deadlift', 'Target: Back', 'https://youtu.be/1hcAoywwuRI', 15, 2);
# INSERT INTO exercise_muscle (exercise_id, muscle_id, intensity) VALUES (548, 17, 10);
# INSERT INTO exercise_muscle (exercise_id, muscle_id, intensity) VALUES (548, 12, 7);
#
# -- Exercise ID: 549
# INSERT INTO Exercise (id, title, description, link, equipment_id, training_type_id) VALUES (549, 'Single Arm Kettlebell Clean', 'Target: Glutes', 'https://youtu.be/TQT7hBXVcOo', 15, 10);
# INSERT INTO exercise_muscle (exercise_id, muscle_id, intensity) VALUES (549, 21, 10);
#
# -- Exercise ID: 550
# INSERT INTO Exercise (id, title, description, link, equipment_id, training_type_id) VALUES (550, 'Single Arm Kettlebell Clean to Overhead Press', 'Target: Shoulders', 'https://youtu.be/JtlYyc5MaAc', 15, 10);
# INSERT INTO exercise_muscle (exercise_id, muscle_id, intensity) VALUES (550, 2, 10);
# INSERT INTO exercise_muscle (exercise_id, muscle_id, intensity) VALUES (550, 21, 7);
#
# -- Exercise ID: 551
# INSERT INTO Exercise (id, title, description, link, equipment_id, training_type_id) VALUES (551, 'Alternating Single Arm Dumbbell Pendlay Row', 'Target: Back', 'https://youtu.be/7zKQ79awAvY?feature=shared', 6, 2);
# INSERT INTO exercise_muscle (exercise_id, muscle_id, intensity) VALUES (551, 17, 10);
# INSERT INTO exercise_muscle (exercise_id, muscle_id, intensity) VALUES (551, 8, 7);
#
# -- Exercise ID: 552
# INSERT INTO Exercise (id, title, description, link, equipment_id, training_type_id) VALUES (552, 'Alternating Double Kettlebell Bottoms Up Bench Press', 'Target: Chest', NULL, 15, 2);
# INSERT INTO exercise_muscle (exercise_id, muscle_id, intensity) VALUES (552, 7, 10);
# INSERT INTO exercise_muscle (exercise_id, muscle_id, intensity) VALUES (552, 4, 7);
#
# -- Exercise ID: 553
# INSERT INTO Exercise (id, title, description, link, equipment_id, training_type_id) VALUES (553, 'Single Arm Kettlebell Snatch', 'Target: Shoulders', 'https://youtu.be/VdNC_xicfyg', 15, 10);
# INSERT INTO exercise_muscle (exercise_id, muscle_id, intensity) VALUES (553, 2, 10);
# INSERT INTO exercise_muscle (exercise_id, muscle_id, intensity) VALUES (553, 21, 7);
#
# -- Exercise ID: 554
# INSERT INTO Exercise (id, title, description, link, equipment_id, training_type_id) VALUES (554, 'Kettlebell Sumo Deadlift', 'Target: Back', 'https://youtu.be/odS65TnXgU0?si=l3QM9Nb4wHNt_JgK', 15, 2);
# INSERT INTO exercise_muscle (exercise_id, muscle_id, intensity) VALUES (554, 17, 10);
# INSERT INTO exercise_muscle (exercise_id, muscle_id, intensity) VALUES (554, 21, 7);
# INSERT INTO exercise_muscle (exercise_id, muscle_id, intensity) VALUES (554, 22, 4);
#
# -- Exercise ID: 555
# INSERT INTO Exercise (id, title, description, link, equipment_id, training_type_id) VALUES (555, 'Single Arm Kettlebell Turkish Get Up', 'Target: Abdominals', 'https://youtu.be/sgd8n917Zv0', 15, 6);
# INSERT INTO exercise_muscle (exercise_id, muscle_id, intensity) VALUES (555, 12, 10);
# INSERT INTO exercise_muscle (exercise_id, muscle_id, intensity) VALUES (555, 11, 7);
#
# -- Exercise ID: 556
# INSERT INTO Exercise (id, title, description, link, equipment_id, training_type_id) VALUES (556, 'Kettlebell Goblet Squat', 'Target: Quadriceps', 'https://youtu.be/f-Vf2yRRqOg', 15, 3);
# INSERT INTO exercise_muscle (exercise_id, muscle_id, intensity) VALUES (556, 13, 10);
# INSERT INTO exercise_muscle (exercise_id, muscle_id, intensity) VALUES (556, 21, 7);
#
# -- Exercise ID: 557
# INSERT INTO Exercise (id, title, description, link, equipment_id, training_type_id) VALUES (557, 'Single Arm Kettlebell Overhead Squat', 'Target: Quadriceps', 'https://youtu.be/nrfDq0DUhrE', 15, 3);
# INSERT INTO exercise_muscle (exercise_id, muscle_id, intensity) VALUES (557, 13, 10);
# INSERT INTO exercise_muscle (exercise_id, muscle_id, intensity) VALUES (557, 21, 7);
#
# -- Exercise ID: 558
# INSERT INTO Exercise (id, title, description, link, equipment_id, training_type_id) VALUES (558, 'Double Kettlebell Front Rack Alternating Cossack Squat', 'Target: Quadriceps', 'https://youtu.be/vcMZNgn5G9c', 15, 2);
# INSERT INTO exercise_muscle (exercise_id, muscle_id, intensity) VALUES (558, 13, 10);
# INSERT INTO exercise_muscle (exercise_id, muscle_id, intensity) VALUES (558, 14, 7);
# INSERT INTO exercise_muscle (exercise_id, muscle_id, intensity) VALUES (558, 21, 4);
#
# -- Exercise ID: 559
# INSERT INTO Exercise (id, title, description, link, equipment_id, training_type_id) VALUES (559, 'Single Arm Kettlebell Bottoms Up Bench Press', 'Target: Chest', 'https://youtu.be/NIytPzrQ460?si=hBsVxzSTE6ddOTCD', 15, 2);
# INSERT INTO exercise_muscle (exercise_id, muscle_id, intensity) VALUES (559, 7, 10);
# INSERT INTO exercise_muscle (exercise_id, muscle_id, intensity) VALUES (559, 4, 7);
#
# -- Exercise ID: 560
# INSERT INTO Exercise (id, title, description, link, equipment_id, training_type_id) VALUES (560, 'Single Arm Kettlebell Turkish Sit Up', 'Target: Abdominals', 'https://youtu.be/KpufjJRtyPc', 15, 3);
# INSERT INTO exercise_muscle (exercise_id, muscle_id, intensity) VALUES (560, 11, 10);
# INSERT INTO exercise_muscle (exercise_id, muscle_id, intensity) VALUES (560, 2, 7);
#
# -- Exercise ID: 561
# INSERT INTO Exercise (id, title, description, link, equipment_id, training_type_id) VALUES (561, 'Double Kettlebell Turkish Sit Up', 'Target: Abdominals', 'https://youtu.be/RttCwCerCiM', 15, 3);
# INSERT INTO exercise_muscle (exercise_id, muscle_id, intensity) VALUES (561, 11, 10);
# INSERT INTO exercise_muscle (exercise_id, muscle_id, intensity) VALUES (561, 2, 7);
#
# -- Exercise ID: 562
# INSERT INTO Exercise (id, title, description, link, equipment_id, training_type_id) VALUES (562, 'Double Kettlebell Turkish Sit Up to Z Press', 'Target: Abdominals', 'https://youtu.be/UcLpNnWX8vE', 15, 2);
# INSERT INTO exercise_muscle (exercise_id, muscle_id, intensity) VALUES (562, 11, 10);
# INSERT INTO exercise_muscle (exercise_id, muscle_id, intensity) VALUES (562, 2, 7);
#
# -- Exercise ID: 563
# INSERT INTO Exercise (id, title, description, link, equipment_id, training_type_id) VALUES (563, 'Double Kettlebell Bottoms Up Front Rack Alternating Cossack Squat', 'Target: Quadriceps', 'https://youtu.be/aJGPHYsiyTM', 15, 2);
# INSERT INTO exercise_muscle (exercise_id, muscle_id, intensity) VALUES (563, 13, 10);
# INSERT INTO exercise_muscle (exercise_id, muscle_id, intensity) VALUES (563, 14, 7);
# INSERT INTO exercise_muscle (exercise_id, muscle_id, intensity) VALUES (563, 21, 4);
#
# -- Exercise ID: 564
# INSERT INTO Exercise (id, title, description, link, equipment_id, training_type_id) VALUES (564, 'Double Kettlebell Swing', 'Target: Glutes', 'https://youtu.be/fOPqk1FA4HU', 15, 10);
# INSERT INTO exercise_muscle (exercise_id, muscle_id, intensity) VALUES (564, 21, 10);
# INSERT INTO exercise_muscle (exercise_id, muscle_id, intensity) VALUES (564, 22, 7);
#
# -- Exercise ID: 565
# INSERT INTO Exercise (id, title, description, link, equipment_id, training_type_id) VALUES (565, 'Double Kettlebell Front Rack Squat', 'Target: Quadriceps', 'https://youtu.be/JoT4bHnzTMw?si=i8z5wbuObKGVIl4_', 15, 2);
# INSERT INTO exercise_muscle (exercise_id, muscle_id, intensity) VALUES (565, 13, 10);
# INSERT INTO exercise_muscle (exercise_id, muscle_id, intensity) VALUES (565, 21, 7);
#
# -- Exercise ID: 566
# INSERT INTO Exercise (id, title, description, link, equipment_id, training_type_id) VALUES (566, 'Single Arm Kettlebell Front Rack Squat', 'Target: Quadriceps', 'https://youtu.be/Wqg4NY5XAkU', 15, 2);
# INSERT INTO exercise_muscle (exercise_id, muscle_id, intensity) VALUES (566, 13, 10);
# INSERT INTO exercise_muscle (exercise_id, muscle_id, intensity) VALUES (566, 21, 7);
#
# -- Exercise ID: 567
# INSERT INTO Exercise (id, title, description, link, equipment_id, training_type_id) VALUES (567, 'Single Arm Kettlebell Front Rack Contralateral Split Squat', 'Target: Quadriceps', 'https://youtu.be/-Z8NXAi59SE', 15, 2);
# INSERT INTO exercise_muscle (exercise_id, muscle_id, intensity) VALUES (567, 13, 10);
# INSERT INTO exercise_muscle (exercise_id, muscle_id, intensity) VALUES (567, 21, 7);
# INSERT INTO exercise_muscle (exercise_id, muscle_id, intensity) VALUES (567, 22, 4);
#
# -- Exercise ID: 568
# INSERT INTO Exercise (id, title, description, link, equipment_id, training_type_id) VALUES (568, 'Single Arm Kettlebell Front Rack Carry', 'Target: Abdominals', 'https://youtu.be/M39871Puz6c', 15, 3);
# INSERT INTO exercise_muscle (exercise_id, muscle_id, intensity) VALUES (568, 11, 10);
#
# -- Exercise ID: 569
# INSERT INTO Exercise (id, title, description, link, equipment_id, training_type_id) VALUES (569, 'Double Kettlebell Bottoms Up Overhead Alternating Cossack Squat', 'Target: Quadriceps', NULL, 15, 2);
# INSERT INTO exercise_muscle (exercise_id, muscle_id, intensity) VALUES (569, 13, 10);
# INSERT INTO exercise_muscle (exercise_id, muscle_id, intensity) VALUES (569, 14, 7);
# INSERT INTO exercise_muscle (exercise_id, muscle_id, intensity) VALUES (569, 21, 4);
#
# -- Exercise ID: 570
# INSERT INTO Exercise (id, title, description, link, equipment_id, training_type_id) VALUES (570, 'Single Arm Kettlebell Squat Clean', 'Target: Quadriceps', 'https://youtu.be/FZ8mMUwnCQs', 15, 10);
# INSERT INTO exercise_muscle (exercise_id, muscle_id, intensity) VALUES (570, 13, 10);
# INSERT INTO exercise_muscle (exercise_id, muscle_id, intensity) VALUES (570, 21, 7);
#
# -- Exercise ID: 571
# INSERT INTO Exercise (id, title, description, link, equipment_id, training_type_id) VALUES (571, 'Double Kettlebell Prone Row', 'Target: Back', 'https://youtu.be/hUG_dolsaPE?si=_fw03cFT8VfLVtzo', 15, 2);
# INSERT INTO exercise_muscle (exercise_id, muscle_id, intensity) VALUES (571, 17, 10);
#
# -- Exercise ID: 572
# INSERT INTO Exercise (id, title, description, link, equipment_id, training_type_id) VALUES (572, 'Single Arm Kettlebell Bottoms Up Front Rack Carry', 'Target: Abdominals', 'https://youtu.be/0i2Aa8gV-VY?si=Z7AGqRY1Hod9Fwti', 15, 3);
# INSERT INTO exercise_muscle (exercise_id, muscle_id, intensity) VALUES (572, 11, 10);
#
# -- Exercise ID: 573
# INSERT INTO Exercise (id, title, description, link, equipment_id, training_type_id) VALUES (573, 'Double Kettlebell Bottoms Up Front Rack Carry', 'Target: Abdominals', 'https://youtu.be/F19T2zGlPGA', 15, 3);
# INSERT INTO exercise_muscle (exercise_id, muscle_id, intensity) VALUES (573, 11, 10);
#
# -- Exercise ID: 574
# INSERT INTO Exercise (id, title, description, link, equipment_id, training_type_id) VALUES (574, 'Double Kettlebell Bottoms Up Overhead Walking Lunge', 'Target: Quadriceps', NULL, 15, 2);
# INSERT INTO exercise_muscle (exercise_id, muscle_id, intensity) VALUES (574, 13, 10);
# INSERT INTO exercise_muscle (exercise_id, muscle_id, intensity) VALUES (574, 21, 7);
# INSERT INTO exercise_muscle (exercise_id, muscle_id, intensity) VALUES (574, 22, 4);
#
# -- Exercise ID: 575
# INSERT INTO Exercise (id, title, description, link, equipment_id, training_type_id) VALUES (575, 'Single Arm Kettlebell Bottoms Up Front Rack Walking Lunge', 'Target: Quadriceps', 'https://youtu.be/FvSL8slKKHY', 15, 2);
# INSERT INTO exercise_muscle (exercise_id, muscle_id, intensity) VALUES (575, 13, 10);
# INSERT INTO exercise_muscle (exercise_id, muscle_id, intensity) VALUES (575, 21, 7);
# INSERT INTO exercise_muscle (exercise_id, muscle_id, intensity) VALUES (575, 22, 4);
#
# -- Exercise ID: 576
# INSERT INTO Exercise (id, title, description, link, equipment_id, training_type_id) VALUES (576, 'Alternating Double Kettlebell Prone Row', 'Target: Back', 'https://youtu.be/OD7URB1yHAo?si=UX_3VmEfO_WpeiuT', 15, 2);
# INSERT INTO exercise_muscle (exercise_id, muscle_id, intensity) VALUES (576, 17, 10);
#
# -- Exercise ID: 577
# INSERT INTO Exercise (id, title, description, link, equipment_id, training_type_id) VALUES (577, 'Double Kettlebell Single Leg Romanian Deadlift', 'Target: Hamstrings', 'https://youtu.be/JkKxFADvLvk', 15, 2);
# INSERT INTO exercise_muscle (exercise_id, muscle_id, intensity) VALUES (577, 22, 10);
# INSERT INTO exercise_muscle (exercise_id, muscle_id, intensity) VALUES (577, 21, 7);
# INSERT INTO exercise_muscle (exercise_id, muscle_id, intensity) VALUES (577, 12, 4);
#
# -- Exercise ID: 578
# INSERT INTO Exercise (id, title, description, link, equipment_id, training_type_id) VALUES (578, 'Double Kettlebell Romanian Deadlift', 'Target: Hamstrings', 'https://youtu.be/Xa8hHIwOHe4', 15, 2);
# INSERT INTO exercise_muscle (exercise_id, muscle_id, intensity) VALUES (578, 22, 10);
# INSERT INTO exercise_muscle (exercise_id, muscle_id, intensity) VALUES (578, 21, 7);
# INSERT INTO exercise_muscle (exercise_id, muscle_id, intensity) VALUES (578, 20, 4);
#
# -- Exercise ID: 579
# INSERT INTO Exercise (id, title, description, link, equipment_id, training_type_id) VALUES (579, 'Single Arm Kettlebell Contralateral Single Leg Romanian Deadlift', 'Target: Hamstrings', 'https://youtu.be/9u_Fccgk9Ys', 15, 2);
# INSERT INTO exercise_muscle (exercise_id, muscle_id, intensity) VALUES (579, 22, 10);
# INSERT INTO exercise_muscle (exercise_id, muscle_id, intensity) VALUES (579, 21, 7);
# INSERT INTO exercise_muscle (exercise_id, muscle_id, intensity) VALUES (579, 12, 4);
#
# -- Exercise ID: 580
# INSERT INTO Exercise (id, title, description, link, equipment_id, training_type_id) VALUES (580, 'Single Arm Kettlebell Bottoms Up Overhead Squat', 'Target: Quadriceps', 'https://youtu.be/j0aAMnMp0yU', 15, 2);
# INSERT INTO exercise_muscle (exercise_id, muscle_id, intensity) VALUES (580, 13, 10);
# INSERT INTO exercise_muscle (exercise_id, muscle_id, intensity) VALUES (580, 21, 7);
#
# -- Exercise ID: 581
# INSERT INTO Exercise (id, title, description, link, equipment_id, training_type_id) VALUES (581, 'Single Arm Kettlebell Prone Row', 'Target: Back', 'https://youtu.be/QSbH7gNkBtc?si=ngxTS90XoTuvQDxs', 15, 2);
# INSERT INTO exercise_muscle (exercise_id, muscle_id, intensity) VALUES (581, 17, 10);
#
# -- Exercise ID: 582
# INSERT INTO Exercise (id, title, description, link, equipment_id, training_type_id) VALUES (582, 'Parallette Tuck Planche', 'Target: Abdominals', 'https://youtu.be/3WVToPNWjVk', 4, 4);
# INSERT INTO exercise_muscle (exercise_id, muscle_id, intensity) VALUES (582, 11, 10);
# INSERT INTO exercise_muscle (exercise_id, muscle_id, intensity) VALUES (582, 8, 7);
#
# -- Exercise ID: 583
# INSERT INTO Exercise (id, title, description, link, equipment_id, training_type_id) VALUES (583, 'Macebell Offset Bicep Curl', 'Target: Biceps', 'https://youtu.be/xkyQtEH8fxM?si=Zh1mTKcYEFs382Sk', 24, 2);
# INSERT INTO exercise_muscle (exercise_id, muscle_id, intensity) VALUES (583, 8, 10);
# INSERT INTO exercise_muscle (exercise_id, muscle_id, intensity) VALUES (583, 10, 4);
#
# -- Exercise ID: 584
# INSERT INTO Exercise (id, title, description, link, equipment_id, training_type_id) VALUES (584, 'Double Kettlebell Bottoms Up Decline Bench Press', 'Target: Chest', NULL, 15, 2);
# INSERT INTO exercise_muscle (exercise_id, muscle_id, intensity) VALUES (584, 7, 10);
# INSERT INTO exercise_muscle (exercise_id, muscle_id, intensity) VALUES (584, 4, 7);
#
# -- Exercise ID: 585
# INSERT INTO Exercise (id, title, description, link, equipment_id, training_type_id) VALUES (585, 'Parallette L Sit to Tuck Planche', 'Target: Abdominals', 'https://youtu.be/NUvTsZxo5nk', 4, 4);
# INSERT INTO exercise_muscle (exercise_id, muscle_id, intensity) VALUES (585, 11, 10);
#
# -- Exercise ID: 586
# INSERT INTO Exercise (id, title, description, link, equipment_id, training_type_id) VALUES (586, 'Alternating Double Kettlebell Bottoms Up Decline Bench Press', 'Target: Chest', NULL, 15, 2);
# INSERT INTO exercise_muscle (exercise_id, muscle_id, intensity) VALUES (586, 7, 10);
# INSERT INTO exercise_muscle (exercise_id, muscle_id, intensity) VALUES (586, 4, 7);
#
# -- Exercise ID: 587
# INSERT INTO Exercise (id, title, description, link, equipment_id, training_type_id) VALUES (587, 'Landmine Standing Oblique Twist', 'Target: Abdominals', 'https://youtu.be/4dGj7rES9pY', 19, 3);
# INSERT INTO exercise_muscle (exercise_id, muscle_id, intensity) VALUES (587, 12, 10);
#
# -- Exercise ID: 588
# INSERT INTO Exercise (id, title, description, link, equipment_id, training_type_id) VALUES (588, 'Cable Rope Tall Kneeling High to Low Chop', 'Target: Abdominals', 'https://youtu.be/h-af-afj-Xg', 8, 3);
# INSERT INTO exercise_muscle (exercise_id, muscle_id, intensity) VALUES (588, 12, 10);
# INSERT INTO exercise_muscle (exercise_id, muscle_id, intensity) VALUES (588, 11, 7);
#
# -- Exercise ID: 589
# INSERT INTO Exercise (id, title, description, link, equipment_id, training_type_id) VALUES (589, 'Single Arm Parallette Plank', 'Target: Abdominals', 'https://youtu.be/NrkFLTzLuSM', 4, 4);
# INSERT INTO exercise_muscle (exercise_id, muscle_id, intensity) VALUES (589, 11, 10);
#
# -- Exercise ID: 590
# INSERT INTO Exercise (id, title, description, link, equipment_id, training_type_id) VALUES (590, 'Single Arm Suspension Plank', 'Target: Abdominals', 'https://youtu.be/hetklTC7y4M?si=gHU6ufU8oAcg21Jv', 11, 3);
# INSERT INTO exercise_muscle (exercise_id, muscle_id, intensity) VALUES (590, 11, 10);
#
# -- Exercise ID: 591
# INSERT INTO Exercise (id, title, description, link, equipment_id, training_type_id) VALUES (591, 'Battle Rope Russian Twist', 'Target: Abdominals', 'https://youtu.be/_-kclLM0Mak', 32, 3);
# INSERT INTO exercise_muscle (exercise_id, muscle_id, intensity) VALUES (591, 12, 10);
# INSERT INTO exercise_muscle (exercise_id, muscle_id, intensity) VALUES (591, 11, 7);
#
# -- Exercise ID: 592
# INSERT INTO Exercise (id, title, description, link, equipment_id, training_type_id) VALUES (592, 'Bodyweight Bird Dog Knee to Elbow', 'Target: Abdominals', 'https://youtu.be/1v4_Vsvk3gc', 2, 3);
# INSERT INTO exercise_muscle (exercise_id, muscle_id, intensity) VALUES (592, 11, 10);
# INSERT INTO exercise_muscle (exercise_id, muscle_id, intensity) VALUES (592, 12, 7);
# INSERT INTO exercise_muscle (exercise_id, muscle_id, intensity) VALUES (592, 21, 4);
#
# -- Exercise ID: 593
# INSERT INTO Exercise (id, title, description, link, equipment_id, training_type_id) VALUES (593, 'Slam Ball Feet Elevated Russian Twist', 'Target: Abdominals', 'https://youtu.be/W1FXse115qs', 5, 3);
# INSERT INTO exercise_muscle (exercise_id, muscle_id, intensity) VALUES (593, 12, 10);
# INSERT INTO exercise_muscle (exercise_id, muscle_id, intensity) VALUES (593, 11, 7);
#
# -- Exercise ID: 594
# INSERT INTO Exercise (id, title, description, link, equipment_id, training_type_id) VALUES (594, 'Medicine Ball Feet Elevated Russian Twist', 'Target: Abdominals', 'https://youtu.be/IdEocZzdUNY', 10, 3);
# INSERT INTO exercise_muscle (exercise_id, muscle_id, intensity) VALUES (594, 12, 10);
# INSERT INTO exercise_muscle (exercise_id, muscle_id, intensity) VALUES (594, 11, 7);
#
# -- Exercise ID: 595
# INSERT INTO Exercise (id, title, description, link, equipment_id, training_type_id) VALUES (595, 'Alternating Double Dumbbell Prone Row', 'Target: Back', 'https://youtu.be/Ry9HwpfUbd8?si=oY89SBibCyKMJ7CT', 6, 2);
# INSERT INTO exercise_muscle (exercise_id, muscle_id, intensity) VALUES (595, 17, 10);
#
# -- Exercise ID: 596
# INSERT INTO Exercise (id, title, description, link, equipment_id, training_type_id) VALUES (596, 'Bodyweight Forearm Plank Alternating Knee to Elbow', 'Target: Abdominals', 'https://youtu.be/A_JgZzr6o-k', 2, 4);
# INSERT INTO exercise_muscle (exercise_id, muscle_id, intensity) VALUES (596, 11, 10);
#
# -- Exercise ID: 597
# INSERT INTO Exercise (id, title, description, link, equipment_id, training_type_id) VALUES (597, 'Bodyweight Loaded Beast to Alternating Kick Through', 'Target: Abdominals', 'https://youtu.be/lhh2tGD_47g', 2, 5);
# INSERT INTO exercise_muscle (exercise_id, muscle_id, intensity) VALUES (597, 11, 10);
#
# -- Exercise ID: 598
# INSERT INTO Exercise (id, title, description, link, equipment_id, training_type_id) VALUES (598, 'Single Arm Dumbbell Prone Row', 'Target: Back', 'https://youtu.be/-fuxiCQvMxQ?si=lCRmzsfrTeNaP0Gk', 6, 2);
# INSERT INTO exercise_muscle (exercise_id, muscle_id, intensity) VALUES (598, 17, 10);
#
# -- Exercise ID: 599
# INSERT INTO Exercise (id, title, description, link, equipment_id, training_type_id) VALUES (599, 'Double Kettlebell Clean', 'Target: Glutes', 'https://youtu.be/8tFmEJ9ElaM', 15, 10);
# INSERT INTO exercise_muscle (exercise_id, muscle_id, intensity) VALUES (599, 21, 10);
#
# -- Exercise ID: 600
# INSERT INTO Exercise (id, title, description, link, equipment_id, training_type_id) VALUES (600, 'Double Kettlebell Snatch', 'Target: Glutes', 'https://youtu.be/5WNcWPHXRZ0', 15, 10);
# INSERT INTO exercise_muscle (exercise_id, muscle_id, intensity) VALUES (600, 21, 10);
# INSERT INTO exercise_muscle (exercise_id, muscle_id, intensity) VALUES (600, 2, 7);
#
# -- Exercise ID: 601
# INSERT INTO Exercise (id, title, description, link, equipment_id, training_type_id) VALUES (601, 'Battle Rope Feet Elevated Russian Twist', 'Target: Abdominals', 'https://youtu.be/XdKaa2lHuic', 32, 3);
# INSERT INTO exercise_muscle (exercise_id, muscle_id, intensity) VALUES (601, 12, 10);
# INSERT INTO exercise_muscle (exercise_id, muscle_id, intensity) VALUES (601, 11, 7);
#
# -- Exercise ID: 602
# INSERT INTO Exercise (id, title, description, link, equipment_id, training_type_id) VALUES (602, 'Superband Dead Bug', 'Target: Abdominals', 'https://youtu.be/wCwn7-Z-XjE', 20, 3);
# INSERT INTO exercise_muscle (exercise_id, muscle_id, intensity) VALUES (602, 11, 10);
# INSERT INTO exercise_muscle (exercise_id, muscle_id, intensity) VALUES (602, 12, 7);
# INSERT INTO exercise_muscle (exercise_id, muscle_id, intensity) VALUES (602, 13, 4);
#
# -- Exercise ID: 603
# INSERT INTO Exercise (id, title, description, link, equipment_id, training_type_id) VALUES (603, 'Parallette V Sit', 'Target: Abdominals', 'https://youtu.be/oBmFzeay6Z8?si=dliVO8cgoAWNKwT3', 4, 3);
# INSERT INTO exercise_muscle (exercise_id, muscle_id, intensity) VALUES (603, 11, 10);
#
# -- Exercise ID: 604
# INSERT INTO Exercise (id, title, description, link, equipment_id, training_type_id) VALUES (604, 'Single Arm Dumbbell Pendlay Row', 'Target: Back', NULL, 6, 2);
# INSERT INTO exercise_muscle (exercise_id, muscle_id, intensity) VALUES (604, 17, 10);
# INSERT INTO exercise_muscle (exercise_id, muscle_id, intensity) VALUES (604, 8, 7);
#
# -- Exercise ID: 605
# INSERT INTO Exercise (id, title, description, link, equipment_id, training_type_id) VALUES (605, 'Single Arm Kettlebell Bottoms Up Decline Bench Press', 'Target: Chest', NULL, 15, 2);
# INSERT INTO exercise_muscle (exercise_id, muscle_id, intensity) VALUES (605, 7, 10);
# INSERT INTO exercise_muscle (exercise_id, muscle_id, intensity) VALUES (605, 4, 7);
#
# -- Exercise ID: 606
# INSERT INTO Exercise (id, title, description, link, equipment_id, training_type_id) VALUES (606, 'Double Kettlebell Split Jerk', 'Target: Shoulders', 'https://youtu.be/6sbNXcg-R0Y', 15, 3);
# INSERT INTO exercise_muscle (exercise_id, muscle_id, intensity) VALUES (606, 2, 10);
# INSERT INTO exercise_muscle (exercise_id, muscle_id, intensity) VALUES (606, 4, 7);
# INSERT INTO exercise_muscle (exercise_id, muscle_id, intensity) VALUES (606, 15, 4);
#
# -- Exercise ID: 607
# INSERT INTO Exercise (id, title, description, link, equipment_id, training_type_id) VALUES (607, 'Double Kettlebell High Pull', 'Target: Shoulders', 'https://youtu.be/dE9tcZabirE', 15, 10);
# INSERT INTO exercise_muscle (exercise_id, muscle_id, intensity) VALUES (607, 19, 10);
#
# -- Exercise ID: 608
# INSERT INTO Exercise (id, title, description, link, equipment_id, training_type_id) VALUES (608, 'Superband Pallof Press', 'Target: Abdominals', 'https://youtu.be/TvPRtxN8uoA', 20, 3);
# INSERT INTO exercise_muscle (exercise_id, muscle_id, intensity) VALUES (608, 12, 10);
# INSERT INTO exercise_muscle (exercise_id, muscle_id, intensity) VALUES (608, 11, 7);
#
# -- Exercise ID: 609
# INSERT INTO Exercise (id, title, description, link, equipment_id, training_type_id) VALUES (609, 'Superband Half Kneeling Pallof Press', 'Target: Abdominals', 'https://youtu.be/V-SoYj9uQV8', 20, 3);
# INSERT INTO exercise_muscle (exercise_id, muscle_id, intensity) VALUES (609, 12, 10);
# INSERT INTO exercise_muscle (exercise_id, muscle_id, intensity) VALUES (609, 11, 7);
#
# -- Exercise ID: 610
# INSERT INTO Exercise (id, title, description, link, equipment_id, training_type_id) VALUES (610, 'Superband Single Leg Standing Bent Knee Hip External Rotation', 'Target: Glutes', 'https://youtu.be/z97Mxord2Po', 20, 3);
# INSERT INTO exercise_muscle (exercise_id, muscle_id, intensity) VALUES (610, 21, 10);
# INSERT INTO exercise_muscle (exercise_id, muscle_id, intensity) VALUES (610, 15, 7);
#
# -- Exercise ID: 611
# INSERT INTO Exercise (id, title, description, link, equipment_id, training_type_id) VALUES (611, 'Macebell Reverse Grip Offset Bicep Curl', 'Target: Forearms', NULL, 24, 2);
# INSERT INTO exercise_muscle (exercise_id, muscle_id, intensity) VALUES (611, 10, 10);
# INSERT INTO exercise_muscle (exercise_id, muscle_id, intensity) VALUES (611, 8, 7);
#
# -- Exercise ID: 612
# INSERT INTO Exercise (id, title, description, link, equipment_id, training_type_id) VALUES (612, 'Ring Archer Row', 'Target: Shoulders', 'https://youtu.be/s1Cuq185q6Y?si=TNXwSjV_mkE_2ty0', 3, 3);
# INSERT INTO exercise_muscle (exercise_id, muscle_id, intensity) VALUES (612, 19, 10);
#
# -- Exercise ID: 613
# INSERT INTO Exercise (id, title, description, link, equipment_id, training_type_id) VALUES (613, 'Single Arm Landmine Row to Rotational Shoulder Press', 'Target: Shoulders', 'https://youtu.be/f-sh_ImlQUo', 19, 2);
# INSERT INTO exercise_muscle (exercise_id, muscle_id, intensity) VALUES (613, 2, 10);
# INSERT INTO exercise_muscle (exercise_id, muscle_id, intensity) VALUES (613, 4, 7);
#
# -- Exercise ID: 614
# INSERT INTO Exercise (id, title, description, link, equipment_id, training_type_id) VALUES (614, 'Bodyweight Hand Assisted Skater Squat', 'Target: Quadriceps', 'https://youtu.be/DExb7UaAlbg', 2, 4);
# INSERT INTO exercise_muscle (exercise_id, muscle_id, intensity) VALUES (614, 13, 10);
# INSERT INTO exercise_muscle (exercise_id, muscle_id, intensity) VALUES (614, 21, 7);
#
# -- Exercise ID: 615
# INSERT INTO Exercise (id, title, description, link, equipment_id, training_type_id) VALUES (615, 'Superband Pull Through', 'Target: Glutes', 'https://youtu.be/ZuKowDpVVXM', 20, 2);
# INSERT INTO exercise_muscle (exercise_id, muscle_id, intensity) VALUES (615, 21, 10);
#
# -- Exercise ID: 616
# INSERT INTO Exercise (id, title, description, link, equipment_id, training_type_id) VALUES (616, 'Miniband Quadruped Hip Extension', 'Target: Glutes', 'https://youtu.be/k30hN0vhlsY?si=ycYwNbMrFEnA94pG', 13, 2);
# INSERT INTO exercise_muscle (exercise_id, muscle_id, intensity) VALUES (616, 21, 10);
#
# -- Exercise ID: 617
# INSERT INTO Exercise (id, title, description, link, equipment_id, training_type_id) VALUES (617, 'Cable Hip Adduction', 'Target: Adductors', 'https://youtu.be/UyXncDziNGo?si=W4GuZaUvoWtiIOxj', 8, 3);
# INSERT INTO exercise_muscle (exercise_id, muscle_id, intensity) VALUES (617, 14, 10);
#
# -- Exercise ID: 618
# INSERT INTO Exercise (id, title, description, link, equipment_id, training_type_id) VALUES (618, 'Superband Tall Kneeling Pallof Press', 'Target: Abdominals', 'https://youtu.be/yUzjX1LdySo?si=2LpxjTl8N8OHsKqd', 20, 3);
# INSERT INTO exercise_muscle (exercise_id, muscle_id, intensity) VALUES (618, 12, 10);
# INSERT INTO exercise_muscle (exercise_id, muscle_id, intensity) VALUES (618, 11, 7);
#
# -- Exercise ID: 619
# INSERT INTO Exercise (id, title, description, link, equipment_id, training_type_id) VALUES (619, 'Slider Eccentric Hamstring Curl', 'Target: Hamstrings', 'https://youtu.be/vcCVej7p_vc', 14, 3);
# INSERT INTO exercise_muscle (exercise_id, muscle_id, intensity) VALUES (619, 22, 10);
# INSERT INTO exercise_muscle (exercise_id, muscle_id, intensity) VALUES (619, 21, 7);
#
# -- Exercise ID: 620
# INSERT INTO Exercise (id, title, description, link, equipment_id, training_type_id) VALUES (620, 'Landmine Low Hold Lateral Lunge', 'Target: Quadriceps', 'https://youtu.be/VTtLrBvHoJ8', 19, 3);
# INSERT INTO exercise_muscle (exercise_id, muscle_id, intensity) VALUES (620, 13, 10);
# INSERT INTO exercise_muscle (exercise_id, muscle_id, intensity) VALUES (620, 21, 7);
# INSERT INTO exercise_muscle (exercise_id, muscle_id, intensity) VALUES (620, 14, 4);
#
# -- Exercise ID: 621
# INSERT INTO Exercise (id, title, description, link, equipment_id, training_type_id) VALUES (621, 'Double Kettlebell Sumo Deadlift', 'Target: Back', 'https://youtu.be/4m288BpgfcQ', 15, 2);
# INSERT INTO exercise_muscle (exercise_id, muscle_id, intensity) VALUES (621, 17, 10);
# INSERT INTO exercise_muscle (exercise_id, muscle_id, intensity) VALUES (621, 21, 7);
# INSERT INTO exercise_muscle (exercise_id, muscle_id, intensity) VALUES (621, 22, 4);
#
# -- Exercise ID: 622
# INSERT INTO Exercise (id, title, description, link, equipment_id, training_type_id) VALUES (622, 'Slider Kneeling Reach Push Up', 'Target: Chest', 'https://youtu.be/-RTSF7qbrhs?si=hznPEKw9aLONjGpz', 14, 3);
# INSERT INTO exercise_muscle (exercise_id, muscle_id, intensity) VALUES (622, 7, 10);
# INSERT INTO exercise_muscle (exercise_id, muscle_id, intensity) VALUES (622, 4, 7);
#
# -- Exercise ID: 623
# INSERT INTO Exercise (id, title, description, link, equipment_id, training_type_id) VALUES (623, 'Slider Parallette Knee Tuck', 'Target: Abdominals', NULL, 14, 3);
# INSERT INTO exercise_muscle (exercise_id, muscle_id, intensity) VALUES (623, 11, 10);
#
# -- Exercise ID: 624
# INSERT INTO Exercise (id, title, description, link, equipment_id, training_type_id) VALUES (624, 'Superband Shoulder Dislocates', 'Target: Shoulders', 'https://youtu.be/MPtMYQH9vvg?si=eEJrNr3oqGzcma8_', 20, 8);
# INSERT INTO exercise_muscle (exercise_id, muscle_id, intensity) VALUES (624, 19, 10);
#
# -- Exercise ID: 625
# INSERT INTO Exercise (id, title, description, link, equipment_id, training_type_id) VALUES (625, 'Superband Alternating Shoulder Dislocates', 'Target: Shoulders', 'https://youtu.be/AJmPEWu4FiM?si=0h2x72A-kGfK3a_0', 20, 8);
# INSERT INTO exercise_muscle (exercise_id, muscle_id, intensity) VALUES (625, 19, 10);
#
# -- Exercise ID: 626
# INSERT INTO Exercise (id, title, description, link, equipment_id, training_type_id) VALUES (626, 'Superband Prone Shoulder Dislocates', 'Target: Shoulders', 'https://youtu.be/3WOAWkEKZGA?si=lSddj94elx-N7ZKJ', 20, 8);
# INSERT INTO exercise_muscle (exercise_id, muscle_id, intensity) VALUES (626, 19, 10);
#
# -- Exercise ID: 627
# INSERT INTO Exercise (id, title, description, link, equipment_id, training_type_id) VALUES (627, 'Ring L Sit', 'Target: Abdominals', 'https://youtu.be/lwcHmXvw-T4', 3, 4);
# INSERT INTO exercise_muscle (exercise_id, muscle_id, intensity) VALUES (627, 11, 10);
#
# -- Exercise ID: 628
# INSERT INTO Exercise (id, title, description, link, equipment_id, training_type_id) VALUES (628, 'Resistance Band Prone Shoulder Dislocates', 'Target: Shoulders', 'https://youtu.be/YwELfevh5vs?si=tmPYSbe-vfbiD0vx', 21, 8);
# INSERT INTO exercise_muscle (exercise_id, muscle_id, intensity) VALUES (628, 19, 10);
#
# -- Exercise ID: 629
# INSERT INTO Exercise (id, title, description, link, equipment_id, training_type_id) VALUES (629, 'Resistance Band Alternating Shoulder Dislocates', 'Target: Shoulders', NULL, 21, 8);
# INSERT INTO exercise_muscle (exercise_id, muscle_id, intensity) VALUES (629, 19, 10);
#
# -- Exercise ID: 630
# INSERT INTO Exercise (id, title, description, link, equipment_id, training_type_id) VALUES (630, 'Cable Straight Bar Spider Curl', 'Target: Biceps', 'https://youtu.be/zGyaLrwHJjs?si=sg4m9llWui7pmOT_', 8, 2);
# INSERT INTO exercise_muscle (exercise_id, muscle_id, intensity) VALUES (630, 8, 10);
# INSERT INTO exercise_muscle (exercise_id, muscle_id, intensity) VALUES (630, 10, 4);
#
# -- Exercise ID: 631
# INSERT INTO Exercise (id, title, description, link, equipment_id, training_type_id) VALUES (631, 'Double Kettlebell Bottoms Up Front Rack Squat', 'Target: Quadriceps', 'https://youtu.be/IvN-CSDnvoc', 15, 2);
# INSERT INTO exercise_muscle (exercise_id, muscle_id, intensity) VALUES (631, 13, 10);
# INSERT INTO exercise_muscle (exercise_id, muscle_id, intensity) VALUES (631, 21, 7);
#
# -- Exercise ID: 632
# INSERT INTO Exercise (id, title, description, link, equipment_id, training_type_id) VALUES (632, 'Barbell Back Rack Cyclist Squat', 'Target: Quadriceps', 'https://youtu.be/TT7Ra3TnlZY', 12, 2);
# INSERT INTO exercise_muscle (exercise_id, muscle_id, intensity) VALUES (632, 13, 10);
# INSERT INTO exercise_muscle (exercise_id, muscle_id, intensity) VALUES (632, 21, 7);
# INSERT INTO exercise_muscle (exercise_id, muscle_id, intensity) VALUES (632, 6, 4);
#
# -- Exercise ID: 633
# INSERT INTO Exercise (id, title, description, link, equipment_id, training_type_id) VALUES (633, 'Gravity Boots Inverted Sit Up', 'Target: Abdominals', 'https://youtu.be/AN4MBtCsJqo', 2, 3);
# INSERT INTO exercise_muscle (exercise_id, muscle_id, intensity) VALUES (633, 11, 10);
#
# -- Exercise ID: 634
# INSERT INTO Exercise (id, title, description, link, equipment_id, training_type_id) VALUES (634, 'Double Kettlebell Front Rack Knee Over Toe Split Squat', 'Target: Quadriceps', 'https://youtu.be/G7e7EenICzQ', 15, 2);
# INSERT INTO exercise_muscle (exercise_id, muscle_id, intensity) VALUES (634, 13, 10);
# INSERT INTO exercise_muscle (exercise_id, muscle_id, intensity) VALUES (634, 21, 7);
# INSERT INTO exercise_muscle (exercise_id, muscle_id, intensity) VALUES (634, 6, 4);
#
# -- Exercise ID: 635
# INSERT INTO Exercise (id, title, description, link, equipment_id, training_type_id) VALUES (635, 'Double Kettlebell Overhead Knee Over Toe Split Squat', 'Target: Quadriceps', NULL, 15, 2);
# INSERT INTO exercise_muscle (exercise_id, muscle_id, intensity) VALUES (635, 13, 10);
# INSERT INTO exercise_muscle (exercise_id, muscle_id, intensity) VALUES (635, 21, 7);
# INSERT INTO exercise_muscle (exercise_id, muscle_id, intensity) VALUES (635, 6, 4);
#
# -- Exercise ID: 636
# INSERT INTO Exercise (id, title, description, link, equipment_id, training_type_id) VALUES (636, 'Barbell Back Rack Step Up', 'Target: Quadriceps', 'https://youtu.be/uQGRzdjxHes', 12, 2);
# INSERT INTO exercise_muscle (exercise_id, muscle_id, intensity) VALUES (636, 13, 10);
# INSERT INTO exercise_muscle (exercise_id, muscle_id, intensity) VALUES (636, 21, 7);
# INSERT INTO exercise_muscle (exercise_id, muscle_id, intensity) VALUES (636, 22, 4);
#
# -- Exercise ID: 637
# INSERT INTO Exercise (id, title, description, link, equipment_id, training_type_id) VALUES (637, 'Barbell Front Rack Step Up', 'Target: Quadriceps', 'https://youtu.be/YR_7r6EzJdA', 12, 2);
# INSERT INTO exercise_muscle (exercise_id, muscle_id, intensity) VALUES (637, 13, 10);
# INSERT INTO exercise_muscle (exercise_id, muscle_id, intensity) VALUES (637, 21, 7);
# INSERT INTO exercise_muscle (exercise_id, muscle_id, intensity) VALUES (637, 22, 4);
#
# -- Exercise ID: 638
# INSERT INTO Exercise (id, title, description, link, equipment_id, training_type_id) VALUES (638, 'Barbell Standing Rollout', 'Target: Abdominals', 'https://youtu.be/_lI_GB0DI3o', 12, 3);
# INSERT INTO exercise_muscle (exercise_id, muscle_id, intensity) VALUES (638, 11, 10);
# INSERT INTO exercise_muscle (exercise_id, muscle_id, intensity) VALUES (638, 17, 7);
#
# -- Exercise ID: 639
# INSERT INTO Exercise (id, title, description, link, equipment_id, training_type_id) VALUES (639, 'Stability Ball Cable Russian Twist', 'Target: Abdominals', 'https://youtu.be/4ESBjh2BcdE', 1, 3);
# INSERT INTO exercise_muscle (exercise_id, muscle_id, intensity) VALUES (639, 12, 10);
# INSERT INTO exercise_muscle (exercise_id, muscle_id, intensity) VALUES (639, 11, 7);
#
# -- Exercise ID: 640
# INSERT INTO Exercise (id, title, description, link, equipment_id, training_type_id) VALUES (640, 'Miniband Frog Pump', 'Target: Glutes', 'https://youtu.be/rzjQ8XpXt1Q', 13, 2);
# INSERT INTO exercise_muscle (exercise_id, muscle_id, intensity) VALUES (640, 21, 10);
# INSERT INTO exercise_muscle (exercise_id, muscle_id, intensity) VALUES (640, 22, 7);
# INSERT INTO exercise_muscle (exercise_id, muscle_id, intensity) VALUES (640, 14, 4);
#
# -- Exercise ID: 641
# INSERT INTO Exercise (id, title, description, link, equipment_id, training_type_id) VALUES (641, 'Miniband Knee Hover Quadruped Fire Hydrant', 'Target: Glutes', NULL, 13, 2);
# INSERT INTO exercise_muscle (exercise_id, muscle_id, intensity) VALUES (641, 21, 10);
# INSERT INTO exercise_muscle (exercise_id, muscle_id, intensity) VALUES (641, 15, 7);
#
# -- Exercise ID: 642
# INSERT INTO Exercise (id, title, description, link, equipment_id, training_type_id) VALUES (642, 'Bodyweight Fire Hydrant', 'Target: Glutes', 'https://youtu.be/IFrN8GELc-k?feature=shared', 2, 3);
# INSERT INTO exercise_muscle (exercise_id, muscle_id, intensity) VALUES (642, 21, 10);
# INSERT INTO exercise_muscle (exercise_id, muscle_id, intensity) VALUES (642, 15, 7);
#
# -- Exercise ID: 643
# INSERT INTO Exercise (id, title, description, link, equipment_id, training_type_id) VALUES (643, 'Bodyweight Knee Hover Quadruped Fire Hydrant', 'Target: Glutes', 'https://youtu.be/8nmBvZ1DkKQ?si=RUcdU_JPDGU_yIWv', 2, 3);
# INSERT INTO exercise_muscle (exercise_id, muscle_id, intensity) VALUES (643, 21, 10);
# INSERT INTO exercise_muscle (exercise_id, muscle_id, intensity) VALUES (643, 15, 7);
#
# -- Exercise ID: 644
# INSERT INTO Exercise (id, title, description, link, equipment_id, training_type_id) VALUES (644, 'Dumbbell Crush Grip Spider Curl', 'Target: Biceps', NULL, 6, 2);
# INSERT INTO exercise_muscle (exercise_id, muscle_id, intensity) VALUES (644, 8, 10);
# INSERT INTO exercise_muscle (exercise_id, muscle_id, intensity) VALUES (644, 10, 4);
#
# -- Exercise ID: 645
# INSERT INTO Exercise (id, title, description, link, equipment_id, training_type_id) VALUES (645, 'Alternating Double Dumbbell Spider Curl', 'Target: Biceps', 'https://youtu.be/KznrM_RhXDc?si=Qxgmd-eTnFuZ5rpo', 6, 2);
# INSERT INTO exercise_muscle (exercise_id, muscle_id, intensity) VALUES (645, 8, 10);
# INSERT INTO exercise_muscle (exercise_id, muscle_id, intensity) VALUES (645, 10, 4);
#
# -- Exercise ID: 646
# INSERT INTO Exercise (id, title, description, link, equipment_id, training_type_id) VALUES (646, 'Bodyweight Bent Knee Copenhagen Plank Side Raise', 'Target: Adductors', 'https://youtu.be/xkcOhvzzta0', 2, 3);
# INSERT INTO exercise_muscle (exercise_id, muscle_id, intensity) VALUES (646, 14, 10);
#
# -- Exercise ID: 647
# INSERT INTO Exercise (id, title, description, link, equipment_id, training_type_id) VALUES (647, 'Bodyweight Kneeling Side Plank', 'Target: Abdominals', 'https://youtu.be/PAHxwhBVsYY?si=pym-tzPNwmH8zNeP', 2, 4);
# INSERT INTO exercise_muscle (exercise_id, muscle_id, intensity) VALUES (647, 12, 10);
# INSERT INTO exercise_muscle (exercise_id, muscle_id, intensity) VALUES (647, 11, 7);
#
# -- Exercise ID: 648
# INSERT INTO Exercise (id, title, description, link, equipment_id, training_type_id) VALUES (648, 'Bodyweight Wall Assisted Hip Airplane', 'Target: Glutes', 'https://youtu.be/20R2FqNUBsA?si=3Nuvhsgux27gQFjW', 2, 3);
# INSERT INTO exercise_muscle (exercise_id, muscle_id, intensity) VALUES (648, 15, 10);
#
# -- Exercise ID: 649
# INSERT INTO Exercise (id, title, description, link, equipment_id, training_type_id) VALUES (649, 'Superband Single Leg Tibialis Raise', 'Target: Shins', 'https://youtu.be/fAf6Z7wu7fM?si=6K5_014ZCoGfknf8', 20, 3);
# INSERT INTO exercise_muscle (exercise_id, muscle_id, intensity) VALUES (649, 5, 10);
#
# -- Exercise ID: 650
# INSERT INTO Exercise (id, title, description, link, equipment_id, training_type_id) VALUES (650, 'Barbell Zercher Squat', 'Target: Quadriceps', 'https://youtu.be/nwx6Ip7hd3I', 12, 3);
# INSERT INTO exercise_muscle (exercise_id, muscle_id, intensity) VALUES (650, 13, 10);
# INSERT INTO exercise_muscle (exercise_id, muscle_id, intensity) VALUES (650, 21, 7);
#
# -- Exercise ID: 651
# INSERT INTO Exercise (id, title, description, link, equipment_id, training_type_id) VALUES (651, 'Barbell Squat Snatch', 'Target: Quadriceps', 'https://youtu.be/9xQp2sldyts', 12, 11);
# INSERT INTO exercise_muscle (exercise_id, muscle_id, intensity) VALUES (651, 13, 10);
#
# -- Exercise ID: 652
# INSERT INTO Exercise (id, title, description, link, equipment_id, training_type_id) VALUES (652, 'Alternating Double Kettlebell Spider Curl', 'Target: Biceps', NULL, 15, 2);
# INSERT INTO exercise_muscle (exercise_id, muscle_id, intensity) VALUES (652, 8, 10);
# INSERT INTO exercise_muscle (exercise_id, muscle_id, intensity) VALUES (652, 10, 4);
#
# -- Exercise ID: 653
# INSERT INTO Exercise (id, title, description, link, equipment_id, training_type_id) VALUES (653, 'Barbell Squat Clean to Split Jerk', 'Target: Shoulders', 'https://youtu.be/PjY1rH4_MOA', 12, 11);
# INSERT INTO exercise_muscle (exercise_id, muscle_id, intensity) VALUES (653, 2, 10);
# INSERT INTO exercise_muscle (exercise_id, muscle_id, intensity) VALUES (653, 21, 7);
#
# -- Exercise ID: 654
# INSERT INTO Exercise (id, title, description, link, equipment_id, training_type_id) VALUES (654, 'Barbell Hang Squat Clean to Thruster', 'Target: Chest', 'https://youtu.be/1UD0dTGE04w?si=q2odI18mbdJTtPDF', 14, 3);
# INSERT INTO exercise_muscle (exercise_id, muscle_id, intensity) VALUES (654, 7, 10);
# INSERT INTO exercise_muscle (exercise_id, muscle_id, intensity) VALUES (654, 4, 7);
#
# -- Exercise ID: 655
# INSERT INTO Exercise (id, title, description, link, equipment_id, training_type_id) VALUES (655, 'Barbell Hang Squat Clean to Thruster', 'Target: Shoulders', 'https://youtu.be/8DApihgXzGk', 12, 3);
# INSERT INTO exercise_muscle (exercise_id, muscle_id, intensity) VALUES (655, 2, 10);
# INSERT INTO exercise_muscle (exercise_id, muscle_id, intensity) VALUES (655, 13, 7);
#
# -- Exercise ID: 656
# INSERT INTO Exercise (id, title, description, link, equipment_id, training_type_id) VALUES (656, 'Barbell Squat Clean to Thruster', 'Target: Shoulders', 'https://youtu.be/4qZWqKDAhkQ', 12, 3);
# INSERT INTO exercise_muscle (exercise_id, muscle_id, intensity) VALUES (656, 2, 10);
# INSERT INTO exercise_muscle (exercise_id, muscle_id, intensity) VALUES (656, 13, 7);
#
# -- Exercise ID: 657
# INSERT INTO Exercise (id, title, description, link, equipment_id, training_type_id) VALUES (657, 'Bodyweight Copenhagen Plank', 'Target: Adductors', 'https://youtu.be/tKb76R21AfM?si=zsuYyzMMfjZleCpc', 2, 3);
# INSERT INTO exercise_muscle (exercise_id, muscle_id, intensity) VALUES (657, 14, 10);
#
# -- Exercise ID: 658
# INSERT INTO Exercise (id, title, description, link, equipment_id, training_type_id) VALUES (658, 'Bodyweight Bent Knee Copenhagen Plank', 'Target: Adductors', 'https://youtu.be/obtdLUWZi-Y', 2, 3);
# INSERT INTO exercise_muscle (exercise_id, muscle_id, intensity) VALUES (658, 14, 10);
#
# -- Exercise ID: 659
# INSERT INTO Exercise (id, title, description, link, equipment_id, training_type_id) VALUES (659, 'Single Arm Clubbell Inside Pullover', 'Target: Back', 'https://youtu.be/DQg80eX08hg?si=LmF-paCX4u8uFLO7', 26, 3);
# INSERT INTO exercise_muscle (exercise_id, muscle_id, intensity) VALUES (659, 17, 10);
# INSERT INTO exercise_muscle (exercise_id, muscle_id, intensity) VALUES (659, 19, 7);
# INSERT INTO exercise_muscle (exercise_id, muscle_id, intensity) VALUES (659, 4, 4);
#
# -- Exercise ID: 660
# INSERT INTO Exercise (id, title, description, link, equipment_id, training_type_id) VALUES (660, 'Miniband Single Leg Hip Thrust', 'Target: Glutes', 'https://youtu.be/tPWyj85zsmg', 13, 2);
# INSERT INTO exercise_muscle (exercise_id, muscle_id, intensity) VALUES (660, 21, 10);
# INSERT INTO exercise_muscle (exercise_id, muscle_id, intensity) VALUES (660, 22, 7);
# INSERT INTO exercise_muscle (exercise_id, muscle_id, intensity) VALUES (660, 12, 4);
#
# -- Exercise ID: 661
# INSERT INTO Exercise (id, title, description, link, equipment_id, training_type_id) VALUES (661, 'Barbell Deficit Snatch Grip Deadlift', 'Target: Back', 'https://youtu.be/s_Cx_ElOuQs', 12, 2);
# INSERT INTO exercise_muscle (exercise_id, muscle_id, intensity) VALUES (661, 17, 10);
#
# -- Exercise ID: 662
# INSERT INTO Exercise (id, title, description, link, equipment_id, training_type_id) VALUES (662, 'Single Arm Clubbell Outside Pullover', 'Target: Back', 'https://youtu.be/sJ5XCgdCMx8?si=VIRgX4J73IavMF93', 26, 3);
# INSERT INTO exercise_muscle (exercise_id, muscle_id, intensity) VALUES (662, 17, 10);
# INSERT INTO exercise_muscle (exercise_id, muscle_id, intensity) VALUES (662, 19, 7);
# INSERT INTO exercise_muscle (exercise_id, muscle_id, intensity) VALUES (662, 4, 4);
#
# -- Exercise ID: 663
# INSERT INTO Exercise (id, title, description, link, equipment_id, training_type_id) VALUES (663, 'Bodyweight Hand Assisted Foot Elevated Knee Over Toe Split Squat', 'Target: Quadriceps', 'https://youtu.be/hTBEkHf8GmA', 2, 2);
# INSERT INTO exercise_muscle (exercise_id, muscle_id, intensity) VALUES (663, 13, 10);
# INSERT INTO exercise_muscle (exercise_id, muscle_id, intensity) VALUES (663, 21, 7);
# INSERT INTO exercise_muscle (exercise_id, muscle_id, intensity) VALUES (663, 6, 4);
#
# -- Exercise ID: 664
# INSERT INTO Exercise (id, title, description, link, equipment_id, training_type_id) VALUES (664, 'Bodyweight Foot Elevated Knee Over Toe Split Squat', 'Target: Quadriceps', 'https://youtu.be/Gu4qA5TevLU', 2, 2);
# INSERT INTO exercise_muscle (exercise_id, muscle_id, intensity) VALUES (664, 13, 10);
# INSERT INTO exercise_muscle (exercise_id, muscle_id, intensity) VALUES (664, 21, 7);
# INSERT INTO exercise_muscle (exercise_id, muscle_id, intensity) VALUES (664, 6, 4);
#
# -- Exercise ID: 665
# INSERT INTO Exercise (id, title, description, link, equipment_id, training_type_id) VALUES (665, 'Double Kettlebell Thruster', 'Target: Quadriceps', 'https://youtu.be/5-mxMxigTfw', 15, 2);
# INSERT INTO exercise_muscle (exercise_id, muscle_id, intensity) VALUES (665, 13, 10);
# INSERT INTO exercise_muscle (exercise_id, muscle_id, intensity) VALUES (665, 2, 7);
#
# -- Exercise ID: 666
# INSERT INTO Exercise (id, title, description, link, equipment_id, training_type_id) VALUES (666, 'Double Kettlebell Cossack Squat Thruster', 'Target: Shoulders', 'https://youtu.be/DbKGRbkQ80E', 15, 2);
# INSERT INTO exercise_muscle (exercise_id, muscle_id, intensity) VALUES (666, 2, 10);
# INSERT INTO exercise_muscle (exercise_id, muscle_id, intensity) VALUES (666, 13, 7);
# INSERT INTO exercise_muscle (exercise_id, muscle_id, intensity) VALUES (666, 14, 4);
#
# -- Exercise ID: 667
# INSERT INTO Exercise (id, title, description, link, equipment_id, training_type_id) VALUES (667, 'Double Kettlebell Alternating Cossack Squat Thruster', 'Target: Shoulders', NULL, 15, 2);
# INSERT INTO exercise_muscle (exercise_id, muscle_id, intensity) VALUES (667, 2, 10);
# INSERT INTO exercise_muscle (exercise_id, muscle_id, intensity) VALUES (667, 13, 7);
# INSERT INTO exercise_muscle (exercise_id, muscle_id, intensity) VALUES (667, 14, 4);
#
# -- Exercise ID: 668
# INSERT INTO Exercise (id, title, description, link, equipment_id, training_type_id) VALUES (668, 'Single Arm Landmine Shrug', 'Target: Trapezius', 'https://youtu.be/I_qhTOdNkHo?si=7wY3icLNd-TkFk5i', 19, 2);
# INSERT INTO exercise_muscle (exercise_id, muscle_id, intensity) VALUES (668, 9, 10);
# INSERT INTO exercise_muscle (exercise_id, muscle_id, intensity) VALUES (668, 18, 4);
#
# -- Exercise ID: 669
# INSERT INTO Exercise (id, title, description, link, equipment_id, training_type_id) VALUES (669, 'Double Kettlebell Front Rack Walking Lunge', 'Target: Quadriceps', 'https://youtu.be/Xmfx1eZMKmY', 15, 2);
# INSERT INTO exercise_muscle (exercise_id, muscle_id, intensity) VALUES (669, 13, 10);
# INSERT INTO exercise_muscle (exercise_id, muscle_id, intensity) VALUES (669, 21, 7);
# INSERT INTO exercise_muscle (exercise_id, muscle_id, intensity) VALUES (669, 22, 4);
#
# -- Exercise ID: 670
# INSERT INTO Exercise (id, title, description, link, equipment_id, training_type_id) VALUES (670, 'Double Kettlebell Overhead Walking Lunge', 'Target: Quadriceps', 'https://youtu.be/hcQJcKxc240', 15, 2);
# INSERT INTO exercise_muscle (exercise_id, muscle_id, intensity) VALUES (670, 13, 10);
# INSERT INTO exercise_muscle (exercise_id, muscle_id, intensity) VALUES (670, 21, 7);
# INSERT INTO exercise_muscle (exercise_id, muscle_id, intensity) VALUES (670, 22, 4);
#
# -- Exercise ID: 671
# INSERT INTO Exercise (id, title, description, link, equipment_id, training_type_id) VALUES (671, 'Plate Seated Steering Wheel', 'Target: Shoulders', NULL, 22, 3);
# INSERT INTO exercise_muscle (exercise_id, muscle_id, intensity) VALUES (671, 2, 10);
#
# -- Exercise ID: 672
# INSERT INTO Exercise (id, title, description, link, equipment_id, training_type_id) VALUES (672, 'Parallette L Sit to Handstand', 'Target: Shoulders', 'https://youtu.be/iCR95j-MbjY', 4, 4);
# INSERT INTO exercise_muscle (exercise_id, muscle_id, intensity) VALUES (672, 2, 10);
#
# -- Exercise ID: 673
# INSERT INTO Exercise (id, title, description, link, equipment_id, training_type_id) VALUES (673, 'Ring Straddle L Sit', 'Target: Abdominals', 'https://youtu.be/pjk0vGe9YRU', 3, 4);
# INSERT INTO exercise_muscle (exercise_id, muscle_id, intensity) VALUES (673, 11, 10);
#
# -- Exercise ID: 674
# INSERT INTO Exercise (id, title, description, link, equipment_id, training_type_id) VALUES (674, 'Double Kettlebell Seesaw Overhead Press', 'Target: Shoulders', 'https://youtu.be/VWnVBfRkLXE?si=AeN6Q9aAnShqxuIb', 15, 2);
# INSERT INTO exercise_muscle (exercise_id, muscle_id, intensity) VALUES (674, 2, 10);
# INSERT INTO exercise_muscle (exercise_id, muscle_id, intensity) VALUES (674, 4, 7);
#
# -- Exercise ID: 675
# INSERT INTO Exercise (id, title, description, link, equipment_id, training_type_id) VALUES (675, 'Double Kettlebell Half Kneeling Seesaw Overhead Press', 'Target: Shoulders', 'https://youtu.be/UiY-JIpmt24?si=ox4YNd9xIIVapyeB', 15, 2);
# INSERT INTO exercise_muscle (exercise_id, muscle_id, intensity) VALUES (675, 2, 10);
# INSERT INTO exercise_muscle (exercise_id, muscle_id, intensity) VALUES (675, 4, 7);
#
# -- Exercise ID: 676
# INSERT INTO Exercise (id, title, description, link, equipment_id, training_type_id) VALUES (676, 'Double Kettlebell Bottoms Up Seesaw Bench Press', 'Target: Chest', NULL, 15, 2);
# INSERT INTO exercise_muscle (exercise_id, muscle_id, intensity) VALUES (676, 7, 10);
# INSERT INTO exercise_muscle (exercise_id, muscle_id, intensity) VALUES (676, 4, 7);
#
# -- Exercise ID: 677
# INSERT INTO Exercise (id, title, description, link, equipment_id, training_type_id) VALUES (677, 'Double Kettlebell Bottoms Up Seesaw Incline Bench Press', 'Target: Chest', NULL, 15, 2);
# INSERT INTO exercise_muscle (exercise_id, muscle_id, intensity) VALUES (677, 7, 10);
# INSERT INTO exercise_muscle (exercise_id, muscle_id, intensity) VALUES (677, 4, 7);
#
# -- Exercise ID: 678
# INSERT INTO Exercise (id, title, description, link, equipment_id, training_type_id) VALUES (678, 'Double Kettlebell Bottoms Up Seesaw Decline Bench Press', 'Target: Chest', NULL, 15, 2);
# INSERT INTO exercise_muscle (exercise_id, muscle_id, intensity) VALUES (678, 7, 10);
# INSERT INTO exercise_muscle (exercise_id, muscle_id, intensity) VALUES (678, 4, 7);
#
# -- Exercise ID: 679
# INSERT INTO Exercise (id, title, description, link, equipment_id, training_type_id) VALUES (679, 'Double Kettlebell Bottoms Up Seesaw Floor Press', 'Target: Chest', NULL, 15, 2);
# INSERT INTO exercise_muscle (exercise_id, muscle_id, intensity) VALUES (679, 7, 10);
# INSERT INTO exercise_muscle (exercise_id, muscle_id, intensity) VALUES (679, 4, 7);
# INSERT INTO exercise_muscle (exercise_id, muscle_id, intensity) VALUES (679, 2, 4);
#
# -- Exercise ID: 680
# INSERT INTO Exercise (id, title, description, link, equipment_id, training_type_id) VALUES (680, 'Double Dumbbell Tall Kneeling Seesaw Overhead Press', 'Target: Shoulders', 'https://youtu.be/Lk0xszw7Tf8', 6, 2);
# INSERT INTO exercise_muscle (exercise_id, muscle_id, intensity) VALUES (680, 2, 10);
# INSERT INTO exercise_muscle (exercise_id, muscle_id, intensity) VALUES (680, 4, 7);
# INSERT INTO exercise_muscle (exercise_id, muscle_id, intensity) VALUES (680, 11, 4);
#
# -- Exercise ID: 681
# INSERT INTO Exercise (id, title, description, link, equipment_id, training_type_id) VALUES (681, 'Double Dumbbell Half Kneeling Seesaw Overhead Press', 'Target: Shoulders', 'https://youtu.be/NP4p_SWAgnA?si=VoTKPhBbaaWrrYZH', 6, 2);
# INSERT INTO exercise_muscle (exercise_id, muscle_id, intensity) VALUES (681, 2, 10);
# INSERT INTO exercise_muscle (exercise_id, muscle_id, intensity) VALUES (681, 4, 7);
# INSERT INTO exercise_muscle (exercise_id, muscle_id, intensity) VALUES (681, 11, 4);
#
# -- Exercise ID: 682
# INSERT INTO Exercise (id, title, description, link, equipment_id, training_type_id) VALUES (682, 'Double Dumbbell Seesaw Z Press', 'Target: Shoulders', 'https://youtu.be/L_Y8osw78lA?si=3eK1QuOTlQjCzAxO', 6, 2);
# INSERT INTO exercise_muscle (exercise_id, muscle_id, intensity) VALUES (682, 2, 10);
# INSERT INTO exercise_muscle (exercise_id, muscle_id, intensity) VALUES (682, 4, 7);
# INSERT INTO exercise_muscle (exercise_id, muscle_id, intensity) VALUES (682, 11, 4);
#
# -- Exercise ID: 683
# INSERT INTO Exercise (id, title, description, link, equipment_id, training_type_id) VALUES (683, 'Stability Ball Sit Up', 'Target: Abdominals', 'https://youtu.be/7L90imlW0es?si=gY7k7XVC43IRrv-N', 1, 3);
# INSERT INTO exercise_muscle (exercise_id, muscle_id, intensity) VALUES (683, 11, 10);
#
# -- Exercise ID: 684
# INSERT INTO Exercise (id, title, description, link, equipment_id, training_type_id) VALUES (684, 'EZ Bar Wide Grip Strict Bicep Curl', 'Target: Biceps', 'https://youtu.be/j83lzC2E4Ss?si=PcoF092JVJRpg8T4', 18, 2);
# INSERT INTO exercise_muscle (exercise_id, muscle_id, intensity) VALUES (684, 8, 10);
# INSERT INTO exercise_muscle (exercise_id, muscle_id, intensity) VALUES (684, 10, 4);
#
# -- Exercise ID: 685
# INSERT INTO Exercise (id, title, description, link, equipment_id, training_type_id) VALUES (685, 'Double Kettlebell Squat Clean', 'Target: Quadriceps', 'https://youtu.be/6wyxpVY8PQ0', 15, 10);
# INSERT INTO exercise_muscle (exercise_id, muscle_id, intensity) VALUES (685, 13, 10);
# INSERT INTO exercise_muscle (exercise_id, muscle_id, intensity) VALUES (685, 21, 7);
#
# -- Exercise ID: 686
# INSERT INTO Exercise (id, title, description, link, equipment_id, training_type_id) VALUES (686, 'Double Kettlebell Hollow Body Hold', 'Target: Abdominals', 'https://youtu.be/do1yf3NMXdg', 15, 3);
# INSERT INTO exercise_muscle (exercise_id, muscle_id, intensity) VALUES (686, 11, 10);
#
# -- Exercise ID: 687
# INSERT INTO Exercise (id, title, description, link, equipment_id, training_type_id) VALUES (687, 'Alternating Double Dumbbell Incline Bench Prone Row', 'Target: Back', 'https://youtu.be/xkCR2CkkL1g?si=Qy0YPAcCasZF6kNk', 6, 2);
# INSERT INTO exercise_muscle (exercise_id, muscle_id, intensity) VALUES (687, 17, 10);
#
# -- Exercise ID: 688
# INSERT INTO Exercise (id, title, description, link, equipment_id, training_type_id) VALUES (688, 'Bodyweight Side Lying Hip Adduction', 'Target: Adductors', 'https://youtu.be/UW52u8OaWhw?si=WdEOpAR_PSB9x9bR', 2, 3);
# INSERT INTO exercise_muscle (exercise_id, muscle_id, intensity) VALUES (688, 14, 10);
#
# -- Exercise ID: 689
# INSERT INTO Exercise (id, title, description, link, equipment_id, training_type_id) VALUES (689, 'Superband Hollow Body Hold', 'Target: Abdominals', 'https://youtu.be/8QRsSJ-Ny8M', 20, 3);
# INSERT INTO exercise_muscle (exercise_id, muscle_id, intensity) VALUES (689, 11, 10);
#
# -- Exercise ID: 690
# INSERT INTO Exercise (id, title, description, link, equipment_id, training_type_id) VALUES (690, 'Parallette Freestanding Handstand Push Up', 'Target: Shoulders', 'https://youtu.be/3FYYo6lP-dw', 4, 4);
# INSERT INTO exercise_muscle (exercise_id, muscle_id, intensity) VALUES (690, 2, 10);
# INSERT INTO exercise_muscle (exercise_id, muscle_id, intensity) VALUES (690, 4, 7);
#
# -- Exercise ID: 691
# INSERT INTO Exercise (id, title, description, link, equipment_id, training_type_id) VALUES (691, 'Slider Single Leg Eccentric Hamstring Curl', 'Target: Hamstrings', 'https://youtu.be/yAOulKW0al4', 14, 3);
# INSERT INTO exercise_muscle (exercise_id, muscle_id, intensity) VALUES (691, 22, 10);
# INSERT INTO exercise_muscle (exercise_id, muscle_id, intensity) VALUES (691, 21, 7);
#
# -- Exercise ID: 692
# INSERT INTO Exercise (id, title, description, link, equipment_id, training_type_id) VALUES (692, 'Bodyweight Freestanding Handstand Push Up', 'Target: Shoulders', 'https://youtu.be/aAErmRDDJKY', 2, 4);
# INSERT INTO exercise_muscle (exercise_id, muscle_id, intensity) VALUES (692, 2, 10);
# INSERT INTO exercise_muscle (exercise_id, muscle_id, intensity) VALUES (692, 4, 7);
#
# -- Exercise ID: 693
# INSERT INTO Exercise (id, title, description, link, equipment_id, training_type_id) VALUES (693, 'Single Arm Ring Grip Push Up', 'Target: Chest', 'https://youtu.be/CXVqHGLmb3Q', 3, 4);
# INSERT INTO exercise_muscle (exercise_id, muscle_id, intensity) VALUES (693, 7, 10);
# INSERT INTO exercise_muscle (exercise_id, muscle_id, intensity) VALUES (693, 4, 7);
# INSERT INTO exercise_muscle (exercise_id, muscle_id, intensity) VALUES (693, 2, 4);
#
# -- Exercise ID: 694
# INSERT INTO Exercise (id, title, description, link, equipment_id, training_type_id) VALUES (694, 'Superband Side Plank Hanging Adduction', 'Target: Adductors', 'https://youtu.be/JG0Ay2QDVbI', 20, 3);
# INSERT INTO exercise_muscle (exercise_id, muscle_id, intensity) VALUES (694, 14, 10);
#
# -- Exercise ID: 695
# INSERT INTO Exercise (id, title, description, link, equipment_id, training_type_id) VALUES (695, 'Ring Strap Bulgarian Handstand Push Up', 'Target: Shoulders', 'https://youtu.be/ZNCupJIYP6M', 3, 4);
# INSERT INTO exercise_muscle (exercise_id, muscle_id, intensity) VALUES (695, 2, 10);
# INSERT INTO exercise_muscle (exercise_id, muscle_id, intensity) VALUES (695, 4, 7);
#
# -- Exercise ID: 696
# INSERT INTO Exercise (id, title, description, link, equipment_id, training_type_id) VALUES (696, 'Ring Freestanding Handstand Push Up', 'Target: Shoulders', NULL, 3, 4);
# INSERT INTO exercise_muscle (exercise_id, muscle_id, intensity) VALUES (696, 2, 10);
# INSERT INTO exercise_muscle (exercise_id, muscle_id, intensity) VALUES (696, 4, 7);
#
# -- Exercise ID: 697
# INSERT INTO Exercise (id, title, description, link, equipment_id, training_type_id) VALUES (697, 'Stability Ball Feet Elevated Frog Pump', 'Target: Glutes', 'https://youtu.be/Rc5e-DsD--M', 1, 3);
# INSERT INTO exercise_muscle (exercise_id, muscle_id, intensity) VALUES (697, 21, 10);
# INSERT INTO exercise_muscle (exercise_id, muscle_id, intensity) VALUES (697, 22, 7);
# INSERT INTO exercise_muscle (exercise_id, muscle_id, intensity) VALUES (697, 14, 4);
#
# -- Exercise ID: 698
# INSERT INTO Exercise (id, title, description, link, equipment_id, training_type_id) VALUES (698, 'Stability Ball Miniband Feet Elevated Frog Pump', 'Target: Glutes', NULL, 1, 2);
# INSERT INTO exercise_muscle (exercise_id, muscle_id, intensity) VALUES (698, 21, 10);
# INSERT INTO exercise_muscle (exercise_id, muscle_id, intensity) VALUES (698, 22, 7);
# INSERT INTO exercise_muscle (exercise_id, muscle_id, intensity) VALUES (698, 14, 4);
#
# -- Exercise ID: 699
# INSERT INTO Exercise (id, title, description, link, equipment_id, training_type_id) VALUES (699, 'Double Kettlebell Hollow Body Hold with Flutter Kicks', 'Target: Abdominals', 'https://youtu.be/HOQeoz3zQeo', 15, 3);
# INSERT INTO exercise_muscle (exercise_id, muscle_id, intensity) VALUES (699, 11, 10);
#
# -- Exercise ID: 700
# INSERT INTO Exercise (id, title, description, link, equipment_id, training_type_id) VALUES (700, 'Barbell Overhead Cyclist Squat', 'Target: Quadriceps', NULL, 12, 2);
# INSERT INTO exercise_muscle (exercise_id, muscle_id, intensity) VALUES (700, 13, 10);
# INSERT INTO exercise_muscle (exercise_id, muscle_id, intensity) VALUES (700, 21, 7);
# INSERT INTO exercise_muscle (exercise_id, muscle_id, intensity) VALUES (700, 6, 4);
#
# -- Exercise ID: 701
# INSERT INTO Exercise (id, title, description, link, equipment_id, training_type_id) VALUES (701, 'Barbell Front Rack Cyclist Squat', 'Target: Quadriceps', 'https://youtu.be/IU_0IBe4G9w', 12, 2);
# INSERT INTO exercise_muscle (exercise_id, muscle_id, intensity) VALUES (701, 13, 10);
# INSERT INTO exercise_muscle (exercise_id, muscle_id, intensity) VALUES (701, 21, 7);
# INSERT INTO exercise_muscle (exercise_id, muscle_id, intensity) VALUES (701, 6, 4);
#
# -- Exercise ID: 702
# INSERT INTO Exercise (id, title, description, link, equipment_id, training_type_id) VALUES (702, 'Double Kettlebell Dead Clean to Push Press', 'Target: Shoulders', 'https://youtu.be/NAZ9uF9S_wk', 15, 10);
# INSERT INTO exercise_muscle (exercise_id, muscle_id, intensity) VALUES (702, 2, 10);
# INSERT INTO exercise_muscle (exercise_id, muscle_id, intensity) VALUES (702, 4, 7);
#
# -- Exercise ID: 703
# INSERT INTO Exercise (id, title, description, link, equipment_id, training_type_id) VALUES (703, 'Bodyweight Bent Arm Press Handstand', 'Target: Shoulders', 'https://youtu.be/Gzz3ku70W3I', 2, 4);
# INSERT INTO exercise_muscle (exercise_id, muscle_id, intensity) VALUES (703, 2, 10);
# INSERT INTO exercise_muscle (exercise_id, muscle_id, intensity) VALUES (703, 4, 7);
#
# -- Exercise ID: 704
# INSERT INTO Exercise (id, title, description, link, equipment_id, training_type_id) VALUES (704, 'Barbell Cyclist Thruster', 'Target: Quadriceps', NULL, 12, 2);
# INSERT INTO exercise_muscle (exercise_id, muscle_id, intensity) VALUES (704, 13, 10);
# INSERT INTO exercise_muscle (exercise_id, muscle_id, intensity) VALUES (704, 2, 7);
#
# -- Exercise ID: 705
# INSERT INTO Exercise (id, title, description, link, equipment_id, training_type_id) VALUES (705, 'Parallette L Sit to Bent Arm Press Handstand', 'Target: Shoulders', 'https://youtu.be/6wfu8QHBYZU', 4, 4);
# INSERT INTO exercise_muscle (exercise_id, muscle_id, intensity) VALUES (705, 2, 10);
# INSERT INTO exercise_muscle (exercise_id, muscle_id, intensity) VALUES (705, 4, 7);
#
# -- Exercise ID: 706
# INSERT INTO Exercise (id, title, description, link, equipment_id, training_type_id) VALUES (706, 'Alternating Single Arm Landmine Thruster', 'Target: Quadriceps', 'https://youtu.be/woG921FLD3E', 19, 2);
# INSERT INTO exercise_muscle (exercise_id, muscle_id, intensity) VALUES (706, 13, 10);
# INSERT INTO exercise_muscle (exercise_id, muscle_id, intensity) VALUES (706, 2, 7);
#
# -- Exercise ID: 707
# INSERT INTO Exercise (id, title, description, link, equipment_id, training_type_id) VALUES (707, 'Single Arm Dumbbell Cyclist Thruster', 'Target: Quadriceps', 'https://youtu.be/2Tt0XZ2pZyE', 6, 2);
# INSERT INTO exercise_muscle (exercise_id, muscle_id, intensity) VALUES (707, 13, 10);
# INSERT INTO exercise_muscle (exercise_id, muscle_id, intensity) VALUES (707, 2, 7);
#
# -- Exercise ID: 708
# INSERT INTO Exercise (id, title, description, link, equipment_id, training_type_id) VALUES (708, 'Alternating Single Arm Landmine Cyclist Thruster', 'Target: Quadriceps', NULL, 19, 2);
# INSERT INTO exercise_muscle (exercise_id, muscle_id, intensity) VALUES (708, 13, 10);
# INSERT INTO exercise_muscle (exercise_id, muscle_id, intensity) VALUES (708, 2, 7);
#
# -- Exercise ID: 709
# INSERT INTO Exercise (id, title, description, link, equipment_id, training_type_id) VALUES (709, 'Barbell Low Bar Cyclist Squat', 'Target: Quadriceps', NULL, 12, 2);
# INSERT INTO exercise_muscle (exercise_id, muscle_id, intensity) VALUES (709, 13, 10);
# INSERT INTO exercise_muscle (exercise_id, muscle_id, intensity) VALUES (709, 21, 7);
# INSERT INTO exercise_muscle (exercise_id, muscle_id, intensity) VALUES (709, 6, 4);
#
# -- Exercise ID: 710
# INSERT INTO Exercise (id, title, description, link, equipment_id, training_type_id) VALUES (710, 'Double Kettlebell Front Rack Split Squat', 'Target: Quadriceps', 'https://youtu.be/ExJCssj4YV0', 15, 2);
# INSERT INTO exercise_muscle (exercise_id, muscle_id, intensity) VALUES (710, 13, 10);
# INSERT INTO exercise_muscle (exercise_id, muscle_id, intensity) VALUES (710, 21, 7);
# INSERT INTO exercise_muscle (exercise_id, muscle_id, intensity) VALUES (710, 22, 4);
#
# -- Exercise ID: 711
# INSERT INTO Exercise (id, title, description, link, equipment_id, training_type_id) VALUES (711, 'Double Kettlebell Front Rack Bulgarian Split Squat', 'Target: Quadriceps', 'https://youtu.be/Q3yDIeMfdNg', 15, 2);
# INSERT INTO exercise_muscle (exercise_id, muscle_id, intensity) VALUES (711, 13, 10);
# INSERT INTO exercise_muscle (exercise_id, muscle_id, intensity) VALUES (711, 21, 7);
# INSERT INTO exercise_muscle (exercise_id, muscle_id, intensity) VALUES (711, 22, 4);
#
# -- Exercise ID: 712
# INSERT INTO Exercise (id, title, description, link, equipment_id, training_type_id) VALUES (712, 'Double Kettlebell Overhead Squat', 'Target: Quadriceps', 'https://youtu.be/2Pk8jmse6vY', 15, 2);
# INSERT INTO exercise_muscle (exercise_id, muscle_id, intensity) VALUES (712, 13, 10);
# INSERT INTO exercise_muscle (exercise_id, muscle_id, intensity) VALUES (712, 21, 7);
#
# -- Exercise ID: 713
# INSERT INTO Exercise (id, title, description, link, equipment_id, training_type_id) VALUES (713, 'Bodyweight Chest Roll to Straight Body Press Handstand', 'Target: Shoulders', 'https://youtu.be/mYQAYnr2hlg?si=gqlNGvKWytXXQP1H', 2, 4);
# INSERT INTO exercise_muscle (exercise_id, muscle_id, intensity) VALUES (713, 2, 10);
# INSERT INTO exercise_muscle (exercise_id, muscle_id, intensity) VALUES (713, 4, 7);
#
# -- Exercise ID: 714
# INSERT INTO Exercise (id, title, description, link, equipment_id, training_type_id) VALUES (714, 'Single Arm Kettlebell Overhead Contralateral Knee Over Toe Split Squat', 'Target: Quadriceps', NULL, 15, 2);
# INSERT INTO exercise_muscle (exercise_id, muscle_id, intensity) VALUES (714, 13, 10);
# INSERT INTO exercise_muscle (exercise_id, muscle_id, intensity) VALUES (714, 21, 7);
# INSERT INTO exercise_muscle (exercise_id, muscle_id, intensity) VALUES (714, 6, 4);
#
# -- Exercise ID: 715
# INSERT INTO Exercise (id, title, description, link, equipment_id, training_type_id) VALUES (715, 'Ring Bent Arm Bent Body Press Handstand', 'Target: Shoulders', 'https://youtu.be/TxkC9nrvOho', 3, 4);
# INSERT INTO exercise_muscle (exercise_id, muscle_id, intensity) VALUES (715, 2, 10);
# INSERT INTO exercise_muscle (exercise_id, muscle_id, intensity) VALUES (715, 4, 7);
#
# -- Exercise ID: 716
# INSERT INTO Exercise (id, title, description, link, equipment_id, training_type_id) VALUES (716, 'Single Arm Kettlebell Sumo Deadlift', 'Target: Back', 'https://youtu.be/1XyV5eNL1z0', 15, 2);
# INSERT INTO exercise_muscle (exercise_id, muscle_id, intensity) VALUES (716, 17, 10);
# INSERT INTO exercise_muscle (exercise_id, muscle_id, intensity) VALUES (716, 21, 7);
# INSERT INTO exercise_muscle (exercise_id, muscle_id, intensity) VALUES (716, 22, 4);
#
# -- Exercise ID: 717
# INSERT INTO Exercise (id, title, description, link, equipment_id, training_type_id) VALUES (717, 'Single Arm Kettlebell Front Rack Contralateral Knee Over Toe Split Squat', 'Target: Quadriceps', NULL, 15, 2);
# INSERT INTO exercise_muscle (exercise_id, muscle_id, intensity) VALUES (717, 13, 10);
# INSERT INTO exercise_muscle (exercise_id, muscle_id, intensity) VALUES (717, 21, 7);
# INSERT INTO exercise_muscle (exercise_id, muscle_id, intensity) VALUES (717, 6, 4);
#
# -- Exercise ID: 718
# INSERT INTO Exercise (id, title, description, link, equipment_id, training_type_id) VALUES (718, 'Ring Dip to Handstand', 'Target: Triceps', NULL, 3, 4);
# INSERT INTO exercise_muscle (exercise_id, muscle_id, intensity) VALUES (718, 4, 10);
# INSERT INTO exercise_muscle (exercise_id, muscle_id, intensity) VALUES (718, 2, 7);
#
# -- Exercise ID: 719
# INSERT INTO Exercise (id, title, description, link, equipment_id, training_type_id) VALUES (719, 'Ring Handstand to Elbow Lever to Handstand', 'Target: Shoulders', NULL, 3, 4);
# INSERT INTO exercise_muscle (exercise_id, muscle_id, intensity) VALUES (719, 2, 10);
# INSERT INTO exercise_muscle (exercise_id, muscle_id, intensity) VALUES (719, 4, 7);
#
# -- Exercise ID: 720
# INSERT INTO Exercise (id, title, description, link, equipment_id, training_type_id) VALUES (720, 'Ring Dip Straight Body Press to Handstand', 'Target: Shoulders', NULL, 3, 4);
# INSERT INTO exercise_muscle (exercise_id, muscle_id, intensity) VALUES (720, 2, 10);
# INSERT INTO exercise_muscle (exercise_id, muscle_id, intensity) VALUES (720, 4, 7);
#
# -- Exercise ID: 721
# INSERT INTO Exercise (id, title, description, link, equipment_id, training_type_id) VALUES (721, 'Kettlebell Swing', 'Target: Glutes', 'https://youtu.be/1cVT3ee9mgU', 15, 10);
# INSERT INTO exercise_muscle (exercise_id, muscle_id, intensity) VALUES (721, 21, 10);
#
# -- Exercise ID: 722
# INSERT INTO Exercise (id, title, description, link, equipment_id, training_type_id) VALUES (722, 'Alternating Single Arm Kettlebell Swing', 'Target: Glutes', 'https://youtu.be/WK4ughYoUEI?si=2mvQ9x0jZEF2zzRA', 15, 10);
# INSERT INTO exercise_muscle (exercise_id, muscle_id, intensity) VALUES (722, 21, 10);
#
# -- Exercise ID: 723
# INSERT INTO Exercise (id, title, description, link, equipment_id, training_type_id) VALUES (723, 'Alternating Single Arm Kettlebell Clean', 'Target: Glutes', 'https://youtu.be/dPN2mj5R2S8', 15, 10);
# INSERT INTO exercise_muscle (exercise_id, muscle_id, intensity) VALUES (723, 21, 10);
#
# -- Exercise ID: 724
# INSERT INTO Exercise (id, title, description, link, equipment_id, training_type_id) VALUES (724, 'Alternating Single Arm Kettlebell Snatch', 'Target: Glutes', 'https://youtu.be/0aq5EW0euvA', 15, 10);
# INSERT INTO exercise_muscle (exercise_id, muscle_id, intensity) VALUES (724, 21, 10);
# INSERT INTO exercise_muscle (exercise_id, muscle_id, intensity) VALUES (724, 2, 7);
#
# -- Exercise ID: 725
# INSERT INTO Exercise (id, title, description, link, equipment_id, training_type_id) VALUES (725, 'Ring Straight Arm L Sit Straddle Press Handstand', 'Target: Shoulders', NULL, 3, 4);
# INSERT INTO exercise_muscle (exercise_id, muscle_id, intensity) VALUES (725, 2, 10);
# INSERT INTO exercise_muscle (exercise_id, muscle_id, intensity) VALUES (725, 4, 7);
#
# -- Exercise ID: 726
# INSERT INTO Exercise (id, title, description, link, equipment_id, training_type_id) VALUES (726, 'Single Arm Kettlebell Bottoms Up Overhead Contralateral Knee Over Toe Split Squat', 'Target: Quadriceps', NULL, 15, 2);
# INSERT INTO exercise_muscle (exercise_id, muscle_id, intensity) VALUES (726, 13, 10);
# INSERT INTO exercise_muscle (exercise_id, muscle_id, intensity) VALUES (726, 21, 7);
# INSERT INTO exercise_muscle (exercise_id, muscle_id, intensity) VALUES (726, 6, 4);
#
# -- Exercise ID: 727
# INSERT INTO Exercise (id, title, description, link, equipment_id, training_type_id) VALUES (727, 'Single Arm Kettlebell Staggered Stance Swing', 'Target: Glutes', 'https://youtu.be/L2WY5gYUb1U', 15, 10);
# INSERT INTO exercise_muscle (exercise_id, muscle_id, intensity) VALUES (727, 21, 10);
#
# -- Exercise ID: 728
# INSERT INTO Exercise (id, title, description, link, equipment_id, training_type_id) VALUES (728, 'Alternating Single Arm Kettlebell Alternating Staggered Stance Swing', 'Target: Glutes', 'https://youtu.be/Ss7KjOjCpVU', 15, 10);
# INSERT INTO exercise_muscle (exercise_id, muscle_id, intensity) VALUES (728, 21, 10);
#
# -- Exercise ID: 729
# INSERT INTO Exercise (id, title, description, link, equipment_id, training_type_id) VALUES (729, 'Single Arm Kettlebell Half Kneeling Swing', 'Target: Glutes', 'https://youtu.be/QVvrdVbq9qs', 15, 10);
# INSERT INTO exercise_muscle (exercise_id, muscle_id, intensity) VALUES (729, 21, 10);
#
# -- Exercise ID: 730
# INSERT INTO Exercise (id, title, description, link, equipment_id, training_type_id) VALUES (730, 'Double Kettlebell Outside Swing', 'Target: Glutes', 'https://youtu.be/zrvtXpwVTOI', 15, 10);
# INSERT INTO exercise_muscle (exercise_id, muscle_id, intensity) VALUES (730, 21, 10);
#
# -- Exercise ID: 731
# INSERT INTO Exercise (id, title, description, link, equipment_id, training_type_id) VALUES (731, 'Double Kettlebell Outside Half Snatch', 'Target: Glutes', 'https://youtu.be/Fx-qV1dHGi4?feature=shared', 15, 10);
# INSERT INTO exercise_muscle (exercise_id, muscle_id, intensity) VALUES (731, 21, 10);
# INSERT INTO exercise_muscle (exercise_id, muscle_id, intensity) VALUES (731, 22, 7);
# INSERT INTO exercise_muscle (exercise_id, muscle_id, intensity) VALUES (731, 2, 4);
#
# -- Exercise ID: 732
# INSERT INTO Exercise (id, title, description, link, equipment_id, training_type_id) VALUES (732, 'Double Kettlebell Outside Clean', 'Target: Glutes', 'https://youtu.be/QtlvLhVFR40', 15, 10);
# INSERT INTO exercise_muscle (exercise_id, muscle_id, intensity) VALUES (732, 21, 10);
#
# -- Exercise ID: 733
# INSERT INTO Exercise (id, title, description, link, equipment_id, training_type_id) VALUES (733, 'Single Arm Kettlebell Side Swing', 'Target: Abdominals', 'https://youtu.be/YBJnavxcbUA', 15, 10);
# INSERT INTO exercise_muscle (exercise_id, muscle_id, intensity) VALUES (733, 12, 10);
#
# -- Exercise ID: 734
# INSERT INTO Exercise (id, title, description, link, equipment_id, training_type_id) VALUES (734, 'Kettlebell Feet Elevated Russian Twist', 'Target: Abdominals', 'https://youtu.be/59_aq7COfts', 15, 3);
# INSERT INTO exercise_muscle (exercise_id, muscle_id, intensity) VALUES (734, 12, 10);
# INSERT INTO exercise_muscle (exercise_id, muscle_id, intensity) VALUES (734, 11, 7);
#
# -- Exercise ID: 735
# INSERT INTO Exercise (id, title, description, link, equipment_id, training_type_id) VALUES (735, 'Single Arm Kettlebell Half Kneeling Windmill', 'Target: Abdominals', 'https://youtu.be/wjYNzITBDqg', 15, 6);
# INSERT INTO exercise_muscle (exercise_id, muscle_id, intensity) VALUES (735, 12, 10);
# INSERT INTO exercise_muscle (exercise_id, muscle_id, intensity) VALUES (735, 11, 7);
# INSERT INTO exercise_muscle (exercise_id, muscle_id, intensity) VALUES (735, 2, 4);
#
# -- Exercise ID: 736
# INSERT INTO Exercise (id, title, description, link, equipment_id, training_type_id) VALUES (736, 'Double Kettlebell Front Rack Skater Squat', 'Target: Quadriceps', 'https://youtu.be/9uTU2zneGOE', 15, 12);
# INSERT INTO exercise_muscle (exercise_id, muscle_id, intensity) VALUES (736, 13, 10);
# INSERT INTO exercise_muscle (exercise_id, muscle_id, intensity) VALUES (736, 21, 7);
#
# -- Exercise ID: 737
# INSERT INTO Exercise (id, title, description, link, equipment_id, training_type_id) VALUES (737, 'Kettlebell Horn Grip Skater Squat', 'Target: Quadriceps', 'https://youtu.be/q1TuasYdM2M', 15, 12);
# INSERT INTO exercise_muscle (exercise_id, muscle_id, intensity) VALUES (737, 13, 10);
# INSERT INTO exercise_muscle (exercise_id, muscle_id, intensity) VALUES (737, 21, 7);
#
# -- Exercise ID: 738
# INSERT INTO Exercise (id, title, description, link, equipment_id, training_type_id) VALUES (738, 'Double Kettlebell Front Rack Pistol Squat', 'Target: Quadriceps', 'https://youtu.be/-A7yvmUv8Cw', 15, 12);
# INSERT INTO exercise_muscle (exercise_id, muscle_id, intensity) VALUES (738, 13, 10);
# INSERT INTO exercise_muscle (exercise_id, muscle_id, intensity) VALUES (738, 21, 7);
#
# -- Exercise ID: 739
# INSERT INTO Exercise (id, title, description, link, equipment_id, training_type_id) VALUES (739, 'Ring Straight Arm Pike Press Handstand', 'Target: Shoulders', NULL, 3, 4);
# INSERT INTO exercise_muscle (exercise_id, muscle_id, intensity) VALUES (739, 2, 10);
# INSERT INTO exercise_muscle (exercise_id, muscle_id, intensity) VALUES (739, 4, 7);
#
# -- Exercise ID: 740
# INSERT INTO Exercise (id, title, description, link, equipment_id, training_type_id) VALUES (740, 'Single Arm Kettlebell Hollow Body Hold with Flutter Kicks', 'Target: Abdominals', 'https://youtu.be/JGY8VuvaEHc?si=LVWYZO5Qt-3WONJf', 15, 3);
# INSERT INTO exercise_muscle (exercise_id, muscle_id, intensity) VALUES (740, 11, 10);
#
# -- Exercise ID: 741
# INSERT INTO Exercise (id, title, description, link, equipment_id, training_type_id) VALUES (741, 'Ring Back Lever Pullout', 'Target: Abdominals', 'https://youtu.be/FRBr2pomeOM?si=15TQvL3xIskTVzVA', 3, 4);
# INSERT INTO exercise_muscle (exercise_id, muscle_id, intensity) VALUES (741, 11, 10);
#
# -- Exercise ID: 742
# INSERT INTO Exercise (id, title, description, link, equipment_id, training_type_id) VALUES (742, 'Double Kettlebell Clean to Overhead Press', 'Target: Shoulders', 'https://youtu.be/5Fx69TRWARc', 15, 10);
# INSERT INTO exercise_muscle (exercise_id, muscle_id, intensity) VALUES (742, 2, 10);
# INSERT INTO exercise_muscle (exercise_id, muscle_id, intensity) VALUES (742, 4, 7);
# INSERT INTO exercise_muscle (exercise_id, muscle_id, intensity) VALUES (742, 15, 4);
#
# -- Exercise ID: 743
# INSERT INTO Exercise (id, title, description, link, equipment_id, training_type_id) VALUES (743, 'Kettlebell Alternating Halo to Horn Grip Bottoms Up Squat', 'Target: Shoulders', 'https://youtu.be/-0FIWmBbo9U', 15, 3);
# INSERT INTO exercise_muscle (exercise_id, muscle_id, intensity) VALUES (743, 19, 10);
# INSERT INTO exercise_muscle (exercise_id, muscle_id, intensity) VALUES (743, 13, 7);
#
# -- Exercise ID: 744
# INSERT INTO Exercise (id, title, description, link, equipment_id, training_type_id) VALUES (744, 'Ring German Hang Pullout', 'Target: Abdominals', 'https://youtu.be/J34xkKOc9GI', 3, 4);
# INSERT INTO exercise_muscle (exercise_id, muscle_id, intensity) VALUES (744, 11, 10);
#
# -- Exercise ID: 745
# INSERT INTO Exercise (id, title, description, link, equipment_id, training_type_id) VALUES (745, 'Ring Dead Hang to Front Lever Pull Up', 'Target: Back', NULL, 3, 4);
# INSERT INTO exercise_muscle (exercise_id, muscle_id, intensity) VALUES (745, 17, 10);
#
# -- Exercise ID: 746
# INSERT INTO Exercise (id, title, description, link, equipment_id, training_type_id) VALUES (746, 'Single Arm Kettlebell Side to Side Swing', 'Target: Abdominals', 'https://youtu.be/yQUYjqDvvfM', 15, 10);
# INSERT INTO exercise_muscle (exercise_id, muscle_id, intensity) VALUES (746, 11, 10);
#
# -- Exercise ID: 747
# INSERT INTO Exercise (id, title, description, link, equipment_id, training_type_id) VALUES (747, 'Single Arm Kettlebell Bottoms Up Turkish Get Up', 'Target: Abdominals', 'https://youtu.be/jpgvV6wdXVw', 15, 6);
# INSERT INTO exercise_muscle (exercise_id, muscle_id, intensity) VALUES (747, 12, 10);
# INSERT INTO exercise_muscle (exercise_id, muscle_id, intensity) VALUES (747, 11, 7);
#
# -- Exercise ID: 748
# INSERT INTO Exercise (id, title, description, link, equipment_id, training_type_id) VALUES (748, 'Single Arm Kettlebell Thruster', 'Target: Quadriceps', 'https://youtu.be/vBkzGpZSEF4', 15, 2);
# INSERT INTO exercise_muscle (exercise_id, muscle_id, intensity) VALUES (748, 13, 10);
# INSERT INTO exercise_muscle (exercise_id, muscle_id, intensity) VALUES (748, 2, 7);
#
# -- Exercise ID: 749
# INSERT INTO Exercise (id, title, description, link, equipment_id, training_type_id) VALUES (749, 'Alternating Double Kettlebell Thruster', 'Target: Quadriceps', 'https://youtu.be/AeK6i-5gvJ0', 15, 2);
# INSERT INTO exercise_muscle (exercise_id, muscle_id, intensity) VALUES (749, 13, 10);
# INSERT INTO exercise_muscle (exercise_id, muscle_id, intensity) VALUES (749, 2, 7);
#
# -- Exercise ID: 750
# INSERT INTO Exercise (id, title, description, link, equipment_id, training_type_id) VALUES (750, 'Single Arm Kettlebell Bottoms Up Clean to Overhead Press', 'Target: Shoulders', 'https://youtu.be/EF4ep3h5Olk', 15, 10);
# INSERT INTO exercise_muscle (exercise_id, muscle_id, intensity) VALUES (750, 2, 10);
# INSERT INTO exercise_muscle (exercise_id, muscle_id, intensity) VALUES (750, 21, 7);
#
# -- Exercise ID: 751
# INSERT INTO Exercise (id, title, description, link, equipment_id, training_type_id) VALUES (751, 'Single Arm Kettlebell Tactical Snatch', 'Target: Glutes', 'https://youtu.be/lWVxdK_AT2s?si=lgWC5CSMGVpQHo9t', 15, 10);
# INSERT INTO exercise_muscle (exercise_id, muscle_id, intensity) VALUES (751, 21, 10);
# INSERT INTO exercise_muscle (exercise_id, muscle_id, intensity) VALUES (751, 2, 7);
#
# -- Exercise ID: 752
# INSERT INTO Exercise (id, title, description, link, equipment_id, training_type_id) VALUES (752, 'Single Arm Kettlebell Snatch to Overhead Contralateral Reverse Lunge', 'Target: Quadriceps', 'https://youtu.be/oReUJtUlMGU', 15, 10);
# INSERT INTO exercise_muscle (exercise_id, muscle_id, intensity) VALUES (752, 13, 10);
# INSERT INTO exercise_muscle (exercise_id, muscle_id, intensity) VALUES (752, 21, 7);
# INSERT INTO exercise_muscle (exercise_id, muscle_id, intensity) VALUES (752, 22, 4);
#
# -- Exercise ID: 753
# INSERT INTO Exercise (id, title, description, link, equipment_id, training_type_id) VALUES (753, 'Double Kettlebell Snatch to Overhead Alternating Reverse Lunge', 'Target: Quadriceps', 'https://youtu.be/VpURrAKPhcE?si=gSYbC8kpIa5xMxr8', 15, 10);
# INSERT INTO exercise_muscle (exercise_id, muscle_id, intensity) VALUES (753, 13, 10);
# INSERT INTO exercise_muscle (exercise_id, muscle_id, intensity) VALUES (753, 21, 7);
# INSERT INTO exercise_muscle (exercise_id, muscle_id, intensity) VALUES (753, 22, 4);
#
# -- Exercise ID: 754
# INSERT INTO Exercise (id, title, description, link, equipment_id, training_type_id) VALUES (754, 'Single Arm Kettlebell Clean to Front Rack Contralateral Reverse Lunge', 'Target: Quadriceps', 'https://youtu.be/oqjLx5Injps', 15, 10);
# INSERT INTO exercise_muscle (exercise_id, muscle_id, intensity) VALUES (754, 13, 10);
# INSERT INTO exercise_muscle (exercise_id, muscle_id, intensity) VALUES (754, 21, 7);
# INSERT INTO exercise_muscle (exercise_id, muscle_id, intensity) VALUES (754, 22, 4);
#
# -- Exercise ID: 755
# INSERT INTO Exercise (id, title, description, link, equipment_id, training_type_id) VALUES (755, 'Double Kettlebell Clean to Front Rack Alternating Reverse Lunge', 'Target: Quadriceps', 'https://youtu.be/GcELFmMN8Aw?si=W3EMe0pdjq0WSGKA', 15, 10);
# INSERT INTO exercise_muscle (exercise_id, muscle_id, intensity) VALUES (755, 13, 10);
# INSERT INTO exercise_muscle (exercise_id, muscle_id, intensity) VALUES (755, 21, 7);
# INSERT INTO exercise_muscle (exercise_id, muscle_id, intensity) VALUES (755, 22, 4);
#
# -- Exercise ID: 756
# INSERT INTO Exercise (id, title, description, link, equipment_id, training_type_id) VALUES (756, 'Ring Full Front Lever Pull Up', 'Target: Back', 'https://youtu.be/DoB6uv4u_ZI', 3, 4);
# INSERT INTO exercise_muscle (exercise_id, muscle_id, intensity) VALUES (756, 17, 10);
#
# -- Exercise ID: 757
# INSERT INTO Exercise (id, title, description, link, equipment_id, training_type_id) VALUES (757, 'Single Arm Kettlebell Split Jerk', 'Target: Shoulders', 'https://youtu.be/DeoexkyNuns?si=WrruI69jETw4SBe-', 15, 3);
# INSERT INTO exercise_muscle (exercise_id, muscle_id, intensity) VALUES (757, 2, 10);
# INSERT INTO exercise_muscle (exercise_id, muscle_id, intensity) VALUES (757, 4, 7);
# INSERT INTO exercise_muscle (exercise_id, muscle_id, intensity) VALUES (757, 15, 4);
#
# -- Exercise ID: 758
# INSERT INTO Exercise (id, title, description, link, equipment_id, training_type_id) VALUES (758, 'Parallette Stalder Press to Handstand', 'Target: Shoulders', 'https://youtu.be/629s2UN88ic', 4, 4);
# INSERT INTO exercise_muscle (exercise_id, muscle_id, intensity) VALUES (758, 2, 10);
# INSERT INTO exercise_muscle (exercise_id, muscle_id, intensity) VALUES (758, 11, 7);
#
# -- Exercise ID: 759
# INSERT INTO Exercise (id, title, description, link, equipment_id, training_type_id) VALUES (759, 'Double Kettlebell Bottoms Up Clean to Front Rack Squat', 'Target: Glutes', NULL, 15, 10);
# INSERT INTO exercise_muscle (exercise_id, muscle_id, intensity) VALUES (759, 21, 10);
# INSERT INTO exercise_muscle (exercise_id, muscle_id, intensity) VALUES (759, 13, 7);
#
# -- Exercise ID: 760
# INSERT INTO Exercise (id, title, description, link, equipment_id, training_type_id) VALUES (760, 'Single Arm Ring Chin Up', 'Target: Biceps', 'https://youtu.be/S22n8oqcDSY?si=GFs-J_IAwjttVe0y', 3, 4);
# INSERT INTO exercise_muscle (exercise_id, muscle_id, intensity) VALUES (760, 8, 10);
# INSERT INTO exercise_muscle (exercise_id, muscle_id, intensity) VALUES (760, 17, 7);
#
# -- Exercise ID: 761
# INSERT INTO Exercise (id, title, description, link, equipment_id, training_type_id) VALUES (761, 'Double Kettlebell Bottoms Up Overhead Squat', 'Target: Quadriceps', 'https://youtu.be/kSlZIksA8XQ', 15, 3);
# INSERT INTO exercise_muscle (exercise_id, muscle_id, intensity) VALUES (761, 13, 10);
# INSERT INTO exercise_muscle (exercise_id, muscle_id, intensity) VALUES (761, 21, 7);
#
# -- Exercise ID: 762
# INSERT INTO Exercise (id, title, description, link, equipment_id, training_type_id) VALUES (762, 'Double Kettlebell Bottoms Up Thruster', 'Target: Quadriceps', 'https://youtu.be/ZjNbjnGz1Cg', 15, 2);
# INSERT INTO exercise_muscle (exercise_id, muscle_id, intensity) VALUES (762, 13, 10);
# INSERT INTO exercise_muscle (exercise_id, muscle_id, intensity) VALUES (762, 2, 7);
#
# -- Exercise ID: 763
# INSERT INTO Exercise (id, title, description, link, equipment_id, training_type_id) VALUES (763, 'Ring Iron Cross', 'Target: Back', 'https://youtu.be/HZbee93OIdo', 3, 4);
# INSERT INTO exercise_muscle (exercise_id, muscle_id, intensity) VALUES (763, 17, 10);
# INSERT INTO exercise_muscle (exercise_id, muscle_id, intensity) VALUES (763, 8, 7);
#
# -- Exercise ID: 764
# INSERT INTO Exercise (id, title, description, link, equipment_id, training_type_id) VALUES (764, 'Parallette Full Planche Push Up', 'Target: Chest', NULL, 4, 4);
# INSERT INTO exercise_muscle (exercise_id, muscle_id, intensity) VALUES (764, 7, 10);
# INSERT INTO exercise_muscle (exercise_id, muscle_id, intensity) VALUES (764, 4, 7);
# INSERT INTO exercise_muscle (exercise_id, muscle_id, intensity) VALUES (764, 11, 4);
#
# -- Exercise ID: 765
# INSERT INTO Exercise (id, title, description, link, equipment_id, training_type_id) VALUES (765, 'Parallette Straddle Planche Push Up', 'Target: Chest', NULL, 4, 4);
# INSERT INTO exercise_muscle (exercise_id, muscle_id, intensity) VALUES (765, 7, 10);
# INSERT INTO exercise_muscle (exercise_id, muscle_id, intensity) VALUES (765, 4, 7);
# INSERT INTO exercise_muscle (exercise_id, muscle_id, intensity) VALUES (765, 11, 4);
#
# -- Exercise ID: 766
# INSERT INTO Exercise (id, title, description, link, equipment_id, training_type_id) VALUES (766, 'Bar Dead Hang to Front Lever Pull Up', 'Target: Back', NULL, 16, 4);
# INSERT INTO exercise_muscle (exercise_id, muscle_id, intensity) VALUES (766, 17, 10);
#
# -- Exercise ID: 767
# INSERT INTO Exercise (id, title, description, link, equipment_id, training_type_id) VALUES (767, 'Bar Full Front Lever Pull Up', 'Target: Back', NULL, 16, 4);
# INSERT INTO exercise_muscle (exercise_id, muscle_id, intensity) VALUES (767, 17, 10);
#
# -- Exercise ID: 768
# INSERT INTO Exercise (id, title, description, link, equipment_id, training_type_id) VALUES (768, 'Barbell Overhead Bulgarian Split Squat', 'Target: Quadriceps', 'https://youtu.be/F_t7_XRdLbs?si=moBf8_s1adbBBwRY', 12, 2);
# INSERT INTO exercise_muscle (exercise_id, muscle_id, intensity) VALUES (768, 13, 10);
# INSERT INTO exercise_muscle (exercise_id, muscle_id, intensity) VALUES (768, 21, 7);
# INSERT INTO exercise_muscle (exercise_id, muscle_id, intensity) VALUES (768, 22, 4);
#
# -- Exercise ID: 769
# INSERT INTO Exercise (id, title, description, link, equipment_id, training_type_id) VALUES (769, 'Barbell Bulgarian Split Squat Thruster', 'Target: Shoulders', NULL, 12, 2);
# INSERT INTO exercise_muscle (exercise_id, muscle_id, intensity) VALUES (769, 2, 10);
# INSERT INTO exercise_muscle (exercise_id, muscle_id, intensity) VALUES (769, 13, 7);
# INSERT INTO exercise_muscle (exercise_id, muscle_id, intensity) VALUES (769, 21, 4);
#
# -- Exercise ID: 770
# INSERT INTO Exercise (id, title, description, link, equipment_id, training_type_id) VALUES (770, 'Single Arm Barbell Overhead Bulgarian Split Squat', 'Target: Quadriceps', NULL, 12, 2);
# INSERT INTO exercise_muscle (exercise_id, muscle_id, intensity) VALUES (770, 13, 10);
# INSERT INTO exercise_muscle (exercise_id, muscle_id, intensity) VALUES (770, 21, 7);
# INSERT INTO exercise_muscle (exercise_id, muscle_id, intensity) VALUES (770, 22, 4);
#
# -- Exercise ID: 771
# INSERT INTO Exercise (id, title, description, link, equipment_id, training_type_id) VALUES (771, 'Bodyweight Full Planche Push Up', 'Target: Chest', NULL, 2, 4);
# INSERT INTO exercise_muscle (exercise_id, muscle_id, intensity) VALUES (771, 7, 10);
# INSERT INTO exercise_muscle (exercise_id, muscle_id, intensity) VALUES (771, 4, 7);
# INSERT INTO exercise_muscle (exercise_id, muscle_id, intensity) VALUES (771, 11, 4);
#
# -- Exercise ID: 772
# INSERT INTO Exercise (id, title, description, link, equipment_id, training_type_id) VALUES (772, 'Bodyweight Straddle Planche Push Up', 'Target: Chest', 'https://youtu.be/qgNYrUdn1Oo?si=66l491gj5kmLLjA0', 2, 4);
# INSERT INTO exercise_muscle (exercise_id, muscle_id, intensity) VALUES (772, 7, 10);
# INSERT INTO exercise_muscle (exercise_id, muscle_id, intensity) VALUES (772, 4, 7);
# INSERT INTO exercise_muscle (exercise_id, muscle_id, intensity) VALUES (772, 11, 4);
#
# -- Exercise ID: 773
# INSERT INTO Exercise (id, title, description, link, equipment_id, training_type_id) VALUES (773, 'Ring Grip Full Planche Push Up', 'Target: Chest', NULL, 3, 4);
# INSERT INTO exercise_muscle (exercise_id, muscle_id, intensity) VALUES (773, 7, 10);
# INSERT INTO exercise_muscle (exercise_id, muscle_id, intensity) VALUES (773, 4, 7);
# INSERT INTO exercise_muscle (exercise_id, muscle_id, intensity) VALUES (773, 11, 4);
#
# -- Exercise ID: 774
# INSERT INTO Exercise (id, title, description, link, equipment_id, training_type_id) VALUES (774, 'Bodyweight Two Finger Full Planche Push Up', 'Target: Chest', 'https://youtu.be/CGeBvG5XP7U?si=nGM9dXX2v8dyqJA_', 2, 4);
# INSERT INTO exercise_muscle (exercise_id, muscle_id, intensity) VALUES (774, 7, 10);
# INSERT INTO exercise_muscle (exercise_id, muscle_id, intensity) VALUES (774, 4, 7);
# INSERT INTO exercise_muscle (exercise_id, muscle_id, intensity) VALUES (774, 11, 4);
#
# -- Exercise ID: 775
# INSERT INTO Exercise (id, title, description, link, equipment_id, training_type_id) VALUES (775, 'Ring Grip Straddle Planche Push Up', 'Target: Chest', NULL, 3, 4);
# INSERT INTO exercise_muscle (exercise_id, muscle_id, intensity) VALUES (775, 7, 10);
# INSERT INTO exercise_muscle (exercise_id, muscle_id, intensity) VALUES (775, 4, 7);
# INSERT INTO exercise_muscle (exercise_id, muscle_id, intensity) VALUES (775, 11, 4);
#
# -- Exercise ID: 776
# INSERT INTO Exercise (id, title, description, link, equipment_id, training_type_id) VALUES (776, 'Bodyweight Push Up to Alternating Kick Through', 'Target: Chest', 'https://youtu.be/wcBXDGhqnBU', 2, 5);
# INSERT INTO exercise_muscle (exercise_id, muscle_id, intensity) VALUES (776, 7, 10);
# INSERT INTO exercise_muscle (exercise_id, muscle_id, intensity) VALUES (776, 11, 7);
#
# -- Exercise ID: 777
# INSERT INTO Exercise (id, title, description, link, equipment_id, training_type_id) VALUES (777, 'Bodyweight Standing Walkout Push Up', 'Target: Chest', 'https://youtu.be/zR7oQp1Ucq8', 2, 3);
# INSERT INTO exercise_muscle (exercise_id, muscle_id, intensity) VALUES (777, 7, 10);
# INSERT INTO exercise_muscle (exercise_id, muscle_id, intensity) VALUES (777, 11, 7);
#
# -- Exercise ID: 778
# INSERT INTO Exercise (id, title, description, link, equipment_id, training_type_id) VALUES (778, 'Ring Pull Up', 'Target: Back', 'https://youtu.be/cLqkGqiva1M', 3, 4);
# INSERT INTO exercise_muscle (exercise_id, muscle_id, intensity) VALUES (778, 17, 10);
#
# -- Exercise ID: 779
# INSERT INTO Exercise (id, title, description, link, equipment_id, training_type_id) VALUES (779, 'Single Arm Plate Windmill', 'Target: Abdominals', 'https://youtu.be/P-dqLz-r5po', 22, 6);
# INSERT INTO exercise_muscle (exercise_id, muscle_id, intensity) VALUES (779, 12, 10);
# INSERT INTO exercise_muscle (exercise_id, muscle_id, intensity) VALUES (779, 11, 7);
# INSERT INTO exercise_muscle (exercise_id, muscle_id, intensity) VALUES (779, 2, 4);
#
# -- Exercise ID: 780
# INSERT INTO Exercise (id, title, description, link, equipment_id, training_type_id) VALUES (780, 'Single Arm Plate Turkish Get Up', 'Target: Abdominals', 'https://youtu.be/4_RrnWT847k', 22, 6);
# INSERT INTO exercise_muscle (exercise_id, muscle_id, intensity) VALUES (780, 12, 10);
# INSERT INTO exercise_muscle (exercise_id, muscle_id, intensity) VALUES (780, 11, 7);
#
# -- Exercise ID: 781
# INSERT INTO Exercise (id, title, description, link, equipment_id, training_type_id) VALUES (781, 'Bodyweight Pike Push Up', 'Target: Shoulders', 'https://youtu.be/QIZ6RXq72ZI', 2, 4);
# INSERT INTO exercise_muscle (exercise_id, muscle_id, intensity) VALUES (781, 2, 10);
# INSERT INTO exercise_muscle (exercise_id, muscle_id, intensity) VALUES (781, 4, 7);
#
# -- Exercise ID: 782
# INSERT INTO Exercise (id, title, description, link, equipment_id, training_type_id) VALUES (782, 'Parallette Feet Elevated Pike Push Up', 'Target: Shoulders', 'https://youtu.be/EqXFl_YxF8k', 4, 4);
# INSERT INTO exercise_muscle (exercise_id, muscle_id, intensity) VALUES (782, 2, 10);
# INSERT INTO exercise_muscle (exercise_id, muscle_id, intensity) VALUES (782, 4, 7);
#
# -- Exercise ID: 783
# INSERT INTO Exercise (id, title, description, link, equipment_id, training_type_id) VALUES (783, 'Barbell Sots Press', 'Target: Shoulders', 'https://youtu.be/eJ9MLnNV6FY', 12, 2);
# INSERT INTO exercise_muscle (exercise_id, muscle_id, intensity) VALUES (783, 2, 10);
# INSERT INTO exercise_muscle (exercise_id, muscle_id, intensity) VALUES (783, 4, 7);
# INSERT INTO exercise_muscle (exercise_id, muscle_id, intensity) VALUES (783, 13, 4);
#
# -- Exercise ID: 784
# INSERT INTO Exercise (id, title, description, link, equipment_id, training_type_id) VALUES (784, 'Double Kettlebell Bottoms Up Snatch', 'Target: Glutes', 'https://youtu.be/jcC9NyGLGyg', 15, 10);
# INSERT INTO exercise_muscle (exercise_id, muscle_id, intensity) VALUES (784, 21, 10);
# INSERT INTO exercise_muscle (exercise_id, muscle_id, intensity) VALUES (784, 2, 7);
#
# -- Exercise ID: 785
# INSERT INTO Exercise (id, title, description, link, equipment_id, training_type_id) VALUES (785, 'Alternating Single Arm Kettlebell Bottoms Up Snatch', 'Target: Glutes', NULL, 15, 10);
# INSERT INTO exercise_muscle (exercise_id, muscle_id, intensity) VALUES (785, 21, 10);
# INSERT INTO exercise_muscle (exercise_id, muscle_id, intensity) VALUES (785, 2, 7);
#
# -- Exercise ID: 786
# INSERT INTO Exercise (id, title, description, link, equipment_id, training_type_id) VALUES (786, 'Alternating Single Arm Kettlebell Around the World High Catch', 'Target: Abdominals', 'https://youtu.be/FjXW-C3D5oQ', 15, 3);
# INSERT INTO exercise_muscle (exercise_id, muscle_id, intensity) VALUES (786, 11, 10);
#
# -- Exercise ID: 787
# INSERT INTO Exercise (id, title, description, link, equipment_id, training_type_id) VALUES (787, 'Alternating Single Arm Kettlebell Tall Kneeling Around the World High Catch', 'Target: Abdominals', NULL, 15, 3);
# INSERT INTO exercise_muscle (exercise_id, muscle_id, intensity) VALUES (787, 11, 10);
#
# -- Exercise ID: 788
# INSERT INTO Exercise (id, title, description, link, equipment_id, training_type_id) VALUES (788, 'Single Arm Kettlebell Around the World', 'Target: Abdominals', 'https://youtu.be/6AzrdFj3Qfc?si=52vAx7-XXfvkSz_l', 15, 3);
# INSERT INTO exercise_muscle (exercise_id, muscle_id, intensity) VALUES (788, 11, 10);
#
# -- Exercise ID: 789
# INSERT INTO Exercise (id, title, description, link, equipment_id, training_type_id) VALUES (789, 'Single Arm Dumbbell V Sit Overhead Press', 'Target: Shoulders', 'https://youtu.be/KphEeWT_EXs?si=1en5_zFQUTMs9jO1', 6, 2);
# INSERT INTO exercise_muscle (exercise_id, muscle_id, intensity) VALUES (789, 2, 10);
# INSERT INTO exercise_muscle (exercise_id, muscle_id, intensity) VALUES (789, 4, 7);
# INSERT INTO exercise_muscle (exercise_id, muscle_id, intensity) VALUES (789, 11, 4);
#
# -- Exercise ID: 790
# INSERT INTO Exercise (id, title, description, link, equipment_id, training_type_id) VALUES (790, 'Single Arm Dumbbell Z Press', 'Target: Shoulders', 'https://youtu.be/Ib-8BOyAgTQ', 6, 2);
# INSERT INTO exercise_muscle (exercise_id, muscle_id, intensity) VALUES (790, 2, 10);
# INSERT INTO exercise_muscle (exercise_id, muscle_id, intensity) VALUES (790, 4, 7);
# INSERT INTO exercise_muscle (exercise_id, muscle_id, intensity) VALUES (790, 11, 4);
#
# -- Exercise ID: 791
# INSERT INTO Exercise (id, title, description, link, equipment_id, training_type_id) VALUES (791, 'Parallette Feet Elevated Push Up', 'Target: Chest', 'https://youtu.be/JtBPG6VeJ9Q', 4, 4);
# INSERT INTO exercise_muscle (exercise_id, muscle_id, intensity) VALUES (791, 7, 10);
# INSERT INTO exercise_muscle (exercise_id, muscle_id, intensity) VALUES (791, 4, 7);
#
# -- Exercise ID: 792
# INSERT INTO Exercise (id, title, description, link, equipment_id, training_type_id) VALUES (792, 'Stability Ball Feet Elevated Diamond Push Up', 'Target: Triceps', 'https://youtu.be/-2fkjhJfcP8', 1, 3);
# INSERT INTO exercise_muscle (exercise_id, muscle_id, intensity) VALUES (792, 4, 10);
# INSERT INTO exercise_muscle (exercise_id, muscle_id, intensity) VALUES (792, 7, 7);
# INSERT INTO exercise_muscle (exercise_id, muscle_id, intensity) VALUES (792, 2, 4);
#
# -- Exercise ID: 793
# INSERT INTO Exercise (id, title, description, link, equipment_id, training_type_id) VALUES (793, 'Bodyweight Tricep Extension', 'Target: Triceps', 'https://youtu.be/O8WGl4_aYTQ?si=eq7Ylf5fkEliBcxD', 2, 4);
# INSERT INTO exercise_muscle (exercise_id, muscle_id, intensity) VALUES (793, 4, 10);
#
# -- Exercise ID: 794
# INSERT INTO Exercise (id, title, description, link, equipment_id, training_type_id) VALUES (794, 'Alternating Single Arm Kettlebell Around the World', 'Target: Abdominals', 'https://youtu.be/ekR7MDSWwEQ', 15, 3);
# INSERT INTO exercise_muscle (exercise_id, muscle_id, intensity) VALUES (794, 11, 10);
#
# -- Exercise ID: 795
# INSERT INTO Exercise (id, title, description, link, equipment_id, training_type_id) VALUES (795, 'Single Arm Kettlebell Tall Kneeling Around the World', 'Target: Abdominals', 'https://youtu.be/9vZ0CU0dHcE', 15, 3);
# INSERT INTO exercise_muscle (exercise_id, muscle_id, intensity) VALUES (795, 11, 10);
#
# -- Exercise ID: 796
# INSERT INTO Exercise (id, title, description, link, equipment_id, training_type_id) VALUES (796, 'Alternating Single Arm Tall Kneeling Around the World', 'Target: Abdominals', NULL, 15, 3);
# INSERT INTO exercise_muscle (exercise_id, muscle_id, intensity) VALUES (796, 11, 10);
#
# -- Exercise ID: 797
# INSERT INTO Exercise (id, title, description, link, equipment_id, training_type_id) VALUES (797, 'Single Arm Kettlebell Waiter Clean', 'Target: Glutes', 'https://youtu.be/fLXYRpxW4FI?si=AjNKRKLLVjzA8Uow', 15, 10);
# INSERT INTO exercise_muscle (exercise_id, muscle_id, intensity) VALUES (797, 21, 10);
#
# -- Exercise ID: 798
# INSERT INTO Exercise (id, title, description, link, equipment_id, training_type_id) VALUES (798, 'Alternating Single Arm Kettlebell Waiter Clean', 'Target: Glutes', 'https://youtu.be/eH7w5psLPpk?si=XnO0PygbF5fzKCsm', 15, 10);
# INSERT INTO exercise_muscle (exercise_id, muscle_id, intensity) VALUES (798, 21, 10);
#
# -- Exercise ID: 799
# INSERT INTO Exercise (id, title, description, link, equipment_id, training_type_id) VALUES (799, 'Double Kettlebell Waiter Clean', 'Target: Glutes', 'https://youtu.be/K8atAt0LaTU?si=9XbtgY4Ntm5G8h7v', 15, 10);
# INSERT INTO exercise_muscle (exercise_id, muscle_id, intensity) VALUES (799, 21, 10);
#
# -- Exercise ID: 800
# INSERT INTO Exercise (id, title, description, link, equipment_id, training_type_id) VALUES (800, 'Double Kettlebell Waiter Clean to Overhead Press', 'Target: Glutes', 'https://youtu.be/6yF_kl-76jw?si=rsxf0dRezcQc83ke', 15, 10);
# INSERT INTO exercise_muscle (exercise_id, muscle_id, intensity) VALUES (800, 21, 10);
#
# -- Exercise ID: 801
# INSERT INTO Exercise (id, title, description, link, equipment_id, training_type_id) VALUES (801, 'Single Arm Kettlebell Tactical Waiter Clean', 'Target: Glutes', NULL, 15, 10);
# INSERT INTO exercise_muscle (exercise_id, muscle_id, intensity) VALUES (801, 21, 10);
#
# -- Exercise ID: 802
# INSERT INTO Exercise (id, title, description, link, equipment_id, training_type_id) VALUES (802, 'Double Kettlebell Waiter Clean to Alternating Overhead Press', 'Target: Glutes', 'https://youtu.be/0WjMjA_4SoE?si=J46etYGhA2sshEat', 15, 10);
# INSERT INTO exercise_muscle (exercise_id, muscle_id, intensity) VALUES (802, 21, 10);
# INSERT INTO exercise_muscle (exercise_id, muscle_id, intensity) VALUES (802, 2, 7);
#
# -- Exercise ID: 803
# INSERT INTO Exercise (id, title, description, link, equipment_id, training_type_id) VALUES (803, 'Single Arm Kettlebell Waiter Snatch', 'Target: Glutes', NULL, 15, 10);
# INSERT INTO exercise_muscle (exercise_id, muscle_id, intensity) VALUES (803, 21, 10);
# INSERT INTO exercise_muscle (exercise_id, muscle_id, intensity) VALUES (803, 2, 7);
#
# -- Exercise ID: 804
# INSERT INTO Exercise (id, title, description, link, equipment_id, training_type_id) VALUES (804, 'Alternating Single Arm Kettlebell Waiter Snatch', 'Target: Glutes', NULL, 15, 10);
# INSERT INTO exercise_muscle (exercise_id, muscle_id, intensity) VALUES (804, 21, 10);
# INSERT INTO exercise_muscle (exercise_id, muscle_id, intensity) VALUES (804, 2, 7);
#
# -- Exercise ID: 805
# INSERT INTO Exercise (id, title, description, link, equipment_id, training_type_id) VALUES (805, 'Barbell Overhead Pistol Squat', 'Target: Quadriceps', NULL, 12, 12);
# INSERT INTO exercise_muscle (exercise_id, muscle_id, intensity) VALUES (805, 13, 10);
# INSERT INTO exercise_muscle (exercise_id, muscle_id, intensity) VALUES (805, 21, 7);
#
# -- Exercise ID: 806
# INSERT INTO Exercise (id, title, description, link, equipment_id, training_type_id) VALUES (806, 'Barbell Seated Wrist Curl', 'Target: Forearms', 'https://youtu.be/k6F6ugHyTcA?si=XfnVnbcVgnDkbrFv', 12, 3);
# INSERT INTO exercise_muscle (exercise_id, muscle_id, intensity) VALUES (806, 10, 10);
#
# -- Exercise ID: 807
# INSERT INTO Exercise (id, title, description, link, equipment_id, training_type_id) VALUES (807, 'Single Arm Dumbbell Hollow Body Chest Press', 'Target: Chest', 'https://youtu.be/D82M_YDEGJ8', 6, 2);
# INSERT INTO exercise_muscle (exercise_id, muscle_id, intensity) VALUES (807, 7, 10);
# INSERT INTO exercise_muscle (exercise_id, muscle_id, intensity) VALUES (807, 4, 7);
# INSERT INTO exercise_muscle (exercise_id, muscle_id, intensity) VALUES (807, 2, 4);
#
# -- Exercise ID: 808
# INSERT INTO Exercise (id, title, description, link, equipment_id, training_type_id) VALUES (808, 'Single Arm Kettlebell Tactical Waiter Snatch', 'Target: Glutes', NULL, 15, 10);
# INSERT INTO exercise_muscle (exercise_id, muscle_id, intensity) VALUES (808, 21, 10);
# INSERT INTO exercise_muscle (exercise_id, muscle_id, intensity) VALUES (808, 2, 7);
#
# -- Exercise ID: 809
# INSERT INTO Exercise (id, title, description, link, equipment_id, training_type_id) VALUES (809, 'Single Arm Barbell Overhead Knee Over Toe Split Squat', 'Target: Quadriceps', NULL, 12, 2);
# INSERT INTO exercise_muscle (exercise_id, muscle_id, intensity) VALUES (809, 13, 10);
# INSERT INTO exercise_muscle (exercise_id, muscle_id, intensity) VALUES (809, 21, 7);
# INSERT INTO exercise_muscle (exercise_id, muscle_id, intensity) VALUES (809, 6, 4);
#
# -- Exercise ID: 810
# INSERT INTO Exercise (id, title, description, link, equipment_id, training_type_id) VALUES (810, 'Single Arm Barbell Knee Over Toe Split Squat Thruster', 'Target: Shoulders', NULL, 12, 2);
# INSERT INTO exercise_muscle (exercise_id, muscle_id, intensity) VALUES (810, 2, 10);
# INSERT INTO exercise_muscle (exercise_id, muscle_id, intensity) VALUES (810, 13, 7);
# INSERT INTO exercise_muscle (exercise_id, muscle_id, intensity) VALUES (810, 21, 4);
#
# -- Exercise ID: 811
# INSERT INTO Exercise (id, title, description, link, equipment_id, training_type_id) VALUES (811, 'Barbell Knee Over Toe Split Squat Thruster', 'Target: Shoulders', NULL, 12, 2);
# INSERT INTO exercise_muscle (exercise_id, muscle_id, intensity) VALUES (811, 2, 10);
# INSERT INTO exercise_muscle (exercise_id, muscle_id, intensity) VALUES (811, 13, 7);
# INSERT INTO exercise_muscle (exercise_id, muscle_id, intensity) VALUES (811, 21, 4);
#
# -- Exercise ID: 812
# INSERT INTO Exercise (id, title, description, link, equipment_id, training_type_id) VALUES (812, 'Double Kettlebell Waiter Snatch', 'Target: Glutes', NULL, 15, 10);
# INSERT INTO exercise_muscle (exercise_id, muscle_id, intensity) VALUES (812, 21, 10);
# INSERT INTO exercise_muscle (exercise_id, muscle_id, intensity) VALUES (812, 2, 7);
#
# -- Exercise ID: 813
# INSERT INTO Exercise (id, title, description, link, equipment_id, training_type_id) VALUES (813, 'Double Kettlebell Waiter Clean to Thruster', 'Target: Shoulders', 'https://youtu.be/PX80lILLVhw?si=vmOhrWhU-xCpO4kr', 15, 10);
# INSERT INTO exercise_muscle (exercise_id, muscle_id, intensity) VALUES (813, 2, 10);
# INSERT INTO exercise_muscle (exercise_id, muscle_id, intensity) VALUES (813, 13, 7);
#
# -- Exercise ID: 814
# INSERT INTO Exercise (id, title, description, link, equipment_id, training_type_id) VALUES (814, 'Kettlebell Start Stop Swing', 'Target: Glutes', 'https://youtu.be/cZSh_cYNXTw', 15, 10);
# INSERT INTO exercise_muscle (exercise_id, muscle_id, intensity) VALUES (814, 21, 10);
#
# -- Exercise ID: 815
# INSERT INTO Exercise (id, title, description, link, equipment_id, training_type_id) VALUES (815, 'Double Kettlebell Dead Clean', 'Target: Glutes', 'https://youtu.be/qdMDbLUg9_w?si=9t5V4loMJW5VI5mV', 15, 10);
# INSERT INTO exercise_muscle (exercise_id, muscle_id, intensity) VALUES (815, 21, 10);
# INSERT INTO exercise_muscle (exercise_id, muscle_id, intensity) VALUES (815, 22, 7);
# INSERT INTO exercise_muscle (exercise_id, muscle_id, intensity) VALUES (815, 11, 4);
#
# -- Exercise ID: 816
# INSERT INTO Exercise (id, title, description, link, equipment_id, training_type_id) VALUES (816, 'Single Arm Barbell Bulgarian Split Squat Thruster', 'Target: Shoulders', NULL, 12, 2);
# INSERT INTO exercise_muscle (exercise_id, muscle_id, intensity) VALUES (816, 2, 10);
# INSERT INTO exercise_muscle (exercise_id, muscle_id, intensity) VALUES (816, 13, 7);
# INSERT INTO exercise_muscle (exercise_id, muscle_id, intensity) VALUES (816, 21, 4);
#
# -- Exercise ID: 817
# INSERT INTO Exercise (id, title, description, link, equipment_id, training_type_id) VALUES (817, 'Single Arm Barbell Windmill', 'Target: Abdominals', NULL, 12, 6);
# INSERT INTO exercise_muscle (exercise_id, muscle_id, intensity) VALUES (817, 12, 10);
# INSERT INTO exercise_muscle (exercise_id, muscle_id, intensity) VALUES (817, 11, 7);
# INSERT INTO exercise_muscle (exercise_id, muscle_id, intensity) VALUES (817, 2, 4);
#
# -- Exercise ID: 818
# INSERT INTO Exercise (id, title, description, link, equipment_id, training_type_id) VALUES (818, 'Bodyweight Windmill', 'Target: Abdominals', 'https://youtu.be/87I2gbRgtUI?si=4hUJ0N3X8wu8MMKC', 2, 6);
# INSERT INTO exercise_muscle (exercise_id, muscle_id, intensity) VALUES (818, 12, 10);
# INSERT INTO exercise_muscle (exercise_id, muscle_id, intensity) VALUES (818, 11, 7);
# INSERT INTO exercise_muscle (exercise_id, muscle_id, intensity) VALUES (818, 2, 4);
#
# -- Exercise ID: 819
# INSERT INTO Exercise (id, title, description, link, equipment_id, training_type_id) VALUES (819, 'Superband Split Squat Isometric Pallof Press', 'Target: Abdominals', 'https://youtu.be/a4ctQ6GYixo?si=WP2e4CVK5KsFEluY', 20, 12);
# INSERT INTO exercise_muscle (exercise_id, muscle_id, intensity) VALUES (819, 12, 10);
# INSERT INTO exercise_muscle (exercise_id, muscle_id, intensity) VALUES (819, 11, 7);
#
# -- Exercise ID: 820
# INSERT INTO Exercise (id, title, description, link, equipment_id, training_type_id) VALUES (820, 'Single Arm Barbell Turkish Get Up', 'Target: Abdominals', 'https://youtu.be/VAFM8kbz8uA?si=UAPSMjiSnRLN3jl3', 12, 6);
# INSERT INTO exercise_muscle (exercise_id, muscle_id, intensity) VALUES (820, 12, 10);
# INSERT INTO exercise_muscle (exercise_id, muscle_id, intensity) VALUES (820, 11, 7);
#
# -- Exercise ID: 821
# INSERT INTO Exercise (id, title, description, link, equipment_id, training_type_id) VALUES (821, 'Bodyweight Plate Plyometric Push Up', 'Target: Chest', 'https://youtu.be/jmzZ2wQdXao', 2, 9);
# INSERT INTO exercise_muscle (exercise_id, muscle_id, intensity) VALUES (821, 7, 10);
# INSERT INTO exercise_muscle (exercise_id, muscle_id, intensity) VALUES (821, 4, 7);
# INSERT INTO exercise_muscle (exercise_id, muscle_id, intensity) VALUES (821, 2, 4);
#
# -- Exercise ID: 822
# INSERT INTO Exercise (id, title, description, link, equipment_id, training_type_id) VALUES (822, 'Single Arm Dumbbell Single Leg Contralateral Bent Over Row', 'Target: Back', 'https://youtu.be/KsEBTYuqemI', 6, 2);
# INSERT INTO exercise_muscle (exercise_id, muscle_id, intensity) VALUES (822, 17, 10);
# INSERT INTO exercise_muscle (exercise_id, muscle_id, intensity) VALUES (822, 18, 7);
# INSERT INTO exercise_muscle (exercise_id, muscle_id, intensity) VALUES (822, 19, 4);
#
# -- Exercise ID: 823
# INSERT INTO Exercise (id, title, description, link, equipment_id, training_type_id) VALUES (823, 'Double Dumbbell Single Leg Bent Over Row', 'Target: Back', 'https://youtu.be/LrbAy459jkg?si=UDFXUQgUuwN4hkBz', 6, 2);
# INSERT INTO exercise_muscle (exercise_id, muscle_id, intensity) VALUES (823, 17, 10);
# INSERT INTO exercise_muscle (exercise_id, muscle_id, intensity) VALUES (823, 18, 7);
# INSERT INTO exercise_muscle (exercise_id, muscle_id, intensity) VALUES (823, 19, 4);
#
# -- Exercise ID: 824
# INSERT INTO Exercise (id, title, description, link, equipment_id, training_type_id) VALUES (824, 'Single Arm Kettlebell Bottoms Up Thruster', 'Target: Quadriceps', 'https://youtu.be/lbnYFCHrjvk', 15, 2);
# INSERT INTO exercise_muscle (exercise_id, muscle_id, intensity) VALUES (824, 13, 10);
# INSERT INTO exercise_muscle (exercise_id, muscle_id, intensity) VALUES (824, 2, 7);
#
# -- Exercise ID: 825
# INSERT INTO Exercise (id, title, description, link, equipment_id, training_type_id) VALUES (825, 'Alternating Double Kettlebell Bottoms Up Thruster', 'Target: Quadriceps', NULL, 15, 2);
# INSERT INTO exercise_muscle (exercise_id, muscle_id, intensity) VALUES (825, 13, 10);
# INSERT INTO exercise_muscle (exercise_id, muscle_id, intensity) VALUES (825, 2, 7);
#
# -- Exercise ID: 826
# INSERT INTO Exercise (id, title, description, link, equipment_id, training_type_id) VALUES (826, 'Single Arm Kettlebell Dead Clean', 'Target: Glutes', 'https://youtu.be/Lcm7DcXbm-U', 15, 10);
# INSERT INTO exercise_muscle (exercise_id, muscle_id, intensity) VALUES (826, 21, 10);
# INSERT INTO exercise_muscle (exercise_id, muscle_id, intensity) VALUES (826, 22, 7);
# INSERT INTO exercise_muscle (exercise_id, muscle_id, intensity) VALUES (826, 11, 4);
#
# -- Exercise ID: 827
# INSERT INTO Exercise (id, title, description, link, equipment_id, training_type_id) VALUES (827, 'Alternating Single Arm Kettlebell Dead Clean', 'Target: Glutes', 'https://youtu.be/FAtcUX6VxWo', 15, 10);
# INSERT INTO exercise_muscle (exercise_id, muscle_id, intensity) VALUES (827, 21, 10);
# INSERT INTO exercise_muscle (exercise_id, muscle_id, intensity) VALUES (827, 22, 7);
# INSERT INTO exercise_muscle (exercise_id, muscle_id, intensity) VALUES (827, 11, 4);
#
# -- Exercise ID: 828
# INSERT INTO Exercise (id, title, description, link, equipment_id, training_type_id) VALUES (828, 'Single Arm Dumbbell Bird Dog Row', 'Target: Back', 'https://youtu.be/O1mck-Oil5Y', 6, 2);
# INSERT INTO exercise_muscle (exercise_id, muscle_id, intensity) VALUES (828, 17, 10);
# INSERT INTO exercise_muscle (exercise_id, muscle_id, intensity) VALUES (828, 11, 7);
# INSERT INTO exercise_muscle (exercise_id, muscle_id, intensity) VALUES (828, 21, 4);
#
# -- Exercise ID: 829
# INSERT INTO Exercise (id, title, description, link, equipment_id, training_type_id) VALUES (829, 'Single Arm Kettlebell Bottoms Up Half Kneeling Windmill', 'Target: Abdominals', 'https://youtu.be/U6kn-AypL7c', 15, 6);
# INSERT INTO exercise_muscle (exercise_id, muscle_id, intensity) VALUES (829, 12, 10);
# INSERT INTO exercise_muscle (exercise_id, muscle_id, intensity) VALUES (829, 11, 7);
# INSERT INTO exercise_muscle (exercise_id, muscle_id, intensity) VALUES (829, 2, 4);
#
# -- Exercise ID: 830
# INSERT INTO Exercise (id, title, description, link, equipment_id, training_type_id) VALUES (830, 'Alternating Single Arm Kettlebell Half Kneeling Around the World High Catch', 'Target: Abdominals', NULL, 15, 3);
# INSERT INTO exercise_muscle (exercise_id, muscle_id, intensity) VALUES (830, 11, 10);
#
# -- Exercise ID: 831
# INSERT INTO Exercise (id, title, description, link, equipment_id, training_type_id) VALUES (831, 'Double Dumbbell Renegade Row', 'Target: Back', 'https://youtu.be/U_kv9LRu6_I?si=o6wONfSHOO4nrgpy', 6, 2);
# INSERT INTO exercise_muscle (exercise_id, muscle_id, intensity) VALUES (831, 17, 10);
#
# -- Exercise ID: 832
# INSERT INTO Exercise (id, title, description, link, equipment_id, training_type_id) VALUES (832, 'Single Arm Barbell Overhead Toe Balance Squat', 'Target: Quadriceps', NULL, 12, 12);
# INSERT INTO exercise_muscle (exercise_id, muscle_id, intensity) VALUES (832, 13, 10);
# INSERT INTO exercise_muscle (exercise_id, muscle_id, intensity) VALUES (832, 21, 7);
#
# -- Exercise ID: 833
# INSERT INTO Exercise (id, title, description, link, equipment_id, training_type_id) VALUES (833, 'Barbell Overhead Toe Balance Squat', 'Target: Quadriceps', NULL, 12, 12);
# INSERT INTO exercise_muscle (exercise_id, muscle_id, intensity) VALUES (833, 13, 10);
# INSERT INTO exercise_muscle (exercise_id, muscle_id, intensity) VALUES (833, 21, 7);
#
# -- Exercise ID: 834
# INSERT INTO Exercise (id, title, description, link, equipment_id, training_type_id) VALUES (834, 'Ring Kneeling Rollout', 'Target: Abdominals', 'https://youtu.be/LMQIG45Wwd8', 3, 4);
# INSERT INTO exercise_muscle (exercise_id, muscle_id, intensity) VALUES (834, 11, 10);
# INSERT INTO exercise_muscle (exercise_id, muscle_id, intensity) VALUES (834, 17, 7);
#
# -- Exercise ID: 835
# INSERT INTO Exercise (id, title, description, link, equipment_id, training_type_id) VALUES (835, 'Single Arm Ring Kneeling Rollout', 'Target: Abdominals', NULL, 3, 4);
# INSERT INTO exercise_muscle (exercise_id, muscle_id, intensity) VALUES (835, 11, 10);
# INSERT INTO exercise_muscle (exercise_id, muscle_id, intensity) VALUES (835, 17, 7);
#
# -- Exercise ID: 836
# INSERT INTO Exercise (id, title, description, link, equipment_id, training_type_id) VALUES (836, 'Ring Standing Rollout', 'Target: Abdominals', 'https://youtu.be/or7xH0BirKw?si=5oL6x2NsxvCfWaBo', 3, 4);
# INSERT INTO exercise_muscle (exercise_id, muscle_id, intensity) VALUES (836, 11, 10);
# INSERT INTO exercise_muscle (exercise_id, muscle_id, intensity) VALUES (836, 17, 7);
#
# -- Exercise ID: 837
# INSERT INTO Exercise (id, title, description, link, equipment_id, training_type_id) VALUES (837, 'Single Arm Landmine Shoulder Press', 'Target: Shoulders', 'https://youtu.be/5Cs27w8WVz4', 19, 3);
# INSERT INTO exercise_muscle (exercise_id, muscle_id, intensity) VALUES (837, 2, 10);
#
# -- Exercise ID: 838
# INSERT INTO Exercise (id, title, description, link, equipment_id, training_type_id) VALUES (838, 'Alternating Single Arm Landmine Shoulder Press', 'Target: Shoulders', 'https://youtu.be/owbzzfb-0PQ', 19, 3);
# INSERT INTO exercise_muscle (exercise_id, muscle_id, intensity) VALUES (838, 2, 10);
#
# -- Exercise ID: 839
# INSERT INTO Exercise (id, title, description, link, equipment_id, training_type_id) VALUES (839, 'Single Arm Kettlebell Bent Press', 'Target: Shoulders', 'https://youtu.be/xO7fmvTpy3M', 15, 6);
# INSERT INTO exercise_muscle (exercise_id, muscle_id, intensity) VALUES (839, 2, 10);
# INSERT INTO exercise_muscle (exercise_id, muscle_id, intensity) VALUES (839, 4, 7);
#
# -- Exercise ID: 840
# INSERT INTO Exercise (id, title, description, link, equipment_id, training_type_id) VALUES (840, 'Alternating Single Arm Kettlebell Around the World High Catch to Squat', 'Target: Abdominals', NULL, 15, 3);
# INSERT INTO exercise_muscle (exercise_id, muscle_id, intensity) VALUES (840, 11, 10);
# INSERT INTO exercise_muscle (exercise_id, muscle_id, intensity) VALUES (840, 13, 7);
#
# -- Exercise ID: 841
# INSERT INTO Exercise (id, title, description, link, equipment_id, training_type_id) VALUES (841, 'Double Kettlebell Overhead Alternating Cossack Squat', 'Target: Quadriceps', NULL, 15, 2);
# INSERT INTO exercise_muscle (exercise_id, muscle_id, intensity) VALUES (841, 13, 10);
# INSERT INTO exercise_muscle (exercise_id, muscle_id, intensity) VALUES (841, 14, 7);
# INSERT INTO exercise_muscle (exercise_id, muscle_id, intensity) VALUES (841, 21, 4);
#
# -- Exercise ID: 842
# INSERT INTO Exercise (id, title, description, link, equipment_id, training_type_id) VALUES (842, 'Double Kettlebell Front Rack Cossack Squat', 'Target: Quadriceps', 'https://youtu.be/sBuAJggOIxE?si=CST2KlC-8f_fnogp', 15, 2);
# INSERT INTO exercise_muscle (exercise_id, muscle_id, intensity) VALUES (842, 13, 10);
# INSERT INTO exercise_muscle (exercise_id, muscle_id, intensity) VALUES (842, 14, 7);
# INSERT INTO exercise_muscle (exercise_id, muscle_id, intensity) VALUES (842, 21, 4);
#
# -- Exercise ID: 843
# INSERT INTO Exercise (id, title, description, link, equipment_id, training_type_id) VALUES (843, 'Double Kettlebell Front Rack Low Switch Cossack Squat', 'Target: Quadriceps', 'https://youtu.be/j9sFzOeMmxY?si=i2yJV3WJb2pBCf0X', 15, 2);
# INSERT INTO exercise_muscle (exercise_id, muscle_id, intensity) VALUES (843, 13, 10);
# INSERT INTO exercise_muscle (exercise_id, muscle_id, intensity) VALUES (843, 14, 7);
# INSERT INTO exercise_muscle (exercise_id, muscle_id, intensity) VALUES (843, 21, 4);
#
# -- Exercise ID: 844
# INSERT INTO Exercise (id, title, description, link, equipment_id, training_type_id) VALUES (844, 'Alternating Single Arm Kettlebell Bottoms Up Clean to Overhead Press', 'Target: Shoulders', NULL, 15, 10);
# INSERT INTO exercise_muscle (exercise_id, muscle_id, intensity) VALUES (844, 2, 10);
# INSERT INTO exercise_muscle (exercise_id, muscle_id, intensity) VALUES (844, 21, 7);
#
# -- Exercise ID: 845
# INSERT INTO Exercise (id, title, description, link, equipment_id, training_type_id) VALUES (845, 'Double Kettlebell Bottoms Up Clean to Overhead Press', 'Target: Shoulders', NULL, 15, 10);
# INSERT INTO exercise_muscle (exercise_id, muscle_id, intensity) VALUES (845, 2, 10);
# INSERT INTO exercise_muscle (exercise_id, muscle_id, intensity) VALUES (845, 21, 7);
#
# -- Exercise ID: 846
# INSERT INTO Exercise (id, title, description, link, equipment_id, training_type_id) VALUES (846, 'Double Kettlebell Bottoms Up Overhead Knee Over Toe Split Squat', 'Target: Quadriceps', NULL, 15, 2);
# INSERT INTO exercise_muscle (exercise_id, muscle_id, intensity) VALUES (846, 13, 10);
# INSERT INTO exercise_muscle (exercise_id, muscle_id, intensity) VALUES (846, 21, 7);
# INSERT INTO exercise_muscle (exercise_id, muscle_id, intensity) VALUES (846, 6, 4);
#
# -- Exercise ID: 847
# INSERT INTO Exercise (id, title, description, link, equipment_id, training_type_id) VALUES (847, 'Single Arm Landmine Half Kneeling Contralateral Shoulder Press', 'Target: Shoulders', 'https://youtu.be/ORoOn93dnh4', 19, 3);
# INSERT INTO exercise_muscle (exercise_id, muscle_id, intensity) VALUES (847, 2, 10);
#
# -- Exercise ID: 848
# INSERT INTO Exercise (id, title, description, link, equipment_id, training_type_id) VALUES (848, 'Bodyweight Bulgarian Split Squat', 'Target: Quadriceps', 'https://youtu.be/kBQ1krvKFBU', 2, 2);
# INSERT INTO exercise_muscle (exercise_id, muscle_id, intensity) VALUES (848, 13, 10);
# INSERT INTO exercise_muscle (exercise_id, muscle_id, intensity) VALUES (848, 21, 7);
# INSERT INTO exercise_muscle (exercise_id, muscle_id, intensity) VALUES (848, 22, 4);
#
# -- Exercise ID: 849
# INSERT INTO Exercise (id, title, description, link, equipment_id, training_type_id) VALUES (849, 'Plate Otis Up', 'Target: Abdominals', 'https://youtu.be/vjAjAERSkIk', 22, 3);
# INSERT INTO exercise_muscle (exercise_id, muscle_id, intensity) VALUES (849, 11, 10);
# INSERT INTO exercise_muscle (exercise_id, muscle_id, intensity) VALUES (849, 12, 4);
#
# -- Exercise ID: 850
# INSERT INTO Exercise (id, title, description, link, equipment_id, training_type_id) VALUES (850, 'Double Kettlebell Overhead Pistol Squat', 'Target: Quadriceps', NULL, 15, 12);
# INSERT INTO exercise_muscle (exercise_id, muscle_id, intensity) VALUES (850, 13, 10);
# INSERT INTO exercise_muscle (exercise_id, muscle_id, intensity) VALUES (850, 21, 7);
#
# -- Exercise ID: 851
# INSERT INTO Exercise (id, title, description, link, equipment_id, training_type_id) VALUES (851, 'Double Kettlebell Bottoms Up Front Rack Pistol Squat', 'Target: Quadriceps', 'https://youtu.be/WPIrFREyNaw', 15, 12);
# INSERT INTO exercise_muscle (exercise_id, muscle_id, intensity) VALUES (851, 13, 10);
# INSERT INTO exercise_muscle (exercise_id, muscle_id, intensity) VALUES (851, 21, 7);
#
# -- Exercise ID: 852
# INSERT INTO Exercise (id, title, description, link, equipment_id, training_type_id) VALUES (852, 'Double Kettlebell Bottoms Up Overhead Pistol Squat', 'Target: Quadriceps', NULL, 15, 12);
# INSERT INTO exercise_muscle (exercise_id, muscle_id, intensity) VALUES (852, 13, 10);
# INSERT INTO exercise_muscle (exercise_id, muscle_id, intensity) VALUES (852, 21, 7);
#
# -- Exercise ID: 853
# INSERT INTO Exercise (id, title, description, link, equipment_id, training_type_id) VALUES (853, 'Double Kettlebell Clean to Sots Press', 'Target: Shoulders', 'https://youtu.be/NqZPSUqSJlA', 15, 10);
# INSERT INTO exercise_muscle (exercise_id, muscle_id, intensity) VALUES (853, 2, 10);
# INSERT INTO exercise_muscle (exercise_id, muscle_id, intensity) VALUES (853, 21, 7);
#
# -- Exercise ID: 854
# INSERT INTO Exercise (id, title, description, link, equipment_id, training_type_id) VALUES (854, 'Double Kettlebell Bottoms Up Clean to Sots Press', 'Target: Shoulders', NULL, 15, 10);
# INSERT INTO exercise_muscle (exercise_id, muscle_id, intensity) VALUES (854, 2, 10);
# INSERT INTO exercise_muscle (exercise_id, muscle_id, intensity) VALUES (854, 21, 7);
#
# -- Exercise ID: 855
# INSERT INTO Exercise (id, title, description, link, equipment_id, training_type_id) VALUES (855, 'Single Arm Landmine Tall Kneeling Shoulder Press', 'Target: Shoulders', 'https://youtu.be/TVTHezj2ZLg', 19, 3);
# INSERT INTO exercise_muscle (exercise_id, muscle_id, intensity) VALUES (855, 2, 10);
#
# -- Exercise ID: 856
# INSERT INTO Exercise (id, title, description, link, equipment_id, training_type_id) VALUES (856, 'Single Arm Landmine Z Press', 'Target: Shoulders', 'https://youtu.be/app94pzXOuU', 19, 2);
# INSERT INTO exercise_muscle (exercise_id, muscle_id, intensity) VALUES (856, 2, 10);
# INSERT INTO exercise_muscle (exercise_id, muscle_id, intensity) VALUES (856, 4, 7);
# INSERT INTO exercise_muscle (exercise_id, muscle_id, intensity) VALUES (856, 11, 4);
#
# -- Exercise ID: 857
# INSERT INTO Exercise (id, title, description, link, equipment_id, training_type_id) VALUES (857, 'Barbell Z Press', 'Target: Shoulders', 'https://youtu.be/D73Oy2m-Uoc', 12, 2);
# INSERT INTO exercise_muscle (exercise_id, muscle_id, intensity) VALUES (857, 2, 10);
# INSERT INTO exercise_muscle (exercise_id, muscle_id, intensity) VALUES (857, 4, 7);
# INSERT INTO exercise_muscle (exercise_id, muscle_id, intensity) VALUES (857, 11, 4);
#
# -- Exercise ID: 858
# INSERT INTO Exercise (id, title, description, link, equipment_id, training_type_id) VALUES (858, 'Single Arm Suspension Bicep Curl', 'Target: Biceps', 'https://youtu.be/gn5Uy0z5DyY?si=cNwcH7q0lucOSGDX', 11, 3);
# INSERT INTO exercise_muscle (exercise_id, muscle_id, intensity) VALUES (858, 8, 10);
# INSERT INTO exercise_muscle (exercise_id, muscle_id, intensity) VALUES (858, 10, 4);
#
# -- Exercise ID: 859
# INSERT INTO Exercise (id, title, description, link, equipment_id, training_type_id) VALUES (859, 'Suspension Atomic Push Up', 'Target: Chest', 'https://youtu.be/qTD9lWjff84', 11, 3);
# INSERT INTO exercise_muscle (exercise_id, muscle_id, intensity) VALUES (859, 7, 10);
# INSERT INTO exercise_muscle (exercise_id, muscle_id, intensity) VALUES (859, 11, 7);
#
# -- Exercise ID: 860
# INSERT INTO Exercise (id, title, description, link, equipment_id, training_type_id) VALUES (860, 'Parallette Feet Elevated Close Grip Push Up', 'Target: Triceps', NULL, 4, 4);
# INSERT INTO exercise_muscle (exercise_id, muscle_id, intensity) VALUES (860, 4, 10);
# INSERT INTO exercise_muscle (exercise_id, muscle_id, intensity) VALUES (860, 7, 7);
#
# -- Exercise ID: 861
# INSERT INTO Exercise (id, title, description, link, equipment_id, training_type_id) VALUES (861, 'Double Kettlebell Clean to Thruster', 'Target: Shoulders', 'https://youtu.be/J6xUudO95Gc', 15, 3);
# INSERT INTO exercise_muscle (exercise_id, muscle_id, intensity) VALUES (861, 2, 10);
# INSERT INTO exercise_muscle (exercise_id, muscle_id, intensity) VALUES (861, 21, 7);
#
# -- Exercise ID: 862
# INSERT INTO Exercise (id, title, description, link, equipment_id, training_type_id) VALUES (862, 'Bodyweight Archer Push Up', 'Target: Chest', 'https://youtu.be/_Qbz_54_9Sw', 2, 4);
# INSERT INTO exercise_muscle (exercise_id, muscle_id, intensity) VALUES (862, 7, 10);
#
# -- Exercise ID: 863
# INSERT INTO Exercise (id, title, description, link, equipment_id, training_type_id) VALUES (863, 'Parallette Archer Push Up', 'Target: Chest', 'https://youtu.be/Wg2mF-GjD10', 4, 4);
# INSERT INTO exercise_muscle (exercise_id, muscle_id, intensity) VALUES (863, 7, 10);
#
# -- Exercise ID: 864
# INSERT INTO Exercise (id, title, description, link, equipment_id, training_type_id) VALUES (864, 'Single Arm Suspension Push Up', 'Target: Chest', 'https://youtu.be/PenQnEuayM4', 11, 3);
# INSERT INTO exercise_muscle (exercise_id, muscle_id, intensity) VALUES (864, 7, 10);
# INSERT INTO exercise_muscle (exercise_id, muscle_id, intensity) VALUES (864, 4, 7);
# INSERT INTO exercise_muscle (exercise_id, muscle_id, intensity) VALUES (864, 11, 4);
#
# -- Exercise ID: 865
# INSERT INTO Exercise (id, title, description, link, equipment_id, training_type_id) VALUES (865, 'Ring Skin the Cat', 'Target: Shoulders', 'https://youtu.be/ABSpTs17ObA', 3, 4);
# INSERT INTO exercise_muscle (exercise_id, muscle_id, intensity) VALUES (865, 2, 10);
#
# -- Exercise ID: 866
# INSERT INTO Exercise (id, title, description, link, equipment_id, training_type_id) VALUES (866, 'Double Kettlebell Bottoms Up Overhead Bulgarian Split Squat', 'Target: Quadriceps', NULL, 15, 2);
# INSERT INTO exercise_muscle (exercise_id, muscle_id, intensity) VALUES (866, 13, 10);
# INSERT INTO exercise_muscle (exercise_id, muscle_id, intensity) VALUES (866, 21, 7);
# INSERT INTO exercise_muscle (exercise_id, muscle_id, intensity) VALUES (866, 22, 4);
#
# -- Exercise ID: 867
# INSERT INTO Exercise (id, title, description, link, equipment_id, training_type_id) VALUES (867, 'Single Arm Kettlebell Bottoms Up Overhead Contralateral Bulgarian Split Squat', 'Target: Quadriceps', NULL, 15, 2);
# INSERT INTO exercise_muscle (exercise_id, muscle_id, intensity) VALUES (867, 13, 10);
# INSERT INTO exercise_muscle (exercise_id, muscle_id, intensity) VALUES (867, 21, 7);
# INSERT INTO exercise_muscle (exercise_id, muscle_id, intensity) VALUES (867, 22, 4);
#
# -- Exercise ID: 868
# INSERT INTO Exercise (id, title, description, link, equipment_id, training_type_id) VALUES (868, 'Single Arm Kettlebell Suitcase Contralateral Bulgarian Split Squat', 'Target: Quadriceps', 'https://youtu.be/DGzBcpLm8T4?si=VFc6IG7H7vAlBgxV', 15, 2);
# INSERT INTO exercise_muscle (exercise_id, muscle_id, intensity) VALUES (868, 13, 10);
# INSERT INTO exercise_muscle (exercise_id, muscle_id, intensity) VALUES (868, 21, 7);
# INSERT INTO exercise_muscle (exercise_id, muscle_id, intensity) VALUES (868, 22, 4);
#
# -- Exercise ID: 869
# INSERT INTO Exercise (id, title, description, link, equipment_id, training_type_id) VALUES (869, 'Single Arm Kettlebell Suitcase Ipsilateral Bulgarian Split Squat', 'Target: Quadriceps', 'https://youtu.be/qw7zDXZkB4Q?si=0bcAuexHhPrcw4og', 15, 2);
# INSERT INTO exercise_muscle (exercise_id, muscle_id, intensity) VALUES (869, 13, 10);
# INSERT INTO exercise_muscle (exercise_id, muscle_id, intensity) VALUES (869, 21, 7);
# INSERT INTO exercise_muscle (exercise_id, muscle_id, intensity) VALUES (869, 22, 4);
#
# -- Exercise ID: 870
# INSERT INTO Exercise (id, title, description, link, equipment_id, training_type_id) VALUES (870, 'Double Kettlebell Bottoms Up Front Rack Bulgarian Split Squat', 'Target: Quadriceps', NULL, 15, 2);
# INSERT INTO exercise_muscle (exercise_id, muscle_id, intensity) VALUES (870, 13, 10);
# INSERT INTO exercise_muscle (exercise_id, muscle_id, intensity) VALUES (870, 21, 7);
# INSERT INTO exercise_muscle (exercise_id, muscle_id, intensity) VALUES (870, 22, 4);
#
# -- Exercise ID: 871
# INSERT INTO Exercise (id, title, description, link, equipment_id, training_type_id) VALUES (871, 'Double Kettlebell Suitcase Bulgarian Split Squat', 'Target: Quadriceps', 'https://youtu.be/2mDqNOd-Pco?si=MiZ8nJsVAje_rZfb', 15, 2);
# INSERT INTO exercise_muscle (exercise_id, muscle_id, intensity) VALUES (871, 13, 10);
# INSERT INTO exercise_muscle (exercise_id, muscle_id, intensity) VALUES (871, 21, 7);
# INSERT INTO exercise_muscle (exercise_id, muscle_id, intensity) VALUES (871, 22, 4);
#
# -- Exercise ID: 872
# INSERT INTO Exercise (id, title, description, link, equipment_id, training_type_id) VALUES (872, 'Double Kettlebell Bulgarian Split Squat Thruster', 'Target: Shoulders', NULL, 15, 2);
# INSERT INTO exercise_muscle (exercise_id, muscle_id, intensity) VALUES (872, 2, 10);
# INSERT INTO exercise_muscle (exercise_id, muscle_id, intensity) VALUES (872, 13, 7);
# INSERT INTO exercise_muscle (exercise_id, muscle_id, intensity) VALUES (872, 21, 4);
#
# -- Exercise ID: 873
# INSERT INTO Exercise (id, title, description, link, equipment_id, training_type_id) VALUES (873, 'Double Kettlebell Bottoms Up Bulgarian Split Squat Thruster', 'Target: Shoulders', NULL, 15, 2);
# INSERT INTO exercise_muscle (exercise_id, muscle_id, intensity) VALUES (873, 2, 10);
# INSERT INTO exercise_muscle (exercise_id, muscle_id, intensity) VALUES (873, 13, 7);
# INSERT INTO exercise_muscle (exercise_id, muscle_id, intensity) VALUES (873, 21, 4);
#
# -- Exercise ID: 874
# INSERT INTO Exercise (id, title, description, link, equipment_id, training_type_id) VALUES (874, 'Single Arm Kettlebell Bottoms Up Front Rack Contralateral Bulgarian Split Squat', 'Target: Quadriceps', 'https://youtu.be/EMW0urVItYg', 15, 2);
# INSERT INTO exercise_muscle (exercise_id, muscle_id, intensity) VALUES (874, 13, 10);
# INSERT INTO exercise_muscle (exercise_id, muscle_id, intensity) VALUES (874, 21, 7);
# INSERT INTO exercise_muscle (exercise_id, muscle_id, intensity) VALUES (874, 22, 4);
#
# -- Exercise ID: 875
# INSERT INTO Exercise (id, title, description, link, equipment_id, training_type_id) VALUES (875, 'Single Arm Kettlebell Front Rack Contralateral Bulgarian Split Squat', 'Target: Quadriceps', 'https://youtu.be/3znkWpiyk9c', 15, 2);
# INSERT INTO exercise_muscle (exercise_id, muscle_id, intensity) VALUES (875, 13, 10);
# INSERT INTO exercise_muscle (exercise_id, muscle_id, intensity) VALUES (875, 21, 7);
# INSERT INTO exercise_muscle (exercise_id, muscle_id, intensity) VALUES (875, 22, 4);
#
# -- Exercise ID: 876
# INSERT INTO Exercise (id, title, description, link, equipment_id, training_type_id) VALUES (876, 'Ring Feet Elevated Row', 'Target: Back', 'https://youtu.be/u3XIZSv2Npw', 3, 4);
# INSERT INTO exercise_muscle (exercise_id, muscle_id, intensity) VALUES (876, 17, 10);
# INSERT INTO exercise_muscle (exercise_id, muscle_id, intensity) VALUES (876, 8, 7);
#
# -- Exercise ID: 877
# INSERT INTO Exercise (id, title, description, link, equipment_id, training_type_id) VALUES (877, 'Single Arm Kettlebell Bottoms Up Front Rack Ipsilateral Bulgarian Split Squat', 'Target: Quadriceps', 'https://youtu.be/05ShbqGk2QU', 15, 2);
# INSERT INTO exercise_muscle (exercise_id, muscle_id, intensity) VALUES (877, 13, 10);
# INSERT INTO exercise_muscle (exercise_id, muscle_id, intensity) VALUES (877, 21, 7);
# INSERT INTO exercise_muscle (exercise_id, muscle_id, intensity) VALUES (877, 22, 4);
#
# -- Exercise ID: 878
# INSERT INTO Exercise (id, title, description, link, equipment_id, training_type_id) VALUES (878, 'Ring Feet Elevated Bulgarian Row', 'Target: Back', 'https://youtu.be/k84lpDtf5kQ', 3, 4);
# INSERT INTO exercise_muscle (exercise_id, muscle_id, intensity) VALUES (878, 17, 10);
# INSERT INTO exercise_muscle (exercise_id, muscle_id, intensity) VALUES (878, 8, 7);
#
# -- Exercise ID: 879
# INSERT INTO Exercise (id, title, description, link, equipment_id, training_type_id) VALUES (879, 'Ring Feet Elevated Archer Row', 'Target: Back', NULL, 3, 4);
# INSERT INTO exercise_muscle (exercise_id, muscle_id, intensity) VALUES (879, 17, 10);
# INSERT INTO exercise_muscle (exercise_id, muscle_id, intensity) VALUES (879, 8, 7);
#
# -- Exercise ID: 880
# INSERT INTO Exercise (id, title, description, link, equipment_id, training_type_id) VALUES (880, 'Ring Push Up', 'Target: Chest', 'https://youtu.be/u8tOhNwiL70', 3, 4);
# INSERT INTO exercise_muscle (exercise_id, muscle_id, intensity) VALUES (880, 7, 10);
# INSERT INTO exercise_muscle (exercise_id, muscle_id, intensity) VALUES (880, 4, 7);
#
# -- Exercise ID: 881
# INSERT INTO Exercise (id, title, description, link, equipment_id, training_type_id) VALUES (881, 'Ring Chest Fly', 'Target: Chest', 'https://youtu.be/ytAxGbZ7g80', 3, 3);
# INSERT INTO exercise_muscle (exercise_id, muscle_id, intensity) VALUES (881, 7, 10);
#
# -- Exercise ID: 882
# INSERT INTO Exercise (id, title, description, link, equipment_id, training_type_id) VALUES (882, 'Double Kettlebell Feet Elevated Push Up', 'Target: Chest', 'https://youtu.be/kw3ht7nZbXs?si=9ZaHvZoUYJK9H_2w', 15, 4);
# INSERT INTO exercise_muscle (exercise_id, muscle_id, intensity) VALUES (882, 7, 10);
# INSERT INTO exercise_muscle (exercise_id, muscle_id, intensity) VALUES (882, 4, 7);
#
# -- Exercise ID: 883
# INSERT INTO Exercise (id, title, description, link, equipment_id, training_type_id) VALUES (883, 'Single Arm Kettlebell Bottoms Up Half Kneeling Contralateral Overhead Press', 'Target: Shoulders', 'https://youtu.be/DrpIWrG7rl8', 15, 2);
# INSERT INTO exercise_muscle (exercise_id, muscle_id, intensity) VALUES (883, 2, 10);
# INSERT INTO exercise_muscle (exercise_id, muscle_id, intensity) VALUES (883, 4, 7);
#
# -- Exercise ID: 884
# INSERT INTO Exercise (id, title, description, link, equipment_id, training_type_id) VALUES (884, 'Parallette Alternating Shoulder Tap Push Up', 'Target: Chest', 'https://youtu.be/NENoxvoyaTw', 4, 4);
# INSERT INTO exercise_muscle (exercise_id, muscle_id, intensity) VALUES (884, 7, 10);
# INSERT INTO exercise_muscle (exercise_id, muscle_id, intensity) VALUES (884, 4, 7);
#
# -- Exercise ID: 885
# INSERT INTO Exercise (id, title, description, link, equipment_id, training_type_id) VALUES (885, 'Parallette Dive Bomber Push Up', 'Target: Chest', 'https://youtu.be/tpCOg3ZKn3w?si=e_92TbjIAIy3thZh', 4, 4);
# INSERT INTO exercise_muscle (exercise_id, muscle_id, intensity) VALUES (885, 7, 10);
# INSERT INTO exercise_muscle (exercise_id, muscle_id, intensity) VALUES (885, 4, 7);
#
# -- Exercise ID: 886
# INSERT INTO Exercise (id, title, description, link, equipment_id, training_type_id) VALUES (886, 'Barbell Front Rack Bulgarian Split Squat', 'Target: Quadriceps', 'https://youtu.be/kz5dpeSigAI', 12, 2);
# INSERT INTO exercise_muscle (exercise_id, muscle_id, intensity) VALUES (886, 13, 10);
# INSERT INTO exercise_muscle (exercise_id, muscle_id, intensity) VALUES (886, 21, 7);
# INSERT INTO exercise_muscle (exercise_id, muscle_id, intensity) VALUES (886, 22, 4);
#
# -- Exercise ID: 887
# INSERT INTO Exercise (id, title, description, link, equipment_id, training_type_id) VALUES (887, 'Barbell Back Rack Bulgarian Split Squat', 'Target: Quadriceps', 'https://youtu.be/CeNiZ52DzU0', 12, 2);
# INSERT INTO exercise_muscle (exercise_id, muscle_id, intensity) VALUES (887, 13, 10);
# INSERT INTO exercise_muscle (exercise_id, muscle_id, intensity) VALUES (887, 21, 7);
# INSERT INTO exercise_muscle (exercise_id, muscle_id, intensity) VALUES (887, 22, 4);
#
# -- Exercise ID: 888
# INSERT INTO Exercise (id, title, description, link, equipment_id, training_type_id) VALUES (888, 'Single Arm Suspension Contralateral Pistol Squat', 'Target: Quadriceps', NULL, 11, 12);
# INSERT INTO exercise_muscle (exercise_id, muscle_id, intensity) VALUES (888, 13, 10);
# INSERT INTO exercise_muscle (exercise_id, muscle_id, intensity) VALUES (888, 21, 7);
#
# -- Exercise ID: 889
# INSERT INTO Exercise (id, title, description, link, equipment_id, training_type_id) VALUES (889, 'Barbell Front Rack Alternating Curtsy Lunge', 'Target: Quadriceps', 'https://youtu.be/QB9bEZQl6Mg', 12, 2);
# INSERT INTO exercise_muscle (exercise_id, muscle_id, intensity) VALUES (889, 13, 10);
# INSERT INTO exercise_muscle (exercise_id, muscle_id, intensity) VALUES (889, 21, 7);
# INSERT INTO exercise_muscle (exercise_id, muscle_id, intensity) VALUES (889, 14, 4);
#
# -- Exercise ID: 890
# INSERT INTO Exercise (id, title, description, link, equipment_id, training_type_id) VALUES (890, 'Bodyweight Dragon Flag', 'Target: Abdominals', 'https://youtu.be/LXmJg15hurY?si=kuUaXsoiL3fnTOE7', 2, 4);
# INSERT INTO exercise_muscle (exercise_id, muscle_id, intensity) VALUES (890, 11, 10);
#
# -- Exercise ID: 891
# INSERT INTO Exercise (id, title, description, link, equipment_id, training_type_id) VALUES (891, 'Single Arm Kettlebell Front Rack Ipsilateral Bulgarian Split Squat', 'Target: Quadriceps', 'https://youtu.be/oeGgMKpKA0w', 15, 2);
# INSERT INTO exercise_muscle (exercise_id, muscle_id, intensity) VALUES (891, 13, 10);
# INSERT INTO exercise_muscle (exercise_id, muscle_id, intensity) VALUES (891, 21, 7);
# INSERT INTO exercise_muscle (exercise_id, muscle_id, intensity) VALUES (891, 22, 4);
#
# -- Exercise ID: 892
# INSERT INTO Exercise (id, title, description, link, equipment_id, training_type_id) VALUES (892, 'Bodyweight Dive Bomber Push Up', 'Target: Chest', 'https://youtu.be/y94uWhVJ3D4?si=TIKacdZm8d8i5e6M', 2, 4);
# INSERT INTO exercise_muscle (exercise_id, muscle_id, intensity) VALUES (892, 7, 10);
# INSERT INTO exercise_muscle (exercise_id, muscle_id, intensity) VALUES (892, 4, 7);
#
# -- Exercise ID: 893
# INSERT INTO Exercise (id, title, description, link, equipment_id, training_type_id) VALUES (893, 'Barbell Staggered Stance Push Press', 'Target: Shoulders', NULL, 12, 3);
# INSERT INTO exercise_muscle (exercise_id, muscle_id, intensity) VALUES (893, 2, 10);
# INSERT INTO exercise_muscle (exercise_id, muscle_id, intensity) VALUES (893, 4, 7);
#
# -- Exercise ID: 894
# INSERT INTO Exercise (id, title, description, link, equipment_id, training_type_id) VALUES (894, 'Parallette Full Planche', 'Target: Abdominals', 'https://youtu.be/v6oj7ImoVP4?si=F3GtqX0vk8YHIyZm', 4, 4);
# INSERT INTO exercise_muscle (exercise_id, muscle_id, intensity) VALUES (894, 11, 10);
#
# -- Exercise ID: 895
# INSERT INTO Exercise (id, title, description, link, equipment_id, training_type_id) VALUES (895, 'Double Dumbbell Renegade Row to Push Up', 'Target: Back', 'https://youtu.be/731lQp2shpY', 6, 2);
# INSERT INTO exercise_muscle (exercise_id, muscle_id, intensity) VALUES (895, 17, 10);
#
# -- Exercise ID: 896
# INSERT INTO Exercise (id, title, description, link, equipment_id, training_type_id) VALUES (896, 'Ring Inverted Iron Cross', 'Target: Back', 'https://youtu.be/qO5ZqLJD_ZQ', 3, 4);
# INSERT INTO exercise_muscle (exercise_id, muscle_id, intensity) VALUES (896, 17, 10);
# INSERT INTO exercise_muscle (exercise_id, muscle_id, intensity) VALUES (896, 8, 7);
#
# -- Exercise ID: 897
# INSERT INTO Exercise (id, title, description, link, equipment_id, training_type_id) VALUES (897, 'Barbell Reverse Grip Front Raise', 'Target: Shoulders', 'https://youtu.be/b2ELsjM9KQQ', 12, 2);
# INSERT INTO exercise_muscle (exercise_id, muscle_id, intensity) VALUES (897, 2, 10);
# INSERT INTO exercise_muscle (exercise_id, muscle_id, intensity) VALUES (897, 7, 7);
#
# -- Exercise ID: 898
# INSERT INTO Exercise (id, title, description, link, equipment_id, training_type_id) VALUES (898, 'Ring Tuck Planche', 'Target: Abdominals', 'https://youtu.be/ch0kaD--kIA', 3, 4);
# INSERT INTO exercise_muscle (exercise_id, muscle_id, intensity) VALUES (898, 11, 10);
# INSERT INTO exercise_muscle (exercise_id, muscle_id, intensity) VALUES (898, 8, 7);
#
# -- Exercise ID: 899
# INSERT INTO Exercise (id, title, description, link, equipment_id, training_type_id) VALUES (899, 'Barbell Seated Reverse Grip Wrist Curl', 'Target: Forearms', 'https://youtu.be/FW7URAaC-vE', 12, 3);
# INSERT INTO exercise_muscle (exercise_id, muscle_id, intensity) VALUES (899, 10, 10);
#
# -- Exercise ID: 900
# INSERT INTO Exercise (id, title, description, link, equipment_id, training_type_id) VALUES (900, 'Ring Full Planche', 'Target: Abdominals', NULL, 3, 4);
# INSERT INTO exercise_muscle (exercise_id, muscle_id, intensity) VALUES (900, 11, 10);
#
# -- Exercise ID: 901
# INSERT INTO Exercise (id, title, description, link, equipment_id, training_type_id) VALUES (901, 'Alternating Single Arm Parallette Push Up', 'Target: Chest', NULL, 4, 4);
# INSERT INTO exercise_muscle (exercise_id, muscle_id, intensity) VALUES (901, 7, 10);
# INSERT INTO exercise_muscle (exercise_id, muscle_id, intensity) VALUES (901, 4, 7);
#
# -- Exercise ID: 902
# INSERT INTO Exercise (id, title, description, link, equipment_id, training_type_id) VALUES (902, 'Ring Scapular Pull Up', 'Target: Back', NULL, 3, 4);
# INSERT INTO exercise_muscle (exercise_id, muscle_id, intensity) VALUES (902, 17, 10);
# INSERT INTO exercise_muscle (exercise_id, muscle_id, intensity) VALUES (902, 18, 7);
#
# -- Exercise ID: 903
# INSERT INTO Exercise (id, title, description, link, equipment_id, training_type_id) VALUES (903, 'Ring Grip Full Planche', 'Target: Abdominals', NULL, 3, 4);
# INSERT INTO exercise_muscle (exercise_id, muscle_id, intensity) VALUES (903, 11, 10);
#
# -- Exercise ID: 904
# INSERT INTO Exercise (id, title, description, link, equipment_id, training_type_id) VALUES (904, 'Bodyweight Full Planche', 'Target: Abdominals', 'https://youtu.be/hTpQCPjYZ3w?si=jlVsTRhe4TDGXMhx', 2, 4);
# INSERT INTO exercise_muscle (exercise_id, muscle_id, intensity) VALUES (904, 11, 10);
#
# -- Exercise ID: 905
# INSERT INTO Exercise (id, title, description, link, equipment_id, training_type_id) VALUES (905, 'Cable Quadruped Hip Abduction', 'Target: Abductors', 'https://youtu.be/MZi0M3OJEVw', 8, 3);
# INSERT INTO exercise_muscle (exercise_id, muscle_id, intensity) VALUES (905, 15, 10);
#
# -- Exercise ID: 906
# INSERT INTO Exercise (id, title, description, link, equipment_id, training_type_id) VALUES (906, 'Barbell Reverse Grip Bench Press', 'Target: Chest', 'https://youtu.be/a9IZD74jAfw?si=-nGBSNLL5nllir0b', 12, 2);
# INSERT INTO exercise_muscle (exercise_id, muscle_id, intensity) VALUES (906, 7, 10);
#
# -- Exercise ID: 907
# INSERT INTO Exercise (id, title, description, link, equipment_id, training_type_id) VALUES (907, 'Double Kettlebell Turkish Get Up', 'Target: Abdominals', 'https://youtu.be/q4JSQU9lyfs', 15, 6);
# INSERT INTO exercise_muscle (exercise_id, muscle_id, intensity) VALUES (907, 12, 10);
# INSERT INTO exercise_muscle (exercise_id, muscle_id, intensity) VALUES (907, 11, 7);
#
# -- Exercise ID: 908
# INSERT INTO Exercise (id, title, description, link, equipment_id, training_type_id) VALUES (908, 'Single Arm Kettlebell Rotational Overhead Press', 'Target: Shoulders', 'https://youtu.be/jtOoPLn8OEQ', 15, 2);
# INSERT INTO exercise_muscle (exercise_id, muscle_id, intensity) VALUES (908, 2, 10);
#
# -- Exercise ID: 909
# INSERT INTO Exercise (id, title, description, link, equipment_id, training_type_id) VALUES (909, 'Single Arm Kettlebell Z Press', 'Target: Shoulders', 'https://youtu.be/ygiRarZWXHw', 15, 2);
# INSERT INTO exercise_muscle (exercise_id, muscle_id, intensity) VALUES (909, 2, 10);
# INSERT INTO exercise_muscle (exercise_id, muscle_id, intensity) VALUES (909, 4, 7);
# INSERT INTO exercise_muscle (exercise_id, muscle_id, intensity) VALUES (909, 11, 4);
#
# -- Exercise ID: 910
# INSERT INTO Exercise (id, title, description, link, equipment_id, training_type_id) VALUES (910, 'Parallette Straddle Planche', 'Target: Abdominals', 'https://youtu.be/2qWMe_2rlFk?si=MrPXRqDAKW9xxM_5', 4, 4);
# INSERT INTO exercise_muscle (exercise_id, muscle_id, intensity) VALUES (910, 11, 10);
#
# -- Exercise ID: 911
# INSERT INTO Exercise (id, title, description, link, equipment_id, training_type_id) VALUES (911, 'Single Arm Kettlebell Sots Press', 'Target: Shoulders', 'https://youtu.be/1znq_EvBvCg', 15, 2);
# INSERT INTO exercise_muscle (exercise_id, muscle_id, intensity) VALUES (911, 2, 10);
# INSERT INTO exercise_muscle (exercise_id, muscle_id, intensity) VALUES (911, 4, 7);
# INSERT INTO exercise_muscle (exercise_id, muscle_id, intensity) VALUES (911, 13, 4);
#
# -- Exercise ID: 912
# INSERT INTO Exercise (id, title, description, link, equipment_id, training_type_id) VALUES (912, 'Ring Straddle Planche', 'Target: Abdominals', NULL, 3, 4);
# INSERT INTO exercise_muscle (exercise_id, muscle_id, intensity) VALUES (912, 11, 10);
#
# -- Exercise ID: 913
# INSERT INTO Exercise (id, title, description, link, equipment_id, training_type_id) VALUES (913, 'Double Kettlebell Renegade Row', 'Target: Back', 'https://youtu.be/SUqsBTSldyk', 15, 2);
# INSERT INTO exercise_muscle (exercise_id, muscle_id, intensity) VALUES (913, 17, 10);
#
# -- Exercise ID: 914
# INSERT INTO Exercise (id, title, description, link, equipment_id, training_type_id) VALUES (914, 'Barbell Turkish Sit Up', 'Target: Abdominals', 'https://youtu.be/zCBlmAdxfI0', 12, 3);
# INSERT INTO exercise_muscle (exercise_id, muscle_id, intensity) VALUES (914, 11, 10);
# INSERT INTO exercise_muscle (exercise_id, muscle_id, intensity) VALUES (914, 2, 7);
#
# -- Exercise ID: 915
# INSERT INTO Exercise (id, title, description, link, equipment_id, training_type_id) VALUES (915, 'Plate Turkish Sit Up', 'Target: Abdominals', 'https://youtu.be/A7sXEmRwTQQ', 22, 3);
# INSERT INTO exercise_muscle (exercise_id, muscle_id, intensity) VALUES (915, 11, 10);
# INSERT INTO exercise_muscle (exercise_id, muscle_id, intensity) VALUES (915, 2, 7);
#
# -- Exercise ID: 916
# INSERT INTO Exercise (id, title, description, link, equipment_id, training_type_id) VALUES (916, 'Double Kettlebell Renegade Row to Push Up', 'Target: Back', 'https://youtu.be/i8VL6OjVlCY', 15, 2);
# INSERT INTO exercise_muscle (exercise_id, muscle_id, intensity) VALUES (916, 17, 10);
#
# -- Exercise ID: 917
# INSERT INTO Exercise (id, title, description, link, equipment_id, training_type_id) VALUES (917, 'Single Arm Barbell Turkish Sit Up', 'Target: Abdominals', NULL, 12, 3);
# INSERT INTO exercise_muscle (exercise_id, muscle_id, intensity) VALUES (917, 11, 10);
# INSERT INTO exercise_muscle (exercise_id, muscle_id, intensity) VALUES (917, 2, 7);
#
# -- Exercise ID: 918
# INSERT INTO Exercise (id, title, description, link, equipment_id, training_type_id) VALUES (918, 'Dumbbell Crush Grip Romanian Deadlift', 'Target: Hamstrings', 'https://youtu.be/SozT7TcG-p0?si=8DX3-uViiOfh2BvX', 6, 2);
# INSERT INTO exercise_muscle (exercise_id, muscle_id, intensity) VALUES (918, 22, 10);
# INSERT INTO exercise_muscle (exercise_id, muscle_id, intensity) VALUES (918, 21, 7);
# INSERT INTO exercise_muscle (exercise_id, muscle_id, intensity) VALUES (918, 20, 4);
#
# -- Exercise ID: 919
# INSERT INTO Exercise (id, title, description, link, equipment_id, training_type_id) VALUES (919, 'Single Arm Kettlebell Half Kneeling Contralateral Overhead Press', 'Target: Shoulders', 'https://youtu.be/wlAJN3GzJWA', 15, 2);
# INSERT INTO exercise_muscle (exercise_id, muscle_id, intensity) VALUES (919, 2, 10);
# INSERT INTO exercise_muscle (exercise_id, muscle_id, intensity) VALUES (919, 4, 7);
#
# -- Exercise ID: 920
# INSERT INTO Exercise (id, title, description, link, equipment_id, training_type_id) VALUES (920, 'Double Kettlebell Knee Over Toe Split Squat Thruster', 'Target: Shoulders', NULL, 15, 2);
# INSERT INTO exercise_muscle (exercise_id, muscle_id, intensity) VALUES (920, 2, 10);
# INSERT INTO exercise_muscle (exercise_id, muscle_id, intensity) VALUES (920, 13, 7);
# INSERT INTO exercise_muscle (exercise_id, muscle_id, intensity) VALUES (920, 21, 4);
#
# -- Exercise ID: 921
# INSERT INTO Exercise (id, title, description, link, equipment_id, training_type_id) VALUES (921, 'Double Kettlebell Bottoms Up Knee Over Toe Split Squat Thruster', 'Target: Shoulders', NULL, 15, 2);
# INSERT INTO exercise_muscle (exercise_id, muscle_id, intensity) VALUES (921, 2, 10);
# INSERT INTO exercise_muscle (exercise_id, muscle_id, intensity) VALUES (921, 13, 7);
# INSERT INTO exercise_muscle (exercise_id, muscle_id, intensity) VALUES (921, 21, 4);
#
# -- Exercise ID: 922
# INSERT INTO Exercise (id, title, description, link, equipment_id, training_type_id) VALUES (922, 'Single Arm Kettlebell Bottoms Up Z Press', 'Target: Shoulders', 'https://youtu.be/XFxoHtiGZtw', 15, 2);
# INSERT INTO exercise_muscle (exercise_id, muscle_id, intensity) VALUES (922, 2, 10);
# INSERT INTO exercise_muscle (exercise_id, muscle_id, intensity) VALUES (922, 4, 7);
# INSERT INTO exercise_muscle (exercise_id, muscle_id, intensity) VALUES (922, 11, 4);
#
# -- Exercise ID: 923
# INSERT INTO Exercise (id, title, description, link, equipment_id, training_type_id) VALUES (923, 'Double Kettlebell Bottoms Up Z Press', 'Target: Shoulders', 'https://youtu.be/s2hAm9S-6fY', 15, 2);
# INSERT INTO exercise_muscle (exercise_id, muscle_id, intensity) VALUES (923, 2, 10);
# INSERT INTO exercise_muscle (exercise_id, muscle_id, intensity) VALUES (923, 4, 7);
# INSERT INTO exercise_muscle (exercise_id, muscle_id, intensity) VALUES (923, 11, 4);
#
# -- Exercise ID: 924
# INSERT INTO Exercise (id, title, description, link, equipment_id, training_type_id) VALUES (924, 'Double Kettlebell Sots Press', 'Target: Shoulders', 'https://youtu.be/D6UYO_ZbLJ8', 15, 2);
# INSERT INTO exercise_muscle (exercise_id, muscle_id, intensity) VALUES (924, 2, 10);
# INSERT INTO exercise_muscle (exercise_id, muscle_id, intensity) VALUES (924, 4, 7);
# INSERT INTO exercise_muscle (exercise_id, muscle_id, intensity) VALUES (924, 13, 4);
#
# -- Exercise ID: 925
# INSERT INTO Exercise (id, title, description, link, equipment_id, training_type_id) VALUES (925, 'Alternating Double Kettlebell Sots Press', 'Target: Shoulders', 'https://youtu.be/_Q2mHbn6ggA?si=QGGePHfV1X7MFEdF', 15, 2);
# INSERT INTO exercise_muscle (exercise_id, muscle_id, intensity) VALUES (925, 2, 10);
# INSERT INTO exercise_muscle (exercise_id, muscle_id, intensity) VALUES (925, 4, 7);
# INSERT INTO exercise_muscle (exercise_id, muscle_id, intensity) VALUES (925, 13, 4);
#
# -- Exercise ID: 926
# INSERT INTO Exercise (id, title, description, link, equipment_id, training_type_id) VALUES (926, 'Double Kettlebell Seesaw Sots Press', 'Target: Shoulders', 'https://youtu.be/L0DwNTS4psM', 15, 2);
# INSERT INTO exercise_muscle (exercise_id, muscle_id, intensity) VALUES (926, 2, 10);
# INSERT INTO exercise_muscle (exercise_id, muscle_id, intensity) VALUES (926, 4, 7);
# INSERT INTO exercise_muscle (exercise_id, muscle_id, intensity) VALUES (926, 13, 4);
#
# -- Exercise ID: 927
# INSERT INTO Exercise (id, title, description, link, equipment_id, training_type_id) VALUES (927, 'Dumbbell Crush Grip Hollow Body Hold with Flutter Kicks', 'Target: Abdominals', 'https://youtu.be/Btp-pKPfvEU', 6, 3);
# INSERT INTO exercise_muscle (exercise_id, muscle_id, intensity) VALUES (927, 11, 10);
#
# -- Exercise ID: 928
# INSERT INTO Exercise (id, title, description, link, equipment_id, training_type_id) VALUES (928, 'Double Kettlebell Bottoms Up Seesaw Overhead Press', 'Target: Shoulders', 'https://youtu.be/HDzbviKeH8A', 15, 3);
# INSERT INTO exercise_muscle (exercise_id, muscle_id, intensity) VALUES (928, 2, 10);
# INSERT INTO exercise_muscle (exercise_id, muscle_id, intensity) VALUES (928, 4, 7);
#
# -- Exercise ID: 929
# INSERT INTO Exercise (id, title, description, link, equipment_id, training_type_id) VALUES (929, 'Parallette Crow Pose', 'Target: Abdominals', 'https://youtu.be/JHYVvhWqNzE', 4, 4);
# INSERT INTO exercise_muscle (exercise_id, muscle_id, intensity) VALUES (929, 11, 10);
#
# -- Exercise ID: 930
# INSERT INTO Exercise (id, title, description, link, equipment_id, training_type_id) VALUES (930, 'Double Kettlebell Bottoms Up Seesaw Z Press', 'Target: Shoulders', NULL, 15, 2);
# INSERT INTO exercise_muscle (exercise_id, muscle_id, intensity) VALUES (930, 2, 10);
# INSERT INTO exercise_muscle (exercise_id, muscle_id, intensity) VALUES (930, 4, 7);
# INSERT INTO exercise_muscle (exercise_id, muscle_id, intensity) VALUES (930, 11, 4);
#
# -- Exercise ID: 931
# INSERT INTO Exercise (id, title, description, link, equipment_id, training_type_id) VALUES (931, 'Suspension Single Leg Standing Bent Knee Reverse Fly', 'Target: Shoulders', NULL, 11, 12);
# INSERT INTO exercise_muscle (exercise_id, muscle_id, intensity) VALUES (931, 19, 10);
#
# -- Exercise ID: 932
# INSERT INTO Exercise (id, title, description, link, equipment_id, training_type_id) VALUES (932, 'Kettlebell Bottoms Up Horn Grip Goblet Bulgarian Split Squat', 'Target: Quadriceps', NULL, 15, 2);
# INSERT INTO exercise_muscle (exercise_id, muscle_id, intensity) VALUES (932, 13, 10);
# INSERT INTO exercise_muscle (exercise_id, muscle_id, intensity) VALUES (932, 21, 7);
# INSERT INTO exercise_muscle (exercise_id, muscle_id, intensity) VALUES (932, 22, 4);
#
# -- Exercise ID: 933
# INSERT INTO Exercise (id, title, description, link, equipment_id, training_type_id) VALUES (933, 'Double Kettlebell Snatch to Overhead Squat', 'Target: Quadriceps', NULL, 15, 10);
# INSERT INTO exercise_muscle (exercise_id, muscle_id, intensity) VALUES (933, 13, 10);
# INSERT INTO exercise_muscle (exercise_id, muscle_id, intensity) VALUES (933, 21, 7);
#
# -- Exercise ID: 934
# INSERT INTO Exercise (id, title, description, link, equipment_id, training_type_id) VALUES (934, 'Suspension Single Leg Standing Bent Knee Y Raise', 'Target: Shoulders', NULL, 11, 12);
# INSERT INTO exercise_muscle (exercise_id, muscle_id, intensity) VALUES (934, 19, 10);
#
# -- Exercise ID: 935
# INSERT INTO Exercise (id, title, description, link, equipment_id, training_type_id) VALUES (935, 'Suspension Single Leg Standing Bent Knee Face Pull', 'Target: Shoulders', NULL, 11, 12);
# INSERT INTO exercise_muscle (exercise_id, muscle_id, intensity) VALUES (935, 19, 10);
#
# -- Exercise ID: 936
# INSERT INTO Exercise (id, title, description, link, equipment_id, training_type_id) VALUES (936, 'Single Arm Kettlebell Half Kneeling Dead Clean', 'Target: Glutes', NULL, 15, 10);
# INSERT INTO exercise_muscle (exercise_id, muscle_id, intensity) VALUES (936, 21, 10);
# INSERT INTO exercise_muscle (exercise_id, muscle_id, intensity) VALUES (936, 22, 7);
# INSERT INTO exercise_muscle (exercise_id, muscle_id, intensity) VALUES (936, 11, 4);
#
# -- Exercise ID: 937
# INSERT INTO Exercise (id, title, description, link, equipment_id, training_type_id) VALUES (937, 'Barbell Overhead March', 'Target: Hip Flexors', 'https://youtu.be/NJ4t_HAgJ0M', 12, 12);
# INSERT INTO exercise_muscle (exercise_id, muscle_id, intensity) VALUES (937, 11, 10);
# INSERT INTO exercise_muscle (exercise_id, muscle_id, intensity) VALUES (937, 15, 4);
#
# -- Exercise ID: 938
# INSERT INTO Exercise (id, title, description, link, equipment_id, training_type_id) VALUES (938, 'Single Arm Barbell Overhead March', 'Target: Hip Flexors', NULL, 12, 12);
# INSERT INTO exercise_muscle (exercise_id, muscle_id, intensity) VALUES (938, 11, 10);
# INSERT INTO exercise_muscle (exercise_id, muscle_id, intensity) VALUES (938, 15, 4);
#
# -- Exercise ID: 939
# INSERT INTO Exercise (id, title, description, link, equipment_id, training_type_id) VALUES (939, 'Single Arm Kettlebell Half Kneeling Clean', 'Target: Glutes', 'https://youtu.be/2LM9Y67n6Aw', 15, 10);
# INSERT INTO exercise_muscle (exercise_id, muscle_id, intensity) VALUES (939, 21, 10);
#
# -- Exercise ID: 940
# INSERT INTO Exercise (id, title, description, link, equipment_id, training_type_id) VALUES (940, 'Single Arm Kettlebell Half Kneeling Snatch', 'Target: Glutes', 'https://youtu.be/Ak5wI3oLbjA?si=ZcxpayHQ4EbHkxWD', 15, 10);
# INSERT INTO exercise_muscle (exercise_id, muscle_id, intensity) VALUES (940, 21, 10);
# INSERT INTO exercise_muscle (exercise_id, muscle_id, intensity) VALUES (940, 2, 7);
#
# -- Exercise ID: 941
# INSERT INTO Exercise (id, title, description, link, equipment_id, training_type_id) VALUES (941, 'Double Kettlebell Front Rack Alternating Curtsy Lunge', 'Target: Quadriceps', 'https://youtu.be/UnevKvSIDLo?si=Y2g3UwUxqNMlZHdo', 15, 2);
# INSERT INTO exercise_muscle (exercise_id, muscle_id, intensity) VALUES (941, 13, 10);
# INSERT INTO exercise_muscle (exercise_id, muscle_id, intensity) VALUES (941, 21, 7);
# INSERT INTO exercise_muscle (exercise_id, muscle_id, intensity) VALUES (941, 14, 4);
#
# -- Exercise ID: 942
# INSERT INTO Exercise (id, title, description, link, equipment_id, training_type_id) VALUES (942, 'Slider Lateral Lunge', 'Target: Quadriceps', 'https://youtu.be/Gj12f62lLeM?si=VhTsZJu7DxtPvx73', 14, 2);
# INSERT INTO exercise_muscle (exercise_id, muscle_id, intensity) VALUES (942, 13, 10);
# INSERT INTO exercise_muscle (exercise_id, muscle_id, intensity) VALUES (942, 21, 7);
# INSERT INTO exercise_muscle (exercise_id, muscle_id, intensity) VALUES (942, 14, 4);
#
# -- Exercise ID: 943
# INSERT INTO Exercise (id, title, description, link, equipment_id, training_type_id) VALUES (943, 'Kettlebell Bottoms Up Horn Grip Toe Balance Squat', 'Target: Quadriceps', NULL, 15, 12);
# INSERT INTO exercise_muscle (exercise_id, muscle_id, intensity) VALUES (943, 13, 10);
# INSERT INTO exercise_muscle (exercise_id, muscle_id, intensity) VALUES (943, 21, 7);
#
# -- Exercise ID: 944
# INSERT INTO Exercise (id, title, description, link, equipment_id, training_type_id) VALUES (944, 'Double Kettlebell Dead Clean to Overhead Press', 'Target: Shoulders', 'https://youtu.be/8xYUgNA1Hi0?si=B1HQJvZslYYHAgLt', 15, 10);
# INSERT INTO exercise_muscle (exercise_id, muscle_id, intensity) VALUES (944, 2, 10);
# INSERT INTO exercise_muscle (exercise_id, muscle_id, intensity) VALUES (944, 21, 7);
#
# -- Exercise ID: 945
# INSERT INTO Exercise (id, title, description, link, equipment_id, training_type_id) VALUES (945, 'Double Kettlebell Dead Clean to Thruster', 'Target: Shoulders', 'https://youtu.be/3p8swLoH5no', 15, 10);
# INSERT INTO exercise_muscle (exercise_id, muscle_id, intensity) VALUES (945, 2, 10);
# INSERT INTO exercise_muscle (exercise_id, muscle_id, intensity) VALUES (945, 13, 7);
# INSERT INTO exercise_muscle (exercise_id, muscle_id, intensity) VALUES (945, 21, 4);
#
# -- Exercise ID: 946
# INSERT INTO Exercise (id, title, description, link, equipment_id, training_type_id) VALUES (946, 'Suspension Single Leg Standing Bent Knee Face Pull to Overhead Press', 'Target: Shoulders', NULL, 11, 12);
# INSERT INTO exercise_muscle (exercise_id, muscle_id, intensity) VALUES (946, 19, 10);
#
# -- Exercise ID: 947
# INSERT INTO Exercise (id, title, description, link, equipment_id, training_type_id) VALUES (947, 'Suspension Single Leg Standing Bent Knee Cuban Press', 'Target: Shoulders', NULL, 11, 12);
# INSERT INTO exercise_muscle (exercise_id, muscle_id, intensity) VALUES (947, 19, 10);
# INSERT INTO exercise_muscle (exercise_id, muscle_id, intensity) VALUES (947, 4, 7);
#
# -- Exercise ID: 948
# INSERT INTO Exercise (id, title, description, link, equipment_id, training_type_id) VALUES (948, 'Double Kettlebell Single Leg Standing Bent Knee Overhead Press', 'Target: Shoulders', NULL, 15, 12);
# INSERT INTO exercise_muscle (exercise_id, muscle_id, intensity) VALUES (948, 2, 10);
# INSERT INTO exercise_muscle (exercise_id, muscle_id, intensity) VALUES (948, 4, 7);
#
# -- Exercise ID: 949
# INSERT INTO Exercise (id, title, description, link, equipment_id, training_type_id) VALUES (949, 'Single Arm Kettlebell Dead Snatch', 'Target: Glutes', 'https://youtu.be/VfKFRnS5FDY', 15, 10);
# INSERT INTO exercise_muscle (exercise_id, muscle_id, intensity) VALUES (949, 21, 10);
# INSERT INTO exercise_muscle (exercise_id, muscle_id, intensity) VALUES (949, 2, 7);
#
# -- Exercise ID: 950
# INSERT INTO Exercise (id, title, description, link, equipment_id, training_type_id) VALUES (950, 'Alternating Single Arm Kettlebell Dead Snatch', 'Target: Glutes', 'https://youtu.be/z0tHucwkYgM?si=VThu2f_wRIcFlNP3', 15, 10);
# INSERT INTO exercise_muscle (exercise_id, muscle_id, intensity) VALUES (950, 21, 10);
# INSERT INTO exercise_muscle (exercise_id, muscle_id, intensity) VALUES (950, 2, 7);
#
# -- Exercise ID: 951
# INSERT INTO Exercise (id, title, description, link, equipment_id, training_type_id) VALUES (951, 'Double Kettlebell Dead Half Snatch', 'Target: Glutes', 'https://youtu.be/t8Z9LTj5b6Y', 15, 10);
# INSERT INTO exercise_muscle (exercise_id, muscle_id, intensity) VALUES (951, 21, 10);
# INSERT INTO exercise_muscle (exercise_id, muscle_id, intensity) VALUES (951, 22, 7);
# INSERT INTO exercise_muscle (exercise_id, muscle_id, intensity) VALUES (951, 2, 4);
#
# -- Exercise ID: 952
# INSERT INTO Exercise (id, title, description, link, equipment_id, training_type_id) VALUES (952, 'Slider Barbell Overhead Reverse Lunge', 'Target: Quadriceps', NULL, 14, 2);
# INSERT INTO exercise_muscle (exercise_id, muscle_id, intensity) VALUES (952, 13, 10);
# INSERT INTO exercise_muscle (exercise_id, muscle_id, intensity) VALUES (952, 21, 7);
# INSERT INTO exercise_muscle (exercise_id, muscle_id, intensity) VALUES (952, 22, 4);
#
# -- Exercise ID: 953
# INSERT INTO Exercise (id, title, description, link, equipment_id, training_type_id) VALUES (953, 'Single Arm Kettlebell Single Leg Standing Bent Knee Contralateral Overhead Press', 'Target: Shoulders', NULL, 15, 12);
# INSERT INTO exercise_muscle (exercise_id, muscle_id, intensity) VALUES (953, 2, 10);
# INSERT INTO exercise_muscle (exercise_id, muscle_id, intensity) VALUES (953, 4, 7);
#
# -- Exercise ID: 954
# INSERT INTO Exercise (id, title, description, link, equipment_id, training_type_id) VALUES (954, 'Suspension Single Leg Standing Bent Knee Bicep Curl', 'Target: Biceps', NULL, 11, 12);
# INSERT INTO exercise_muscle (exercise_id, muscle_id, intensity) VALUES (954, 8, 10);
# INSERT INTO exercise_muscle (exercise_id, muscle_id, intensity) VALUES (954, 10, 4);
#
# -- Exercise ID: 955
# INSERT INTO Exercise (id, title, description, link, equipment_id, training_type_id) VALUES (955, 'Double Kettlebell Otis Up', 'Target: Abdominals', NULL, 15, 3);
# INSERT INTO exercise_muscle (exercise_id, muscle_id, intensity) VALUES (955, 11, 10);
# INSERT INTO exercise_muscle (exercise_id, muscle_id, intensity) VALUES (955, 12, 4);
#
# -- Exercise ID: 956
# INSERT INTO Exercise (id, title, description, link, equipment_id, training_type_id) VALUES (956, 'Single Arm Kettlebell Otis Up', 'Target: Abdominals', NULL, 15, 3);
# INSERT INTO exercise_muscle (exercise_id, muscle_id, intensity) VALUES (956, 11, 10);
# INSERT INTO exercise_muscle (exercise_id, muscle_id, intensity) VALUES (956, 12, 4);
#
# -- Exercise ID: 957
# INSERT INTO Exercise (id, title, description, link, equipment_id, training_type_id) VALUES (957, 'Kettlebell Horn Grip Otis Up', 'Target: Abdominals', NULL, 15, 3);
# INSERT INTO exercise_muscle (exercise_id, muscle_id, intensity) VALUES (957, 11, 10);
# INSERT INTO exercise_muscle (exercise_id, muscle_id, intensity) VALUES (957, 12, 4);
#
# -- Exercise ID: 958
# INSERT INTO Exercise (id, title, description, link, equipment_id, training_type_id) VALUES (958, 'Double Kettlebell Bottoms Up Otis Up', 'Target: Abdominals', NULL, 15, 3);
# INSERT INTO exercise_muscle (exercise_id, muscle_id, intensity) VALUES (958, 11, 10);
# INSERT INTO exercise_muscle (exercise_id, muscle_id, intensity) VALUES (958, 12, 4);
#
# -- Exercise ID: 959
# INSERT INTO Exercise (id, title, description, link, equipment_id, training_type_id) VALUES (959, 'Single Arm Kettlebell Bottoms Up Otis Up', 'Target: Abdominals', NULL, 15, 3);
# INSERT INTO exercise_muscle (exercise_id, muscle_id, intensity) VALUES (959, 11, 10);
# INSERT INTO exercise_muscle (exercise_id, muscle_id, intensity) VALUES (959, 12, 4);
#
# -- Exercise ID: 960
# INSERT INTO Exercise (id, title, description, link, equipment_id, training_type_id) VALUES (960, 'Double Dumbbell Staggered Stance Romanian Deadlift', 'Target: Hamstrings', 'https://youtu.be/RFuCfiMfJ1w', 6, 2);
# INSERT INTO exercise_muscle (exercise_id, muscle_id, intensity) VALUES (960, 22, 10);
# INSERT INTO exercise_muscle (exercise_id, muscle_id, intensity) VALUES (960, 21, 7);
#
# -- Exercise ID: 961
# INSERT INTO Exercise (id, title, description, link, equipment_id, training_type_id) VALUES (961, 'Barbell Staggered Stance Romanian Deadlift', 'Target: Hamstrings', 'https://youtu.be/UDKuhQqMIBs', 12, 2);
# INSERT INTO exercise_muscle (exercise_id, muscle_id, intensity) VALUES (961, 22, 10);
# INSERT INTO exercise_muscle (exercise_id, muscle_id, intensity) VALUES (961, 21, 7);
#
# -- Exercise ID: 962
# INSERT INTO Exercise (id, title, description, link, equipment_id, training_type_id) VALUES (962, 'Single Arm Kettlebell Bottoms Up Turkish Sit Up', 'Target: Abdominals', NULL, 15, 3);
# INSERT INTO exercise_muscle (exercise_id, muscle_id, intensity) VALUES (962, 11, 10);
# INSERT INTO exercise_muscle (exercise_id, muscle_id, intensity) VALUES (962, 2, 7);
#
# -- Exercise ID: 963
# INSERT INTO Exercise (id, title, description, link, equipment_id, training_type_id) VALUES (963, 'Ring Hanging Knees to Elbows', 'Target: Abdominals', 'https://youtu.be/SxLuhaSaPM4', 3, 4);
# INSERT INTO exercise_muscle (exercise_id, muscle_id, intensity) VALUES (963, 11, 10);
# INSERT INTO exercise_muscle (exercise_id, muscle_id, intensity) VALUES (963, 13, 4);
#
# -- Exercise ID: 964
# INSERT INTO Exercise (id, title, description, link, equipment_id, training_type_id) VALUES (964, 'Single Arm Plate Teacup', 'Target: Shoulders', 'https://youtu.be/7M7IjlFp2IM?si=idag9VrRKqgqJ7UH', 22, 8);
# INSERT INTO exercise_muscle (exercise_id, muscle_id, intensity) VALUES (964, 19, 10);
# INSERT INTO exercise_muscle (exercise_id, muscle_id, intensity) VALUES (964, 2, 7);
#
# -- Exercise ID: 965
# INSERT INTO Exercise (id, title, description, link, equipment_id, training_type_id) VALUES (965, 'Double Kettlebell Bottoms Up Turkish Sit Up', 'Target: Abdominals', NULL, 15, 3);
# INSERT INTO exercise_muscle (exercise_id, muscle_id, intensity) VALUES (965, 11, 10);
# INSERT INTO exercise_muscle (exercise_id, muscle_id, intensity) VALUES (965, 2, 7);
#
# -- Exercise ID: 966
# INSERT INTO Exercise (id, title, description, link, equipment_id, training_type_id) VALUES (966, 'Superband Assisted Nordic Hamstring Curl', 'Target: Hamstrings', 'https://youtu.be/4u74sLMSObs', 20, 3);
# INSERT INTO exercise_muscle (exercise_id, muscle_id, intensity) VALUES (966, 22, 10);
# INSERT INTO exercise_muscle (exercise_id, muscle_id, intensity) VALUES (966, 21, 7);
#
# -- Exercise ID: 967
# INSERT INTO Exercise (id, title, description, link, equipment_id, training_type_id) VALUES (967, 'Double Kettlebell Bottoms Up Turkish Sit Up to Z Press', 'Target: Abdominals', NULL, 15, 2);
# INSERT INTO exercise_muscle (exercise_id, muscle_id, intensity) VALUES (967, 11, 10);
#
# -- Exercise ID: 968
# INSERT INTO Exercise (id, title, description, link, equipment_id, training_type_id) VALUES (968, 'Bodyweight Alternating Shin Box Hip Extension', 'Target: Glutes', 'https://youtu.be/UZLEwSROzyQ?si=Pk3NabO_4gvYWivn', 2, 8);
# INSERT INTO exercise_muscle (exercise_id, muscle_id, intensity) VALUES (968, 21, 10);
#
# -- Exercise ID: 969
# INSERT INTO Exercise (id, title, description, link, equipment_id, training_type_id) VALUES (969, 'Single Arm Kettlebell Turkish Sit Up to Z Press', 'Target: Abdominals', 'https://youtu.be/FOdI5tm_JZs?si=-JnXwtZzA1jDzCcB', 15, 2);
# INSERT INTO exercise_muscle (exercise_id, muscle_id, intensity) VALUES (969, 11, 10);
#
# -- Exercise ID: 970
# INSERT INTO Exercise (id, title, description, link, equipment_id, training_type_id) VALUES (970, 'Single Arm Kettlebell Bottoms Up Turkish Sit Up to Z Press', 'Target: Abdominals', NULL, 15, 2);
# INSERT INTO exercise_muscle (exercise_id, muscle_id, intensity) VALUES (970, 11, 10);
#
# -- Exercise ID: 971
# INSERT INTO Exercise (id, title, description, link, equipment_id, training_type_id) VALUES (971, 'Ring Chin Up', 'Target: Biceps', 'https://youtu.be/rJiYA9jn3YI', 3, 4);
# INSERT INTO exercise_muscle (exercise_id, muscle_id, intensity) VALUES (971, 8, 10);
# INSERT INTO exercise_muscle (exercise_id, muscle_id, intensity) VALUES (971, 17, 7);
#
# -- Exercise ID: 972
# INSERT INTO Exercise (id, title, description, link, equipment_id, training_type_id) VALUES (972, 'Single Arm Kettlebell Rotational Thruster', 'Target: Quadriceps', 'https://youtu.be/jkbJFWzllH4', 15, 2);
# INSERT INTO exercise_muscle (exercise_id, muscle_id, intensity) VALUES (972, 13, 10);
# INSERT INTO exercise_muscle (exercise_id, muscle_id, intensity) VALUES (972, 2, 7);
#
# -- Exercise ID: 973
# INSERT INTO Exercise (id, title, description, link, equipment_id, training_type_id) VALUES (973, 'Double Kettlebell Bottoms Up Front Rack Low Switch Cossack Squat', 'Target: Quadriceps', NULL, 15, 2);
# INSERT INTO exercise_muscle (exercise_id, muscle_id, intensity) VALUES (973, 13, 10);
# INSERT INTO exercise_muscle (exercise_id, muscle_id, intensity) VALUES (973, 14, 7);
# INSERT INTO exercise_muscle (exercise_id, muscle_id, intensity) VALUES (973, 21, 4);
#
# -- Exercise ID: 974
# INSERT INTO Exercise (id, title, description, link, equipment_id, training_type_id) VALUES (974, 'Double Kettlebell Bottoms Up Dead Clean', 'Target: Glutes', NULL, 15, 3);
# INSERT INTO exercise_muscle (exercise_id, muscle_id, intensity) VALUES (974, 21, 10);
# INSERT INTO exercise_muscle (exercise_id, muscle_id, intensity) VALUES (974, 22, 7);
# INSERT INTO exercise_muscle (exercise_id, muscle_id, intensity) VALUES (974, 11, 4);
#
# -- Exercise ID: 975
# INSERT INTO Exercise (id, title, description, link, equipment_id, training_type_id) VALUES (975, 'Single Arm Dumbbell Suitcase Carry', 'Target: Forearms', 'https://youtu.be/mKfCI8ADAjQ?si=ZGUBS2ZPrlbJQKmA', 6, 3);
# INSERT INTO exercise_muscle (exercise_id, muscle_id, intensity) VALUES (975, 10, 10);
#
# -- Exercise ID: 976
# INSERT INTO Exercise (id, title, description, link, equipment_id, training_type_id) VALUES (976, 'Double Dumbbell Glute Bridge Isometric Bench Press', 'Target: Chest', 'https://youtu.be/CyHxva5XYYY', 6, 2);
# INSERT INTO exercise_muscle (exercise_id, muscle_id, intensity) VALUES (976, 7, 10);
# INSERT INTO exercise_muscle (exercise_id, muscle_id, intensity) VALUES (976, 4, 7);
# INSERT INTO exercise_muscle (exercise_id, muscle_id, intensity) VALUES (976, 2, 4);
#
# -- Exercise ID: 977
# INSERT INTO Exercise (id, title, description, link, equipment_id, training_type_id) VALUES (977, 'Double Kettlebell Bottoms Up Dead Clean to Overhead Press', 'Target: Shoulders', NULL, 15, 3);
# INSERT INTO exercise_muscle (exercise_id, muscle_id, intensity) VALUES (977, 2, 10);
# INSERT INTO exercise_muscle (exercise_id, muscle_id, intensity) VALUES (977, 21, 7);
#
# -- Exercise ID: 978
# INSERT INTO Exercise (id, title, description, link, equipment_id, training_type_id) VALUES (978, 'Double Kettlebell Bottoms Up Dead Clean to Thruster', 'Target: Shoulders', NULL, 15, 3);
# INSERT INTO exercise_muscle (exercise_id, muscle_id, intensity) VALUES (978, 2, 10);
# INSERT INTO exercise_muscle (exercise_id, muscle_id, intensity) VALUES (978, 13, 7);
# INSERT INTO exercise_muscle (exercise_id, muscle_id, intensity) VALUES (978, 21, 4);
#
# -- Exercise ID: 979
# INSERT INTO Exercise (id, title, description, link, equipment_id, training_type_id) VALUES (979, 'Bodyweight Foot Elevated Cossack Squat', 'Target: Quadriceps', 'https://youtu.be/DgJtQJxYVTk', 2, 2);
# INSERT INTO exercise_muscle (exercise_id, muscle_id, intensity) VALUES (979, 13, 10);
# INSERT INTO exercise_muscle (exercise_id, muscle_id, intensity) VALUES (979, 14, 7);
# INSERT INTO exercise_muscle (exercise_id, muscle_id, intensity) VALUES (979, 21, 4);
#
# -- Exercise ID: 980
# INSERT INTO Exercise (id, title, description, link, equipment_id, training_type_id) VALUES (980, 'Barbell Overhead Foot Elevated Cossack Squat', 'Target: Quadriceps', NULL, 12, 2);
# INSERT INTO exercise_muscle (exercise_id, muscle_id, intensity) VALUES (980, 13, 10);
# INSERT INTO exercise_muscle (exercise_id, muscle_id, intensity) VALUES (980, 14, 7);
# INSERT INTO exercise_muscle (exercise_id, muscle_id, intensity) VALUES (980, 21, 4);
#
# -- Exercise ID: 981
# INSERT INTO Exercise (id, title, description, link, equipment_id, training_type_id) VALUES (981, 'Landmine Split Squat Isometric Oblique Twist', 'Target: Abdominals', NULL, 19, 12);
# INSERT INTO exercise_muscle (exercise_id, muscle_id, intensity) VALUES (981, 12, 10);
#
# -- Exercise ID: 982
# INSERT INTO Exercise (id, title, description, link, equipment_id, training_type_id) VALUES (982, 'Barbell Back Rack Foot Elevated Cossack Squat', 'Target: Quadriceps', NULL, 12, 2);
# INSERT INTO exercise_muscle (exercise_id, muscle_id, intensity) VALUES (982, 13, 10);
# INSERT INTO exercise_muscle (exercise_id, muscle_id, intensity) VALUES (982, 14, 7);
# INSERT INTO exercise_muscle (exercise_id, muscle_id, intensity) VALUES (982, 21, 4);
#
# -- Exercise ID: 983
# INSERT INTO Exercise (id, title, description, link, equipment_id, training_type_id) VALUES (983, 'Barbell Front Rack Foot Elevated Cossack Squat', 'Target: Quadriceps', NULL, 12, 2);
# INSERT INTO exercise_muscle (exercise_id, muscle_id, intensity) VALUES (983, 13, 10);
# INSERT INTO exercise_muscle (exercise_id, muscle_id, intensity) VALUES (983, 14, 7);
# INSERT INTO exercise_muscle (exercise_id, muscle_id, intensity) VALUES (983, 21, 4);
#
# -- Exercise ID: 984
# INSERT INTO Exercise (id, title, description, link, equipment_id, training_type_id) VALUES (984, 'Barbell Bodyweight Feet Elevated Row', 'Target: Back', 'https://youtu.be/6AptmglPQ30', 12, 4);
# INSERT INTO exercise_muscle (exercise_id, muscle_id, intensity) VALUES (984, 17, 10);
# INSERT INTO exercise_muscle (exercise_id, muscle_id, intensity) VALUES (984, 8, 7);
#
# -- Exercise ID: 985
# INSERT INTO Exercise (id, title, description, link, equipment_id, training_type_id) VALUES (985, 'Barbell Overhead Low Switch Cossack Squat', 'Target: Quadriceps', NULL, 12, 2);
# INSERT INTO exercise_muscle (exercise_id, muscle_id, intensity) VALUES (985, 13, 10);
# INSERT INTO exercise_muscle (exercise_id, muscle_id, intensity) VALUES (985, 14, 7);
# INSERT INTO exercise_muscle (exercise_id, muscle_id, intensity) VALUES (985, 21, 4);
#
# -- Exercise ID: 986
# INSERT INTO Exercise (id, title, description, link, equipment_id, training_type_id) VALUES (986, 'Double Kettlebell Windmill', 'Target: Abdominals', 'https://youtu.be/t9S2E15cyTg?si=pUmpNP-D71uC7XAL', 15, 6);
# INSERT INTO exercise_muscle (exercise_id, muscle_id, intensity) VALUES (986, 12, 10);
# INSERT INTO exercise_muscle (exercise_id, muscle_id, intensity) VALUES (986, 11, 7);
# INSERT INTO exercise_muscle (exercise_id, muscle_id, intensity) VALUES (986, 2, 4);
#
# -- Exercise ID: 987
# INSERT INTO Exercise (id, title, description, link, equipment_id, training_type_id) VALUES (987, 'Double Kettlebell Dragon Flag', 'Target: Abdominals', 'https://youtu.be/8i1-ngFRLLs', 15, 3);
# INSERT INTO exercise_muscle (exercise_id, muscle_id, intensity) VALUES (987, 11, 10);
#
# -- Exercise ID: 988
# INSERT INTO Exercise (id, title, description, link, equipment_id, training_type_id) VALUES (988, 'Barbell Staggered Stance Overhead Press', 'Target: Shoulders', 'https://youtu.be/dnLBRh6bQJQ', 12, 3);
# INSERT INTO exercise_muscle (exercise_id, muscle_id, intensity) VALUES (988, 2, 10);
# INSERT INTO exercise_muscle (exercise_id, muscle_id, intensity) VALUES (988, 4, 7);
#
# -- Exercise ID: 989
# INSERT INTO Exercise (id, title, description, link, equipment_id, training_type_id) VALUES (989, 'Double Kettlebell Front Rack 90/90 Hip Shift to Alternating Overhead Press', 'Target: Shoulders', NULL, 15, 3);
# INSERT INTO exercise_muscle (exercise_id, muscle_id, intensity) VALUES (989, 2, 10);
#
# -- Exercise ID: 990
# INSERT INTO Exercise (id, title, description, link, equipment_id, training_type_id) VALUES (990, 'Kettlebell Dead Bug', 'Target: Abdominals', 'https://youtu.be/pXcG0IH2Nkg', 15, 3);
# INSERT INTO exercise_muscle (exercise_id, muscle_id, intensity) VALUES (990, 11, 10);
# INSERT INTO exercise_muscle (exercise_id, muscle_id, intensity) VALUES (990, 12, 7);
# INSERT INTO exercise_muscle (exercise_id, muscle_id, intensity) VALUES (990, 13, 4);
#
# -- Exercise ID: 991
# INSERT INTO Exercise (id, title, description, link, equipment_id, training_type_id) VALUES (991, 'Battle Rope Split Squat Isometric Alternating Side Slam', 'Target: Abdominals', NULL, 32, 12);
# INSERT INTO exercise_muscle (exercise_id, muscle_id, intensity) VALUES (991, 12, 10);
# INSERT INTO exercise_muscle (exercise_id, muscle_id, intensity) VALUES (991, 11, 7);
# INSERT INTO exercise_muscle (exercise_id, muscle_id, intensity) VALUES (991, 13, 4);
#
# -- Exercise ID: 992
# INSERT INTO Exercise (id, title, description, link, equipment_id, training_type_id) VALUES (992, 'Superband Standing Adduction', 'Target: Adductors', 'https://youtu.be/O2fzFpGvDWI', 20, 3);
# INSERT INTO exercise_muscle (exercise_id, muscle_id, intensity) VALUES (992, 14, 10);
#
# -- Exercise ID: 993
# INSERT INTO Exercise (id, title, description, link, equipment_id, training_type_id) VALUES (993, 'Superband Lateral Step Adduction', 'Target: Adductors', 'https://youtu.be/9Ryl38GZHiI', 20, 3);
# INSERT INTO exercise_muscle (exercise_id, muscle_id, intensity) VALUES (993, 14, 10);
#
# -- Exercise ID: 994
# INSERT INTO Exercise (id, title, description, link, equipment_id, training_type_id) VALUES (994, 'Double Kettlebell Bottoms Up Front Rack Walking Lunge', 'Target: Quadriceps', NULL, 15, 2);
# INSERT INTO exercise_muscle (exercise_id, muscle_id, intensity) VALUES (994, 13, 10);
# INSERT INTO exercise_muscle (exercise_id, muscle_id, intensity) VALUES (994, 21, 7);
# INSERT INTO exercise_muscle (exercise_id, muscle_id, intensity) VALUES (994, 22, 4);
#
# -- Exercise ID: 995
# INSERT INTO Exercise (id, title, description, link, equipment_id, training_type_id) VALUES (995, 'Kettlebell Dead Clean to Horn Grip Squat', 'Target: Quadriceps', 'https://youtu.be/Xo9kEM4A6ao?si=RzutoHlEo0zoz1LZ', 15, 10);
# INSERT INTO exercise_muscle (exercise_id, muscle_id, intensity) VALUES (995, 13, 10);
# INSERT INTO exercise_muscle (exercise_id, muscle_id, intensity) VALUES (995, 21, 7);
#
# -- Exercise ID: 996
# INSERT INTO Exercise (id, title, description, link, equipment_id, training_type_id) VALUES (996, 'Double Kettlebell Bottoms Up Front Rack March', 'Target: Hip Flexors', 'https://youtu.be/mLc2zI4rkMQ?si=bYMHmbsvqyX3__ZV', 15, 12);
# INSERT INTO exercise_muscle (exercise_id, muscle_id, intensity) VALUES (996, 11, 10);
# INSERT INTO exercise_muscle (exercise_id, muscle_id, intensity) VALUES (996, 15, 4);
#
# -- Exercise ID: 997
# INSERT INTO Exercise (id, title, description, link, equipment_id, training_type_id) VALUES (997, 'Double Kettlebell Bottoms Up Overhead March', 'Target: Hip Flexors', NULL, 15, 12);
# INSERT INTO exercise_muscle (exercise_id, muscle_id, intensity) VALUES (997, 11, 10);
# INSERT INTO exercise_muscle (exercise_id, muscle_id, intensity) VALUES (997, 15, 4);
#
# -- Exercise ID: 998
# INSERT INTO Exercise (id, title, description, link, equipment_id, training_type_id) VALUES (998, 'Suspension Alternating Cossack Squat', 'Target: Quadriceps', 'https://youtu.be/ThQT_AIqcNU?si=Y06NKpeBBOkHRplH', 11, 2);
# INSERT INTO exercise_muscle (exercise_id, muscle_id, intensity) VALUES (998, 13, 10);
# INSERT INTO exercise_muscle (exercise_id, muscle_id, intensity) VALUES (998, 14, 7);
# INSERT INTO exercise_muscle (exercise_id, muscle_id, intensity) VALUES (998, 21, 4);
#
# -- Exercise ID: 999
# INSERT INTO Exercise (id, title, description, link, equipment_id, training_type_id) VALUES (999, 'Battle Rope Single Leg Standing Alternating Wave', 'Target: Biceps', 'https://youtu.be/ynczWiOjUqE?si=TWU55ZzVAfcrcb5B', 32, 12);
# INSERT INTO exercise_muscle (exercise_id, muscle_id, intensity) VALUES (999, 8, 10);
#
# -- Exercise ID: 1000
# INSERT INTO Exercise (id, title, description, link, equipment_id, training_type_id) VALUES (1000, 'Superband Assisted Dips', 'Target: Triceps', 'https://youtu.be/QjzY6vf495U?si=dG_1Ixlx0Man-AIC', 20, 4);
# INSERT INTO exercise_muscle (exercise_id, muscle_id, intensity) VALUES (1000, 4, 10);
# INSERT INTO exercise_muscle (exercise_id, muscle_id, intensity) VALUES (1000, 7, 7);
# INSERT INTO exercise_muscle (exercise_id, muscle_id, intensity) VALUES (1000, 2, 4);
#
# -- Exercise ID: 1001
# INSERT INTO Exercise (id, title, description, link, equipment_id, training_type_id) VALUES (1001, 'Battle Rope Split Squat Isometric Alternating Wave', 'Target: Biceps', NULL, 32, 12);
# INSERT INTO exercise_muscle (exercise_id, muscle_id, intensity) VALUES (1001, 8, 10);
# INSERT INTO exercise_muscle (exercise_id, muscle_id, intensity) VALUES (1001, 13, 7);
#
# -- Exercise ID: 1002
# INSERT INTO Exercise (id, title, description, link, equipment_id, training_type_id) VALUES (1002, 'Alternating Single Arm Kettlebell Ballistic Row', 'Target: Back', 'https://youtu.be/ey7YgyPONOk', 15, 10);
# INSERT INTO exercise_muscle (exercise_id, muscle_id, intensity) VALUES (1002, 17, 10);
# INSERT INTO exercise_muscle (exercise_id, muscle_id, intensity) VALUES (1002, 8, 7);
#
# -- Exercise ID: 1003
# INSERT INTO Exercise (id, title, description, link, equipment_id, training_type_id) VALUES (1003, 'Double Kettlebell Bottoms Up Overhead Press', 'Target: Shoulders', 'https://youtu.be/Pt-6EI8mcEU?si=Lxresx17SBitLvtO', 15, 3);
# INSERT INTO exercise_muscle (exercise_id, muscle_id, intensity) VALUES (1003, 2, 10);
# INSERT INTO exercise_muscle (exercise_id, muscle_id, intensity) VALUES (1003, 4, 7);
#
# -- Exercise ID: 1004
# INSERT INTO Exercise (id, title, description, link, equipment_id, training_type_id) VALUES (1004, 'Suspension Split Squat', 'Target: Quadriceps', 'https://youtu.be/sng5EOSZSSo', 11, 2);
# INSERT INTO exercise_muscle (exercise_id, muscle_id, intensity) VALUES (1004, 13, 10);
# INSERT INTO exercise_muscle (exercise_id, muscle_id, intensity) VALUES (1004, 21, 7);
# INSERT INTO exercise_muscle (exercise_id, muscle_id, intensity) VALUES (1004, 22, 4);
#
# -- Exercise ID: 1005
# INSERT INTO Exercise (id, title, description, link, equipment_id, training_type_id) VALUES (1005, 'Single Arm Kettlebell Tactical Clean', 'Target: Glutes', 'https://youtu.be/dLyfCN_7JHw', 15, 10);
# INSERT INTO exercise_muscle (exercise_id, muscle_id, intensity) VALUES (1005, 21, 10);
#
# -- Exercise ID: 1006
# INSERT INTO Exercise (id, title, description, link, equipment_id, training_type_id) VALUES (1006, 'Suspension Cyclist Squat', 'Target: Quadriceps', 'https://youtu.be/dzbJzUQjDYA?feature=shared', 11, 2);
# INSERT INTO exercise_muscle (exercise_id, muscle_id, intensity) VALUES (1006, 13, 10);
# INSERT INTO exercise_muscle (exercise_id, muscle_id, intensity) VALUES (1006, 21, 7);
# INSERT INTO exercise_muscle (exercise_id, muscle_id, intensity) VALUES (1006, 6, 4);
#
# -- Exercise ID: 1007
# INSERT INTO Exercise (id, title, description, link, equipment_id, training_type_id) VALUES (1007, 'Macebell 360', 'Target: Shoulders', 'https://youtu.be/WMog8YuuVaM?si=WsH2sh1FFH3SBamT', 24, 10);
# INSERT INTO exercise_muscle (exercise_id, muscle_id, intensity) VALUES (1007, 19, 10);
# INSERT INTO exercise_muscle (exercise_id, muscle_id, intensity) VALUES (1007, 11, 7);
#
# -- Exercise ID: 1008
# INSERT INTO Exercise (id, title, description, link, equipment_id, training_type_id) VALUES (1008, 'Single Arm Suspension Contralateral Skater Squat', 'Target: Quadriceps', 'https://youtu.be/8pe73RwDAzY?si=ASSfIEGoxhWjeAi_', 11, 12);
# INSERT INTO exercise_muscle (exercise_id, muscle_id, intensity) VALUES (1008, 13, 10);
# INSERT INTO exercise_muscle (exercise_id, muscle_id, intensity) VALUES (1008, 21, 7);
#
# -- Exercise ID: 1009
# INSERT INTO Exercise (id, title, description, link, equipment_id, training_type_id) VALUES (1009, 'Single Arm Macebell 360', 'Target: Shoulders', 'https://youtu.be/ITUpuwk3odY?si=KGOrc3k9Flt-oF1v', 24, 10);
# INSERT INTO exercise_muscle (exercise_id, muscle_id, intensity) VALUES (1009, 19, 10);
# INSERT INTO exercise_muscle (exercise_id, muscle_id, intensity) VALUES (1009, 11, 7);
#
# -- Exercise ID: 1010
# INSERT INTO Exercise (id, title, description, link, equipment_id, training_type_id) VALUES (1010, 'Double Kettlebell Front Rack Pivot Split Squat', 'Target: Quadriceps', NULL, 15, 2);
# INSERT INTO exercise_muscle (exercise_id, muscle_id, intensity) VALUES (1010, 13, 10);
# INSERT INTO exercise_muscle (exercise_id, muscle_id, intensity) VALUES (1010, 21, 7);
# INSERT INTO exercise_muscle (exercise_id, muscle_id, intensity) VALUES (1010, 14, 4);
#
# -- Exercise ID: 1011
# INSERT INTO Exercise (id, title, description, link, equipment_id, training_type_id) VALUES (1011, 'Double Kettlebell Bottoms Up Front Rack Pivot Split Squat', 'Target: Quadriceps', NULL, 15, 2);
# INSERT INTO exercise_muscle (exercise_id, muscle_id, intensity) VALUES (1011, 13, 10);
# INSERT INTO exercise_muscle (exercise_id, muscle_id, intensity) VALUES (1011, 21, 7);
# INSERT INTO exercise_muscle (exercise_id, muscle_id, intensity) VALUES (1011, 14, 4);
#
# -- Exercise ID: 1012
# INSERT INTO Exercise (id, title, description, link, equipment_id, training_type_id) VALUES (1012, 'Double Kettlebell Bottoms Up Overhead Pivot Split Squat', 'Target: Quadriceps', NULL, 15, 2);
# INSERT INTO exercise_muscle (exercise_id, muscle_id, intensity) VALUES (1012, 13, 10);
# INSERT INTO exercise_muscle (exercise_id, muscle_id, intensity) VALUES (1012, 21, 7);
# INSERT INTO exercise_muscle (exercise_id, muscle_id, intensity) VALUES (1012, 14, 4);
#
# -- Exercise ID: 1013
# INSERT INTO Exercise (id, title, description, link, equipment_id, training_type_id) VALUES (1013, 'Bodyweight Cyclist Squat', 'Target: Quadriceps', 'https://youtu.be/BAlXJ5lLMAA?si=H1cfMWF52YWOMraL', 2, 2);
# INSERT INTO exercise_muscle (exercise_id, muscle_id, intensity) VALUES (1013, 13, 10);
# INSERT INTO exercise_muscle (exercise_id, muscle_id, intensity) VALUES (1013, 21, 7);
# INSERT INTO exercise_muscle (exercise_id, muscle_id, intensity) VALUES (1013, 6, 4);
#
# -- Exercise ID: 1014
# INSERT INTO Exercise (id, title, description, link, equipment_id, training_type_id) VALUES (1014, 'Kettlebell Half Kneeling Rotational Swing', 'Target: Abdominals', 'https://youtu.be/_ChDukjxUag', 15, 10);
# INSERT INTO exercise_muscle (exercise_id, muscle_id, intensity) VALUES (1014, 12, 10);
# INSERT INTO exercise_muscle (exercise_id, muscle_id, intensity) VALUES (1014, 11, 7);
#
# -- Exercise ID: 1015
# INSERT INTO Exercise (id, title, description, link, equipment_id, training_type_id) VALUES (1015, 'Double Kettlebell Clean to Push Jerk', 'Target: Shoulders', 'https://youtu.be/_A6K7V6FHSM?si=uMrzYlHgGYbenNf1', 15, 10);
# INSERT INTO exercise_muscle (exercise_id, muscle_id, intensity) VALUES (1015, 2, 10);
# INSERT INTO exercise_muscle (exercise_id, muscle_id, intensity) VALUES (1015, 4, 7);
# INSERT INTO exercise_muscle (exercise_id, muscle_id, intensity) VALUES (1015, 15, 4);
#
# -- Exercise ID: 1016
# INSERT INTO Exercise (id, title, description, link, equipment_id, training_type_id) VALUES (1016, 'Alternating Single Arm Kettlebell Clean to Push Jerk', 'Target: Shoulders', NULL, 15, 10);
# INSERT INTO exercise_muscle (exercise_id, muscle_id, intensity) VALUES (1016, 2, 10);
# INSERT INTO exercise_muscle (exercise_id, muscle_id, intensity) VALUES (1016, 21, 7);
#
# -- Exercise ID: 1017
# INSERT INTO Exercise (id, title, description, link, equipment_id, training_type_id) VALUES (1017, 'Kettlebell Split Squat Isometric Low to High Chop', 'Target: Abdominals', 'https://youtu.be/ECAIMMQDUC4?si=WgJIciK_Kd14WYVj', 15, 12);
# INSERT INTO exercise_muscle (exercise_id, muscle_id, intensity) VALUES (1017, 12, 10);
# INSERT INTO exercise_muscle (exercise_id, muscle_id, intensity) VALUES (1017, 11, 7);
#
# -- Exercise ID: 1018
# INSERT INTO Exercise (id, title, description, link, equipment_id, training_type_id) VALUES (1018, 'Kettlebell Split Squat Isometric Alternating Halo', 'Target: Shoulders', NULL, 15, 12);
# INSERT INTO exercise_muscle (exercise_id, muscle_id, intensity) VALUES (1018, 19, 10);
# INSERT INTO exercise_muscle (exercise_id, muscle_id, intensity) VALUES (1018, 3, 7);
#
# -- Exercise ID: 1019
# INSERT INTO Exercise (id, title, description, link, equipment_id, training_type_id) VALUES (1019, 'Double Kettlebell Front Rack March', 'Target: Hip Flexors', 'https://youtu.be/aAbVFCqY4Ac', 15, 12);
# INSERT INTO exercise_muscle (exercise_id, muscle_id, intensity) VALUES (1019, 11, 10);
# INSERT INTO exercise_muscle (exercise_id, muscle_id, intensity) VALUES (1019, 15, 4);
#
# -- Exercise ID: 1020
# INSERT INTO Exercise (id, title, description, link, equipment_id, training_type_id) VALUES (1020, 'Double Kettlebell Suitcase March', 'Target: Hip Flexors', 'https://youtu.be/i-q8SKGy--Q', 15, 12);
# INSERT INTO exercise_muscle (exercise_id, muscle_id, intensity) VALUES (1020, 11, 10);
# INSERT INTO exercise_muscle (exercise_id, muscle_id, intensity) VALUES (1020, 15, 4);
#
# -- Exercise ID: 1021
# INSERT INTO Exercise (id, title, description, link, equipment_id, training_type_id) VALUES (1021, 'Single Arm Kettlebell Rotational Half Snatch', 'Target: Shoulders', 'https://youtu.be/KpDxyxOCjCE', 15, 10);
# INSERT INTO exercise_muscle (exercise_id, muscle_id, intensity) VALUES (1021, 2, 10);
# INSERT INTO exercise_muscle (exercise_id, muscle_id, intensity) VALUES (1021, 12, 7);
# INSERT INTO exercise_muscle (exercise_id, muscle_id, intensity) VALUES (1021, 21, 4);
#
# -- Exercise ID: 1022
# INSERT INTO Exercise (id, title, description, link, equipment_id, training_type_id) VALUES (1022, 'Double Kettlebell Dead Clean to Front Rack Squat', 'Target: Quadriceps', NULL, 15, 10);
# INSERT INTO exercise_muscle (exercise_id, muscle_id, intensity) VALUES (1022, 13, 10);
# INSERT INTO exercise_muscle (exercise_id, muscle_id, intensity) VALUES (1022, 21, 7);
#
# -- Exercise ID: 1023
# INSERT INTO Exercise (id, title, description, link, equipment_id, training_type_id) VALUES (1023, 'Double Kettlebell Front Rack Alternating Shin Box Hip Extension', 'Target: Glutes', NULL, 15, 8);
# INSERT INTO exercise_muscle (exercise_id, muscle_id, intensity) VALUES (1023, 21, 10);
#
# -- Exercise ID: 1024
# INSERT INTO Exercise (id, title, description, link, equipment_id, training_type_id) VALUES (1024, 'Double Kettlebell Overhead Alternating Shin Box Hip Extension', 'Target: Glutes', NULL, 15, 8);
# INSERT INTO exercise_muscle (exercise_id, muscle_id, intensity) VALUES (1024, 21, 10);
#
# -- Exercise ID: 1025
# INSERT INTO Exercise (id, title, description, link, equipment_id, training_type_id) VALUES (1025, 'Double Kettlebell Bottoms Up Turkish Get Up', 'Target: Abdominals', NULL, 15, 6);
# INSERT INTO exercise_muscle (exercise_id, muscle_id, intensity) VALUES (1025, 12, 10);
# INSERT INTO exercise_muscle (exercise_id, muscle_id, intensity) VALUES (1025, 11, 7);
#
# -- Exercise ID: 1026
# INSERT INTO Exercise (id, title, description, link, equipment_id, training_type_id) VALUES (1026, 'Slider Single Leg Hamstring Curl', 'Target: Hamstrings', 'https://youtu.be/MBoaZQwukmw?si=uMFzO0l7TuqVArPp', 14, 2);
# INSERT INTO exercise_muscle (exercise_id, muscle_id, intensity) VALUES (1026, 22, 10);
# INSERT INTO exercise_muscle (exercise_id, muscle_id, intensity) VALUES (1026, 21, 7);
#
# -- Exercise ID: 1027
# INSERT INTO Exercise (id, title, description, link, equipment_id, training_type_id) VALUES (1027, 'Kettlebell Staggered Stance Rotational Swing', 'Target: Abdominals', 'https://youtu.be/4SXAEL7ZdSk?feature=shared', 15, 3);
# INSERT INTO exercise_muscle (exercise_id, muscle_id, intensity) VALUES (1027, 12, 10);
# INSERT INTO exercise_muscle (exercise_id, muscle_id, intensity) VALUES (1027, 11, 7);
# INSERT INTO exercise_muscle (exercise_id, muscle_id, intensity) VALUES (1027, 21, 4);
#
# -- Exercise ID: 1028
# INSERT INTO Exercise (id, title, description, link, equipment_id, training_type_id) VALUES (1028, 'Single Arm Suspension Cyclist Squat', 'Target: Quadriceps', 'https://youtu.be/wkgihbMp6BY?si=uztwb4emdctDZXbe', 11, 2);
# INSERT INTO exercise_muscle (exercise_id, muscle_id, intensity) VALUES (1028, 13, 10);
# INSERT INTO exercise_muscle (exercise_id, muscle_id, intensity) VALUES (1028, 21, 7);
# INSERT INTO exercise_muscle (exercise_id, muscle_id, intensity) VALUES (1028, 6, 4);
#
# -- Exercise ID: 1029
# INSERT INTO Exercise (id, title, description, link, equipment_id, training_type_id) VALUES (1029, 'Single Arm Kettlebell Suitcase Alternating Curtsy Lunge Pass Through', 'Target: Quadriceps', NULL, 15, 2);
# INSERT INTO exercise_muscle (exercise_id, muscle_id, intensity) VALUES (1029, 13, 10);
# INSERT INTO exercise_muscle (exercise_id, muscle_id, intensity) VALUES (1029, 21, 7);
# INSERT INTO exercise_muscle (exercise_id, muscle_id, intensity) VALUES (1029, 14, 4);
#
# -- Exercise ID: 1030
# INSERT INTO Exercise (id, title, description, link, equipment_id, training_type_id) VALUES (1030, 'Barbell Low Bar Pause Back Squat', 'Target: Quadriceps', 'https://youtu.be/nknf16JJTZo?si=h2lVyRQ8npFOB0v4', 12, 7);
# INSERT INTO exercise_muscle (exercise_id, muscle_id, intensity) VALUES (1030, 13, 10);
# INSERT INTO exercise_muscle (exercise_id, muscle_id, intensity) VALUES (1030, 21, 7);
# INSERT INTO exercise_muscle (exercise_id, muscle_id, intensity) VALUES (1030, 22, 4);
#
# -- Exercise ID: 1031
# INSERT INTO Exercise (id, title, description, link, equipment_id, training_type_id) VALUES (1031, 'Barbell Front Rack Pause Squat', 'Target: Quadriceps', 'https://youtu.be/mN5Z5GH7ofM?si=5wK63ZJAw0Zc5Wti', 12, 11);
# INSERT INTO exercise_muscle (exercise_id, muscle_id, intensity) VALUES (1031, 13, 10);
# INSERT INTO exercise_muscle (exercise_id, muscle_id, intensity) VALUES (1031, 21, 7);
#
# -- Exercise ID: 1032
# INSERT INTO Exercise (id, title, description, link, equipment_id, training_type_id) VALUES (1032, 'Barbell High Bar Pause Back Squat', 'Target: Quadriceps', NULL, 12, 3);
# INSERT INTO exercise_muscle (exercise_id, muscle_id, intensity) VALUES (1032, 13, 10);
# INSERT INTO exercise_muscle (exercise_id, muscle_id, intensity) VALUES (1032, 21, 7);
#
# -- Exercise ID: 1033
# INSERT INTO Exercise (id, title, description, link, equipment_id, training_type_id) VALUES (1033, 'Barbell Overhead Pause Squat', 'Target: Quadriceps', 'https://youtu.be/HoT_4eitb8U?si=dHvB6ZQgWXCqNV86', 12, 3);
# INSERT INTO exercise_muscle (exercise_id, muscle_id, intensity) VALUES (1033, 13, 10);
# INSERT INTO exercise_muscle (exercise_id, muscle_id, intensity) VALUES (1033, 21, 7);
#
# -- Exercise ID: 1034
# INSERT INTO Exercise (id, title, description, link, equipment_id, training_type_id) VALUES (1034, 'Single Arm Kettlebell Suitcase Walking Lunge Pass Through', 'Target: Quadriceps', 'https://youtu.be/yXwmVzRHPPw?si=K_LXsBOKmt9dza3B', 15, 2);
# INSERT INTO exercise_muscle (exercise_id, muscle_id, intensity) VALUES (1034, 13, 10);
# INSERT INTO exercise_muscle (exercise_id, muscle_id, intensity) VALUES (1034, 21, 7);
# INSERT INTO exercise_muscle (exercise_id, muscle_id, intensity) VALUES (1034, 22, 4);
#
# -- Exercise ID: 1035
# INSERT INTO Exercise (id, title, description, link, equipment_id, training_type_id) VALUES (1035, 'Ring Hanging Knees to Wrists', 'Target: Abdominals', NULL, 3, 4);
# INSERT INTO exercise_muscle (exercise_id, muscle_id, intensity) VALUES (1035, 11, 10);
# INSERT INTO exercise_muscle (exercise_id, muscle_id, intensity) VALUES (1035, 13, 4);
#
# -- Exercise ID: 1036
# INSERT INTO Exercise (id, title, description, link, equipment_id, training_type_id) VALUES (1036, 'Slider Suspension Lateral Lunge', 'Target: Quadriceps', NULL, 14, 2);
# INSERT INTO exercise_muscle (exercise_id, muscle_id, intensity) VALUES (1036, 13, 10);
# INSERT INTO exercise_muscle (exercise_id, muscle_id, intensity) VALUES (1036, 21, 7);
# INSERT INTO exercise_muscle (exercise_id, muscle_id, intensity) VALUES (1036, 14, 4);
#
# -- Exercise ID: 1037
# INSERT INTO Exercise (id, title, description, link, equipment_id, training_type_id) VALUES (1037, 'Macebell 10 to 2', 'Target: Shoulders', 'https://youtu.be/6FjCQJRBNlo?si=RBXNRNqOkwVOMCGq', 24, 10);
# INSERT INTO exercise_muscle (exercise_id, muscle_id, intensity) VALUES (1037, 19, 10);
# INSERT INTO exercise_muscle (exercise_id, muscle_id, intensity) VALUES (1037, 11, 7);
#
# -- Exercise ID: 1038
# INSERT INTO Exercise (id, title, description, link, equipment_id, training_type_id) VALUES (1038, 'Dumbbell Goblet Cyclist Squat', 'Target: Quadriceps', 'https://youtu.be/2WxpkosHXLg?si=kPBJD_6N8w568qJ-', 6, 2);
# INSERT INTO exercise_muscle (exercise_id, muscle_id, intensity) VALUES (1038, 13, 10);
# INSERT INTO exercise_muscle (exercise_id, muscle_id, intensity) VALUES (1038, 21, 7);
# INSERT INTO exercise_muscle (exercise_id, muscle_id, intensity) VALUES (1038, 6, 4);
#
# -- Exercise ID: 1039
# INSERT INTO Exercise (id, title, description, link, equipment_id, training_type_id) VALUES (1039, 'Slider Barbell Front Rack Lateral Lunge', 'Target: Quadriceps', NULL, 14, 2);
# INSERT INTO exercise_muscle (exercise_id, muscle_id, intensity) VALUES (1039, 13, 10);
# INSERT INTO exercise_muscle (exercise_id, muscle_id, intensity) VALUES (1039, 21, 7);
# INSERT INTO exercise_muscle (exercise_id, muscle_id, intensity) VALUES (1039, 14, 4);
#
# -- Exercise ID: 1040
# INSERT INTO Exercise (id, title, description, link, equipment_id, training_type_id) VALUES (1040, 'Slider Barbell Back Rack Lateral Lunge', 'Target: Quadriceps', NULL, 14, 2);
# INSERT INTO exercise_muscle (exercise_id, muscle_id, intensity) VALUES (1040, 13, 10);
# INSERT INTO exercise_muscle (exercise_id, muscle_id, intensity) VALUES (1040, 21, 7);
# INSERT INTO exercise_muscle (exercise_id, muscle_id, intensity) VALUES (1040, 14, 4);
#
# -- Exercise ID: 1041
# INSERT INTO Exercise (id, title, description, link, equipment_id, training_type_id) VALUES (1041, 'Barbell Overhead Alternating Cossack Squat', 'Target: Quadriceps', 'https://youtu.be/ulzoZOHicyU?si=OfrqYrKBRnV6RCrc', 12, 2);
# INSERT INTO exercise_muscle (exercise_id, muscle_id, intensity) VALUES (1041, 13, 10);
# INSERT INTO exercise_muscle (exercise_id, muscle_id, intensity) VALUES (1041, 14, 7);
# INSERT INTO exercise_muscle (exercise_id, muscle_id, intensity) VALUES (1041, 21, 4);
#
# -- Exercise ID: 1042
# INSERT INTO Exercise (id, title, description, link, equipment_id, training_type_id) VALUES (1042, 'Barbell Overhead Alternating Reverse Lunge', 'Target: Quadriceps', 'https://youtu.be/eqaz6nCxF8k?si=OEXiCUefeX011B_I', 12, 2);
# INSERT INTO exercise_muscle (exercise_id, muscle_id, intensity) VALUES (1042, 13, 10);
# INSERT INTO exercise_muscle (exercise_id, muscle_id, intensity) VALUES (1042, 21, 7);
# INSERT INTO exercise_muscle (exercise_id, muscle_id, intensity) VALUES (1042, 22, 4);
#
# -- Exercise ID: 1043
# INSERT INTO Exercise (id, title, description, link, equipment_id, training_type_id) VALUES (1043, 'Macebell Single Leg Standing Bent Knee Ballistic Curl', 'Target: Biceps', NULL, 24, 12);
# INSERT INTO exercise_muscle (exercise_id, muscle_id, intensity) VALUES (1043, 8, 10);
#
# -- Exercise ID: 1044
# INSERT INTO Exercise (id, title, description, link, equipment_id, training_type_id) VALUES (1044, 'Double Kettlebell Suitcase Carry', 'Target: Forearms', 'https://youtu.be/kaQWccrfY40', 15, 3);
# INSERT INTO exercise_muscle (exercise_id, muscle_id, intensity) VALUES (1044, 10, 10);
#
# -- Exercise ID: 1045
# INSERT INTO Exercise (id, title, description, link, equipment_id, training_type_id) VALUES (1045, 'Single Arm Kettlebell Suitcase Carry', 'Target: Forearms', 'https://youtu.be/HNgMpdUEpgw', 15, 3);
# INSERT INTO exercise_muscle (exercise_id, muscle_id, intensity) VALUES (1045, 10, 10);
# INSERT INTO exercise_muscle (exercise_id, muscle_id, intensity) VALUES (1045, 12, 7);
#
# -- Exercise ID: 1046
# INSERT INTO Exercise (id, title, description, link, equipment_id, training_type_id) VALUES (1046, 'Double Kettlebell Bottoms Up Front Rack Cossack Squat', 'Target: Quadriceps', 'https://youtu.be/hTNWWqL9oc8?si=cTXB5vGf2EIHhx3r', 15, 2);
# INSERT INTO exercise_muscle (exercise_id, muscle_id, intensity) VALUES (1046, 13, 10);
# INSERT INTO exercise_muscle (exercise_id, muscle_id, intensity) VALUES (1046, 14, 7);
# INSERT INTO exercise_muscle (exercise_id, muscle_id, intensity) VALUES (1046, 21, 4);
#
# -- Exercise ID: 1047
# INSERT INTO Exercise (id, title, description, link, equipment_id, training_type_id) VALUES (1047, 'Alternating Single Arm Kettlebell Knee Hover Quadruped Pull Through', 'Target: Abdominals', 'https://youtu.be/WQyNCzqNqso', 15, 3);
# INSERT INTO exercise_muscle (exercise_id, muscle_id, intensity) VALUES (1047, 11, 10);
# INSERT INTO exercise_muscle (exercise_id, muscle_id, intensity) VALUES (1047, 12, 7);
#
# -- Exercise ID: 1048
# INSERT INTO Exercise (id, title, description, link, equipment_id, training_type_id) VALUES (1048, 'Single Arm Kettlebell High Pull', 'Target: Shoulders', 'https://youtu.be/mP1BHxBeAEM', 15, 10);
# INSERT INTO exercise_muscle (exercise_id, muscle_id, intensity) VALUES (1048, 19, 10);
#
# -- Exercise ID: 1049
# INSERT INTO Exercise (id, title, description, link, equipment_id, training_type_id) VALUES (1049, 'Double Indian Club Outer Heart Shaped Swing', 'Target: Shoulders', 'https://youtu.be/52D7xnpFFGY?si=UBcZ3G1BNtRbk97O', 25, 8);
# INSERT INTO exercise_muscle (exercise_id, muscle_id, intensity) VALUES (1049, 19, 10);
#
# -- Exercise ID: 1050
# INSERT INTO Exercise (id, title, description, link, equipment_id, training_type_id) VALUES (1050, 'Alternating Single Arm Kettlebell Thruster', 'Target: Quadriceps', NULL, 15, 2);
# INSERT INTO exercise_muscle (exercise_id, muscle_id, intensity) VALUES (1050, 13, 10);
# INSERT INTO exercise_muscle (exercise_id, muscle_id, intensity) VALUES (1050, 2, 7);
#
# -- Exercise ID: 1051
# INSERT INTO Exercise (id, title, description, link, equipment_id, training_type_id) VALUES (1051, 'Double Kettlebell Suitcase Knee Over Toe Split Squat', 'Target: Quadriceps', 'https://youtu.be/IJXzXAy4T24?si=DdfzxAdOIPYNJSOh', 15, 2);
# INSERT INTO exercise_muscle (exercise_id, muscle_id, intensity) VALUES (1051, 13, 10);
# INSERT INTO exercise_muscle (exercise_id, muscle_id, intensity) VALUES (1051, 21, 7);
# INSERT INTO exercise_muscle (exercise_id, muscle_id, intensity) VALUES (1051, 6, 4);
#
# -- Exercise ID: 1052
# INSERT INTO Exercise (id, title, description, link, equipment_id, training_type_id) VALUES (1052, 'Double Kettlebell Sumo Deadlift to Push Up', 'Target: Back', NULL, 15, 2);
# INSERT INTO exercise_muscle (exercise_id, muscle_id, intensity) VALUES (1052, 17, 10);
# INSERT INTO exercise_muscle (exercise_id, muscle_id, intensity) VALUES (1052, 21, 7);
# INSERT INTO exercise_muscle (exercise_id, muscle_id, intensity) VALUES (1052, 7, 4);
#
# -- Exercise ID: 1053
# INSERT INTO Exercise (id, title, description, link, equipment_id, training_type_id) VALUES (1053, 'Alternating Single Arm Kettlebell Clean to Thruster', 'Target: Shoulders', NULL, 15, 3);
# INSERT INTO exercise_muscle (exercise_id, muscle_id, intensity) VALUES (1053, 2, 10);
# INSERT INTO exercise_muscle (exercise_id, muscle_id, intensity) VALUES (1053, 21, 7);
# INSERT INTO exercise_muscle (exercise_id, muscle_id, intensity) VALUES (1053, 13, 4);
#
# -- Exercise ID: 1054
# INSERT INTO Exercise (id, title, description, link, equipment_id, training_type_id) VALUES (1054, 'Suspension Alternating Curtsy Lunge', 'Target: Quadriceps', 'https://youtu.be/jNjDO9lEenw?si=Ci4DITj3193GY1tI', 11, 2);
# INSERT INTO exercise_muscle (exercise_id, muscle_id, intensity) VALUES (1054, 13, 10);
# INSERT INTO exercise_muscle (exercise_id, muscle_id, intensity) VALUES (1054, 21, 7);
# INSERT INTO exercise_muscle (exercise_id, muscle_id, intensity) VALUES (1054, 14, 4);
#
# -- Exercise ID: 1055
# INSERT INTO Exercise (id, title, description, link, equipment_id, training_type_id) VALUES (1055, 'Single Arm Kettlebell Single Leg Balance Transfer', 'Target: Abdominals', 'https://youtu.be/_uJQvQG57Y8', 15, 12);
# INSERT INTO exercise_muscle (exercise_id, muscle_id, intensity) VALUES (1055, 11, 10);
# INSERT INTO exercise_muscle (exercise_id, muscle_id, intensity) VALUES (1055, 15, 7);
#
# -- Exercise ID: 1056
# INSERT INTO Exercise (id, title, description, link, equipment_id, training_type_id) VALUES (1056, 'Barbell Front Rack Alternating Forward Lunge', 'Target: Quadriceps', 'https://youtu.be/whSju0ip_78?si=emNV0JUVUhF8Qrf1', 12, 2);
# INSERT INTO exercise_muscle (exercise_id, muscle_id, intensity) VALUES (1056, 13, 10);
# INSERT INTO exercise_muscle (exercise_id, muscle_id, intensity) VALUES (1056, 21, 7);
# INSERT INTO exercise_muscle (exercise_id, muscle_id, intensity) VALUES (1056, 22, 4);
#
# -- Exercise ID: 1057
# INSERT INTO Exercise (id, title, description, link, equipment_id, training_type_id) VALUES (1057, 'Barbell Front Rack Alternating Reverse Lunge', 'Target: Quadriceps', 'https://youtu.be/dpBy5qAG2Hs?si=x6xfYJbZr1Bols2r', 12, 2);
# INSERT INTO exercise_muscle (exercise_id, muscle_id, intensity) VALUES (1057, 13, 10);
# INSERT INTO exercise_muscle (exercise_id, muscle_id, intensity) VALUES (1057, 21, 7);
# INSERT INTO exercise_muscle (exercise_id, muscle_id, intensity) VALUES (1057, 22, 4);
#
# -- Exercise ID: 1058
# INSERT INTO Exercise (id, title, description, link, equipment_id, training_type_id) VALUES (1058, 'Barbell Overhead Alternating Forward Lunge', 'Target: Quadriceps', 'https://youtu.be/9eDpB8LJLgQ?si=CKsCerZuXFHay_Dr', 12, 2);
# INSERT INTO exercise_muscle (exercise_id, muscle_id, intensity) VALUES (1058, 13, 10);
# INSERT INTO exercise_muscle (exercise_id, muscle_id, intensity) VALUES (1058, 21, 7);
# INSERT INTO exercise_muscle (exercise_id, muscle_id, intensity) VALUES (1058, 22, 4);
#
# -- Exercise ID: 1059
# INSERT INTO Exercise (id, title, description, link, equipment_id, training_type_id) VALUES (1059, 'Macebell Alternating 360', 'Target: Shoulders', NULL, 24, 10);
# INSERT INTO exercise_muscle (exercise_id, muscle_id, intensity) VALUES (1059, 19, 10);
# INSERT INTO exercise_muscle (exercise_id, muscle_id, intensity) VALUES (1059, 11, 7);
#
# -- Exercise ID: 1060
# INSERT INTO Exercise (id, title, description, link, equipment_id, training_type_id) VALUES (1060, 'Clubbell Shield Cast', 'Target: Shoulders', 'https://youtu.be/oBdXsknqSEM?si=ZXY5RzE8pchalVjS', 26, 10);
# INSERT INTO exercise_muscle (exercise_id, muscle_id, intensity) VALUES (1060, 19, 10);
# INSERT INTO exercise_muscle (exercise_id, muscle_id, intensity) VALUES (1060, 11, 7);
#
# -- Exercise ID: 1061
# INSERT INTO Exercise (id, title, description, link, equipment_id, training_type_id) VALUES (1061, 'Single Arm Clubbell Shield Cast', 'Target: Shoulders', 'https://youtu.be/W2slZ8Mmyvs?si=CDhf0Oi-nPW136Jx', 26, 10);
# INSERT INTO exercise_muscle (exercise_id, muscle_id, intensity) VALUES (1061, 19, 10);
# INSERT INTO exercise_muscle (exercise_id, muscle_id, intensity) VALUES (1061, 11, 7);
#
# -- Exercise ID: 1062
# INSERT INTO Exercise (id, title, description, link, equipment_id, training_type_id) VALUES (1062, 'Macebell Barbarian Squat', 'Target: Quadriceps', 'https://youtu.be/Gj3ancpDFKU?si=TKfk3RmqTwztmb1j', 24, 3);
# INSERT INTO exercise_muscle (exercise_id, muscle_id, intensity) VALUES (1062, 13, 10);
# INSERT INTO exercise_muscle (exercise_id, muscle_id, intensity) VALUES (1062, 19, 7);
#
# -- Exercise ID: 1063
# INSERT INTO Exercise (id, title, description, link, equipment_id, training_type_id) VALUES (1063, 'Single Arm Macebell Barbarian Squat', 'Target: Quadriceps', NULL, 24, 3);
# INSERT INTO exercise_muscle (exercise_id, muscle_id, intensity) VALUES (1063, 13, 10);
# INSERT INTO exercise_muscle (exercise_id, muscle_id, intensity) VALUES (1063, 19, 7);
#
# -- Exercise ID: 1064
# INSERT INTO Exercise (id, title, description, link, equipment_id, training_type_id) VALUES (1064, 'Alternating Double Clubbell Shield Cast', 'Target: Shoulders', 'https://youtu.be/L1pxDgvsT9s?si=ajAmx9ThwNQY_hj2', 26, 10);
# INSERT INTO exercise_muscle (exercise_id, muscle_id, intensity) VALUES (1064, 19, 10);
# INSERT INTO exercise_muscle (exercise_id, muscle_id, intensity) VALUES (1064, 11, 7);
#
# -- Exercise ID: 1065
# INSERT INTO Exercise (id, title, description, link, equipment_id, training_type_id) VALUES (1065, 'Double Clubbell Side Shoulder Cast', 'Target: Shoulders', 'https://youtu.be/cYKB43q_eok?si=6RbJxeIM3Ep5ZCpY', 26, 3);
# INSERT INTO exercise_muscle (exercise_id, muscle_id, intensity) VALUES (1065, 19, 10);
#
# -- Exercise ID: 1066
# INSERT INTO Exercise (id, title, description, link, equipment_id, training_type_id) VALUES (1066, 'Macebell Split Squat Isometric Low to High Chop', 'Target: Abdominals', NULL, 24, 12);
# INSERT INTO exercise_muscle (exercise_id, muscle_id, intensity) VALUES (1066, 12, 10);
# INSERT INTO exercise_muscle (exercise_id, muscle_id, intensity) VALUES (1066, 11, 7);
#
# -- Exercise ID: 1067
# INSERT INTO Exercise (id, title, description, link, equipment_id, training_type_id) VALUES (1067, 'Double Clubbell Side Shoulder Cast to Side Flag Press', 'Target: Shoulders', 'https://youtu.be/7gN3HVEX32Y?si=uhbq8EnPTL1lhAMh', 26, 3);
# INSERT INTO exercise_muscle (exercise_id, muscle_id, intensity) VALUES (1067, 19, 10);
#
# -- Exercise ID: 1068
# INSERT INTO Exercise (id, title, description, link, equipment_id, training_type_id) VALUES (1068, 'Clubbell Mill', 'Target: Shoulders', 'https://youtu.be/uIqkGCpjsx8?si=_GzAaZAVU4-bAgla', 26, 10);
# INSERT INTO exercise_muscle (exercise_id, muscle_id, intensity) VALUES (1068, 19, 10);
# INSERT INTO exercise_muscle (exercise_id, muscle_id, intensity) VALUES (1068, 21, 7);
# INSERT INTO exercise_muscle (exercise_id, muscle_id, intensity) VALUES (1068, 12, 4);
#
# -- Exercise ID: 1069
# INSERT INTO Exercise (id, title, description, link, equipment_id, training_type_id) VALUES (1069, 'Clubbell Half Kneeling Shield Cast', 'Target: Shoulders', NULL, 26, 10);
# INSERT INTO exercise_muscle (exercise_id, muscle_id, intensity) VALUES (1069, 19, 10);
# INSERT INTO exercise_muscle (exercise_id, muscle_id, intensity) VALUES (1069, 11, 7);
#
# -- Exercise ID: 1070
# INSERT INTO Exercise (id, title, description, link, equipment_id, training_type_id) VALUES (1070, 'Double Clubbell Iron Cross', 'Target: Shoulders', 'https://youtu.be/ekVV4qI2q9A?si=E3yTJpSwWDur0p82', 26, 3);
# INSERT INTO exercise_muscle (exercise_id, muscle_id, intensity) VALUES (1070, 19, 10);
#
# -- Exercise ID: 1071
# INSERT INTO Exercise (id, title, description, link, equipment_id, training_type_id) VALUES (1071, 'Double Clubbell Half Kneeling Iron Cross', 'Target: Shoulders', NULL, 26, 3);
# INSERT INTO exercise_muscle (exercise_id, muscle_id, intensity) VALUES (1071, 19, 10);
#
# -- Exercise ID: 1072
# INSERT INTO Exercise (id, title, description, link, equipment_id, training_type_id) VALUES (1072, 'Clubbell Gamma Cast', 'Target: Shoulders', 'https://youtu.be/5g0iOf5NxXs?si=UG7cC9vvYQB0L2oU', 26, 3);
# INSERT INTO exercise_muscle (exercise_id, muscle_id, intensity) VALUES (1072, 19, 10);
# INSERT INTO exercise_muscle (exercise_id, muscle_id, intensity) VALUES (1072, 11, 7);
#
# -- Exercise ID: 1073
# INSERT INTO Exercise (id, title, description, link, equipment_id, training_type_id) VALUES (1073, 'Clubbell Half Kneeling Gamma Cast', 'Target: Shoulders', NULL, 26, 3);
# INSERT INTO exercise_muscle (exercise_id, muscle_id, intensity) VALUES (1073, 19, 10);
# INSERT INTO exercise_muscle (exercise_id, muscle_id, intensity) VALUES (1073, 11, 7);
#
# -- Exercise ID: 1074
# INSERT INTO Exercise (id, title, description, link, equipment_id, training_type_id) VALUES (1074, 'Double Clubbell Side Flag Press', 'Target: Shoulders', 'https://youtu.be/_bnWJymK0tU?si=vYh91PF76xgOyPll', 26, 3);
# INSERT INTO exercise_muscle (exercise_id, muscle_id, intensity) VALUES (1074, 3, 10);
#
# -- Exercise ID: 1075
# INSERT INTO Exercise (id, title, description, link, equipment_id, training_type_id) VALUES (1075, 'Single Arm Kettlebell Suitcase Foot Elevated Contralateral Knee Over Toe Split Squat', 'Target: Quadriceps', NULL, 15, 2);
# INSERT INTO exercise_muscle (exercise_id, muscle_id, intensity) VALUES (1075, 13, 10);
# INSERT INTO exercise_muscle (exercise_id, muscle_id, intensity) VALUES (1075, 21, 7);
# INSERT INTO exercise_muscle (exercise_id, muscle_id, intensity) VALUES (1075, 6, 4);
#
# -- Exercise ID: 1076
# INSERT INTO Exercise (id, title, description, link, equipment_id, training_type_id) VALUES (1076, 'Single Arm Kettlebell Suitcase Contralateral Knee Over Toe Split Squat', 'Target: Quadriceps', 'https://youtu.be/eGYP6B7LKtY?si=OkQLiBCrooH2qA67', 15, 2);
# INSERT INTO exercise_muscle (exercise_id, muscle_id, intensity) VALUES (1076, 13, 10);
# INSERT INTO exercise_muscle (exercise_id, muscle_id, intensity) VALUES (1076, 21, 7);
# INSERT INTO exercise_muscle (exercise_id, muscle_id, intensity) VALUES (1076, 6, 4);
#
# -- Exercise ID: 1077
# INSERT INTO Exercise (id, title, description, link, equipment_id, training_type_id) VALUES (1077, 'Double Indian Club Inner Heart Shaped Swing', 'Target: Shoulders', 'https://youtu.be/If9fXNTF4wI?si=Lk9xqqbULe2D5Xbs', 25, 8);
# INSERT INTO exercise_muscle (exercise_id, muscle_id, intensity) VALUES (1077, 19, 10);
#
# -- Exercise ID: 1078
# INSERT INTO Exercise (id, title, description, link, equipment_id, training_type_id) VALUES (1078, 'Alternating Double Indian Club Inner Heart Shaped Swing', 'Target: Shoulders', 'https://youtu.be/M_uslqzI28g?si=0zmBqTp2C8IMe5gJ', 25, 8);
# INSERT INTO exercise_muscle (exercise_id, muscle_id, intensity) VALUES (1078, 19, 10);
#
# -- Exercise ID: 1079
# INSERT INTO Exercise (id, title, description, link, equipment_id, training_type_id) VALUES (1079, 'Alternating Double Clubbell Side Flag Press', 'Target: Shoulders', NULL, 26, 3);
# INSERT INTO exercise_muscle (exercise_id, muscle_id, intensity) VALUES (1079, 3, 10);
#
# -- Exercise ID: 1080
# INSERT INTO Exercise (id, title, description, link, equipment_id, training_type_id) VALUES (1080, 'Single Arm Clubbell Side Flag Press', 'Target: Shoulders', 'https://youtu.be/uuLZZUozsdM?si=IcPMq75KQuzVIQM5', 26, 3);
# INSERT INTO exercise_muscle (exercise_id, muscle_id, intensity) VALUES (1080, 3, 10);
#
# -- Exercise ID: 1081
# INSERT INTO Exercise (id, title, description, link, equipment_id, training_type_id) VALUES (1081, 'Single Arm Clubbell Inside Circle', 'Target: Abdominals', 'https://youtu.be/n8S_z0p25jA?si=fak8MwjeEUMtDoZ2', 26, 10);
# INSERT INTO exercise_muscle (exercise_id, muscle_id, intensity) VALUES (1081, 11, 10);
# INSERT INTO exercise_muscle (exercise_id, muscle_id, intensity) VALUES (1081, 21, 7);
# INSERT INTO exercise_muscle (exercise_id, muscle_id, intensity) VALUES (1081, 10, 4);
#
# -- Exercise ID: 1082
# INSERT INTO Exercise (id, title, description, link, equipment_id, training_type_id) VALUES (1082, 'Alternating Double Clubbell Inside Circle', 'Target: Abdominals', 'https://youtu.be/5NkPS-jUzs4?si=mwhdAG5MmUqgjIDS', 26, 10);
# INSERT INTO exercise_muscle (exercise_id, muscle_id, intensity) VALUES (1082, 11, 10);
# INSERT INTO exercise_muscle (exercise_id, muscle_id, intensity) VALUES (1082, 21, 7);
# INSERT INTO exercise_muscle (exercise_id, muscle_id, intensity) VALUES (1082, 10, 4);
#
# -- Exercise ID: 1083
# INSERT INTO Exercise (id, title, description, link, equipment_id, training_type_id) VALUES (1083, 'Single Arm Clubbell Side Shoulder Cast', 'Target: Shoulders', NULL, 26, 3);
# INSERT INTO exercise_muscle (exercise_id, muscle_id, intensity) VALUES (1083, 19, 10);
#
# -- Exercise ID: 1084
# INSERT INTO Exercise (id, title, description, link, equipment_id, training_type_id) VALUES (1084, 'Barbell Reverse Grip Bicep Curl', 'Target: Forearms', 'https://youtu.be/TUX58GM5fRQ?si=D4ei3VOcTd3GzGQn', 12, 2);
# INSERT INTO exercise_muscle (exercise_id, muscle_id, intensity) VALUES (1084, 10, 10);
# INSERT INTO exercise_muscle (exercise_id, muscle_id, intensity) VALUES (1084, 8, 7);
#
# -- Exercise ID: 1085
# INSERT INTO Exercise (id, title, description, link, equipment_id, training_type_id) VALUES (1085, 'Single Arm Clubbell Reverse Mill', 'Target: Shoulders', 'https://youtu.be/sdICKS1Hsl8?si=TQcKHRoyYYB_DXgZ', 26, 10);
# INSERT INTO exercise_muscle (exercise_id, muscle_id, intensity) VALUES (1085, 19, 10);
# INSERT INTO exercise_muscle (exercise_id, muscle_id, intensity) VALUES (1085, 21, 7);
# INSERT INTO exercise_muscle (exercise_id, muscle_id, intensity) VALUES (1085, 12, 4);
#
# -- Exercise ID: 1086
# INSERT INTO Exercise (id, title, description, link, equipment_id, training_type_id) VALUES (1086, 'Clubbell Clean to Barbarian Squat', 'Target: Quadriceps', NULL, 26, 3);
# INSERT INTO exercise_muscle (exercise_id, muscle_id, intensity) VALUES (1086, 13, 10);
# INSERT INTO exercise_muscle (exercise_id, muscle_id, intensity) VALUES (1086, 21, 7);
#
# -- Exercise ID: 1087
# INSERT INTO Exercise (id, title, description, link, equipment_id, training_type_id) VALUES (1087, 'Clubbell Tall Kneeling Gamma Cast', 'Target: Shoulders', NULL, 26, 3);
# INSERT INTO exercise_muscle (exercise_id, muscle_id, intensity) VALUES (1087, 19, 10);
# INSERT INTO exercise_muscle (exercise_id, muscle_id, intensity) VALUES (1087, 11, 7);
#
# -- Exercise ID: 1088
# INSERT INTO Exercise (id, title, description, link, equipment_id, training_type_id) VALUES (1088, 'Clubbell Inside Circle', 'Target: Abdominals', 'https://youtu.be/Exuf3a7RhYs?si=wY_qsUZI87eKFyhX', 26, 10);
# INSERT INTO exercise_muscle (exercise_id, muscle_id, intensity) VALUES (1088, 11, 10);
# INSERT INTO exercise_muscle (exercise_id, muscle_id, intensity) VALUES (1088, 21, 7);
# INSERT INTO exercise_muscle (exercise_id, muscle_id, intensity) VALUES (1088, 10, 4);
#
# -- Exercise ID: 1089
# INSERT INTO Exercise (id, title, description, link, equipment_id, training_type_id) VALUES (1089, 'Clubbell Tall Kneeling Shield Cast', 'Target: Shoulders', NULL, 26, 10);
# INSERT INTO exercise_muscle (exercise_id, muscle_id, intensity) VALUES (1089, 19, 10);
# INSERT INTO exercise_muscle (exercise_id, muscle_id, intensity) VALUES (1089, 11, 7);
#
# -- Exercise ID: 1090
# INSERT INTO Exercise (id, title, description, link, equipment_id, training_type_id) VALUES (1090, 'Clubbell Split Squat Isometric Shield Cast', 'Target: Shoulders', NULL, 26, 12);
# INSERT INTO exercise_muscle (exercise_id, muscle_id, intensity) VALUES (1090, 19, 10);
# INSERT INTO exercise_muscle (exercise_id, muscle_id, intensity) VALUES (1090, 13, 7);
# INSERT INTO exercise_muscle (exercise_id, muscle_id, intensity) VALUES (1090, 11, 4);
#
# -- Exercise ID: 1091
# INSERT INTO Exercise (id, title, description, link, equipment_id, training_type_id) VALUES (1091, 'Clubbell Single Leg Standing Bent Knee Shield Cast', 'Target: Shoulders', NULL, 26, 12);
# INSERT INTO exercise_muscle (exercise_id, muscle_id, intensity) VALUES (1091, 19, 10);
# INSERT INTO exercise_muscle (exercise_id, muscle_id, intensity) VALUES (1091, 11, 7);
#
# -- Exercise ID: 1092
# INSERT INTO Exercise (id, title, description, link, equipment_id, training_type_id) VALUES (1092, 'Single Arm Clubbell Tall Kneeling Shield Cast', 'Target: Shoulders', NULL, 26, 10);
# INSERT INTO exercise_muscle (exercise_id, muscle_id, intensity) VALUES (1092, 19, 10);
# INSERT INTO exercise_muscle (exercise_id, muscle_id, intensity) VALUES (1092, 11, 7);
#
# -- Exercise ID: 1093
# INSERT INTO Exercise (id, title, description, link, equipment_id, training_type_id) VALUES (1093, 'Single Arm Clubbell Mill', 'Target: Shoulders', 'https://youtu.be/JL7-80LGmmU?si=wgcrQiv7L3ETryrv', 26, 10);
# INSERT INTO exercise_muscle (exercise_id, muscle_id, intensity) VALUES (1093, 19, 10);
# INSERT INTO exercise_muscle (exercise_id, muscle_id, intensity) VALUES (1093, 21, 7);
# INSERT INTO exercise_muscle (exercise_id, muscle_id, intensity) VALUES (1093, 12, 4);
#
# -- Exercise ID: 1094
# INSERT INTO Exercise (id, title, description, link, equipment_id, training_type_id) VALUES (1094, 'Double Clubbell Split Squat Isometric Iron Cross', 'Target: Shoulders', NULL, 26, 12);
# INSERT INTO exercise_muscle (exercise_id, muscle_id, intensity) VALUES (1094, 19, 10);
# INSERT INTO exercise_muscle (exercise_id, muscle_id, intensity) VALUES (1094, 13, 7);
#
# -- Exercise ID: 1095
# INSERT INTO Exercise (id, title, description, link, equipment_id, training_type_id) VALUES (1095, 'Double Clubbell Single Leg Standing Bent Knee Iron Cross', 'Target: Shoulders', NULL, 26, 3);
# INSERT INTO exercise_muscle (exercise_id, muscle_id, intensity) VALUES (1095, 19, 10);
# INSERT INTO exercise_muscle (exercise_id, muscle_id, intensity) VALUES (1095, 13, 7);
#
# -- Exercise ID: 1096
# INSERT INTO Exercise (id, title, description, link, equipment_id, training_type_id) VALUES (1096, 'Double Kettlebell Suitcase Deadlift', 'Target: Back', 'https://youtu.be/aXwilZfmDyo', 15, 2);
# INSERT INTO exercise_muscle (exercise_id, muscle_id, intensity) VALUES (1096, 17, 10);
# INSERT INTO exercise_muscle (exercise_id, muscle_id, intensity) VALUES (1096, 21, 7);
# INSERT INTO exercise_muscle (exercise_id, muscle_id, intensity) VALUES (1096, 22, 4);
#
# -- Exercise ID: 1097
# INSERT INTO Exercise (id, title, description, link, equipment_id, training_type_id) VALUES (1097, 'Double Kettlebell Bottoms Up Clean', 'Target: Glutes', 'https://youtu.be/iPSx3HFBDJQ?si=yE7krt1ftsmuaend', 15, 10);
# INSERT INTO exercise_muscle (exercise_id, muscle_id, intensity) VALUES (1097, 21, 10);
#
# -- Exercise ID: 1098
# INSERT INTO Exercise (id, title, description, link, equipment_id, training_type_id) VALUES (1098, 'Double Clubbell Mill', 'Target: Shoulders', 'https://youtu.be/vwRppLKenzw?si=lWbUFOXUJgHzwIVl', 26, 10);
# INSERT INTO exercise_muscle (exercise_id, muscle_id, intensity) VALUES (1098, 19, 10);
# INSERT INTO exercise_muscle (exercise_id, muscle_id, intensity) VALUES (1098, 21, 7);
# INSERT INTO exercise_muscle (exercise_id, muscle_id, intensity) VALUES (1098, 12, 4);
#
# -- Exercise ID: 1099
# INSERT INTO Exercise (id, title, description, link, equipment_id, training_type_id) VALUES (1099, 'Alternating Single Arm Clubbell Mill', 'Target: Shoulders', 'https://youtu.be/p8aWK-U6uVQ?si=uIoHZ9IRigICcYkI', 26, 10);
# INSERT INTO exercise_muscle (exercise_id, muscle_id, intensity) VALUES (1099, 19, 10);
# INSERT INTO exercise_muscle (exercise_id, muscle_id, intensity) VALUES (1099, 21, 7);
# INSERT INTO exercise_muscle (exercise_id, muscle_id, intensity) VALUES (1099, 12, 4);
#
# -- Exercise ID: 1100
# INSERT INTO Exercise (id, title, description, link, equipment_id, training_type_id) VALUES (1100, 'Clubbell Split Squat Isometric Gamma Cast', 'Target: Shoulders', NULL, 26, 12);
# INSERT INTO exercise_muscle (exercise_id, muscle_id, intensity) VALUES (1100, 19, 10);
# INSERT INTO exercise_muscle (exercise_id, muscle_id, intensity) VALUES (1100, 13, 7);
# INSERT INTO exercise_muscle (exercise_id, muscle_id, intensity) VALUES (1100, 11, 4);
#
# -- Exercise ID: 1101
# INSERT INTO Exercise (id, title, description, link, equipment_id, training_type_id) VALUES (1101, 'Clubbell Single Leg Standing Bent Knee Gamma Cast', 'Target: Shoulders', NULL, 26, 3);
# INSERT INTO exercise_muscle (exercise_id, muscle_id, intensity) VALUES (1101, 19, 10);
# INSERT INTO exercise_muscle (exercise_id, muscle_id, intensity) VALUES (1101, 11, 7);
#
# -- Exercise ID: 1102
# INSERT INTO Exercise (id, title, description, link, equipment_id, training_type_id) VALUES (1102, 'Macebell Alternating 360 to Ballistic Curl', 'Target: Shoulders', 'https://youtu.be/dAeNDa33dCg?si=DOdJKyHWeDTnUFjC', 24, 10);
# INSERT INTO exercise_muscle (exercise_id, muscle_id, intensity) VALUES (1102, 19, 10);
# INSERT INTO exercise_muscle (exercise_id, muscle_id, intensity) VALUES (1102, 8, 7);
# INSERT INTO exercise_muscle (exercise_id, muscle_id, intensity) VALUES (1102, 11, 4);
#
# -- Exercise ID: 1103
# INSERT INTO Exercise (id, title, description, link, equipment_id, training_type_id) VALUES (1103, 'Bar Chin Up', 'Target: Biceps', 'https://youtu.be/8mryJ3w2S78?si=feHRqrceUl_6Xatw', 16, 4);
# INSERT INTO exercise_muscle (exercise_id, muscle_id, intensity) VALUES (1103, 8, 10);
# INSERT INTO exercise_muscle (exercise_id, muscle_id, intensity) VALUES (1103, 17, 7);
#
# -- Exercise ID: 1104
# INSERT INTO Exercise (id, title, description, link, equipment_id, training_type_id) VALUES (1104, 'Bar Pull Up', 'Target: Back', 'https://youtu.be/HRV5YKKaeVw?si=2FwPXMnKZC4QXyAO', 16, 4);
# INSERT INTO exercise_muscle (exercise_id, muscle_id, intensity) VALUES (1104, 17, 10);
#
# -- Exercise ID: 1105
# INSERT INTO Exercise (id, title, description, link, equipment_id, training_type_id) VALUES (1105, 'Single Arm Clubbell Side Swing', 'Target: Abdominals', NULL, 26, 10);
# INSERT INTO exercise_muscle (exercise_id, muscle_id, intensity) VALUES (1105, 12, 10);
# INSERT INTO exercise_muscle (exercise_id, muscle_id, intensity) VALUES (1105, 21, 7);
#
# -- Exercise ID: 1106
# INSERT INTO Exercise (id, title, description, link, equipment_id, training_type_id) VALUES (1106, 'Single Arm Clubbell Inside Pendulum', 'Target: Abdominals', 'https://youtu.be/9JrqgpJfxFs?si=ltubZdnwDPFzi-8r', 26, 10);
# INSERT INTO exercise_muscle (exercise_id, muscle_id, intensity) VALUES (1106, 12, 10);
# INSERT INTO exercise_muscle (exercise_id, muscle_id, intensity) VALUES (1106, 21, 7);
#
# -- Exercise ID: 1107
# INSERT INTO Exercise (id, title, description, link, equipment_id, training_type_id) VALUES (1107, 'Double Clubbell Swipe', 'Target: Glutes', 'https://youtu.be/IABFtVxvqdo?si=Krk5vT1xDU9YcRb2', 26, 10);
# INSERT INTO exercise_muscle (exercise_id, muscle_id, intensity) VALUES (1107, 21, 10);
# INSERT INTO exercise_muscle (exercise_id, muscle_id, intensity) VALUES (1107, 22, 7);
# INSERT INTO exercise_muscle (exercise_id, muscle_id, intensity) VALUES (1107, 17, 4);
#
# -- Exercise ID: 1108
# INSERT INTO Exercise (id, title, description, link, equipment_id, training_type_id) VALUES (1108, 'Single Arm Clubbell Swipe', 'Target: Glutes', 'https://youtu.be/EZNev-kvl6A?si=GsKx6-ERsaOYXjDd', 26, 10);
# INSERT INTO exercise_muscle (exercise_id, muscle_id, intensity) VALUES (1108, 21, 10);
# INSERT INTO exercise_muscle (exercise_id, muscle_id, intensity) VALUES (1108, 22, 7);
# INSERT INTO exercise_muscle (exercise_id, muscle_id, intensity) VALUES (1108, 17, 4);
#
# -- Exercise ID: 1109
# INSERT INTO Exercise (id, title, description, link, equipment_id, training_type_id) VALUES (1109, 'Single Arm Clubbell Cross Body Swipe', 'Target: Abdominals', 'https://youtu.be/ASZw05sMCxw?si=FN1QEpEENaC46NuX', 26, 10);
# INSERT INTO exercise_muscle (exercise_id, muscle_id, intensity) VALUES (1109, 12, 10);
# INSERT INTO exercise_muscle (exercise_id, muscle_id, intensity) VALUES (1109, 21, 7);
# INSERT INTO exercise_muscle (exercise_id, muscle_id, intensity) VALUES (1109, 17, 4);
#
# -- Exercise ID: 1110
# INSERT INTO Exercise (id, title, description, link, equipment_id, training_type_id) VALUES (1110, 'Bar Scapular Pull Up', 'Target: Back', 'https://youtu.be/pE8PJsWEV7k?si=sXWG_h39gmTbgsNw', 16, 4);
# INSERT INTO exercise_muscle (exercise_id, muscle_id, intensity) VALUES (1110, 17, 10);
# INSERT INTO exercise_muscle (exercise_id, muscle_id, intensity) VALUES (1110, 18, 7);
#
# -- Exercise ID: 1111
# INSERT INTO Exercise (id, title, description, link, equipment_id, training_type_id) VALUES (1111, 'Single Arm Clubbell Inside Circle to Shield Cast', 'Target: Shoulders', 'https://youtu.be/nz_28BY272M?si=nVEPcDEL6vGdESAz', 26, 10);
# INSERT INTO exercise_muscle (exercise_id, muscle_id, intensity) VALUES (1111, 19, 10);
# INSERT INTO exercise_muscle (exercise_id, muscle_id, intensity) VALUES (1111, 11, 7);
# INSERT INTO exercise_muscle (exercise_id, muscle_id, intensity) VALUES (1111, 21, 4);
#
# -- Exercise ID: 1112
# INSERT INTO Exercise (id, title, description, link, equipment_id, training_type_id) VALUES (1112, 'Clubbell Barbarian Squat', 'Target: Quadriceps', 'https://youtu.be/SnRUNmL46So?si=LiGATOKJlrhb676E', 26, 3);
# INSERT INTO exercise_muscle (exercise_id, muscle_id, intensity) VALUES (1112, 13, 10);
# INSERT INTO exercise_muscle (exercise_id, muscle_id, intensity) VALUES (1112, 19, 7);
#
# -- Exercise ID: 1113
# INSERT INTO Exercise (id, title, description, link, equipment_id, training_type_id) VALUES (1113, 'Single Arm Clubbell Inside Circle to Outside Circle', 'Target: Abdominals', 'https://youtu.be/V1noG21BO8Q?si=wQHrkhWFJHF0ak8e', 26, 10);
# INSERT INTO exercise_muscle (exercise_id, muscle_id, intensity) VALUES (1113, 11, 10);
# INSERT INTO exercise_muscle (exercise_id, muscle_id, intensity) VALUES (1113, 21, 7);
# INSERT INTO exercise_muscle (exercise_id, muscle_id, intensity) VALUES (1113, 10, 4);
#
# -- Exercise ID: 1114
# INSERT INTO Exercise (id, title, description, link, equipment_id, training_type_id) VALUES (1114, 'Clubbell Inside Circle to Outside Circle', 'Target: Abdominals', NULL, 26, 10);
# INSERT INTO exercise_muscle (exercise_id, muscle_id, intensity) VALUES (1114, 11, 10);
# INSERT INTO exercise_muscle (exercise_id, muscle_id, intensity) VALUES (1114, 21, 7);
# INSERT INTO exercise_muscle (exercise_id, muscle_id, intensity) VALUES (1114, 10, 4);
#
# -- Exercise ID: 1115
# INSERT INTO Exercise (id, title, description, link, equipment_id, training_type_id) VALUES (1115, 'Double Clubbell Barbarian Squat', 'Target: Quadriceps', 'https://youtu.be/rkB05p8JKDc?si=pJNkF5RP4J1kn_LL', 26, 3);
# INSERT INTO exercise_muscle (exercise_id, muscle_id, intensity) VALUES (1115, 13, 10);
# INSERT INTO exercise_muscle (exercise_id, muscle_id, intensity) VALUES (1115, 19, 7);
#
# -- Exercise ID: 1116
# INSERT INTO Exercise (id, title, description, link, equipment_id, training_type_id) VALUES (1116, 'Single Arm Clubbell Side to Side Swing', 'Target: Abdominals', 'https://youtu.be/OmY95XgEy00?si=3-4hWbjWMn1lM8Fz', 26, 10);
# INSERT INTO exercise_muscle (exercise_id, muscle_id, intensity) VALUES (1116, 12, 10);
# INSERT INTO exercise_muscle (exercise_id, muscle_id, intensity) VALUES (1116, 21, 7);
#
# -- Exercise ID: 1117
# INSERT INTO Exercise (id, title, description, link, equipment_id, training_type_id) VALUES (1117, 'Alternating Single Arm Clubbell Side to Side Swing', 'Target: Abdominals', 'https://youtu.be/OIS3xeBhwp0?si=XQoMSwCpgaBf7wdw', 26, 10);
# INSERT INTO exercise_muscle (exercise_id, muscle_id, intensity) VALUES (1117, 12, 10);
# INSERT INTO exercise_muscle (exercise_id, muscle_id, intensity) VALUES (1117, 21, 7);
#
# -- Exercise ID: 1118
# INSERT INTO Exercise (id, title, description, link, equipment_id, training_type_id) VALUES (1118, 'Clubbell Alternating Inside Pendulum to Gamma Cast', 'Target: Shoulders', NULL, 26, 10);
# INSERT INTO exercise_muscle (exercise_id, muscle_id, intensity) VALUES (1118, 19, 10);
# INSERT INTO exercise_muscle (exercise_id, muscle_id, intensity) VALUES (1118, 12, 7);
# INSERT INTO exercise_muscle (exercise_id, muscle_id, intensity) VALUES (1118, 11, 4);
#
# -- Exercise ID: 1119
# INSERT INTO Exercise (id, title, description, link, equipment_id, training_type_id) VALUES (1119, 'Single Arm Clubbell Single Leg Standing Bent Knee Contralateral Shield Cast', 'Target: Shoulders', NULL, 26, 12);
# INSERT INTO exercise_muscle (exercise_id, muscle_id, intensity) VALUES (1119, 19, 10);
# INSERT INTO exercise_muscle (exercise_id, muscle_id, intensity) VALUES (1119, 11, 7);
#
# -- Exercise ID: 1120
# INSERT INTO Exercise (id, title, description, link, equipment_id, training_type_id) VALUES (1120, 'Bar Skin the Cat', 'Target: Shoulders', 'https://youtu.be/mqZDdpFh1gA?si=5Sz7M4RZJh4kpYFa', 16, 4);
# INSERT INTO exercise_muscle (exercise_id, muscle_id, intensity) VALUES (1120, 2, 10);
#
# -- Exercise ID: 1121
# INSERT INTO Exercise (id, title, description, link, equipment_id, training_type_id) VALUES (1121, 'Single Arm Kettlebell Bottoms Up Tall Kneeling Overhead Press', 'Target: Shoulders', 'https://youtu.be/fyC2FBk2vho?si=9A4Unc4H-ndiHFMC', 15, 2);
# INSERT INTO exercise_muscle (exercise_id, muscle_id, intensity) VALUES (1121, 2, 10);
# INSERT INTO exercise_muscle (exercise_id, muscle_id, intensity) VALUES (1121, 4, 7);
#
# -- Exercise ID: 1122
# INSERT INTO Exercise (id, title, description, link, equipment_id, training_type_id) VALUES (1122, 'Single Arm Clubbell Inside Circle to Front Flag Press', 'Target: Shoulders', NULL, 26, 3);
# INSERT INTO exercise_muscle (exercise_id, muscle_id, intensity) VALUES (1122, 2, 10);
# INSERT INTO exercise_muscle (exercise_id, muscle_id, intensity) VALUES (1122, 4, 7);
# INSERT INTO exercise_muscle (exercise_id, muscle_id, intensity) VALUES (1122, 12, 4);
#
# -- Exercise ID: 1123
# INSERT INTO Exercise (id, title, description, link, equipment_id, training_type_id) VALUES (1123, 'Double Clubbell Order Bulgarian Split Squat', 'Target: Quadriceps', 'https://youtu.be/aHIntdF9TlI?si=PlDrrrvPa1NahU-k', 26, 2);
# INSERT INTO exercise_muscle (exercise_id, muscle_id, intensity) VALUES (1123, 13, 10);
# INSERT INTO exercise_muscle (exercise_id, muscle_id, intensity) VALUES (1123, 21, 7);
# INSERT INTO exercise_muscle (exercise_id, muscle_id, intensity) VALUES (1123, 22, 4);
#
# -- Exercise ID: 1124
# INSERT INTO Exercise (id, title, description, link, equipment_id, training_type_id) VALUES (1124, 'Barbell Hang Squat Clean', 'Target: Quadriceps', 'https://youtu.be/DaKC_BEN5bk?si=-Q3RkXcSiRxscR4n', 12, 11);
# INSERT INTO exercise_muscle (exercise_id, muscle_id, intensity) VALUES (1124, 13, 10);
# INSERT INTO exercise_muscle (exercise_id, muscle_id, intensity) VALUES (1124, 21, 7);
#
# -- Exercise ID: 1125
# INSERT INTO Exercise (id, title, description, link, equipment_id, training_type_id) VALUES (1125, 'Alternating Single Arm Kettlebell Feet Elevated Plank Pull Through', 'Target: Abdominals', 'https://youtu.be/178a2eYjaow?si=5BIFyTIH_gQo8ef1', 15, 3);
# INSERT INTO exercise_muscle (exercise_id, muscle_id, intensity) VALUES (1125, 11, 10);
# INSERT INTO exercise_muscle (exercise_id, muscle_id, intensity) VALUES (1125, 12, 7);
#
# -- Exercise ID: 1126
# INSERT INTO Exercise (id, title, description, link, equipment_id, training_type_id) VALUES (1126, 'Miniband Supine Alternating Hip Flexion', 'Target: Hip Flexors', 'https://youtu.be/hcB3BdFBk9o?si=NCYoHHaTofHXzx2y', 13, 3);
# INSERT INTO exercise_muscle (exercise_id, muscle_id, intensity) VALUES (1126, 11, 10);
# INSERT INTO exercise_muscle (exercise_id, muscle_id, intensity) VALUES (1126, 13, 7);
#
# -- Exercise ID: 1127
# INSERT INTO Exercise (id, title, description, link, equipment_id, training_type_id) VALUES (1127, 'Double Kettlebell Bottoms Up Tall Kneeling Overhead Press', 'Target: Shoulders', 'https://youtu.be/zlosFkTwleE?si=kPNf5P_AJZd7Sqrn', 15, 2);
# INSERT INTO exercise_muscle (exercise_id, muscle_id, intensity) VALUES (1127, 2, 10);
# INSERT INTO exercise_muscle (exercise_id, muscle_id, intensity) VALUES (1127, 4, 7);
#
# -- Exercise ID: 1128
# INSERT INTO Exercise (id, title, description, link, equipment_id, training_type_id) VALUES (1128, 'Alternating Double Kettlebell Bottoms Up Tall Kneeling Overhead Press', 'Target: Shoulders', NULL, 15, 2);
# INSERT INTO exercise_muscle (exercise_id, muscle_id, intensity) VALUES (1128, 2, 10);
# INSERT INTO exercise_muscle (exercise_id, muscle_id, intensity) VALUES (1128, 4, 7);
#
# -- Exercise ID: 1129
# INSERT INTO Exercise (id, title, description, link, equipment_id, training_type_id) VALUES (1129, 'Double Kettlebell Bottoms Up Half Kneeling Overhead Press', 'Target: Shoulders', 'https://youtu.be/IoGfLT_8cPA?si=0w2tJHQG6XulCr7c', 15, 2);
# INSERT INTO exercise_muscle (exercise_id, muscle_id, intensity) VALUES (1129, 2, 10);
# INSERT INTO exercise_muscle (exercise_id, muscle_id, intensity) VALUES (1129, 4, 7);
#
# -- Exercise ID: 1130
# INSERT INTO Exercise (id, title, description, link, equipment_id, training_type_id) VALUES (1130, 'Alternating Double Kettlebell Bottoms Up Half Kneeling Overhead Press', 'Target: Shoulders', NULL, 15, 2);
# INSERT INTO exercise_muscle (exercise_id, muscle_id, intensity) VALUES (1130, 2, 10);
# INSERT INTO exercise_muscle (exercise_id, muscle_id, intensity) VALUES (1130, 4, 7);
#
# -- Exercise ID: 1131
# INSERT INTO Exercise (id, title, description, link, equipment_id, training_type_id) VALUES (1131, 'Single Arm Clubbell Barbarian Squat', 'Target: Quadriceps', 'https://youtu.be/g1NRUDyqlH8?si=D2hTo9Ntck6F1dcx', 26, 3);
# INSERT INTO exercise_muscle (exercise_id, muscle_id, intensity) VALUES (1131, 13, 10);
# INSERT INTO exercise_muscle (exercise_id, muscle_id, intensity) VALUES (1131, 19, 7);
#
# -- Exercise ID: 1132
# INSERT INTO Exercise (id, title, description, link, equipment_id, training_type_id) VALUES (1132, 'Single Arm Clubbell Single Leg Standing Bent Knee Ipsilateral Shield Cast', 'Target: Shoulders', NULL, 26, 12);
# INSERT INTO exercise_muscle (exercise_id, muscle_id, intensity) VALUES (1132, 19, 10);
# INSERT INTO exercise_muscle (exercise_id, muscle_id, intensity) VALUES (1132, 11, 7);
#
# -- Exercise ID: 1133
# INSERT INTO Exercise (id, title, description, link, equipment_id, training_type_id) VALUES (1133, 'Clubbell Order Cyclist Squat', 'Target: Quadriceps', 'https://youtu.be/_ckOSXnMuXo?si=ljb43FTe1n7YBdl8', 26, 2);
# INSERT INTO exercise_muscle (exercise_id, muscle_id, intensity) VALUES (1133, 13, 10);
# INSERT INTO exercise_muscle (exercise_id, muscle_id, intensity) VALUES (1133, 21, 7);
# INSERT INTO exercise_muscle (exercise_id, muscle_id, intensity) VALUES (1133, 6, 4);
#
# -- Exercise ID: 1134
# INSERT INTO Exercise (id, title, description, link, equipment_id, training_type_id) VALUES (1134, 'Single Arm Clubbell Order Contralateral Bulgarian Split Squat', 'Target: Quadriceps', 'https://youtu.be/FCsM9fm0xPY?si=8FFkfLmFOgxlcsFY', 26, 2);
# INSERT INTO exercise_muscle (exercise_id, muscle_id, intensity) VALUES (1134, 13, 10);
# INSERT INTO exercise_muscle (exercise_id, muscle_id, intensity) VALUES (1134, 21, 7);
# INSERT INTO exercise_muscle (exercise_id, muscle_id, intensity) VALUES (1134, 22, 4);
#
# -- Exercise ID: 1135
# INSERT INTO Exercise (id, title, description, link, equipment_id, training_type_id) VALUES (1135, 'Alternating Single Arm Macebell 10 to 2', 'Target: Shoulders', 'https://youtu.be/7DW72Ft1LEo?si=kejdZkBMg1CFxl99', 24, 10);
# INSERT INTO exercise_muscle (exercise_id, muscle_id, intensity) VALUES (1135, 19, 10);
# INSERT INTO exercise_muscle (exercise_id, muscle_id, intensity) VALUES (1135, 11, 7);
#
# -- Exercise ID: 1136
# INSERT INTO Exercise (id, title, description, link, equipment_id, training_type_id) VALUES (1136, 'Double Kettlebell Bottoms Up Tall Kneeling Seesaw Overhead Press', 'Target: Shoulders', NULL, 15, 2);
# INSERT INTO exercise_muscle (exercise_id, muscle_id, intensity) VALUES (1136, 2, 10);
# INSERT INTO exercise_muscle (exercise_id, muscle_id, intensity) VALUES (1136, 4, 7);
#
# -- Exercise ID: 1137
# INSERT INTO Exercise (id, title, description, link, equipment_id, training_type_id) VALUES (1137, 'Clubbell Inside Pendulum to Inside Pullover', 'Target: Back', NULL, 26, 3);
# INSERT INTO exercise_muscle (exercise_id, muscle_id, intensity) VALUES (1137, 17, 10);
# INSERT INTO exercise_muscle (exercise_id, muscle_id, intensity) VALUES (1137, 19, 7);
# INSERT INTO exercise_muscle (exercise_id, muscle_id, intensity) VALUES (1137, 12, 4);
#
# -- Exercise ID: 1138
# INSERT INTO Exercise (id, title, description, link, equipment_id, training_type_id) VALUES (1138, 'Clubbell Order Squat', 'Target: Quadriceps', NULL, 26, 3);
# INSERT INTO exercise_muscle (exercise_id, muscle_id, intensity) VALUES (1138, 13, 10);
# INSERT INTO exercise_muscle (exercise_id, muscle_id, intensity) VALUES (1138, 21, 7);
#
# -- Exercise ID: 1139
# INSERT INTO Exercise (id, title, description, link, equipment_id, training_type_id) VALUES (1139, 'Single Arm Clubbell Order Ipsilateral Bulgarian Split Squat', 'Target: Quadriceps', 'https://youtu.be/hj6VJzYrkY0?si=fsHR5hg8cUmEtRGK', 26, 2);
# INSERT INTO exercise_muscle (exercise_id, muscle_id, intensity) VALUES (1139, 13, 10);
# INSERT INTO exercise_muscle (exercise_id, muscle_id, intensity) VALUES (1139, 21, 7);
# INSERT INTO exercise_muscle (exercise_id, muscle_id, intensity) VALUES (1139, 22, 4);
#
# -- Exercise ID: 1140
# INSERT INTO Exercise (id, title, description, link, equipment_id, training_type_id) VALUES (1140, 'Single Arm Clubbell Order Squat', 'Target: Quadriceps', NULL, 26, 3);
# INSERT INTO exercise_muscle (exercise_id, muscle_id, intensity) VALUES (1140, 13, 10);
# INSERT INTO exercise_muscle (exercise_id, muscle_id, intensity) VALUES (1140, 21, 7);
#
# -- Exercise ID: 1141
# INSERT INTO Exercise (id, title, description, link, equipment_id, training_type_id) VALUES (1141, 'Double Clubbell Order Squat', 'Target: Quadriceps', NULL, 26, 3);
# INSERT INTO exercise_muscle (exercise_id, muscle_id, intensity) VALUES (1141, 13, 10);
# INSERT INTO exercise_muscle (exercise_id, muscle_id, intensity) VALUES (1141, 21, 7);
#
# -- Exercise ID: 1142
# INSERT INTO Exercise (id, title, description, link, equipment_id, training_type_id) VALUES (1142, 'Clubbell Alternating Inside Pendulum to Inside Pullover', 'Target: Back', NULL, 26, 3);
# INSERT INTO exercise_muscle (exercise_id, muscle_id, intensity) VALUES (1142, 17, 10);
# INSERT INTO exercise_muscle (exercise_id, muscle_id, intensity) VALUES (1142, 19, 7);
# INSERT INTO exercise_muscle (exercise_id, muscle_id, intensity) VALUES (1142, 12, 4);
#
# -- Exercise ID: 1143
# INSERT INTO Exercise (id, title, description, link, equipment_id, training_type_id) VALUES (1143, 'Single Arm Kettlebell Bottoms Up Arm Bar', 'Target: Shoulders', 'https://youtu.be/Ya0DCt11wGI?si=dkBvQls6KHvRIS6y', 15, 8);
# INSERT INTO exercise_muscle (exercise_id, muscle_id, intensity) VALUES (1143, 19, 10);
# INSERT INTO exercise_muscle (exercise_id, muscle_id, intensity) VALUES (1143, 12, 4);
#
# -- Exercise ID: 1144
# INSERT INTO Exercise (id, title, description, link, equipment_id, training_type_id) VALUES (1144, 'Single Arm Kettlebell Bottoms Up Arm Bar Rotation', 'Target: Shoulders', 'https://youtu.be/dlqDSzgxNwM?si=_l4eia6JX0ovy0ss', 15, 8);
# INSERT INTO exercise_muscle (exercise_id, muscle_id, intensity) VALUES (1144, 19, 10);
# INSERT INTO exercise_muscle (exercise_id, muscle_id, intensity) VALUES (1144, 12, 4);
#
# -- Exercise ID: 1145
# INSERT INTO Exercise (id, title, description, link, equipment_id, training_type_id) VALUES (1145, 'Double Kettlebell Push Up', 'Target: Chest', 'https://youtu.be/80WFnCM9Kbo?si=kxvBbrzAla92I6YM', 15, 4);
# INSERT INTO exercise_muscle (exercise_id, muscle_id, intensity) VALUES (1145, 7, 10);
# INSERT INTO exercise_muscle (exercise_id, muscle_id, intensity) VALUES (1145, 4, 7);
#
# -- Exercise ID: 1146
# INSERT INTO Exercise (id, title, description, link, equipment_id, training_type_id) VALUES (1146, 'Bodyweight Pseudo Planche Lean', 'Target: Abdominals', 'https://youtu.be/KMCZ6Pjg9_k?si=qLUPw94vxQVVs7nw', 2, 4);
# INSERT INTO exercise_muscle (exercise_id, muscle_id, intensity) VALUES (1146, 11, 10);
# INSERT INTO exercise_muscle (exercise_id, muscle_id, intensity) VALUES (1146, 2, 7);
# INSERT INTO exercise_muscle (exercise_id, muscle_id, intensity) VALUES (1146, 7, 4);
#
# -- Exercise ID: 1147
# INSERT INTO Exercise (id, title, description, link, equipment_id, training_type_id) VALUES (1147, 'Macebell 360 to Single Arm 360', 'Target: Shoulders', NULL, 24, 10);
# INSERT INTO exercise_muscle (exercise_id, muscle_id, intensity) VALUES (1147, 19, 10);
# INSERT INTO exercise_muscle (exercise_id, muscle_id, intensity) VALUES (1147, 11, 7);
#
# -- Exercise ID: 1148
# INSERT INTO Exercise (id, title, description, link, equipment_id, training_type_id) VALUES (1148, 'Tire Feet Elevated Decline Push Up', 'Target: Chest', 'https://youtu.be/-S5Zz3Hl6a4?si=8XSysf7jjGJx2X07', 29, 4);
# INSERT INTO exercise_muscle (exercise_id, muscle_id, intensity) VALUES (1148, 7, 10);
# INSERT INTO exercise_muscle (exercise_id, muscle_id, intensity) VALUES (1148, 4, 7);
#
# -- Exercise ID: 1149
# INSERT INTO Exercise (id, title, description, link, equipment_id, training_type_id) VALUES (1149, 'Bodyweight Bench Feet Elevated Decline Push Up', 'Target: Chest', 'https://youtu.be/1ZTYpiJJDZ8?feature=shared', 2, 4);
# INSERT INTO exercise_muscle (exercise_id, muscle_id, intensity) VALUES (1149, 7, 10);
# INSERT INTO exercise_muscle (exercise_id, muscle_id, intensity) VALUES (1149, 4, 7);
#
# -- Exercise ID: 1150
# INSERT INTO Exercise (id, title, description, link, equipment_id, training_type_id) VALUES (1150, 'Bodyweight Box Feet Elevated Decline Push Up', 'Target: Chest', 'https://youtu.be/5DTn4Euw6To?si=Qt5r8kEOx3ZW_AO9', 2, 4);
# INSERT INTO exercise_muscle (exercise_id, muscle_id, intensity) VALUES (1150, 7, 10);
# INSERT INTO exercise_muscle (exercise_id, muscle_id, intensity) VALUES (1150, 4, 7);
#
# -- Exercise ID: 1151
# INSERT INTO Exercise (id, title, description, link, equipment_id, training_type_id) VALUES (1151, 'Bodyweight Feet Elevated Pike Push Up', 'Target: Shoulders', 'https://youtu.be/s5VyQrNhEYY?si=9tSA6c3bjeje5MfX', 2, 4);
# INSERT INTO exercise_muscle (exercise_id, muscle_id, intensity) VALUES (1151, 2, 10);
# INSERT INTO exercise_muscle (exercise_id, muscle_id, intensity) VALUES (1151, 4, 7);
#
# -- Exercise ID: 1152
# INSERT INTO Exercise (id, title, description, link, equipment_id, training_type_id) VALUES (1152, 'Tire Feet Elevated Pike Push Up', 'Target: Shoulders', NULL, 29, 4);
# INSERT INTO exercise_muscle (exercise_id, muscle_id, intensity) VALUES (1152, 2, 10);
# INSERT INTO exercise_muscle (exercise_id, muscle_id, intensity) VALUES (1152, 4, 7);
#
# -- Exercise ID: 1153
# INSERT INTO Exercise (id, title, description, link, equipment_id, training_type_id) VALUES (1153, 'Double Kettlebell Bottoms Up Push Jerk', 'Target: Shoulders', NULL, 15, 3);
# INSERT INTO exercise_muscle (exercise_id, muscle_id, intensity) VALUES (1153, 2, 10);
# INSERT INTO exercise_muscle (exercise_id, muscle_id, intensity) VALUES (1153, 4, 7);
# INSERT INTO exercise_muscle (exercise_id, muscle_id, intensity) VALUES (1153, 15, 4);
#
# -- Exercise ID: 1154
# INSERT INTO Exercise (id, title, description, link, equipment_id, training_type_id) VALUES (1154, 'Alternating Double Kettlebell Bottoms Up Push Jerk', 'Target: Shoulders', NULL, 15, 3);
# INSERT INTO exercise_muscle (exercise_id, muscle_id, intensity) VALUES (1154, 2, 10);
# INSERT INTO exercise_muscle (exercise_id, muscle_id, intensity) VALUES (1154, 4, 7);
# INSERT INTO exercise_muscle (exercise_id, muscle_id, intensity) VALUES (1154, 15, 4);
#
# -- Exercise ID: 1155
# INSERT INTO Exercise (id, title, description, link, equipment_id, training_type_id) VALUES (1155, 'Single Arm Kettlebell Bottoms Up Overhead Press', 'Target: Shoulders', 'https://youtu.be/J5LEpIZSDS0?si=SukDsqWl5cS7XyF-', 15, 3);
# INSERT INTO exercise_muscle (exercise_id, muscle_id, intensity) VALUES (1155, 2, 10);
# INSERT INTO exercise_muscle (exercise_id, muscle_id, intensity) VALUES (1155, 4, 7);
#
# -- Exercise ID: 1156
# INSERT INTO Exercise (id, title, description, link, equipment_id, training_type_id) VALUES (1156, 'Single Arm Kettlebell Bottoms Up Push Press', 'Target: Shoulders', 'https://youtu.be/4dDZeldSuVs?si=D0_bRJn7gwY2jMoP', 15, 3);
# INSERT INTO exercise_muscle (exercise_id, muscle_id, intensity) VALUES (1156, 2, 10);
# INSERT INTO exercise_muscle (exercise_id, muscle_id, intensity) VALUES (1156, 4, 7);
#
# -- Exercise ID: 1157
# INSERT INTO Exercise (id, title, description, link, equipment_id, training_type_id) VALUES (1157, 'Bulgarian Bag Side to Side Swing', 'Target: Abdominals', 'https://youtu.be/BtQXVVu86Ug?si=yr6zjamvI2-gV-Wl', 34, 3);
# INSERT INTO exercise_muscle (exercise_id, muscle_id, intensity) VALUES (1157, 12, 10);
#
# -- Exercise ID: 1158
# INSERT INTO Exercise (id, title, description, link, equipment_id, training_type_id) VALUES (1158, 'Single Arm Kettlebell Bottoms Up Half Kneeling Ipsilateral Overhead Press', 'Target: Shoulders', 'https://youtu.be/VDJcpMX5iDg?si=c4_vtlto4cmV6-r_', 15, 2);
# INSERT INTO exercise_muscle (exercise_id, muscle_id, intensity) VALUES (1158, 2, 10);
# INSERT INTO exercise_muscle (exercise_id, muscle_id, intensity) VALUES (1158, 4, 7);
#
# -- Exercise ID: 1159
# INSERT INTO Exercise (id, title, description, link, equipment_id, training_type_id) VALUES (1159, 'Single Ring Rotational Row', 'Target: Back', 'https://youtu.be/1PiO_woAgDc?si=-nYhvQs3zKrAR7im', 3, 4);
# INSERT INTO exercise_muscle (exercise_id, muscle_id, intensity) VALUES (1159, 17, 10);
# INSERT INTO exercise_muscle (exercise_id, muscle_id, intensity) VALUES (1159, 8, 7);
# INSERT INTO exercise_muscle (exercise_id, muscle_id, intensity) VALUES (1159, 12, 4);
#
# -- Exercise ID: 1160
# INSERT INTO Exercise (id, title, description, link, equipment_id, training_type_id) VALUES (1160, 'Trap Bar Bottoms Up Tall Kneeling Overhead Press', 'Target: Shoulders', 'https://youtu.be/yQToM9xx5Y4?si=AAnvcezbT07hvy8I', 31, 2);
# INSERT INTO exercise_muscle (exercise_id, muscle_id, intensity) VALUES (1160, 2, 10);
# INSERT INTO exercise_muscle (exercise_id, muscle_id, intensity) VALUES (1160, 4, 7);
#
# -- Exercise ID: 1161
# INSERT INTO Exercise (id, title, description, link, equipment_id, training_type_id) VALUES (1161, 'Clubbell Clean', 'Target: Glutes', NULL, 26, 10);
# INSERT INTO exercise_muscle (exercise_id, muscle_id, intensity) VALUES (1161, 21, 10);
# INSERT INTO exercise_muscle (exercise_id, muscle_id, intensity) VALUES (1161, 10, 7);
#
# -- Exercise ID: 1162
# INSERT INTO Exercise (id, title, description, link, equipment_id, training_type_id) VALUES (1162, 'Double Clubbell Clean', 'Target: Glutes', 'https://youtu.be/XRyFEfRbHYY?si=9uHqeQJHtoWY-upd', 26, 10);
# INSERT INTO exercise_muscle (exercise_id, muscle_id, intensity) VALUES (1162, 21, 10);
# INSERT INTO exercise_muscle (exercise_id, muscle_id, intensity) VALUES (1162, 10, 7);
#
# -- Exercise ID: 1163
# INSERT INTO Exercise (id, title, description, link, equipment_id, training_type_id) VALUES (1163, 'Single Arm Clubbell Clean', 'Target: Glutes', NULL, 26, 10);
# INSERT INTO exercise_muscle (exercise_id, muscle_id, intensity) VALUES (1163, 21, 10);
# INSERT INTO exercise_muscle (exercise_id, muscle_id, intensity) VALUES (1163, 10, 7);
#
# -- Exercise ID: 1164
# INSERT INTO Exercise (id, title, description, link, equipment_id, training_type_id) VALUES (1164, 'Trap Bar Z Press', 'Target: Shoulders', 'https://youtu.be/nz99ncuEEt4?feature=shared', 31, 2);
# INSERT INTO exercise_muscle (exercise_id, muscle_id, intensity) VALUES (1164, 2, 10);
# INSERT INTO exercise_muscle (exercise_id, muscle_id, intensity) VALUES (1164, 4, 7);
# INSERT INTO exercise_muscle (exercise_id, muscle_id, intensity) VALUES (1164, 11, 4);
#
# -- Exercise ID: 1165
# INSERT INTO Exercise (id, title, description, link, equipment_id, training_type_id) VALUES (1165, 'Trap Bar Bottoms Up Floor Press', 'Target: Chest', NULL, 31, 2);
# INSERT INTO exercise_muscle (exercise_id, muscle_id, intensity) VALUES (1165, 7, 10);
# INSERT INTO exercise_muscle (exercise_id, muscle_id, intensity) VALUES (1165, 4, 7);
# INSERT INTO exercise_muscle (exercise_id, muscle_id, intensity) VALUES (1165, 2, 4);
#
# -- Exercise ID: 1166
# INSERT INTO Exercise (id, title, description, link, equipment_id, training_type_id) VALUES (1166, 'Trap Bar Bottoms Up Bench Press', 'Target: Chest', 'https://youtu.be/I8WCjE1hTPM?si=riNSekDaoROPTCoF', 31, 2);
# INSERT INTO exercise_muscle (exercise_id, muscle_id, intensity) VALUES (1166, 7, 10);
# INSERT INTO exercise_muscle (exercise_id, muscle_id, intensity) VALUES (1166, 4, 7);
# INSERT INTO exercise_muscle (exercise_id, muscle_id, intensity) VALUES (1166, 2, 4);
#
# -- Exercise ID: 1167
# INSERT INTO Exercise (id, title, description, link, equipment_id, training_type_id) VALUES (1167, 'Bulgarian Bag Alternating Spin to Side Swing Squat', 'Target: Shoulders', 'https://youtu.be/2UpONYbzL7c?si=C2NbwmasH7LSljdz', 34, 3);
# INSERT INTO exercise_muscle (exercise_id, muscle_id, intensity) VALUES (1167, 19, 10);
# INSERT INTO exercise_muscle (exercise_id, muscle_id, intensity) VALUES (1167, 12, 7);
# INSERT INTO exercise_muscle (exercise_id, muscle_id, intensity) VALUES (1167, 13, 4);
#
# -- Exercise ID: 1168
# INSERT INTO Exercise (id, title, description, link, equipment_id, training_type_id) VALUES (1168, 'Bulgarian Bag Swipe', 'Target: Glutes', 'https://youtu.be/qFNcznHSBo8?si=5hfD700tGnPBWD3l', 34, 3);
# INSERT INTO exercise_muscle (exercise_id, muscle_id, intensity) VALUES (1168, 19, 10);
#
# -- Exercise ID: 1169
# INSERT INTO Exercise (id, title, description, link, equipment_id, training_type_id) VALUES (1169, 'Bulgarian Bag Snatch', 'Target: Glutes', 'https://youtu.be/9-gxBjR4OyE?si=Z1RZknDb7e1_9QmD', 34, 10);
# INSERT INTO exercise_muscle (exercise_id, muscle_id, intensity) VALUES (1169, 21, 10);
# INSERT INTO exercise_muscle (exercise_id, muscle_id, intensity) VALUES (1169, 2, 7);
#
# -- Exercise ID: 1170
# INSERT INTO Exercise (id, title, description, link, equipment_id, training_type_id) VALUES (1170, 'Bulgarian Bag Alternating Rotational Snatch', 'Target: Shoulders', NULL, 34, 10);
# INSERT INTO exercise_muscle (exercise_id, muscle_id, intensity) VALUES (1170, 2, 10);
# INSERT INTO exercise_muscle (exercise_id, muscle_id, intensity) VALUES (1170, 12, 7);
# INSERT INTO exercise_muscle (exercise_id, muscle_id, intensity) VALUES (1170, 21, 4);
#
# -- Exercise ID: 1171
# INSERT INTO Exercise (id, title, description, link, equipment_id, training_type_id) VALUES (1171, 'Bulgarian Bag Alternating Side Swing Squat', 'Target: Abdominals', 'https://youtu.be/KCyWRqPHOCQ?si=bsZ5UbqpPjccsnEp', 34, 10);
# INSERT INTO exercise_muscle (exercise_id, muscle_id, intensity) VALUES (1171, 12, 10);
# INSERT INTO exercise_muscle (exercise_id, muscle_id, intensity) VALUES (1171, 13, 7);
#
# -- Exercise ID: 1172
# INSERT INTO Exercise (id, title, description, link, equipment_id, training_type_id) VALUES (1172, 'Bulgarian Bag Dead Clean', 'Target: Glutes', 'https://youtu.be/o4PZBvlbkAk?si=fdFl2ErxtWiwCSWW', 34, 10);
# INSERT INTO exercise_muscle (exercise_id, muscle_id, intensity) VALUES (1172, 21, 10);
# INSERT INTO exercise_muscle (exercise_id, muscle_id, intensity) VALUES (1172, 22, 7);
# INSERT INTO exercise_muscle (exercise_id, muscle_id, intensity) VALUES (1172, 11, 4);
#
# -- Exercise ID: 1173
# INSERT INTO Exercise (id, title, description, link, equipment_id, training_type_id) VALUES (1173, 'Bulgarian Bag Swing', 'Target: Glutes', 'https://youtu.be/Q7rAfqN-NH0?si=zEMPL2_L-ZEUhtLj', 34, 10);
# INSERT INTO exercise_muscle (exercise_id, muscle_id, intensity) VALUES (1173, 21, 10);
#
# -- Exercise ID: 1174
# INSERT INTO Exercise (id, title, description, link, equipment_id, training_type_id) VALUES (1174, 'Bulgarian Bag Front Rack Squat', 'Target: Quadriceps', 'https://youtu.be/jAo338cgsmU?si=1dPZPEL1g1HDUuIC', 34, 3);
# INSERT INTO exercise_muscle (exercise_id, muscle_id, intensity) VALUES (1174, 21, 10);
#
# -- Exercise ID: 1175
# INSERT INTO Exercise (id, title, description, link, equipment_id, training_type_id) VALUES (1175, 'Bulgarian Bag Back Rack Squat', 'Target: Quadriceps', 'https://youtu.be/ctrXJi1QgEQ?si=O95czG8N3RjyL-Y-', 34, 3);
# INSERT INTO exercise_muscle (exercise_id, muscle_id, intensity) VALUES (1175, 21, 10);
#
# -- Exercise ID: 1176
# INSERT INTO Exercise (id, title, description, link, equipment_id, training_type_id) VALUES (1176, 'Bulgarian Bag Swing Squat', 'Target: Glutes', 'https://youtu.be/gVYqz0SXsXE?si=WX6MR6-rxwXauydO', 34, 3);
# INSERT INTO exercise_muscle (exercise_id, muscle_id, intensity) VALUES (1176, 21, 10);
# INSERT INTO exercise_muscle (exercise_id, muscle_id, intensity) VALUES (1176, 13, 7);
#
# -- Exercise ID: 1177
# INSERT INTO Exercise (id, title, description, link, equipment_id, training_type_id) VALUES (1177, 'Bulgarian Bag Alternating Forward Lunge with Rotation', 'Target: Quadriceps', 'https://youtu.be/jI5o5O6ADpU?si=9f_wK-1jSFrrTJ9v', 34, 3);
# INSERT INTO exercise_muscle (exercise_id, muscle_id, intensity) VALUES (1177, 13, 10);
# INSERT INTO exercise_muscle (exercise_id, muscle_id, intensity) VALUES (1177, 21, 7);
# INSERT INTO exercise_muscle (exercise_id, muscle_id, intensity) VALUES (1177, 12, 4);
#
# -- Exercise ID: 1178
# INSERT INTO Exercise (id, title, description, link, equipment_id, training_type_id) VALUES (1178, 'Battle Rope Single Leg Standing Double Wave', 'Target: Biceps', 'https://youtu.be/6d6b8cx0pO0?si=NKi1a2se39GGFRx3', 32, 12);
# INSERT INTO exercise_muscle (exercise_id, muscle_id, intensity) VALUES (1178, 8, 10);
#
# -- Exercise ID: 1179
# INSERT INTO Exercise (id, title, description, link, equipment_id, training_type_id) VALUES (1179, 'Battle Rope Single Leg Standing Power Slam', 'Target: Abdominals', 'https://youtu.be/40IXomjo5XM?si=qvjMBRQEACW_0aHM', 32, 12);
# INSERT INTO exercise_muscle (exercise_id, muscle_id, intensity) VALUES (1179, 11, 10);
#
# -- Exercise ID: 1180
# INSERT INTO Exercise (id, title, description, link, equipment_id, training_type_id) VALUES (1180, 'Landmine V Grip Tall Kneeling Chest Press', 'Target: Chest', 'https://youtu.be/FFWOG7Xk5RE?si=JwIHWZtHK6_oDHhQ', 19, 2);
# INSERT INTO exercise_muscle (exercise_id, muscle_id, intensity) VALUES (1180, 7, 10);
# INSERT INTO exercise_muscle (exercise_id, muscle_id, intensity) VALUES (1180, 4, 7);
#
# -- Exercise ID: 1181
# INSERT INTO Exercise (id, title, description, link, equipment_id, training_type_id) VALUES (1181, 'Double Clubbell Swipe to Alternating Shield Cast', 'Target: Shoulders', NULL, 26, 10);
# INSERT INTO exercise_muscle (exercise_id, muscle_id, intensity) VALUES (1181, 19, 10);
# INSERT INTO exercise_muscle (exercise_id, muscle_id, intensity) VALUES (1181, 21, 7);
#
# -- Exercise ID: 1182
# INSERT INTO Exercise (id, title, description, link, equipment_id, training_type_id) VALUES (1182, 'Double Clubbell Order Cyclist Squat', 'Target: Quadriceps', NULL, 26, 2);
# INSERT INTO exercise_muscle (exercise_id, muscle_id, intensity) VALUES (1182, 13, 10);
# INSERT INTO exercise_muscle (exercise_id, muscle_id, intensity) VALUES (1182, 21, 7);
# INSERT INTO exercise_muscle (exercise_id, muscle_id, intensity) VALUES (1182, 6, 4);
#
# -- Exercise ID: 1183
# INSERT INTO Exercise (id, title, description, link, equipment_id, training_type_id) VALUES (1183, 'Single Arm Clubbell Order Cyclist Squat', 'Target: Quadriceps', NULL, 26, 2);
# INSERT INTO exercise_muscle (exercise_id, muscle_id, intensity) VALUES (1183, 13, 10);
# INSERT INTO exercise_muscle (exercise_id, muscle_id, intensity) VALUES (1183, 21, 7);
# INSERT INTO exercise_muscle (exercise_id, muscle_id, intensity) VALUES (1183, 6, 4);
#
# -- Exercise ID: 1184
# INSERT INTO Exercise (id, title, description, link, equipment_id, training_type_id) VALUES (1184, 'Alternating Double Kettlebell Bottoms Up Z Press', 'Target: Shoulders', NULL, 15, 2);
# INSERT INTO exercise_muscle (exercise_id, muscle_id, intensity) VALUES (1184, 2, 10);
# INSERT INTO exercise_muscle (exercise_id, muscle_id, intensity) VALUES (1184, 4, 7);
# INSERT INTO exercise_muscle (exercise_id, muscle_id, intensity) VALUES (1184, 11, 4);
#
# -- Exercise ID: 1185
# INSERT INTO Exercise (id, title, description, link, equipment_id, training_type_id) VALUES (1185, 'Battle Rope Single Leg Standing Clap', 'Target: Shoulders', 'https://youtu.be/bB3WGOVrqAg?si=Pby2lcyL_Cq98LT9', 32, 3);
# INSERT INTO exercise_muscle (exercise_id, muscle_id, intensity) VALUES (1185, 3, 10);
# INSERT INTO exercise_muscle (exercise_id, muscle_id, intensity) VALUES (1185, 8, 7);
# INSERT INTO exercise_muscle (exercise_id, muscle_id, intensity) VALUES (1185, 11, 4);
#
# -- Exercise ID: 1186
# INSERT INTO Exercise (id, title, description, link, equipment_id, training_type_id) VALUES (1186, 'Single Arm Macebell Mill', 'Target: Shoulders', 'https://youtu.be/xtuW0e-6q5U?si=nDviJdyl4esinr7I', 24, 10);
# INSERT INTO exercise_muscle (exercise_id, muscle_id, intensity) VALUES (1186, 19, 10);
# INSERT INTO exercise_muscle (exercise_id, muscle_id, intensity) VALUES (1186, 11, 7);
#
# -- Exercise ID: 1187
# INSERT INTO Exercise (id, title, description, link, equipment_id, training_type_id) VALUES (1187, 'Dumbbell Goblet Low Switch Cossack Squat', 'Target: Quadriceps', 'https://youtu.be/ggVuR079WHM?si=QWRGadB6a4zrJrLz', 6, 2);
# INSERT INTO exercise_muscle (exercise_id, muscle_id, intensity) VALUES (1187, 13, 10);
# INSERT INTO exercise_muscle (exercise_id, muscle_id, intensity) VALUES (1187, 14, 7);
# INSERT INTO exercise_muscle (exercise_id, muscle_id, intensity) VALUES (1187, 21, 4);
#
# -- Exercise ID: 1188
# INSERT INTO Exercise (id, title, description, link, equipment_id, training_type_id) VALUES (1188, 'Double Kettlebell Clean to Alternating Thruster', 'Target: Shoulders', NULL, 15, 3);
# INSERT INTO exercise_muscle (exercise_id, muscle_id, intensity) VALUES (1188, 2, 10);
# INSERT INTO exercise_muscle (exercise_id, muscle_id, intensity) VALUES (1188, 13, 7);
# INSERT INTO exercise_muscle (exercise_id, muscle_id, intensity) VALUES (1188, 21, 4);
#
# -- Exercise ID: 1189
# INSERT INTO Exercise (id, title, description, link, equipment_id, training_type_id) VALUES (1189, 'Double Kettlebell Clean to Alternating Overhead Press', 'Target: Shoulders', NULL, 15, 3);
# INSERT INTO exercise_muscle (exercise_id, muscle_id, intensity) VALUES (1189, 2, 10);
# INSERT INTO exercise_muscle (exercise_id, muscle_id, intensity) VALUES (1189, 21, 7);
#
# -- Exercise ID: 1190
# INSERT INTO Exercise (id, title, description, link, equipment_id, training_type_id) VALUES (1190, 'Double Kettlebell Bottoms Up Clean to Thruster', 'Target: Shoulders', NULL, 15, 3);
# INSERT INTO exercise_muscle (exercise_id, muscle_id, intensity) VALUES (1190, 2, 10);
# INSERT INTO exercise_muscle (exercise_id, muscle_id, intensity) VALUES (1190, 21, 7);
#
# -- Exercise ID: 1191
# INSERT INTO Exercise (id, title, description, link, equipment_id, training_type_id) VALUES (1191, 'Double Kettlebell Bottoms Up Clean to Alternating Thruster', 'Target: Shoulders', NULL, 15, 3);
# INSERT INTO exercise_muscle (exercise_id, muscle_id, intensity) VALUES (1191, 2, 10);
# INSERT INTO exercise_muscle (exercise_id, muscle_id, intensity) VALUES (1191, 21, 7);
#
# -- Exercise ID: 1192
# INSERT INTO Exercise (id, title, description, link, equipment_id, training_type_id) VALUES (1192, 'Double Kettlebell Bottoms Up Clean to Alternating Overhead Press', 'Target: Shoulders', NULL, 15, 3);
# INSERT INTO exercise_muscle (exercise_id, muscle_id, intensity) VALUES (1192, 2, 10);
# INSERT INTO exercise_muscle (exercise_id, muscle_id, intensity) VALUES (1192, 4, 7);
# INSERT INTO exercise_muscle (exercise_id, muscle_id, intensity) VALUES (1192, 15, 4);
#
# -- Exercise ID: 1193
# INSERT INTO Exercise (id, title, description, link, equipment_id, training_type_id) VALUES (1193, 'Double Kettlebell Clean to Split Jerk', 'Target: Shoulders', NULL, 15, 10);
# INSERT INTO exercise_muscle (exercise_id, muscle_id, intensity) VALUES (1193, 2, 10);
# INSERT INTO exercise_muscle (exercise_id, muscle_id, intensity) VALUES (1193, 21, 7);
#
# -- Exercise ID: 1194
# INSERT INTO Exercise (id, title, description, link, equipment_id, training_type_id) VALUES (1194, 'Double Kettlebell Bottoms Up Clean to Split Jerk', 'Target: Shoulders', NULL, 15, 10);
# INSERT INTO exercise_muscle (exercise_id, muscle_id, intensity) VALUES (1194, 2, 10);
# INSERT INTO exercise_muscle (exercise_id, muscle_id, intensity) VALUES (1194, 21, 7);
#
# -- Exercise ID: 1195
# INSERT INTO Exercise (id, title, description, link, equipment_id, training_type_id) VALUES (1195, 'Double Dumbbell Front Rack Cossack Squat', 'Target: Quadriceps', 'https://youtu.be/ZxjMX7k3Zp0?si=pZtrI1oUYV-FsjgX', 6, 2);
# INSERT INTO exercise_muscle (exercise_id, muscle_id, intensity) VALUES (1195, 13, 10);
# INSERT INTO exercise_muscle (exercise_id, muscle_id, intensity) VALUES (1195, 14, 7);
# INSERT INTO exercise_muscle (exercise_id, muscle_id, intensity) VALUES (1195, 21, 4);
#
# -- Exercise ID: 1196
# INSERT INTO Exercise (id, title, description, link, equipment_id, training_type_id) VALUES (1196, 'Double Dumbbell Overhead Alternating Cossack Squat', 'Target: Quadriceps', NULL, 6, 2);
# INSERT INTO exercise_muscle (exercise_id, muscle_id, intensity) VALUES (1196, 13, 10);
# INSERT INTO exercise_muscle (exercise_id, muscle_id, intensity) VALUES (1196, 14, 7);
# INSERT INTO exercise_muscle (exercise_id, muscle_id, intensity) VALUES (1196, 21, 4);
#
# -- Exercise ID: 1197
# INSERT INTO Exercise (id, title, description, link, equipment_id, training_type_id) VALUES (1197, 'Double Dumbbell Overhead Cossack Squat', 'Target: Quadriceps', NULL, 6, 2);
# INSERT INTO exercise_muscle (exercise_id, muscle_id, intensity) VALUES (1197, 13, 10);
# INSERT INTO exercise_muscle (exercise_id, muscle_id, intensity) VALUES (1197, 14, 7);
# INSERT INTO exercise_muscle (exercise_id, muscle_id, intensity) VALUES (1197, 21, 4);
#
# -- Exercise ID: 1198
# INSERT INTO Exercise (id, title, description, link, equipment_id, training_type_id) VALUES (1198, 'Double Dumbbell Low Hold Alternating Cossack Squat', 'Target: Quadriceps', 'https://youtu.be/k6L3kWztcNs?si=GiG4ZJIK5HCWo7Rm', 6, 2);
# INSERT INTO exercise_muscle (exercise_id, muscle_id, intensity) VALUES (1198, 13, 10);
# INSERT INTO exercise_muscle (exercise_id, muscle_id, intensity) VALUES (1198, 14, 7);
# INSERT INTO exercise_muscle (exercise_id, muscle_id, intensity) VALUES (1198, 21, 4);
#
# -- Exercise ID: 1199
# INSERT INTO Exercise (id, title, description, link, equipment_id, training_type_id) VALUES (1199, 'Double Dumbbell Low Hold Cossack Squat', 'Target: Quadriceps', NULL, 6, 2);
# INSERT INTO exercise_muscle (exercise_id, muscle_id, intensity) VALUES (1199, 13, 10);
# INSERT INTO exercise_muscle (exercise_id, muscle_id, intensity) VALUES (1199, 14, 7);
# INSERT INTO exercise_muscle (exercise_id, muscle_id, intensity) VALUES (1199, 21, 4);
#
# -- Exercise ID: 1200
# INSERT INTO Exercise (id, title, description, link, equipment_id, training_type_id) VALUES (1200, 'Single Arm Kettlebell Clean to Split Jerk', 'Target: Shoulders', NULL, 15, 10);
# INSERT INTO exercise_muscle (exercise_id, muscle_id, intensity) VALUES (1200, 2, 10);
# INSERT INTO exercise_muscle (exercise_id, muscle_id, intensity) VALUES (1200, 21, 7);
#
# -- Exercise ID: 1201
# INSERT INTO Exercise (id, title, description, link, equipment_id, training_type_id) VALUES (1201, 'Alternating Single Arm Kettlebell Clean to Split Jerk', 'Target: Shoulders', NULL, 15, 10);
# INSERT INTO exercise_muscle (exercise_id, muscle_id, intensity) VALUES (1201, 2, 10);
# INSERT INTO exercise_muscle (exercise_id, muscle_id, intensity) VALUES (1201, 21, 7);
#
# -- Exercise ID: 1202
# INSERT INTO Exercise (id, title, description, link, equipment_id, training_type_id) VALUES (1202, 'Suspension Low Switch Cossack Squat', 'Target: Quadriceps', NULL, 11, 2);
# INSERT INTO exercise_muscle (exercise_id, muscle_id, intensity) VALUES (1202, 13, 10);
# INSERT INTO exercise_muscle (exercise_id, muscle_id, intensity) VALUES (1202, 14, 7);
# INSERT INTO exercise_muscle (exercise_id, muscle_id, intensity) VALUES (1202, 21, 4);
#
# -- Exercise ID: 1203
# INSERT INTO Exercise (id, title, description, link, equipment_id, training_type_id) VALUES (1203, 'Suspension Cossack Squat', 'Target: Quadriceps', 'https://youtu.be/kZdZsw22lU4?si=Y2-3ATlU1R18Acir', 11, 2);
# INSERT INTO exercise_muscle (exercise_id, muscle_id, intensity) VALUES (1203, 13, 10);
# INSERT INTO exercise_muscle (exercise_id, muscle_id, intensity) VALUES (1203, 14, 7);
# INSERT INTO exercise_muscle (exercise_id, muscle_id, intensity) VALUES (1203, 21, 4);
#
# -- Exercise ID: 1204
# INSERT INTO Exercise (id, title, description, link, equipment_id, training_type_id) VALUES (1204, 'Single Arm Suspension Alternating Cossack Squat', 'Target: Quadriceps', NULL, 11, 2);
# INSERT INTO exercise_muscle (exercise_id, muscle_id, intensity) VALUES (1204, 13, 10);
# INSERT INTO exercise_muscle (exercise_id, muscle_id, intensity) VALUES (1204, 14, 7);
# INSERT INTO exercise_muscle (exercise_id, muscle_id, intensity) VALUES (1204, 21, 4);
#
# -- Exercise ID: 1205
# INSERT INTO Exercise (id, title, description, link, equipment_id, training_type_id) VALUES (1205, 'Single Arm Suspension Contralateral Cossack Squat', 'Target: Quadriceps', NULL, 11, 2);
# INSERT INTO exercise_muscle (exercise_id, muscle_id, intensity) VALUES (1205, 13, 10);
# INSERT INTO exercise_muscle (exercise_id, muscle_id, intensity) VALUES (1205, 14, 7);
# INSERT INTO exercise_muscle (exercise_id, muscle_id, intensity) VALUES (1205, 21, 4);
#
# -- Exercise ID: 1206
# INSERT INTO Exercise (id, title, description, link, equipment_id, training_type_id) VALUES (1206, 'Single Arm Suspension Low Switch Cossack Squat', 'Target: Quadriceps', NULL, 11, 2);
# INSERT INTO exercise_muscle (exercise_id, muscle_id, intensity) VALUES (1206, 13, 10);
# INSERT INTO exercise_muscle (exercise_id, muscle_id, intensity) VALUES (1206, 14, 7);
# INSERT INTO exercise_muscle (exercise_id, muscle_id, intensity) VALUES (1206, 21, 4);
#
# -- Exercise ID: 1207
# INSERT INTO Exercise (id, title, description, link, equipment_id, training_type_id) VALUES (1207, 'Suspension Foot Elevated Cossack Squat', 'Target: Quadriceps', NULL, 11, 2);
# INSERT INTO exercise_muscle (exercise_id, muscle_id, intensity) VALUES (1207, 13, 10);
# INSERT INTO exercise_muscle (exercise_id, muscle_id, intensity) VALUES (1207, 14, 7);
# INSERT INTO exercise_muscle (exercise_id, muscle_id, intensity) VALUES (1207, 21, 4);
#
# -- Exercise ID: 1208
# INSERT INTO Exercise (id, title, description, link, equipment_id, training_type_id) VALUES (1208, 'Single Arm Suspension Foot Elevated Contralateral Cossack Squat', 'Target: Quadriceps', NULL, 11, 2);
# INSERT INTO exercise_muscle (exercise_id, muscle_id, intensity) VALUES (1208, 13, 10);
# INSERT INTO exercise_muscle (exercise_id, muscle_id, intensity) VALUES (1208, 14, 7);
# INSERT INTO exercise_muscle (exercise_id, muscle_id, intensity) VALUES (1208, 21, 4);
#
# -- Exercise ID: 1209
# INSERT INTO Exercise (id, title, description, link, equipment_id, training_type_id) VALUES (1209, 'Barbell Overhead Cossack Squat', 'Target: Quadriceps', NULL, 12, 2);
# INSERT INTO exercise_muscle (exercise_id, muscle_id, intensity) VALUES (1209, 13, 10);
# INSERT INTO exercise_muscle (exercise_id, muscle_id, intensity) VALUES (1209, 14, 7);
# INSERT INTO exercise_muscle (exercise_id, muscle_id, intensity) VALUES (1209, 21, 4);
#
# -- Exercise ID: 1210
# INSERT INTO Exercise (id, title, description, link, equipment_id, training_type_id) VALUES (1210, 'Barbell Front Rack Low Switch Cossack Squat', 'Target: Quadriceps', NULL, 12, 2);
# INSERT INTO exercise_muscle (exercise_id, muscle_id, intensity) VALUES (1210, 13, 10);
# INSERT INTO exercise_muscle (exercise_id, muscle_id, intensity) VALUES (1210, 14, 7);
# INSERT INTO exercise_muscle (exercise_id, muscle_id, intensity) VALUES (1210, 21, 4);
#
# -- Exercise ID: 1211
# INSERT INTO Exercise (id, title, description, link, equipment_id, training_type_id) VALUES (1211, 'Barbell Back Rack Low Switch Cossack Squat', 'Target: Quadriceps', NULL, 12, 2);
# INSERT INTO exercise_muscle (exercise_id, muscle_id, intensity) VALUES (1211, 13, 10);
# INSERT INTO exercise_muscle (exercise_id, muscle_id, intensity) VALUES (1211, 14, 7);
# INSERT INTO exercise_muscle (exercise_id, muscle_id, intensity) VALUES (1211, 21, 4);
#
# -- Exercise ID: 1212
# INSERT INTO Exercise (id, title, description, link, equipment_id, training_type_id) VALUES (1212, 'Barbell Back Rack Cossack Squat', 'Target: Quadriceps', 'https://youtu.be/pOSa7abtPaQ?si=RtB71Qujc9eZBx-J', 12, 2);
# INSERT INTO exercise_muscle (exercise_id, muscle_id, intensity) VALUES (1212, 13, 10);
# INSERT INTO exercise_muscle (exercise_id, muscle_id, intensity) VALUES (1212, 14, 7);
# INSERT INTO exercise_muscle (exercise_id, muscle_id, intensity) VALUES (1212, 21, 4);
#
# -- Exercise ID: 1213
# INSERT INTO Exercise (id, title, description, link, equipment_id, training_type_id) VALUES (1213, 'Barbell Front Rack Cossack Squat', 'Target: Quadriceps', NULL, 12, 2);
# INSERT INTO exercise_muscle (exercise_id, muscle_id, intensity) VALUES (1213, 13, 10);
# INSERT INTO exercise_muscle (exercise_id, muscle_id, intensity) VALUES (1213, 14, 7);
# INSERT INTO exercise_muscle (exercise_id, muscle_id, intensity) VALUES (1213, 21, 4);
#
# -- Exercise ID: 1214
# INSERT INTO Exercise (id, title, description, link, equipment_id, training_type_id) VALUES (1214, 'Landmine Goblet Cossack Squat', 'Target: Quadriceps', 'https://youtu.be/DYVAGWST-E8?si=NbgYbTD-kINhnv6a', 19, 2);
# INSERT INTO exercise_muscle (exercise_id, muscle_id, intensity) VALUES (1214, 13, 10);
# INSERT INTO exercise_muscle (exercise_id, muscle_id, intensity) VALUES (1214, 14, 7);
# INSERT INTO exercise_muscle (exercise_id, muscle_id, intensity) VALUES (1214, 21, 4);
#
# -- Exercise ID: 1215
# INSERT INTO Exercise (id, title, description, link, equipment_id, training_type_id) VALUES (1215, 'Landmine Goblet Low Switch Cossack Squat', 'Target: Quadriceps', NULL, 19, 2);
# INSERT INTO exercise_muscle (exercise_id, muscle_id, intensity) VALUES (1215, 13, 10);
# INSERT INTO exercise_muscle (exercise_id, muscle_id, intensity) VALUES (1215, 14, 7);
# INSERT INTO exercise_muscle (exercise_id, muscle_id, intensity) VALUES (1215, 21, 4);
#
# -- Exercise ID: 1216
# INSERT INTO Exercise (id, title, description, link, equipment_id, training_type_id) VALUES (1216, 'Landmine Goblet Foot Elevated Cossack Squat', 'Target: Quadriceps', NULL, 19, 2);
# INSERT INTO exercise_muscle (exercise_id, muscle_id, intensity) VALUES (1216, 13, 10);
# INSERT INTO exercise_muscle (exercise_id, muscle_id, intensity) VALUES (1216, 14, 7);
# INSERT INTO exercise_muscle (exercise_id, muscle_id, intensity) VALUES (1216, 21, 4);
#
# -- Exercise ID: 1217
# INSERT INTO Exercise (id, title, description, link, equipment_id, training_type_id) VALUES (1217, 'Landmine Low Hold Cossack Squat', 'Target: Quadriceps', NULL, 19, 2);
# INSERT INTO exercise_muscle (exercise_id, muscle_id, intensity) VALUES (1217, 13, 10);
# INSERT INTO exercise_muscle (exercise_id, muscle_id, intensity) VALUES (1217, 14, 7);
# INSERT INTO exercise_muscle (exercise_id, muscle_id, intensity) VALUES (1217, 21, 4);
#
# -- Exercise ID: 1218
# INSERT INTO Exercise (id, title, description, link, equipment_id, training_type_id) VALUES (1218, 'Landmine Low Hold Low Switch Cossack Squat', 'Target: Quadriceps', NULL, 19, 2);
# INSERT INTO exercise_muscle (exercise_id, muscle_id, intensity) VALUES (1218, 13, 10);
# INSERT INTO exercise_muscle (exercise_id, muscle_id, intensity) VALUES (1218, 14, 7);
# INSERT INTO exercise_muscle (exercise_id, muscle_id, intensity) VALUES (1218, 21, 4);
#
# -- Exercise ID: 1219
# INSERT INTO Exercise (id, title, description, link, equipment_id, training_type_id) VALUES (1219, 'Landmine Low Hold Foot Elevated Cossack Squat', 'Target: Quadriceps', NULL, 19, 2);
# INSERT INTO exercise_muscle (exercise_id, muscle_id, intensity) VALUES (1219, 13, 10);
# INSERT INTO exercise_muscle (exercise_id, muscle_id, intensity) VALUES (1219, 14, 7);
# INSERT INTO exercise_muscle (exercise_id, muscle_id, intensity) VALUES (1219, 21, 4);
#
# -- Exercise ID: 1220
# INSERT INTO Exercise (id, title, description, link, equipment_id, training_type_id) VALUES (1220, 'Dumbbell Goblet Cossack Squat', 'Target: Quadriceps', 'https://youtu.be/qxb36LOiBsc?si=9n0Wr7YfIHCom-_w', 6, 2);
# INSERT INTO exercise_muscle (exercise_id, muscle_id, intensity) VALUES (1220, 13, 10);
# INSERT INTO exercise_muscle (exercise_id, muscle_id, intensity) VALUES (1220, 14, 7);
# INSERT INTO exercise_muscle (exercise_id, muscle_id, intensity) VALUES (1220, 21, 4);
#
# -- Exercise ID: 1221
# INSERT INTO Exercise (id, title, description, link, equipment_id, training_type_id) VALUES (1221, 'Single Arm Dumbbell Front Rack Contralateral Cossack Squat', 'Target: Quadriceps', 'https://youtu.be/cmB4dq8MgVk?si=s0qFLxm2MDbbX3dw', 6, 2);
# INSERT INTO exercise_muscle (exercise_id, muscle_id, intensity) VALUES (1221, 13, 10);
# INSERT INTO exercise_muscle (exercise_id, muscle_id, intensity) VALUES (1221, 14, 7);
# INSERT INTO exercise_muscle (exercise_id, muscle_id, intensity) VALUES (1221, 21, 4);
#
# -- Exercise ID: 1222
# INSERT INTO Exercise (id, title, description, link, equipment_id, training_type_id) VALUES (1222, 'Double Dumbbell Overhead Low Switch Cossack Squat', 'Target: Quadriceps', NULL, 6, 2);
# INSERT INTO exercise_muscle (exercise_id, muscle_id, intensity) VALUES (1222, 13, 10);
# INSERT INTO exercise_muscle (exercise_id, muscle_id, intensity) VALUES (1222, 14, 7);
# INSERT INTO exercise_muscle (exercise_id, muscle_id, intensity) VALUES (1222, 21, 4);
#
# -- Exercise ID: 1223
# INSERT INTO Exercise (id, title, description, link, equipment_id, training_type_id) VALUES (1223, 'Double Dumbbell Overhead Foot Elevated Cossack Squat', 'Target: Quadriceps', NULL, 6, 2);
# INSERT INTO exercise_muscle (exercise_id, muscle_id, intensity) VALUES (1223, 13, 10);
# INSERT INTO exercise_muscle (exercise_id, muscle_id, intensity) VALUES (1223, 14, 7);
# INSERT INTO exercise_muscle (exercise_id, muscle_id, intensity) VALUES (1223, 21, 4);
#
# -- Exercise ID: 1224
# INSERT INTO Exercise (id, title, description, link, equipment_id, training_type_id) VALUES (1224, 'Double Dumbbell Front Rack Low Switch Cossack Squat', 'Target: Quadriceps', NULL, 6, 2);
# INSERT INTO exercise_muscle (exercise_id, muscle_id, intensity) VALUES (1224, 13, 10);
# INSERT INTO exercise_muscle (exercise_id, muscle_id, intensity) VALUES (1224, 14, 7);
# INSERT INTO exercise_muscle (exercise_id, muscle_id, intensity) VALUES (1224, 21, 4);
#
# -- Exercise ID: 1225
# INSERT INTO Exercise (id, title, description, link, equipment_id, training_type_id) VALUES (1225, 'Double Dumbbell Front Rack Foot Elevated Cossack Squat', 'Target: Quadriceps', 'https://youtu.be/d0gACX9heHk?si=U0snvFOFoR0LH9Ne', 6, 2);
# INSERT INTO exercise_muscle (exercise_id, muscle_id, intensity) VALUES (1225, 13, 10);
# INSERT INTO exercise_muscle (exercise_id, muscle_id, intensity) VALUES (1225, 14, 7);
# INSERT INTO exercise_muscle (exercise_id, muscle_id, intensity) VALUES (1225, 21, 4);
#
# -- Exercise ID: 1226
# INSERT INTO Exercise (id, title, description, link, equipment_id, training_type_id) VALUES (1226, 'Single Arm Dumbbell Front Rack Alternating Cossack Squat', 'Target: Quadriceps', NULL, 6, 2);
# INSERT INTO exercise_muscle (exercise_id, muscle_id, intensity) VALUES (1226, 13, 10);
# INSERT INTO exercise_muscle (exercise_id, muscle_id, intensity) VALUES (1226, 14, 7);
# INSERT INTO exercise_muscle (exercise_id, muscle_id, intensity) VALUES (1226, 21, 4);
#
# -- Exercise ID: 1227
# INSERT INTO Exercise (id, title, description, link, equipment_id, training_type_id) VALUES (1227, 'Single Arm Dumbbell Front Rack Low Switch Cossack Squat', 'Target: Quadriceps', NULL, 6, 2);
# INSERT INTO exercise_muscle (exercise_id, muscle_id, intensity) VALUES (1227, 13, 10);
# INSERT INTO exercise_muscle (exercise_id, muscle_id, intensity) VALUES (1227, 14, 7);
# INSERT INTO exercise_muscle (exercise_id, muscle_id, intensity) VALUES (1227, 21, 4);
#
# -- Exercise ID: 1228
# INSERT INTO Exercise (id, title, description, link, equipment_id, training_type_id) VALUES (1228, 'Dumbbell Low Hold Cossack Squat', 'Target: Quadriceps', 'https://youtu.be/k4p89WEkl58?si=S4JsgnfzWmFK3l4G', 6, 2);
# INSERT INTO exercise_muscle (exercise_id, muscle_id, intensity) VALUES (1228, 13, 10);
# INSERT INTO exercise_muscle (exercise_id, muscle_id, intensity) VALUES (1228, 14, 7);
# INSERT INTO exercise_muscle (exercise_id, muscle_id, intensity) VALUES (1228, 21, 4);
#
# -- Exercise ID: 1229
# INSERT INTO Exercise (id, title, description, link, equipment_id, training_type_id) VALUES (1229, 'Dumbbell Low Hold Alternating Cossack Squat', 'Target: Quadriceps', NULL, 6, 2);
# INSERT INTO exercise_muscle (exercise_id, muscle_id, intensity) VALUES (1229, 13, 10);
# INSERT INTO exercise_muscle (exercise_id, muscle_id, intensity) VALUES (1229, 14, 7);
# INSERT INTO exercise_muscle (exercise_id, muscle_id, intensity) VALUES (1229, 21, 4);
#
# -- Exercise ID: 1230
# INSERT INTO Exercise (id, title, description, link, equipment_id, training_type_id) VALUES (1230, 'Double Dumbbell Low Hold Low Switch Cossack Squat', 'Target: Quadriceps', NULL, 6, 2);
# INSERT INTO exercise_muscle (exercise_id, muscle_id, intensity) VALUES (1230, 13, 10);
# INSERT INTO exercise_muscle (exercise_id, muscle_id, intensity) VALUES (1230, 14, 7);
# INSERT INTO exercise_muscle (exercise_id, muscle_id, intensity) VALUES (1230, 21, 4);
#
# -- Exercise ID: 1231
# INSERT INTO Exercise (id, title, description, link, equipment_id, training_type_id) VALUES (1231, 'Double Dumbbell Low Hold Foot Elevated Cossack Squat', 'Target: Quadriceps', NULL, 6, 2);
# INSERT INTO exercise_muscle (exercise_id, muscle_id, intensity) VALUES (1231, 13, 10);
# INSERT INTO exercise_muscle (exercise_id, muscle_id, intensity) VALUES (1231, 14, 7);
# INSERT INTO exercise_muscle (exercise_id, muscle_id, intensity) VALUES (1231, 21, 4);
#
# -- Exercise ID: 1232
# INSERT INTO Exercise (id, title, description, link, equipment_id, training_type_id) VALUES (1232, 'Dumbbell Low Hold Low Switch Cossack Squat', 'Target: Quadriceps', NULL, 6, 2);
# INSERT INTO exercise_muscle (exercise_id, muscle_id, intensity) VALUES (1232, 13, 10);
# INSERT INTO exercise_muscle (exercise_id, muscle_id, intensity) VALUES (1232, 14, 7);
# INSERT INTO exercise_muscle (exercise_id, muscle_id, intensity) VALUES (1232, 21, 4);
#
# -- Exercise ID: 1233
# INSERT INTO Exercise (id, title, description, link, equipment_id, training_type_id) VALUES (1233, 'Dumbbell Low Hold Foot Elevated Cossack Squat', 'Target: Quadriceps', NULL, 6, 2);
# INSERT INTO exercise_muscle (exercise_id, muscle_id, intensity) VALUES (1233, 13, 10);
# INSERT INTO exercise_muscle (exercise_id, muscle_id, intensity) VALUES (1233, 14, 7);
# INSERT INTO exercise_muscle (exercise_id, muscle_id, intensity) VALUES (1233, 21, 4);
#
# -- Exercise ID: 1234
# INSERT INTO Exercise (id, title, description, link, equipment_id, training_type_id) VALUES (1234, 'Single Arm Dumbbell Overhead Contralateral Cossack Squat', 'Target: Quadriceps', NULL, 6, 2);
# INSERT INTO exercise_muscle (exercise_id, muscle_id, intensity) VALUES (1234, 13, 10);
# INSERT INTO exercise_muscle (exercise_id, muscle_id, intensity) VALUES (1234, 14, 7);
# INSERT INTO exercise_muscle (exercise_id, muscle_id, intensity) VALUES (1234, 21, 4);
#
# -- Exercise ID: 1235
# INSERT INTO Exercise (id, title, description, link, equipment_id, training_type_id) VALUES (1235, 'Single Arm Dumbbell Overhead Ipsilateral Cossack Squat', 'Target: Quadriceps', NULL, 6, 2);
# INSERT INTO exercise_muscle (exercise_id, muscle_id, intensity) VALUES (1235, 13, 10);
# INSERT INTO exercise_muscle (exercise_id, muscle_id, intensity) VALUES (1235, 14, 7);
# INSERT INTO exercise_muscle (exercise_id, muscle_id, intensity) VALUES (1235, 21, 4);
#
# -- Exercise ID: 1236
# INSERT INTO Exercise (id, title, description, link, equipment_id, training_type_id) VALUES (1236, 'Single Arm Kettlebell Bottoms Up Clean to Split Jerk', 'Target: Shoulders', NULL, 15, 10);
# INSERT INTO exercise_muscle (exercise_id, muscle_id, intensity) VALUES (1236, 2, 10);
# INSERT INTO exercise_muscle (exercise_id, muscle_id, intensity) VALUES (1236, 21, 7);
#
# -- Exercise ID: 1237
# INSERT INTO Exercise (id, title, description, link, equipment_id, training_type_id) VALUES (1237, 'Alternating Single Arm Kettlebell Bottoms Up Clean to Split Jerk', 'Target: Shoulders', NULL, 15, 10);
# INSERT INTO exercise_muscle (exercise_id, muscle_id, intensity) VALUES (1237, 2, 10);
# INSERT INTO exercise_muscle (exercise_id, muscle_id, intensity) VALUES (1237, 21, 7);
#
# -- Exercise ID: 1238
# INSERT INTO Exercise (id, title, description, link, equipment_id, training_type_id) VALUES (1238, 'Double Kettlebell Bottoms Up Split Jerk', 'Target: Shoulders', NULL, 15, 3);
# INSERT INTO exercise_muscle (exercise_id, muscle_id, intensity) VALUES (1238, 2, 10);
# INSERT INTO exercise_muscle (exercise_id, muscle_id, intensity) VALUES (1238, 4, 7);
# INSERT INTO exercise_muscle (exercise_id, muscle_id, intensity) VALUES (1238, 15, 4);
#
# -- Exercise ID: 1239
# INSERT INTO Exercise (id, title, description, link, equipment_id, training_type_id) VALUES (1239, 'Clubbell Order Alternating Cossack Squat', 'Target: Quadriceps', NULL, 26, 2);
# INSERT INTO exercise_muscle (exercise_id, muscle_id, intensity) VALUES (1239, 13, 10);
# INSERT INTO exercise_muscle (exercise_id, muscle_id, intensity) VALUES (1239, 14, 7);
# INSERT INTO exercise_muscle (exercise_id, muscle_id, intensity) VALUES (1239, 21, 4);
#
# -- Exercise ID: 1240
# INSERT INTO Exercise (id, title, description, link, equipment_id, training_type_id) VALUES (1240, 'Clubbell Order Cossack Squat', 'Target: Quadriceps', NULL, 26, 2);
# INSERT INTO exercise_muscle (exercise_id, muscle_id, intensity) VALUES (1240, 13, 10);
# INSERT INTO exercise_muscle (exercise_id, muscle_id, intensity) VALUES (1240, 14, 7);
# INSERT INTO exercise_muscle (exercise_id, muscle_id, intensity) VALUES (1240, 21, 4);
#
# -- Exercise ID: 1241
# INSERT INTO Exercise (id, title, description, link, equipment_id, training_type_id) VALUES (1241, 'Clubbell Order Low Switch Cossack Squat', 'Target: Quadriceps', NULL, 26, 2);
# INSERT INTO exercise_muscle (exercise_id, muscle_id, intensity) VALUES (1241, 13, 10);
# INSERT INTO exercise_muscle (exercise_id, muscle_id, intensity) VALUES (1241, 14, 7);
# INSERT INTO exercise_muscle (exercise_id, muscle_id, intensity) VALUES (1241, 21, 4);
#
# -- Exercise ID: 1242
# INSERT INTO Exercise (id, title, description, link, equipment_id, training_type_id) VALUES (1242, 'Clubbell Order Foot Elevated Cossack Squat', 'Target: Quadriceps', NULL, 26, 2);
# INSERT INTO exercise_muscle (exercise_id, muscle_id, intensity) VALUES (1242, 13, 10);
# INSERT INTO exercise_muscle (exercise_id, muscle_id, intensity) VALUES (1242, 14, 7);
# INSERT INTO exercise_muscle (exercise_id, muscle_id, intensity) VALUES (1242, 21, 4);
#
# -- Exercise ID: 1243
# INSERT INTO Exercise (id, title, description, link, equipment_id, training_type_id) VALUES (1243, 'Double Clubbell Order Alternating Cossack Squat', 'Target: Quadriceps', NULL, 26, 2);
# INSERT INTO exercise_muscle (exercise_id, muscle_id, intensity) VALUES (1243, 13, 10);
# INSERT INTO exercise_muscle (exercise_id, muscle_id, intensity) VALUES (1243, 14, 7);
# INSERT INTO exercise_muscle (exercise_id, muscle_id, intensity) VALUES (1243, 21, 4);
#
# -- Exercise ID: 1244
# INSERT INTO Exercise (id, title, description, link, equipment_id, training_type_id) VALUES (1244, 'Double Clubbell Order Cossack Squat', 'Target: Quadriceps', NULL, 26, 2);
# INSERT INTO exercise_muscle (exercise_id, muscle_id, intensity) VALUES (1244, 13, 10);
# INSERT INTO exercise_muscle (exercise_id, muscle_id, intensity) VALUES (1244, 14, 7);
# INSERT INTO exercise_muscle (exercise_id, muscle_id, intensity) VALUES (1244, 21, 4);
#
# -- Exercise ID: 1245
# INSERT INTO Exercise (id, title, description, link, equipment_id, training_type_id) VALUES (1245, 'Double Clubbell Order Low Switch Cossack Squat', 'Target: Quadriceps', NULL, 26, 2);
# INSERT INTO exercise_muscle (exercise_id, muscle_id, intensity) VALUES (1245, 13, 10);
# INSERT INTO exercise_muscle (exercise_id, muscle_id, intensity) VALUES (1245, 14, 7);
# INSERT INTO exercise_muscle (exercise_id, muscle_id, intensity) VALUES (1245, 21, 4);
#
# -- Exercise ID: 1246
# INSERT INTO Exercise (id, title, description, link, equipment_id, training_type_id) VALUES (1246, 'Double Clubbell Order Foot Elevated Cossack Squat', 'Target: Quadriceps', NULL, 26, 2);
# INSERT INTO exercise_muscle (exercise_id, muscle_id, intensity) VALUES (1246, 13, 10);
# INSERT INTO exercise_muscle (exercise_id, muscle_id, intensity) VALUES (1246, 14, 7);
# INSERT INTO exercise_muscle (exercise_id, muscle_id, intensity) VALUES (1246, 21, 4);
#
# -- Exercise ID: 1247
# INSERT INTO Exercise (id, title, description, link, equipment_id, training_type_id) VALUES (1247, 'Single Arm Clubbell Order Contralateral Cossack Squat', 'Target: Quadriceps', NULL, 26, 2);
# INSERT INTO exercise_muscle (exercise_id, muscle_id, intensity) VALUES (1247, 13, 10);
# INSERT INTO exercise_muscle (exercise_id, muscle_id, intensity) VALUES (1247, 14, 7);
# INSERT INTO exercise_muscle (exercise_id, muscle_id, intensity) VALUES (1247, 21, 4);
#
# -- Exercise ID: 1248
# INSERT INTO Exercise (id, title, description, link, equipment_id, training_type_id) VALUES (1248, 'Single Arm Clubbell Order Alternating Cossack Squat', 'Target: Quadriceps', NULL, 26, 2);
# INSERT INTO exercise_muscle (exercise_id, muscle_id, intensity) VALUES (1248, 13, 10);
# INSERT INTO exercise_muscle (exercise_id, muscle_id, intensity) VALUES (1248, 14, 7);
# INSERT INTO exercise_muscle (exercise_id, muscle_id, intensity) VALUES (1248, 21, 4);
#
# -- Exercise ID: 1249
# INSERT INTO Exercise (id, title, description, link, equipment_id, training_type_id) VALUES (1249, 'Single Arm Clubbell Order Low Switch Cossack Squat', 'Target: Quadriceps', NULL, 26, 2);
# INSERT INTO exercise_muscle (exercise_id, muscle_id, intensity) VALUES (1249, 13, 10);
# INSERT INTO exercise_muscle (exercise_id, muscle_id, intensity) VALUES (1249, 14, 7);
# INSERT INTO exercise_muscle (exercise_id, muscle_id, intensity) VALUES (1249, 21, 4);
#
# -- Exercise ID: 1250
# INSERT INTO Exercise (id, title, description, link, equipment_id, training_type_id) VALUES (1250, 'Single Arm Clubbell Order Foot Elevated Contralateral Cossack Squat', 'Target: Quadriceps', NULL, 26, 2);
# INSERT INTO exercise_muscle (exercise_id, muscle_id, intensity) VALUES (1250, 13, 10);
# INSERT INTO exercise_muscle (exercise_id, muscle_id, intensity) VALUES (1250, 14, 7);
# INSERT INTO exercise_muscle (exercise_id, muscle_id, intensity) VALUES (1250, 21, 4);
#
# -- Exercise ID: 1251
# INSERT INTO Exercise (id, title, description, link, equipment_id, training_type_id) VALUES (1251, 'Heavy Sandbag Bear Hug Carry', 'Target: Abdominals', 'https://youtu.be/jb9Ge6SP8IA?si=FgQecwjAUfv-teLv', 35, 3);
# INSERT INTO exercise_muscle (exercise_id, muscle_id, intensity) VALUES (1251, 11, 10);
# INSERT INTO exercise_muscle (exercise_id, muscle_id, intensity) VALUES (1251, 8, 7);
# INSERT INTO exercise_muscle (exercise_id, muscle_id, intensity) VALUES (1251, 21, 4);
#
# -- Exercise ID: 1252
# INSERT INTO Exercise (id, title, description, link, equipment_id, training_type_id) VALUES (1252, 'Dumbbell Hip Thrust', 'Target: Glutes', 'https://youtu.be/LxdfGyNBuRU?si=x25Sk4tkkLiyY4t2', 6, 2);
# INSERT INTO exercise_muscle (exercise_id, muscle_id, intensity) VALUES (1252, 21, 10);
# INSERT INTO exercise_muscle (exercise_id, muscle_id, intensity) VALUES (1252, 22, 7);
# INSERT INTO exercise_muscle (exercise_id, muscle_id, intensity) VALUES (1252, 13, 4);
#
# -- Exercise ID: 1253
# INSERT INTO Exercise (id, title, description, link, equipment_id, training_type_id) VALUES (1253, 'Double Dumbbell Overhead Carry', 'Target: Shoulders', 'https://youtu.be/dpVFicHv1PY?si=vQiTWZmKGTiqkHiH', 6, 3);
# INSERT INTO exercise_muscle (exercise_id, muscle_id, intensity) VALUES (1253, 2, 10);
# INSERT INTO exercise_muscle (exercise_id, muscle_id, intensity) VALUES (1253, 12, 7);
#
# -- Exercise ID: 1254
# INSERT INTO Exercise (id, title, description, link, equipment_id, training_type_id) VALUES (1254, 'Single Arm Kettlebell Bottoms Up Split Jerk', 'Target: Shoulders', NULL, 15, 3);
# INSERT INTO exercise_muscle (exercise_id, muscle_id, intensity) VALUES (1254, 2, 10);
# INSERT INTO exercise_muscle (exercise_id, muscle_id, intensity) VALUES (1254, 4, 7);
# INSERT INTO exercise_muscle (exercise_id, muscle_id, intensity) VALUES (1254, 15, 4);
#
# -- Exercise ID: 1255
# INSERT INTO Exercise (id, title, description, link, equipment_id, training_type_id) VALUES (1255, 'Alternating Single Arm Kettlebell Bottoms Up Clean', 'Target: Glutes', NULL, 15, 10);
# INSERT INTO exercise_muscle (exercise_id, muscle_id, intensity) VALUES (1255, 21, 10);
#
# -- Exercise ID: 1256
# INSERT INTO Exercise (id, title, description, link, equipment_id, training_type_id) VALUES (1256, 'Single Arm Kettlebell Bottoms Up Clean', 'Target: Glutes', 'https://youtu.be/kMTZwJnCyjw?si=i72hlbqfO-UgCiPw', 15, 10);
# INSERT INTO exercise_muscle (exercise_id, muscle_id, intensity) VALUES (1256, 21, 10);
#
# -- Exercise ID: 1257
# INSERT INTO Exercise (id, title, description, link, equipment_id, training_type_id) VALUES (1257, 'Alternating Single Arm Kettlebell Bottoms Up Clean to Thruster', 'Target: Shoulders', NULL, 15, 10);
# INSERT INTO exercise_muscle (exercise_id, muscle_id, intensity) VALUES (1257, 2, 10);
# INSERT INTO exercise_muscle (exercise_id, muscle_id, intensity) VALUES (1257, 21, 7);
#
# -- Exercise ID: 1258
# INSERT INTO Exercise (id, title, description, link, equipment_id, training_type_id) VALUES (1258, 'Alternating Single Arm Kettlebell Bottoms Up Clean to Front Rack Squat', 'Target: Quadriceps', NULL, 15, 3);
# INSERT INTO exercise_muscle (exercise_id, muscle_id, intensity) VALUES (1258, 13, 10);
# INSERT INTO exercise_muscle (exercise_id, muscle_id, intensity) VALUES (1258, 21, 7);
#
# -- Exercise ID: 1259
# INSERT INTO Exercise (id, title, description, link, equipment_id, training_type_id) VALUES (1259, 'Heavy Sandbag Shoulder Carry', 'Target: Abdominals', 'https://youtu.be/35IarWLcV0s?si=4lqKX0sntuR1xdEa', 35, 3);
# INSERT INTO exercise_muscle (exercise_id, muscle_id, intensity) VALUES (1259, 11, 10);
# INSERT INTO exercise_muscle (exercise_id, muscle_id, intensity) VALUES (1259, 12, 7);
# INSERT INTO exercise_muscle (exercise_id, muscle_id, intensity) VALUES (1259, 21, 4);
#
# -- Exercise ID: 1260
# INSERT INTO Exercise (id, title, description, link, equipment_id, training_type_id) VALUES (1260, 'Double Dumbbell Front Rack Carry', 'Target: Abdominals', 'https://youtu.be/dDq_T_H8h5E?si=g4wZK9kvKsPxqI3d', 6, 3);
# INSERT INTO exercise_muscle (exercise_id, muscle_id, intensity) VALUES (1260, 11, 10);
# INSERT INTO exercise_muscle (exercise_id, muscle_id, intensity) VALUES (1260, 21, 7);
#
# -- Exercise ID: 1261
# INSERT INTO Exercise (id, title, description, link, equipment_id, training_type_id) VALUES (1261, 'Single Arm Dumbbell Front Rack Carry', 'Target: Abdominals', 'https://youtu.be/5rsJK_z8nkY?si=CD5k3-b0r_JJpfHM', 6, 3);
# INSERT INTO exercise_muscle (exercise_id, muscle_id, intensity) VALUES (1261, 11, 10);
# INSERT INTO exercise_muscle (exercise_id, muscle_id, intensity) VALUES (1261, 21, 7);
#
# -- Exercise ID: 1262
# INSERT INTO Exercise (id, title, description, link, equipment_id, training_type_id) VALUES (1262, 'Double Clubbell Order Carry', 'Target: Forearms', NULL, 26, 3);
# INSERT INTO exercise_muscle (exercise_id, muscle_id, intensity) VALUES (1262, 10, 10);
# INSERT INTO exercise_muscle (exercise_id, muscle_id, intensity) VALUES (1262, 11, 7);
# INSERT INTO exercise_muscle (exercise_id, muscle_id, intensity) VALUES (1262, 21, 4);
#
# -- Exercise ID: 1263
# INSERT INTO Exercise (id, title, description, link, equipment_id, training_type_id) VALUES (1263, 'Single Arm Clubbell Order Carry', 'Target: Forearms', NULL, 26, 3);
# INSERT INTO exercise_muscle (exercise_id, muscle_id, intensity) VALUES (1263, 10, 10);
# INSERT INTO exercise_muscle (exercise_id, muscle_id, intensity) VALUES (1263, 11, 7);
# INSERT INTO exercise_muscle (exercise_id, muscle_id, intensity) VALUES (1263, 21, 4);
#
# -- Exercise ID: 1264
# INSERT INTO Exercise (id, title, description, link, equipment_id, training_type_id) VALUES (1264, 'Barbell Overhead Carry', 'Target: Shoulders', 'https://youtu.be/ULpnqrFng5I?si=fKiyqdRwBpIeRaEx', 12, 3);
# INSERT INTO exercise_muscle (exercise_id, muscle_id, intensity) VALUES (1264, 2, 10);
# INSERT INTO exercise_muscle (exercise_id, muscle_id, intensity) VALUES (1264, 11, 7);
# INSERT INTO exercise_muscle (exercise_id, muscle_id, intensity) VALUES (1264, 21, 4);
#
# -- Exercise ID: 1265
# INSERT INTO Exercise (id, title, description, link, equipment_id, training_type_id) VALUES (1265, 'Single Arm Barbell Overhead Carry', 'Target: Shoulders', NULL, 12, 3);
# INSERT INTO exercise_muscle (exercise_id, muscle_id, intensity) VALUES (1265, 2, 10);
# INSERT INTO exercise_muscle (exercise_id, muscle_id, intensity) VALUES (1265, 11, 7);
# INSERT INTO exercise_muscle (exercise_id, muscle_id, intensity) VALUES (1265, 21, 4);
#
# -- Exercise ID: 1266
# INSERT INTO Exercise (id, title, description, link, equipment_id, training_type_id) VALUES (1266, 'Barbell Front Rack Carry', 'Target: Abdominals', 'https://youtu.be/ofwpNdE8yZU?si=T8V1vgUvY8g4tAZ9', 12, 3);
# INSERT INTO exercise_muscle (exercise_id, muscle_id, intensity) VALUES (1266, 11, 10);
# INSERT INTO exercise_muscle (exercise_id, muscle_id, intensity) VALUES (1266, 21, 7);
#
# -- Exercise ID: 1267
# INSERT INTO Exercise (id, title, description, link, equipment_id, training_type_id) VALUES (1267, 'Double Kettlebell Suitcase Alternating Reverse Lunge', 'Target: Quadriceps', 'https://youtu.be/FKrUoffD_W4?si=d07P0wkoguJqTTRV', 15, 2);
# INSERT INTO exercise_muscle (exercise_id, muscle_id, intensity) VALUES (1267, 13, 10);
# INSERT INTO exercise_muscle (exercise_id, muscle_id, intensity) VALUES (1267, 21, 7);
# INSERT INTO exercise_muscle (exercise_id, muscle_id, intensity) VALUES (1267, 22, 4);
#
# -- Exercise ID: 1268
# INSERT INTO Exercise (id, title, description, link, equipment_id, training_type_id) VALUES (1268, 'Alternating Single Arm Kettlebell Sumo Deadlift', 'Target: Back', 'https://youtu.be/BoihxFxtsyY?si=kZuvg9gJ179nJ1Xh', 15, 2);
# INSERT INTO exercise_muscle (exercise_id, muscle_id, intensity) VALUES (1268, 17, 10);
# INSERT INTO exercise_muscle (exercise_id, muscle_id, intensity) VALUES (1268, 21, 7);
# INSERT INTO exercise_muscle (exercise_id, muscle_id, intensity) VALUES (1268, 22, 4);
#
# -- Exercise ID: 1269
# INSERT INTO Exercise (id, title, description, link, equipment_id, training_type_id) VALUES (1269, 'Single Arm Kettlebell Suitcase March', 'Target: Hip Flexors', 'https://youtu.be/Pjxd7M8bNU0?si=OeEny9WikOBA8B3P', 15, 12);
# INSERT INTO exercise_muscle (exercise_id, muscle_id, intensity) VALUES (1269, 11, 10);
# INSERT INTO exercise_muscle (exercise_id, muscle_id, intensity) VALUES (1269, 15, 4);
#
# -- Exercise ID: 1270
# INSERT INTO Exercise (id, title, description, link, equipment_id, training_type_id) VALUES (1270, 'Single Arm Kettlebell Bottoms Up Overhead March', 'Target: Hip Flexors', NULL, 15, 12);
# INSERT INTO exercise_muscle (exercise_id, muscle_id, intensity) VALUES (1270, 11, 10);
# INSERT INTO exercise_muscle (exercise_id, muscle_id, intensity) VALUES (1270, 15, 4);
#
# -- Exercise ID: 1271
# INSERT INTO Exercise (id, title, description, link, equipment_id, training_type_id) VALUES (1271, 'Single Arm Kettlebell Bottoms Up Front Rack March', 'Target: Hip Flexors', NULL, 15, 12);
# INSERT INTO exercise_muscle (exercise_id, muscle_id, intensity) VALUES (1271, 11, 10);
# INSERT INTO exercise_muscle (exercise_id, muscle_id, intensity) VALUES (1271, 15, 4);
#
# -- Exercise ID: 1272
# INSERT INTO Exercise (id, title, description, link, equipment_id, training_type_id) VALUES (1272, 'Double Kettlebell Half Snatch', 'Target: Glutes', 'https://youtu.be/5NV0b_RCWKk?si=LoNm1gGN8i-9QLGP', 15, 10);
# INSERT INTO exercise_muscle (exercise_id, muscle_id, intensity) VALUES (1272, 21, 10);
# INSERT INTO exercise_muscle (exercise_id, muscle_id, intensity) VALUES (1272, 22, 7);
# INSERT INTO exercise_muscle (exercise_id, muscle_id, intensity) VALUES (1272, 2, 4);
#
# -- Exercise ID: 1273
# INSERT INTO Exercise (id, title, description, link, equipment_id, training_type_id) VALUES (1273, 'Alternating Single Arm Kettlebell Half Snatch', 'Target: Glutes', NULL, 15, 10);
# INSERT INTO exercise_muscle (exercise_id, muscle_id, intensity) VALUES (1273, 21, 10);
# INSERT INTO exercise_muscle (exercise_id, muscle_id, intensity) VALUES (1273, 22, 7);
# INSERT INTO exercise_muscle (exercise_id, muscle_id, intensity) VALUES (1273, 2, 4);
#
# -- Exercise ID: 1274
# INSERT INTO Exercise (id, title, description, link, equipment_id, training_type_id) VALUES (1274, 'Single Arm Kettlebell Half Snatch', 'Target: Glutes', 'https://youtu.be/iVaFwCBP1GM?si=9YPJCkbg5ckTydxm', 15, 10);
# INSERT INTO exercise_muscle (exercise_id, muscle_id, intensity) VALUES (1274, 21, 10);
# INSERT INTO exercise_muscle (exercise_id, muscle_id, intensity) VALUES (1274, 22, 7);
# INSERT INTO exercise_muscle (exercise_id, muscle_id, intensity) VALUES (1274, 2, 4);
#
# -- Exercise ID: 1275
# INSERT INTO Exercise (id, title, description, link, equipment_id, training_type_id) VALUES (1275, 'Double Kettlebell Half Snatch to Thruster', 'Target: Shoulders', NULL, 15, 10);
# INSERT INTO exercise_muscle (exercise_id, muscle_id, intensity) VALUES (1275, 2, 10);
# INSERT INTO exercise_muscle (exercise_id, muscle_id, intensity) VALUES (1275, 21, 7);
#
# -- Exercise ID: 1276
# INSERT INTO Exercise (id, title, description, link, equipment_id, training_type_id) VALUES (1276, 'Double Kettlebell Overhead Cossack Squat', 'Target: Quadriceps', NULL, 15, 2);
# INSERT INTO exercise_muscle (exercise_id, muscle_id, intensity) VALUES (1276, 13, 10);
# INSERT INTO exercise_muscle (exercise_id, muscle_id, intensity) VALUES (1276, 14, 7);
# INSERT INTO exercise_muscle (exercise_id, muscle_id, intensity) VALUES (1276, 21, 4);
#
# -- Exercise ID: 1277
# INSERT INTO Exercise (id, title, description, link, equipment_id, training_type_id) VALUES (1277, 'Heavy Sandbag Bear Hug Squat', 'Target: Quadriceps', 'https://youtu.be/ymSWvrARnCo?si=wSCDvQEQ8xPtVqbn', 35, 3);
# INSERT INTO exercise_muscle (exercise_id, muscle_id, intensity) VALUES (1277, 13, 10);
# INSERT INTO exercise_muscle (exercise_id, muscle_id, intensity) VALUES (1277, 21, 7);
#
# -- Exercise ID: 1278
# INSERT INTO Exercise (id, title, description, link, equipment_id, training_type_id) VALUES (1278, 'Heavy Sandbag Shoulder Squat', 'Target: Quadriceps', 'https://youtu.be/VhCVdzYN820?si=07qvbVC4lpqJVZxR', 35, 3);
# INSERT INTO exercise_muscle (exercise_id, muscle_id, intensity) VALUES (1278, 13, 10);
# INSERT INTO exercise_muscle (exercise_id, muscle_id, intensity) VALUES (1278, 21, 7);
#
# -- Exercise ID: 1279
# INSERT INTO Exercise (id, title, description, link, equipment_id, training_type_id) VALUES (1279, 'Heavy Sandbag Turkish Get Up', 'Target: Abdominals', 'https://youtu.be/nUjB7PY_ch8?si=qTE38YBxSMytqVEV', 35, 6);
# INSERT INTO exercise_muscle (exercise_id, muscle_id, intensity) VALUES (1279, 12, 10);
# INSERT INTO exercise_muscle (exercise_id, muscle_id, intensity) VALUES (1279, 11, 7);
#
# -- Exercise ID: 1280
# INSERT INTO Exercise (id, title, description, link, equipment_id, training_type_id) VALUES (1280, 'Heavy Sandbag Bear Hug Alternating Forward Lunge', 'Target: Quadriceps', 'https://youtu.be/68d5tiCgUy8?si=QZZ5qWDdvMU5WTQ_', 35, 3);
# INSERT INTO exercise_muscle (exercise_id, muscle_id, intensity) VALUES (1280, 13, 10);
# INSERT INTO exercise_muscle (exercise_id, muscle_id, intensity) VALUES (1280, 21, 7);
# INSERT INTO exercise_muscle (exercise_id, muscle_id, intensity) VALUES (1280, 8, 4);
#
# -- Exercise ID: 1281
# INSERT INTO Exercise (id, title, description, link, equipment_id, training_type_id) VALUES (1281, 'Heavy Sandbag Bear Hug Alternating Reverse Lunge', 'Target: Quadriceps', 'https://youtu.be/dd8M3MLhfjc?si=C40Jnp1OsYedBuT1', 35, 2);
# INSERT INTO exercise_muscle (exercise_id, muscle_id, intensity) VALUES (1281, 13, 10);
# INSERT INTO exercise_muscle (exercise_id, muscle_id, intensity) VALUES (1281, 21, 7);
# INSERT INTO exercise_muscle (exercise_id, muscle_id, intensity) VALUES (1281, 22, 4);
#
# -- Exercise ID: 1282
# INSERT INTO Exercise (id, title, description, link, equipment_id, training_type_id) VALUES (1282, 'Heavy Sandbag Shoulder Alternating Forward Lunge', 'Target: Quadriceps', 'https://youtu.be/2EkAq9e24EY?feature=shared', 35, 3);
# INSERT INTO exercise_muscle (exercise_id, muscle_id, intensity) VALUES (1282, 13, 10);
# INSERT INTO exercise_muscle (exercise_id, muscle_id, intensity) VALUES (1282, 21, 7);
# INSERT INTO exercise_muscle (exercise_id, muscle_id, intensity) VALUES (1282, 22, 4);
#
# -- Exercise ID: 1283
# INSERT INTO Exercise (id, title, description, link, equipment_id, training_type_id) VALUES (1283, 'Heavy Sandbag Shoulder Alternating Reverse Lunge', 'Target: Quadriceps', 'https://youtu.be/T4jp-7X-ai8?feature=shared', 35, 2);
# INSERT INTO exercise_muscle (exercise_id, muscle_id, intensity) VALUES (1283, 13, 10);
# INSERT INTO exercise_muscle (exercise_id, muscle_id, intensity) VALUES (1283, 21, 7);
# INSERT INTO exercise_muscle (exercise_id, muscle_id, intensity) VALUES (1283, 22, 4);
#
# -- Exercise ID: 1284
# INSERT INTO Exercise (id, title, description, link, equipment_id, training_type_id) VALUES (1284, 'Heavy Sandbag Shoulder Walking Lunge', 'Target: Quadriceps', 'https://youtu.be/YSd_xma0esE?si=1LEK7NMY3heh6sof', 35, 3);
# INSERT INTO exercise_muscle (exercise_id, muscle_id, intensity) VALUES (1284, 13, 10);
# INSERT INTO exercise_muscle (exercise_id, muscle_id, intensity) VALUES (1284, 21, 7);
# INSERT INTO exercise_muscle (exercise_id, muscle_id, intensity) VALUES (1284, 22, 4);
#
# -- Exercise ID: 1285
# INSERT INTO Exercise (id, title, description, link, equipment_id, training_type_id) VALUES (1285, 'Heavy Sandbag Shoulder Clean', 'Target: Glutes', 'https://youtu.be/cB7KJj-wqA4?si=_9jU8-LRtzGAT3e7', 35, 3);
# INSERT INTO exercise_muscle (exercise_id, muscle_id, intensity) VALUES (1285, 21, 10);
# INSERT INTO exercise_muscle (exercise_id, muscle_id, intensity) VALUES (1285, 22, 7);
# INSERT INTO exercise_muscle (exercise_id, muscle_id, intensity) VALUES (1285, 11, 4);
#
# -- Exercise ID: 1286
# INSERT INTO Exercise (id, title, description, link, equipment_id, training_type_id) VALUES (1286, 'Heavy Sandbag Over the Shoulder', 'Target: Glutes', 'https://youtu.be/fqzGFACRFWU?si=AdAu_hY9NYrlY8DS', 35, 3);
# INSERT INTO exercise_muscle (exercise_id, muscle_id, intensity) VALUES (1286, 21, 10);
# INSERT INTO exercise_muscle (exercise_id, muscle_id, intensity) VALUES (1286, 22, 7);
# INSERT INTO exercise_muscle (exercise_id, muscle_id, intensity) VALUES (1286, 11, 4);
#
# -- Exercise ID: 1287
# INSERT INTO Exercise (id, title, description, link, equipment_id, training_type_id) VALUES (1287, 'Heavy Sandbag Alternating Shoulder Clean', 'Target: Glutes', NULL, 35, 3);
# INSERT INTO exercise_muscle (exercise_id, muscle_id, intensity) VALUES (1287, 21, 10);
# INSERT INTO exercise_muscle (exercise_id, muscle_id, intensity) VALUES (1287, 22, 7);
# INSERT INTO exercise_muscle (exercise_id, muscle_id, intensity) VALUES (1287, 11, 4);
#
# -- Exercise ID: 1288
# INSERT INTO Exercise (id, title, description, link, equipment_id, training_type_id) VALUES (1288, 'Heavy Sandbag Alternating Over the Shoulder', 'Target: Glutes', NULL, 35, 3);
# INSERT INTO exercise_muscle (exercise_id, muscle_id, intensity) VALUES (1288, 21, 10);
# INSERT INTO exercise_muscle (exercise_id, muscle_id, intensity) VALUES (1288, 22, 7);
# INSERT INTO exercise_muscle (exercise_id, muscle_id, intensity) VALUES (1288, 11, 4);
#
# -- Exercise ID: 1289
# INSERT INTO Exercise (id, title, description, link, equipment_id, training_type_id) VALUES (1289, 'Heavy Sandbag Bear Hug Walking Lunge', 'Target: Quadriceps', 'https://youtu.be/X5s18gG7cJc?si=P3v8_2nsYkNdk5D7', 35, 3);
# INSERT INTO exercise_muscle (exercise_id, muscle_id, intensity) VALUES (1289, 13, 10);
# INSERT INTO exercise_muscle (exercise_id, muscle_id, intensity) VALUES (1289, 21, 7);
# INSERT INTO exercise_muscle (exercise_id, muscle_id, intensity) VALUES (1289, 22, 4);
#
# -- Exercise ID: 1290
# INSERT INTO Exercise (id, title, description, link, equipment_id, training_type_id) VALUES (1290, 'Double Dumbbell Turkish Get Up', 'Target: Abdominals', NULL, 6, 6);
# INSERT INTO exercise_muscle (exercise_id, muscle_id, intensity) VALUES (1290, 12, 10);
# INSERT INTO exercise_muscle (exercise_id, muscle_id, intensity) VALUES (1290, 11, 7);
#
# -- Exercise ID: 1291
# INSERT INTO Exercise (id, title, description, link, equipment_id, training_type_id) VALUES (1291, 'Single Arm Macebell Reverse Mill', 'Target: Shoulders', NULL, 24, 10);
# INSERT INTO exercise_muscle (exercise_id, muscle_id, intensity) VALUES (1291, 19, 10);
# INSERT INTO exercise_muscle (exercise_id, muscle_id, intensity) VALUES (1291, 11, 7);
#
# -- Exercise ID: 1292
# INSERT INTO Exercise (id, title, description, link, equipment_id, training_type_id) VALUES (1292, 'Bodyweight Hand Assisted Sissy Squat', 'Target: Quadriceps', 'https://youtu.be/nNAssQ-4HjA?si=wsCriUBiz-jLsGEk', 2, 2);
# INSERT INTO exercise_muscle (exercise_id, muscle_id, intensity) VALUES (1292, 13, 10);
# INSERT INTO exercise_muscle (exercise_id, muscle_id, intensity) VALUES (1292, 21, 7);
#
# -- Exercise ID: 1293
# INSERT INTO Exercise (id, title, description, link, equipment_id, training_type_id) VALUES (1293, 'Bodyweight Sissy Squat', 'Target: Quadriceps', 'https://youtu.be/GHvRU4-Guuw?si=NJtNhZAAV3mKCcG-', 2, 2);
# INSERT INTO exercise_muscle (exercise_id, muscle_id, intensity) VALUES (1293, 13, 10);
# INSERT INTO exercise_muscle (exercise_id, muscle_id, intensity) VALUES (1293, 21, 7);
#
# -- Exercise ID: 1294
# INSERT INTO Exercise (id, title, description, link, equipment_id, training_type_id) VALUES (1294, 'Bodyweight Hand Assisted Knee Over Toe Split Squat', 'Target: Quadriceps', 'https://youtu.be/gBSQOdjjKcc?si=oEXgjHk6m5c-o7MS', 2, 2);
# INSERT INTO exercise_muscle (exercise_id, muscle_id, intensity) VALUES (1294, 13, 10);
# INSERT INTO exercise_muscle (exercise_id, muscle_id, intensity) VALUES (1294, 21, 7);
# INSERT INTO exercise_muscle (exercise_id, muscle_id, intensity) VALUES (1294, 6, 4);
#
# -- Exercise ID: 1295
# INSERT INTO Exercise (id, title, description, link, equipment_id, training_type_id) VALUES (1295, 'Superband Sissy Squat', 'Target: Quadriceps', 'https://youtu.be/T2caG3uW8sA?si=AD_PdOw0tzZSfl3p', 20, 2);
# INSERT INTO exercise_muscle (exercise_id, muscle_id, intensity) VALUES (1295, 13, 10);
# INSERT INTO exercise_muscle (exercise_id, muscle_id, intensity) VALUES (1295, 21, 7);
#
# -- Exercise ID: 1296
# INSERT INTO Exercise (id, title, description, link, equipment_id, training_type_id) VALUES (1296, 'Double Dumbbell Front Rack Walking Lunge', 'Target: Quadriceps', 'https://youtu.be/i3qlK1vA0z4?si=LCNdYUF9IbCDWnYm', 6, 2);
# INSERT INTO exercise_muscle (exercise_id, muscle_id, intensity) VALUES (1296, 13, 10);
# INSERT INTO exercise_muscle (exercise_id, muscle_id, intensity) VALUES (1296, 21, 7);
# INSERT INTO exercise_muscle (exercise_id, muscle_id, intensity) VALUES (1296, 22, 4);
#
# -- Exercise ID: 1297
# INSERT INTO Exercise (id, title, description, link, equipment_id, training_type_id) VALUES (1297, 'Single Arm Dumbbell Suitcase Walking Lunge', 'Target: Quadriceps', 'https://youtu.be/QR1CViFqmmc?si=4Lxq-QIIZ55jvMdx', 6, 2);
# INSERT INTO exercise_muscle (exercise_id, muscle_id, intensity) VALUES (1297, 13, 10);
# INSERT INTO exercise_muscle (exercise_id, muscle_id, intensity) VALUES (1297, 21, 7);
# INSERT INTO exercise_muscle (exercise_id, muscle_id, intensity) VALUES (1297, 22, 4);
#
# -- Exercise ID: 1298
# INSERT INTO Exercise (id, title, description, link, equipment_id, training_type_id) VALUES (1298, 'Single Arm Dumbbell Overhead Walking Lunge', 'Target: Quadriceps', 'https://youtu.be/lcCEvbAGHC8?si=Ri750XsY--4dDnB_', 6, 2);
# INSERT INTO exercise_muscle (exercise_id, muscle_id, intensity) VALUES (1298, 13, 10);
# INSERT INTO exercise_muscle (exercise_id, muscle_id, intensity) VALUES (1298, 21, 7);
# INSERT INTO exercise_muscle (exercise_id, muscle_id, intensity) VALUES (1298, 22, 4);
#
# -- Exercise ID: 1299
# INSERT INTO Exercise (id, title, description, link, equipment_id, training_type_id) VALUES (1299, 'Single Arm Dumbbell Front Rack Walking Lunge', 'Target: Quadriceps', 'https://youtu.be/GGjKBYEkZ-A?si=faI8XOKTHMInvAqG', 6, 2);
# INSERT INTO exercise_muscle (exercise_id, muscle_id, intensity) VALUES (1299, 13, 10);
# INSERT INTO exercise_muscle (exercise_id, muscle_id, intensity) VALUES (1299, 21, 7);
# INSERT INTO exercise_muscle (exercise_id, muscle_id, intensity) VALUES (1299, 22, 4);
#
# -- Exercise ID: 1300
# INSERT INTO Exercise (id, title, description, link, equipment_id, training_type_id) VALUES (1300, 'Barbell Front Rack Walking Lunge', 'Target: Quadriceps', 'https://youtu.be/ntGrVrVVNU0?si=3gtiQIlGPGnTePEX', 12, 2);
# INSERT INTO exercise_muscle (exercise_id, muscle_id, intensity) VALUES (1300, 13, 10);
# INSERT INTO exercise_muscle (exercise_id, muscle_id, intensity) VALUES (1300, 21, 7);
# INSERT INTO exercise_muscle (exercise_id, muscle_id, intensity) VALUES (1300, 22, 4);
#
# -- Exercise ID: 1301
# INSERT INTO Exercise (id, title, description, link, equipment_id, training_type_id) VALUES (1301, 'Kettlebell Goblet Horse Stance Squat', 'Target: Quadriceps', 'https://youtu.be/ZZ1piVHgy_8?si=I9HrW8xbkLx_UyJS', 15, 3);
# INSERT INTO exercise_muscle (exercise_id, muscle_id, intensity) VALUES (1301, 21, 10);
#
# -- Exercise ID: 1302
# INSERT INTO Exercise (id, title, description, link, equipment_id, training_type_id) VALUES (1302, 'Double Kettlebell Alternating Forward Lunge Snatch', 'Target: Quadriceps', NULL, 15, 10);
# INSERT INTO exercise_muscle (exercise_id, muscle_id, intensity) VALUES (1302, 13, 10);
# INSERT INTO exercise_muscle (exercise_id, muscle_id, intensity) VALUES (1302, 21, 7);
# INSERT INTO exercise_muscle (exercise_id, muscle_id, intensity) VALUES (1302, 2, 4);
#
# -- Exercise ID: 1303
# INSERT INTO Exercise (id, title, description, link, equipment_id, training_type_id) VALUES (1303, 'Alternating Single Arm Clubbell Reverse Mill', 'Target: Shoulders', NULL, 26, 10);
# INSERT INTO exercise_muscle (exercise_id, muscle_id, intensity) VALUES (1303, 19, 10);
# INSERT INTO exercise_muscle (exercise_id, muscle_id, intensity) VALUES (1303, 21, 7);
# INSERT INTO exercise_muscle (exercise_id, muscle_id, intensity) VALUES (1303, 12, 4);
#
# -- Exercise ID: 1304
# INSERT INTO Exercise (id, title, description, link, equipment_id, training_type_id) VALUES (1304, 'Macebell Mill', 'Target: Shoulders', NULL, 24, 10);
# INSERT INTO exercise_muscle (exercise_id, muscle_id, intensity) VALUES (1304, 19, 10);
# INSERT INTO exercise_muscle (exercise_id, muscle_id, intensity) VALUES (1304, 11, 7);
#
# -- Exercise ID: 1305
# INSERT INTO Exercise (id, title, description, link, equipment_id, training_type_id) VALUES (1305, 'Double Clubbell Order Walking Lunge', 'Target: Quadriceps', NULL, 26, 2);
# INSERT INTO exercise_muscle (exercise_id, muscle_id, intensity) VALUES (1305, 13, 10);
# INSERT INTO exercise_muscle (exercise_id, muscle_id, intensity) VALUES (1305, 21, 7);
# INSERT INTO exercise_muscle (exercise_id, muscle_id, intensity) VALUES (1305, 22, 4);
#
# -- Exercise ID: 1306
# INSERT INTO Exercise (id, title, description, link, equipment_id, training_type_id) VALUES (1306, 'Single Arm Clubbell Order Walking Lunge', 'Target: Quadriceps', NULL, 26, 2);
# INSERT INTO exercise_muscle (exercise_id, muscle_id, intensity) VALUES (1306, 13, 10);
# INSERT INTO exercise_muscle (exercise_id, muscle_id, intensity) VALUES (1306, 21, 7);
# INSERT INTO exercise_muscle (exercise_id, muscle_id, intensity) VALUES (1306, 22, 4);
#
# -- Exercise ID: 1307
# INSERT INTO Exercise (id, title, description, link, equipment_id, training_type_id) VALUES (1307, 'Clubbell Order Walking Lunge', 'Target: Quadriceps', NULL, 26, 2);
# INSERT INTO exercise_muscle (exercise_id, muscle_id, intensity) VALUES (1307, 13, 10);
# INSERT INTO exercise_muscle (exercise_id, muscle_id, intensity) VALUES (1307, 21, 7);
# INSERT INTO exercise_muscle (exercise_id, muscle_id, intensity) VALUES (1307, 22, 4);
#
# -- Exercise ID: 1308
# INSERT INTO Exercise (id, title, description, link, equipment_id, training_type_id) VALUES (1308, 'Bodyweight Box Jump', 'Target: Quadriceps', 'https://youtu.be/-IzhFO7lOEU?si=Aftwsw6k2KY2-jf0', 2, 9);
# INSERT INTO exercise_muscle (exercise_id, muscle_id, intensity) VALUES (1308, 13, 10);
# INSERT INTO exercise_muscle (exercise_id, muscle_id, intensity) VALUES (1308, 21, 7);
# INSERT INTO exercise_muscle (exercise_id, muscle_id, intensity) VALUES (1308, 22, 4);
#
# -- Exercise ID: 1309
# INSERT INTO Exercise (id, title, description, link, equipment_id, training_type_id) VALUES (1309, 'Bodyweight Lateral Box Jump', 'Target: Quadriceps', 'https://youtu.be/GFdBbtdUfIU?si=GoMi96WWph2nlJpr', 2, 9);
# INSERT INTO exercise_muscle (exercise_id, muscle_id, intensity) VALUES (1309, 13, 10);
# INSERT INTO exercise_muscle (exercise_id, muscle_id, intensity) VALUES (1309, 21, 7);
# INSERT INTO exercise_muscle (exercise_id, muscle_id, intensity) VALUES (1309, 22, 4);
#
# -- Exercise ID: 1310
# INSERT INTO Exercise (id, title, description, link, equipment_id, training_type_id) VALUES (1310, 'Bodyweight Alternating Lateral Box Jump', 'Target: Quadriceps', 'https://youtu.be/kJqEVtWkYHo?si=aVVrhRraXLtyjPfg', 2, 9);
# INSERT INTO exercise_muscle (exercise_id, muscle_id, intensity) VALUES (1310, 13, 10);
# INSERT INTO exercise_muscle (exercise_id, muscle_id, intensity) VALUES (1310, 21, 7);
# INSERT INTO exercise_muscle (exercise_id, muscle_id, intensity) VALUES (1310, 22, 4);
#
# -- Exercise ID: 1311
# INSERT INTO Exercise (id, title, description, link, equipment_id, training_type_id) VALUES (1311, 'Bodyweight Straddle Planche', 'Target: Abdominals', 'https://youtu.be/-huk0Idtr6M?si=mLwa_8pXggDXuFgO', 2, 4);
# INSERT INTO exercise_muscle (exercise_id, muscle_id, intensity) VALUES (1311, 11, 10);
#
# -- Exercise ID: 1312
# INSERT INTO Exercise (id, title, description, link, equipment_id, training_type_id) VALUES (1312, 'Macebell Single Leg Offset Bent Over Row', 'Target: Back', 'https://youtu.be/xpa6f9sJmiQ?si=gJH8lq53_OwgQY8F', 24, 2);
# INSERT INTO exercise_muscle (exercise_id, muscle_id, intensity) VALUES (1312, 17, 10);
# INSERT INTO exercise_muscle (exercise_id, muscle_id, intensity) VALUES (1312, 18, 7);
# INSERT INTO exercise_muscle (exercise_id, muscle_id, intensity) VALUES (1312, 19, 4);
#
# -- Exercise ID: 1313
# INSERT INTO Exercise (id, title, description, link, equipment_id, training_type_id) VALUES (1313, 'Single Arm Kettlebell Bird Dog Row', 'Target: Back', 'https://youtu.be/TBtjuZR8Dvo', 15, 2);
# INSERT INTO exercise_muscle (exercise_id, muscle_id, intensity) VALUES (1313, 17, 10);
# INSERT INTO exercise_muscle (exercise_id, muscle_id, intensity) VALUES (1313, 11, 7);
# INSERT INTO exercise_muscle (exercise_id, muscle_id, intensity) VALUES (1313, 21, 4);
#
# -- Exercise ID: 1314
# INSERT INTO Exercise (id, title, description, link, equipment_id, training_type_id) VALUES (1314, 'Double Kettlebell Half Snatch to Front Rack Squat', 'Target: Shoulders', NULL, 15, 3);
# INSERT INTO exercise_muscle (exercise_id, muscle_id, intensity) VALUES (1314, 2, 10);
# INSERT INTO exercise_muscle (exercise_id, muscle_id, intensity) VALUES (1314, 13, 7);
# INSERT INTO exercise_muscle (exercise_id, muscle_id, intensity) VALUES (1314, 15, 4);
#
# -- Exercise ID: 1315
# INSERT INTO Exercise (id, title, description, link, equipment_id, training_type_id) VALUES (1315, 'Single Arm Suspension Ipsilateral Pistol Squat', 'Target: Quadriceps', 'https://youtu.be/5G-vWzfeTy4?si=J9YetG0ZnmrQ6H76', 11, 12);
# INSERT INTO exercise_muscle (exercise_id, muscle_id, intensity) VALUES (1315, 13, 10);
# INSERT INTO exercise_muscle (exercise_id, muscle_id, intensity) VALUES (1315, 21, 7);
#
# -- Exercise ID: 1316
# INSERT INTO Exercise (id, title, description, link, equipment_id, training_type_id) VALUES (1316, 'Kettlebell Single Leg Standing Hip Flexion', 'Target: Hip Flexors', 'https://youtu.be/djxTlEIJdqc?si=IDadWzv3enNpiltr', 15, 3);
# INSERT INTO exercise_muscle (exercise_id, muscle_id, intensity) VALUES (1316, 11, 10);
# INSERT INTO exercise_muscle (exercise_id, muscle_id, intensity) VALUES (1316, 13, 7);
#
# -- Exercise ID: 1317
# INSERT INTO Exercise (id, title, description, link, equipment_id, training_type_id) VALUES (1317, 'Double Kettlebell Bottoms Up Overhead Cossack Squat', 'Target: Quadriceps', NULL, 15, 2);
# INSERT INTO exercise_muscle (exercise_id, muscle_id, intensity) VALUES (1317, 13, 10);
# INSERT INTO exercise_muscle (exercise_id, muscle_id, intensity) VALUES (1317, 14, 7);
# INSERT INTO exercise_muscle (exercise_id, muscle_id, intensity) VALUES (1317, 21, 4);
#
# -- Exercise ID: 1318
# INSERT INTO Exercise (id, title, description, link, equipment_id, training_type_id) VALUES (1318, 'Alternating Single Arm Macebell 360', 'Target: Shoulders', 'https://youtu.be/1eXnGGPLhGg?si=8nuTtTomEMCOCgJr', 24, 10);
# INSERT INTO exercise_muscle (exercise_id, muscle_id, intensity) VALUES (1318, 19, 10);
# INSERT INTO exercise_muscle (exercise_id, muscle_id, intensity) VALUES (1318, 11, 7);
#
# -- Exercise ID: 1319
# INSERT INTO Exercise (id, title, description, link, equipment_id, training_type_id) VALUES (1319, 'Double Kettlebell Low Hold Cossack Squat', 'Target: Quadriceps', NULL, 15, 2);
# INSERT INTO exercise_muscle (exercise_id, muscle_id, intensity) VALUES (1319, 13, 10);
# INSERT INTO exercise_muscle (exercise_id, muscle_id, intensity) VALUES (1319, 14, 7);
# INSERT INTO exercise_muscle (exercise_id, muscle_id, intensity) VALUES (1319, 21, 4);
#
# -- Exercise ID: 1320
# INSERT INTO Exercise (id, title, description, link, equipment_id, training_type_id) VALUES (1320, 'Double Kettlebell Low Hold Alternating Cossack Squat', 'Target: Quadriceps', NULL, 15, 2);
# INSERT INTO exercise_muscle (exercise_id, muscle_id, intensity) VALUES (1320, 13, 10);
# INSERT INTO exercise_muscle (exercise_id, muscle_id, intensity) VALUES (1320, 14, 7);
# INSERT INTO exercise_muscle (exercise_id, muscle_id, intensity) VALUES (1320, 21, 4);
#
# -- Exercise ID: 1321
# INSERT INTO Exercise (id, title, description, link, equipment_id, training_type_id) VALUES (1321, 'Kettlebell Goblet Alternating Cossack Squat', 'Target: Quadriceps', 'https://youtu.be/wrYqfSLWqdE', 15, 2);
# INSERT INTO exercise_muscle (exercise_id, muscle_id, intensity) VALUES (1321, 13, 10);
# INSERT INTO exercise_muscle (exercise_id, muscle_id, intensity) VALUES (1321, 14, 7);
# INSERT INTO exercise_muscle (exercise_id, muscle_id, intensity) VALUES (1321, 21, 4);
#
# -- Exercise ID: 1322
# INSERT INTO Exercise (id, title, description, link, equipment_id, training_type_id) VALUES (1322, 'Barbell Zercher Carry', 'Target: Abdominals', 'https://youtu.be/yqtWcL9-1_k?si=q_p_4kAujNiWzCVq', 12, 3);
# INSERT INTO exercise_muscle (exercise_id, muscle_id, intensity) VALUES (1322, 11, 10);
# INSERT INTO exercise_muscle (exercise_id, muscle_id, intensity) VALUES (1322, 21, 7);
#
# -- Exercise ID: 1323
# INSERT INTO Exercise (id, title, description, link, equipment_id, training_type_id) VALUES (1323, 'Double Kettlebell Bottoms Up Seated Overhead Press', 'Target: Shoulders', 'https://youtu.be/7uS_6AgHk28?si=jXJ8ZwIqz_-aAInK', 15, 2);
# INSERT INTO exercise_muscle (exercise_id, muscle_id, intensity) VALUES (1323, 2, 10);
# INSERT INTO exercise_muscle (exercise_id, muscle_id, intensity) VALUES (1323, 4, 7);
#
# -- Exercise ID: 1324
# INSERT INTO Exercise (id, title, description, link, equipment_id, training_type_id) VALUES (1324, 'Alternating Double Kettlebell Bottoms Up Seated Overhead Press', 'Target: Shoulders', NULL, 15, 2);
# INSERT INTO exercise_muscle (exercise_id, muscle_id, intensity) VALUES (1324, 2, 10);
# INSERT INTO exercise_muscle (exercise_id, muscle_id, intensity) VALUES (1324, 4, 7);
#
# -- Exercise ID: 1325
# INSERT INTO Exercise (id, title, description, link, equipment_id, training_type_id) VALUES (1325, 'Single Arm Kettlebell Bottoms Up Seated Overhead Press', 'Target: Shoulders', 'https://youtu.be/f8Mgse4j3uc?si=GV-Q36irrQm7tYhE', 15, 2);
# INSERT INTO exercise_muscle (exercise_id, muscle_id, intensity) VALUES (1325, 2, 10);
# INSERT INTO exercise_muscle (exercise_id, muscle_id, intensity) VALUES (1325, 4, 7);
#
# -- Exercise ID: 1326
# INSERT INTO Exercise (id, title, description, link, equipment_id, training_type_id) VALUES (1326, 'Macebell Offset Overhead Press', 'Target: Shoulders', 'https://youtu.be/aOIjzeK24fY?si=HuhPoFZBScLorUuf', 24, 3);
# INSERT INTO exercise_muscle (exercise_id, muscle_id, intensity) VALUES (1326, 2, 10);
# INSERT INTO exercise_muscle (exercise_id, muscle_id, intensity) VALUES (1326, 4, 7);
#
# -- Exercise ID: 1327
# INSERT INTO Exercise (id, title, description, link, equipment_id, training_type_id) VALUES (1327, 'Single Arm Dumbbell Sots Press', 'Target: Shoulders', 'https://youtu.be/cc1TZmreJWE?si=aBzThLfX3rm5V3c1', 6, 2);
# INSERT INTO exercise_muscle (exercise_id, muscle_id, intensity) VALUES (1327, 2, 10);
# INSERT INTO exercise_muscle (exercise_id, muscle_id, intensity) VALUES (1327, 4, 7);
# INSERT INTO exercise_muscle (exercise_id, muscle_id, intensity) VALUES (1327, 13, 4);
#
# -- Exercise ID: 1328
# INSERT INTO Exercise (id, title, description, link, equipment_id, training_type_id) VALUES (1328, 'Double Dumbbell Sots Press', 'Target: Shoulders', 'https://youtu.be/IjmQgS0bDao?si=wKCRqF1MeVyvhSwR', 6, 2);
# INSERT INTO exercise_muscle (exercise_id, muscle_id, intensity) VALUES (1328, 2, 10);
# INSERT INTO exercise_muscle (exercise_id, muscle_id, intensity) VALUES (1328, 4, 7);
# INSERT INTO exercise_muscle (exercise_id, muscle_id, intensity) VALUES (1328, 13, 4);
#
# -- Exercise ID: 1329
# INSERT INTO Exercise (id, title, description, link, equipment_id, training_type_id) VALUES (1329, 'Single Arm Kettlebell Front Rack Alternating Cossack Squat', 'Target: Quadriceps', 'https://youtu.be/JqoC2gQ1MRE', 15, 2);
# INSERT INTO exercise_muscle (exercise_id, muscle_id, intensity) VALUES (1329, 13, 10);
# INSERT INTO exercise_muscle (exercise_id, muscle_id, intensity) VALUES (1329, 14, 7);
# INSERT INTO exercise_muscle (exercise_id, muscle_id, intensity) VALUES (1329, 21, 4);
#
# -- Exercise ID: 1330
# INSERT INTO Exercise (id, title, description, link, equipment_id, training_type_id) VALUES (1330, 'Single Arm Kettlebell Ipsilateral Cossack Squat Thruster', 'Target: Shoulders', 'https://youtu.be/_D87kNsSdv0', 15, 2);
# INSERT INTO exercise_muscle (exercise_id, muscle_id, intensity) VALUES (1330, 2, 10);
# INSERT INTO exercise_muscle (exercise_id, muscle_id, intensity) VALUES (1330, 13, 7);
# INSERT INTO exercise_muscle (exercise_id, muscle_id, intensity) VALUES (1330, 14, 4);
#
# -- Exercise ID: 1331
# INSERT INTO Exercise (id, title, description, link, equipment_id, training_type_id) VALUES (1331, 'Kettlebell Goblet Foot Elevated Cossack Squat', 'Target: Quadriceps', 'https://youtu.be/fhkFo0BxF5k', 15, 2);
# INSERT INTO exercise_muscle (exercise_id, muscle_id, intensity) VALUES (1331, 13, 10);
# INSERT INTO exercise_muscle (exercise_id, muscle_id, intensity) VALUES (1331, 14, 7);
# INSERT INTO exercise_muscle (exercise_id, muscle_id, intensity) VALUES (1331, 21, 4);
#
# -- Exercise ID: 1332
# INSERT INTO Exercise (id, title, description, link, equipment_id, training_type_id) VALUES (1332, 'Double Dumbbell Overhead Alternating Step Up', 'Target: Quadriceps', 'https://youtu.be/bYd08tHBi3c?si=jxsjM2VGsZK9-fBt', 6, 2);
# INSERT INTO exercise_muscle (exercise_id, muscle_id, intensity) VALUES (1332, 13, 10);
# INSERT INTO exercise_muscle (exercise_id, muscle_id, intensity) VALUES (1332, 21, 7);
# INSERT INTO exercise_muscle (exercise_id, muscle_id, intensity) VALUES (1332, 22, 4);
#
# -- Exercise ID: 1333
# INSERT INTO Exercise (id, title, description, link, equipment_id, training_type_id) VALUES (1333, 'Single Arm Dumbbell Overhead Contralateral Step Up', 'Target: Quadriceps', 'https://youtu.be/XJmnB32JJVw', 6, 2);
# INSERT INTO exercise_muscle (exercise_id, muscle_id, intensity) VALUES (1333, 13, 10);
# INSERT INTO exercise_muscle (exercise_id, muscle_id, intensity) VALUES (1333, 21, 7);
# INSERT INTO exercise_muscle (exercise_id, muscle_id, intensity) VALUES (1333, 22, 4);
#
# -- Exercise ID: 1334
# INSERT INTO Exercise (id, title, description, link, equipment_id, training_type_id) VALUES (1334, 'Barbell Overhead Alternating Step Up', 'Target: Quadriceps', 'https://youtu.be/ozPUu1GnFTI?si=mWpQsYkoy7akxELn', 12, 2);
# INSERT INTO exercise_muscle (exercise_id, muscle_id, intensity) VALUES (1334, 13, 10);
# INSERT INTO exercise_muscle (exercise_id, muscle_id, intensity) VALUES (1334, 21, 7);
# INSERT INTO exercise_muscle (exercise_id, muscle_id, intensity) VALUES (1334, 22, 4);
#
# -- Exercise ID: 1335
# INSERT INTO Exercise (id, title, description, link, equipment_id, training_type_id) VALUES (1335, 'Barbell Overhead Step Up', 'Target: Quadriceps', 'https://youtu.be/2rYLwmQGZXg?si=FC91EHLdOWAxPSXL', 12, 2);
# INSERT INTO exercise_muscle (exercise_id, muscle_id, intensity) VALUES (1335, 13, 10);
# INSERT INTO exercise_muscle (exercise_id, muscle_id, intensity) VALUES (1335, 21, 7);
# INSERT INTO exercise_muscle (exercise_id, muscle_id, intensity) VALUES (1335, 22, 4);
#
# -- Exercise ID: 1336
# INSERT INTO Exercise (id, title, description, link, equipment_id, training_type_id) VALUES (1336, 'Single Arm Dumbbell Suitcase Contralateral Step Up', 'Target: Quadriceps', 'https://youtu.be/23z9Mb4sMVk?feature=shared', 6, 2);
# INSERT INTO exercise_muscle (exercise_id, muscle_id, intensity) VALUES (1336, 13, 10);
# INSERT INTO exercise_muscle (exercise_id, muscle_id, intensity) VALUES (1336, 21, 7);
# INSERT INTO exercise_muscle (exercise_id, muscle_id, intensity) VALUES (1336, 22, 4);
#
# -- Exercise ID: 1337
# INSERT INTO Exercise (id, title, description, link, equipment_id, training_type_id) VALUES (1337, 'Single Arm Dumbbell Suitcase Ipsilateral Step Up', 'Target: Quadriceps', 'https://youtu.be/fWhOG_9eHdE?feature=shared', 6, 2);
# INSERT INTO exercise_muscle (exercise_id, muscle_id, intensity) VALUES (1337, 13, 10);
# INSERT INTO exercise_muscle (exercise_id, muscle_id, intensity) VALUES (1337, 21, 7);
# INSERT INTO exercise_muscle (exercise_id, muscle_id, intensity) VALUES (1337, 22, 4);
#
# -- Exercise ID: 1338
# INSERT INTO Exercise (id, title, description, link, equipment_id, training_type_id) VALUES (1338, 'Single Arm Dumbbell Overhead Ipsilateral Step Up', 'Target: Quadriceps', 'https://youtu.be/8G0AKIfWSBs?si=A1jj7DSnbvZ7u7t-', 6, 2);
# INSERT INTO exercise_muscle (exercise_id, muscle_id, intensity) VALUES (1338, 13, 10);
# INSERT INTO exercise_muscle (exercise_id, muscle_id, intensity) VALUES (1338, 21, 7);
# INSERT INTO exercise_muscle (exercise_id, muscle_id, intensity) VALUES (1338, 22, 4);
#
# -- Exercise ID: 1339
# INSERT INTO Exercise (id, title, description, link, equipment_id, training_type_id) VALUES (1339, 'Single Arm Kettlebell Bottoms Up Overhead Alternating Cossack Squat', 'Target: Quadriceps', NULL, 15, 2);
# INSERT INTO exercise_muscle (exercise_id, muscle_id, intensity) VALUES (1339, 13, 10);
# INSERT INTO exercise_muscle (exercise_id, muscle_id, intensity) VALUES (1339, 14, 7);
# INSERT INTO exercise_muscle (exercise_id, muscle_id, intensity) VALUES (1339, 21, 4);
#
# -- Exercise ID: 1340
# INSERT INTO Exercise (id, title, description, link, equipment_id, training_type_id) VALUES (1340, 'Kettlebell Goblet Low Switch Cossack Squat', 'Target: Quadriceps', 'https://youtu.be/Eod-qE6O33E?si=6CUX35luY_zr0tT_', 15, 2);
# INSERT INTO exercise_muscle (exercise_id, muscle_id, intensity) VALUES (1340, 13, 10);
# INSERT INTO exercise_muscle (exercise_id, muscle_id, intensity) VALUES (1340, 14, 7);
# INSERT INTO exercise_muscle (exercise_id, muscle_id, intensity) VALUES (1340, 21, 4);
#
# -- Exercise ID: 1341
# INSERT INTO Exercise (id, title, description, link, equipment_id, training_type_id) VALUES (1341, 'Kettlebell Low Hold Cossack Squat', 'Target: Quadriceps', 'https://youtu.be/svU3rff73Mo?si=wBPTEMnydOoIKHgd', 15, 2);
# INSERT INTO exercise_muscle (exercise_id, muscle_id, intensity) VALUES (1341, 13, 10);
# INSERT INTO exercise_muscle (exercise_id, muscle_id, intensity) VALUES (1341, 14, 7);
# INSERT INTO exercise_muscle (exercise_id, muscle_id, intensity) VALUES (1341, 21, 4);
#
# -- Exercise ID: 1342
# INSERT INTO Exercise (id, title, description, link, equipment_id, training_type_id) VALUES (1342, 'Kettlebell Low Hold Alternating Cossack Squat', 'Target: Quadriceps', 'https://youtu.be/ZclBW2lK-lY?si=fR_4w2NKvW_BzggV', 15, 2);
# INSERT INTO exercise_muscle (exercise_id, muscle_id, intensity) VALUES (1342, 13, 10);
# INSERT INTO exercise_muscle (exercise_id, muscle_id, intensity) VALUES (1342, 14, 7);
# INSERT INTO exercise_muscle (exercise_id, muscle_id, intensity) VALUES (1342, 21, 4);
#
# -- Exercise ID: 1343
# INSERT INTO Exercise (id, title, description, link, equipment_id, training_type_id) VALUES (1343, 'Single Arm Kettlebell Front Rack Ipsilateral Cossack Squat', 'Target: Quadriceps', 'https://youtu.be/AYgBothlkOA?si=hiSrcI8KbslXlQrq', 15, 2);
# INSERT INTO exercise_muscle (exercise_id, muscle_id, intensity) VALUES (1343, 13, 10);
# INSERT INTO exercise_muscle (exercise_id, muscle_id, intensity) VALUES (1343, 14, 7);
# INSERT INTO exercise_muscle (exercise_id, muscle_id, intensity) VALUES (1343, 21, 4);
#
# -- Exercise ID: 1344
# INSERT INTO Exercise (id, title, description, link, equipment_id, training_type_id) VALUES (1344, 'Double Kettlebell Front Rack Carry', 'Target: Abdominals', 'https://youtu.be/iD8tG0qfztk?si=Z2QMS4VxJJkJ-kUk', 15, 3);
# INSERT INTO exercise_muscle (exercise_id, muscle_id, intensity) VALUES (1344, 11, 10);
#
# -- Exercise ID: 1345
# INSERT INTO Exercise (id, title, description, link, equipment_id, training_type_id) VALUES (1345, 'Double Kettlebell Overhead Carry', 'Target: Shoulders', 'https://youtu.be/7JUe6YXSM3g?si=TrnVTv62WQxSpsZ1', 15, 3);
# INSERT INTO exercise_muscle (exercise_id, muscle_id, intensity) VALUES (1345, 2, 10);
# INSERT INTO exercise_muscle (exercise_id, muscle_id, intensity) VALUES (1345, 12, 7);
#
# -- Exercise ID: 1346
# INSERT INTO Exercise (id, title, description, link, equipment_id, training_type_id) VALUES (1346, 'Double Kettlebell Bottoms Up Overhead Carry', 'Target: Shoulders', 'https://youtu.be/sUaLKjZx4X0?si=tcwai7A-NJGrnfYn', 15, 3);
# INSERT INTO exercise_muscle (exercise_id, muscle_id, intensity) VALUES (1346, 2, 10);
# INSERT INTO exercise_muscle (exercise_id, muscle_id, intensity) VALUES (1346, 12, 7);
#
# -- Exercise ID: 1347
# INSERT INTO Exercise (id, title, description, link, equipment_id, training_type_id) VALUES (1347, 'Single Arm Kettlebell Overhead Carry', 'Target: Shoulders', 'https://youtu.be/UTV5o4Oi2KM?si=RDXt3oFCH3cgDQiw', 15, 3);
# INSERT INTO exercise_muscle (exercise_id, muscle_id, intensity) VALUES (1347, 2, 10);
# INSERT INTO exercise_muscle (exercise_id, muscle_id, intensity) VALUES (1347, 12, 7);
#
# -- Exercise ID: 1348
# INSERT INTO Exercise (id, title, description, link, equipment_id, training_type_id) VALUES (1348, 'Single Arm Kettlebell Bottoms Up Overhead Carry', 'Target: Shoulders', 'https://youtu.be/m7e4dzCqoGA?si=wc7zBINGvkkas6BV', 15, 3);
# INSERT INTO exercise_muscle (exercise_id, muscle_id, intensity) VALUES (1348, 2, 10);
# INSERT INTO exercise_muscle (exercise_id, muscle_id, intensity) VALUES (1348, 12, 7);
#
# -- Exercise ID: 1349
# INSERT INTO Exercise (id, title, description, link, equipment_id, training_type_id) VALUES (1349, 'Single Arm Kettlebell Half Kneeling Bent Press', 'Target: Shoulders', 'https://youtu.be/AIMfooNNmvw?si=QCorVlRf7tHTepHu', 15, 6);
# INSERT INTO exercise_muscle (exercise_id, muscle_id, intensity) VALUES (1349, 2, 10);
# INSERT INTO exercise_muscle (exercise_id, muscle_id, intensity) VALUES (1349, 4, 7);
#
# -- Exercise ID: 1350
# INSERT INTO Exercise (id, title, description, link, equipment_id, training_type_id) VALUES (1350, 'Double Clubbell Order Step Up', 'Target: Quadriceps', NULL, 26, 2);
# INSERT INTO exercise_muscle (exercise_id, muscle_id, intensity) VALUES (1350, 13, 10);
# INSERT INTO exercise_muscle (exercise_id, muscle_id, intensity) VALUES (1350, 21, 7);
# INSERT INTO exercise_muscle (exercise_id, muscle_id, intensity) VALUES (1350, 22, 4);
#
# -- Exercise ID: 1351
# INSERT INTO Exercise (id, title, description, link, equipment_id, training_type_id) VALUES (1351, 'Double Clubbell Order Alternating Step Up', 'Target: Quadriceps', NULL, 26, 2);
# INSERT INTO exercise_muscle (exercise_id, muscle_id, intensity) VALUES (1351, 13, 10);
# INSERT INTO exercise_muscle (exercise_id, muscle_id, intensity) VALUES (1351, 21, 7);
# INSERT INTO exercise_muscle (exercise_id, muscle_id, intensity) VALUES (1351, 22, 4);
#
# -- Exercise ID: 1352
# INSERT INTO Exercise (id, title, description, link, equipment_id, training_type_id) VALUES (1352, 'Single Arm Clubbell Order Contralateral Step Up', 'Target: Quadriceps', NULL, 26, 2);
# INSERT INTO exercise_muscle (exercise_id, muscle_id, intensity) VALUES (1352, 13, 10);
# INSERT INTO exercise_muscle (exercise_id, muscle_id, intensity) VALUES (1352, 21, 7);
# INSERT INTO exercise_muscle (exercise_id, muscle_id, intensity) VALUES (1352, 22, 4);
#
# -- Exercise ID: 1353
# INSERT INTO Exercise (id, title, description, link, equipment_id, training_type_id) VALUES (1353, 'Single Arm Clubbell Order Ipsilateral Step Up', 'Target: Quadriceps', NULL, 26, 2);
# INSERT INTO exercise_muscle (exercise_id, muscle_id, intensity) VALUES (1353, 13, 10);
# INSERT INTO exercise_muscle (exercise_id, muscle_id, intensity) VALUES (1353, 21, 7);
# INSERT INTO exercise_muscle (exercise_id, muscle_id, intensity) VALUES (1353, 22, 4);
#
# -- Exercise ID: 1354
# INSERT INTO Exercise (id, title, description, link, equipment_id, training_type_id) VALUES (1354, 'Bar Advanced Tuck Back Lever', 'Target: Abdominals', 'https://youtu.be/ixeU8JtnItE?si=yeqNnWyHu_lYZQay', 16, 4);
# INSERT INTO exercise_muscle (exercise_id, muscle_id, intensity) VALUES (1354, 11, 10);
#
# -- Exercise ID: 1355
# INSERT INTO Exercise (id, title, description, link, equipment_id, training_type_id) VALUES (1355, 'Bar Advanced Tuck Front Lever', 'Target: Abdominals', 'https://youtu.be/ebY8vV7JHQE?si=F6jN3mhs8Z89iWS4', 16, 4);
# INSERT INTO exercise_muscle (exercise_id, muscle_id, intensity) VALUES (1355, 11, 10);
#
# -- Exercise ID: 1356
# INSERT INTO Exercise (id, title, description, link, equipment_id, training_type_id) VALUES (1356, 'Alternating Double Dumbbell Sots Press', 'Target: Shoulders', 'https://youtu.be/YLxytoB3RN4?si=bzXKJBCQCbLTNZhd', 6, 2);
# INSERT INTO exercise_muscle (exercise_id, muscle_id, intensity) VALUES (1356, 2, 10);
# INSERT INTO exercise_muscle (exercise_id, muscle_id, intensity) VALUES (1356, 4, 7);
# INSERT INTO exercise_muscle (exercise_id, muscle_id, intensity) VALUES (1356, 13, 4);
#
# -- Exercise ID: 1357
# INSERT INTO Exercise (id, title, description, link, equipment_id, training_type_id) VALUES (1357, 'Double Dumbbell Seesaw Sots Press', 'Target: Shoulders', NULL, 6, 2);
# INSERT INTO exercise_muscle (exercise_id, muscle_id, intensity) VALUES (1357, 2, 10);
# INSERT INTO exercise_muscle (exercise_id, muscle_id, intensity) VALUES (1357, 4, 7);
# INSERT INTO exercise_muscle (exercise_id, muscle_id, intensity) VALUES (1357, 13, 4);
#
# -- Exercise ID: 1358
# INSERT INTO Exercise (id, title, description, link, equipment_id, training_type_id) VALUES (1358, 'Suspension Single Leg Standing Bent Knee Mid Row', 'Target: Back', 'https://youtu.be/mZJieN2H4PM?si=gtPnQWWttdqNc67H', 11, 12);
# INSERT INTO exercise_muscle (exercise_id, muscle_id, intensity) VALUES (1358, 17, 10);
#
# -- Exercise ID: 1359
# INSERT INTO Exercise (id, title, description, link, equipment_id, training_type_id) VALUES (1359, 'Bar Circle Front Lever', 'Target: Abdominals', 'https://youtu.be/ZiUXNRmnC9o?si=H4E1QFrZ06yPO-Jz', 16, 4);
# INSERT INTO exercise_muscle (exercise_id, muscle_id, intensity) VALUES (1359, 11, 10);
#
# -- Exercise ID: 1360
# INSERT INTO Exercise (id, title, description, link, equipment_id, training_type_id) VALUES (1360, 'Suspension Single Leg Standing Bent Knee Low Row', 'Target: Back', 'https://youtu.be/PaYajo0NIjs?si=BnxQHt0l6HLbbkgL', 11, 12);
# INSERT INTO exercise_muscle (exercise_id, muscle_id, intensity) VALUES (1360, 17, 10);
#
# -- Exercise ID: 1361
# INSERT INTO Exercise (id, title, description, link, equipment_id, training_type_id) VALUES (1361, 'Single Arm Suspension Rotational Row', 'Target: Back', 'https://youtu.be/EOjx-EK_91I?si=RWxX91ZewMkt9AFa', 11, 3);
# INSERT INTO exercise_muscle (exercise_id, muscle_id, intensity) VALUES (1361, 17, 10);
# INSERT INTO exercise_muscle (exercise_id, muscle_id, intensity) VALUES (1361, 8, 7);
#
# -- Exercise ID: 1362
# INSERT INTO Exercise (id, title, description, link, equipment_id, training_type_id) VALUES (1362, 'Alternating Double Indian Club Outer Heart Shaped Swing', 'Target: Shoulders', 'https://youtu.be/3j-GT-SlBj4?si=UkgK_A3tck5Lm2rK', 25, 8);
# INSERT INTO exercise_muscle (exercise_id, muscle_id, intensity) VALUES (1362, 19, 10);
#
# -- Exercise ID: 1363
# INSERT INTO Exercise (id, title, description, link, equipment_id, training_type_id) VALUES (1363, 'Double Indian Club Parallel Swing', 'Target: Shoulders', 'https://youtu.be/nDugTXCHzFY?si=NQvVJIZJswsF1HNn', 25, 8);
# INSERT INTO exercise_muscle (exercise_id, muscle_id, intensity) VALUES (1363, 19, 10);
#
# -- Exercise ID: 1364
# INSERT INTO Exercise (id, title, description, link, equipment_id, training_type_id) VALUES (1364, 'Suspension Feet Elevated Decline Push Up', 'Target: Chest', 'https://youtu.be/rZ2F0Fo1Cts?si=ki-LUP1NvXaLVXL3', 11, 3);
# INSERT INTO exercise_muscle (exercise_id, muscle_id, intensity) VALUES (1364, 7, 10);
# INSERT INTO exercise_muscle (exercise_id, muscle_id, intensity) VALUES (1364, 4, 7);
#
# -- Exercise ID: 1365
# INSERT INTO Exercise (id, title, description, link, equipment_id, training_type_id) VALUES (1365, 'Bar Front Lever Pull to Inverted Hang', 'Target: Abdominals', NULL, 16, 4);
# INSERT INTO exercise_muscle (exercise_id, muscle_id, intensity) VALUES (1365, 11, 10);
#
# -- Exercise ID: 1366
# INSERT INTO Exercise (id, title, description, link, equipment_id, training_type_id) VALUES (1366, 'Bar Full Back Lever', 'Target: Abdominals', 'https://youtu.be/I5pStn4M6AU?si=xYguBx9qhd3Movl6', 16, 4);
# INSERT INTO exercise_muscle (exercise_id, muscle_id, intensity) VALUES (1366, 11, 10);
#
# -- Exercise ID: 1367
# INSERT INTO Exercise (id, title, description, link, equipment_id, training_type_id) VALUES (1367, 'Bar Full Front Lever', 'Target: Abdominals', 'https://youtu.be/1QCwhp_WlEA?si=wXgs8tAgUOVzgUhI', 16, 4);
# INSERT INTO exercise_muscle (exercise_id, muscle_id, intensity) VALUES (1367, 11, 10);
#
# -- Exercise ID: 1368
# INSERT INTO Exercise (id, title, description, link, equipment_id, training_type_id) VALUES (1368, 'Slider Atomic Push Up', 'Target: Chest', 'https://youtu.be/XsU1dAVQ04M?si=xZbKraABgDpY1zUM', 14, 3);
# INSERT INTO exercise_muscle (exercise_id, muscle_id, intensity) VALUES (1368, 7, 10);
# INSERT INTO exercise_muscle (exercise_id, muscle_id, intensity) VALUES (1368, 11, 7);
#
# -- Exercise ID: 1369
# INSERT INTO Exercise (id, title, description, link, equipment_id, training_type_id) VALUES (1369, 'Slider Reach Push Up', 'Target: Chest', 'https://youtu.be/7OwOfbA13Nw?feature=shared', 14, 3);
# INSERT INTO exercise_muscle (exercise_id, muscle_id, intensity) VALUES (1369, 7, 10);
# INSERT INTO exercise_muscle (exercise_id, muscle_id, intensity) VALUES (1369, 4, 7);
#
# -- Exercise ID: 1370
# INSERT INTO Exercise (id, title, description, link, equipment_id, training_type_id) VALUES (1370, 'Bar Half Lay Back Lever', 'Target: Abdominals', 'https://youtu.be/mT2_DYAVu8c?si=shnn4gm9QMQ0x3Y5', 16, 4);
# INSERT INTO exercise_muscle (exercise_id, muscle_id, intensity) VALUES (1370, 11, 10);
#
# -- Exercise ID: 1371
# INSERT INTO Exercise (id, title, description, link, equipment_id, training_type_id) VALUES (1371, 'Bar Half Lay Front Lever', 'Target: Abdominals', 'https://youtu.be/z-zP32fnugI?si=38IL3ATf8aLehR74', 16, 4);
# INSERT INTO exercise_muscle (exercise_id, muscle_id, intensity) VALUES (1371, 11, 10);
#
# -- Exercise ID: 1372
# INSERT INTO Exercise (id, title, description, link, equipment_id, training_type_id) VALUES (1372, 'Bar Hanging Knee Raise', 'Target: Abdominals', 'https://youtu.be/KNzJ3GuIpB8?si=va7oq1yMev2p_dQ2', 16, 3);
# INSERT INTO exercise_muscle (exercise_id, muscle_id, intensity) VALUES (1372, 11, 10);
# INSERT INTO exercise_muscle (exercise_id, muscle_id, intensity) VALUES (1372, 13, 4);
#
# -- Exercise ID: 1373
# INSERT INTO Exercise (id, title, description, link, equipment_id, training_type_id) VALUES (1373, 'Bar Hanging Knees to Elbows', 'Target: Abdominals', 'https://youtu.be/RXM3S7Zu2Uw?si=4iwyfTGqH7LI7GGH', 16, 3);
# INSERT INTO exercise_muscle (exercise_id, muscle_id, intensity) VALUES (1373, 11, 10);
# INSERT INTO exercise_muscle (exercise_id, muscle_id, intensity) VALUES (1373, 13, 4);
#
# -- Exercise ID: 1374
# INSERT INTO Exercise (id, title, description, link, equipment_id, training_type_id) VALUES (1374, 'Bar Hanging Knees to Wrists', 'Target: Abdominals', NULL, 16, 3);
# INSERT INTO exercise_muscle (exercise_id, muscle_id, intensity) VALUES (1374, 11, 10);
# INSERT INTO exercise_muscle (exercise_id, muscle_id, intensity) VALUES (1374, 13, 4);
#
# -- Exercise ID: 1375
# INSERT INTO Exercise (id, title, description, link, equipment_id, training_type_id) VALUES (1375, 'Bar Hanging Leg Raise', 'Target: Abdominals', NULL, 16, 4);
# INSERT INTO exercise_muscle (exercise_id, muscle_id, intensity) VALUES (1375, 11, 10);
# INSERT INTO exercise_muscle (exercise_id, muscle_id, intensity) VALUES (1375, 12, 4);
#
# -- Exercise ID: 1376
# INSERT INTO Exercise (id, title, description, link, equipment_id, training_type_id) VALUES (1376, 'Bar Hanging Leg Raise Toes to Bar', 'Target: Abdominals', 'https://youtu.be/DorviDIom1U?si=2XfdcuS3-lU3h2EQ', 16, 4);
# INSERT INTO exercise_muscle (exercise_id, muscle_id, intensity) VALUES (1376, 11, 10);
# INSERT INTO exercise_muscle (exercise_id, muscle_id, intensity) VALUES (1376, 12, 4);
#
# -- Exercise ID: 1377
# INSERT INTO Exercise (id, title, description, link, equipment_id, training_type_id) VALUES (1377, 'Bar Hanging Oblique Knee Raise', 'Target: Abdominals', 'https://youtu.be/sqDdHFC1KYk?si=VwW9AhJxnFtKqLWf', 16, 3);
# INSERT INTO exercise_muscle (exercise_id, muscle_id, intensity) VALUES (1377, 12, 10);
# INSERT INTO exercise_muscle (exercise_id, muscle_id, intensity) VALUES (1377, 11, 7);
#
# -- Exercise ID: 1378
# INSERT INTO Exercise (id, title, description, link, equipment_id, training_type_id) VALUES (1378, 'Bar Inverted Hang', 'Target: Abdominals', 'https://youtu.be/h7OTCWs5nnI?si=JX5XrUWlWmxqTyHN', 16, 4);
# INSERT INTO exercise_muscle (exercise_id, muscle_id, intensity) VALUES (1378, 11, 10);
#
# -- Exercise ID: 1379
# INSERT INTO Exercise (id, title, description, link, equipment_id, training_type_id) VALUES (1379, 'Bar L Sit Hang Flutter Kicks', 'Target: Abdominals', 'https://youtu.be/MGBT77oSGiA?si=AGhUTOg_vYJNxD4y', 16, 3);
# INSERT INTO exercise_muscle (exercise_id, muscle_id, intensity) VALUES (1379, 11, 10);
#
# -- Exercise ID: 1380
# INSERT INTO Exercise (id, title, description, link, equipment_id, training_type_id) VALUES (1380, 'Single Arm Kettlebell Half Kneeling Ipsilateral Overhead Press', 'Target: Shoulders', 'https://youtu.be/6p9PqTZuhcg?si=nxxkNsm2jrR22MT1', 15, 2);
# INSERT INTO exercise_muscle (exercise_id, muscle_id, intensity) VALUES (1380, 2, 10);
# INSERT INTO exercise_muscle (exercise_id, muscle_id, intensity) VALUES (1380, 4, 7);
#
# -- Exercise ID: 1381
# INSERT INTO Exercise (id, title, description, link, equipment_id, training_type_id) VALUES (1381, 'Suspension Rotational Row', 'Target: Back', NULL, 11, 3);
# INSERT INTO exercise_muscle (exercise_id, muscle_id, intensity) VALUES (1381, 17, 10);
# INSERT INTO exercise_muscle (exercise_id, muscle_id, intensity) VALUES (1381, 8, 7);
# INSERT INTO exercise_muscle (exercise_id, muscle_id, intensity) VALUES (1381, 12, 4);
#
# -- Exercise ID: 1382
# INSERT INTO Exercise (id, title, description, link, equipment_id, training_type_id) VALUES (1382, 'Slider Alternating Reach Push Up', 'Target: Chest', 'https://youtu.be/Rz_FBXCafls?si=wfY5MWfyEHQ-ZbZR', 14, 3);
# INSERT INTO exercise_muscle (exercise_id, muscle_id, intensity) VALUES (1382, 7, 10);
# INSERT INTO exercise_muscle (exercise_id, muscle_id, intensity) VALUES (1382, 4, 7);
#
# -- Exercise ID: 1383
# INSERT INTO Exercise (id, title, description, link, equipment_id, training_type_id) VALUES (1383, 'Alternating Single Arm Landmine Z Press', 'Target: Shoulders', NULL, 19, 2);
# INSERT INTO exercise_muscle (exercise_id, muscle_id, intensity) VALUES (1383, 2, 10);
# INSERT INTO exercise_muscle (exercise_id, muscle_id, intensity) VALUES (1383, 4, 7);
# INSERT INTO exercise_muscle (exercise_id, muscle_id, intensity) VALUES (1383, 11, 4);
#
# -- Exercise ID: 1384
# INSERT INTO Exercise (id, title, description, link, equipment_id, training_type_id) VALUES (1384, 'Single Arm Macebell Bull Whip', 'Target: Shoulders', NULL, 24, 10);
# INSERT INTO exercise_muscle (exercise_id, muscle_id, intensity) VALUES (1384, 19, 10);
# INSERT INTO exercise_muscle (exercise_id, muscle_id, intensity) VALUES (1384, 11, 7);
#
# -- Exercise ID: 1385
# INSERT INTO Exercise (id, title, description, link, equipment_id, training_type_id) VALUES (1385, 'Bar Single Leg Out Back Lever', 'Target: Abdominals', 'https://youtu.be/3M3VxKm08cs?si=dt2GQl57ObWtHdOH', 16, 4);
# INSERT INTO exercise_muscle (exercise_id, muscle_id, intensity) VALUES (1385, 11, 10);
#
# -- Exercise ID: 1386
# INSERT INTO Exercise (id, title, description, link, equipment_id, training_type_id) VALUES (1386, 'Bar Single Leg Out Front Lever', 'Target: Abdominals', 'https://youtu.be/HzcWRdP78Wo?si=l0PzesASSgyca9XI', 16, 4);
# INSERT INTO exercise_muscle (exercise_id, muscle_id, intensity) VALUES (1386, 11, 10);
#
# -- Exercise ID: 1387
# INSERT INTO Exercise (id, title, description, link, equipment_id, training_type_id) VALUES (1387, 'Double Kettlebell Bottoms Up Push Press', 'Target: Shoulders', NULL, 15, 3);
# INSERT INTO exercise_muscle (exercise_id, muscle_id, intensity) VALUES (1387, 2, 10);
# INSERT INTO exercise_muscle (exercise_id, muscle_id, intensity) VALUES (1387, 4, 7);
#
# -- Exercise ID: 1388
# INSERT INTO Exercise (id, title, description, link, equipment_id, training_type_id) VALUES (1388, 'Bar Straddle Back Lever', 'Target: Abdominals', 'https://youtu.be/-H0jvoX9D4U?si=JgYHw7fT5duJS_3Q', 16, 4);
# INSERT INTO exercise_muscle (exercise_id, muscle_id, intensity) VALUES (1388, 11, 10);
#
# -- Exercise ID: 1389
# INSERT INTO Exercise (id, title, description, link, equipment_id, training_type_id) VALUES (1389, 'Bar Straddle Front Lever', 'Target: Abdominals', NULL, 16, 4);
# INSERT INTO exercise_muscle (exercise_id, muscle_id, intensity) VALUES (1389, 11, 10);
#
# -- Exercise ID: 1390
# INSERT INTO Exercise (id, title, description, link, equipment_id, training_type_id) VALUES (1390, 'Alternating Double Kettlebell Bottoms Up Push Press', 'Target: Shoulders', NULL, 15, 3);
# INSERT INTO exercise_muscle (exercise_id, muscle_id, intensity) VALUES (1390, 2, 10);
# INSERT INTO exercise_muscle (exercise_id, muscle_id, intensity) VALUES (1390, 4, 7);
#
# -- Exercise ID: 1391
# INSERT INTO Exercise (id, title, description, link, equipment_id, training_type_id) VALUES (1391, 'Alternating Double Kettlebell Bottoms Up Overhead Press', 'Target: Shoulders', 'https://youtu.be/xjbycsKgqjQ?si=LkTmhk8Js8iT50DU', 15, 3);
# INSERT INTO exercise_muscle (exercise_id, muscle_id, intensity) VALUES (1391, 2, 10);
# INSERT INTO exercise_muscle (exercise_id, muscle_id, intensity) VALUES (1391, 4, 7);
#
# -- Exercise ID: 1392
# INSERT INTO Exercise (id, title, description, link, equipment_id, training_type_id) VALUES (1392, 'Bar Tuck Back Lever', 'Target: Abdominals', 'https://youtu.be/LfyGMZh-Bz4?si=6Cp5HCRlHxaaAXAk', 16, 4);
# INSERT INTO exercise_muscle (exercise_id, muscle_id, intensity) VALUES (1392, 11, 10);
#
# -- Exercise ID: 1393
# INSERT INTO Exercise (id, title, description, link, equipment_id, training_type_id) VALUES (1393, 'Double Kettlebell Bottoms Up Seesaw Overhead Press', 'Target: Shoulders', 'https://youtu.be/HDzbviKeH8A?si=B97qZHv-l5DP5Zwg', 15, 3);
# INSERT INTO exercise_muscle (exercise_id, muscle_id, intensity) VALUES (1393, 2, 10);
# INSERT INTO exercise_muscle (exercise_id, muscle_id, intensity) VALUES (1393, 4, 7);
#
# -- Exercise ID: 1394
# INSERT INTO Exercise (id, title, description, link, equipment_id, training_type_id) VALUES (1394, 'Bar Tuck Front Lever', 'Target: Abdominals', 'https://youtu.be/BDYs4d0-dbs?si=xhEemMS0ZwEdNi-P', 16, 4);
# INSERT INTO exercise_muscle (exercise_id, muscle_id, intensity) VALUES (1394, 11, 10);
#
# -- Exercise ID: 1395
# INSERT INTO Exercise (id, title, description, link, equipment_id, training_type_id) VALUES (1395, 'Double Kettlebell Bottoms Up Half Kneeling Seesaw Overhead Press', 'Target: Shoulders', NULL, 15, 2);
# INSERT INTO exercise_muscle (exercise_id, muscle_id, intensity) VALUES (1395, 2, 10);
# INSERT INTO exercise_muscle (exercise_id, muscle_id, intensity) VALUES (1395, 4, 7);
#
# -- Exercise ID: 1396
# INSERT INTO Exercise (id, title, description, link, equipment_id, training_type_id) VALUES (1396, 'Ring Full Planche Push Up', 'Target: Chest', NULL, 3, 4);
# INSERT INTO exercise_muscle (exercise_id, muscle_id, intensity) VALUES (1396, 7, 10);
# INSERT INTO exercise_muscle (exercise_id, muscle_id, intensity) VALUES (1396, 4, 7);
# INSERT INTO exercise_muscle (exercise_id, muscle_id, intensity) VALUES (1396, 11, 4);
#
# -- Exercise ID: 1397
# INSERT INTO Exercise (id, title, description, link, equipment_id, training_type_id) VALUES (1397, 'Ring Straddle Planche Push Up', 'Target: Chest', NULL, 3, 4);
# INSERT INTO exercise_muscle (exercise_id, muscle_id, intensity) VALUES (1397, 7, 10);
# INSERT INTO exercise_muscle (exercise_id, muscle_id, intensity) VALUES (1397, 4, 7);
# INSERT INTO exercise_muscle (exercise_id, muscle_id, intensity) VALUES (1397, 11, 4);
#
# -- Exercise ID: 1398
# INSERT INTO Exercise (id, title, description, link, equipment_id, training_type_id) VALUES (1398, 'Bodyweight Fingertip Full Planche Push Up', 'Target: Chest', 'https://youtu.be/kw0kXtvOpfU?si=l1qrLXesjuSAv8NK', 2, 4);
# INSERT INTO exercise_muscle (exercise_id, muscle_id, intensity) VALUES (1398, 7, 10);
# INSERT INTO exercise_muscle (exercise_id, muscle_id, intensity) VALUES (1398, 4, 7);
# INSERT INTO exercise_muscle (exercise_id, muscle_id, intensity) VALUES (1398, 11, 4);
#
# -- Exercise ID: 1399
# INSERT INTO Exercise (id, title, description, link, equipment_id, training_type_id) VALUES (1399, 'Parallette Wall Supported Handstand Push Up', 'Target: Shoulders', NULL, 4, 4);
# INSERT INTO exercise_muscle (exercise_id, muscle_id, intensity) VALUES (1399, 2, 10);
# INSERT INTO exercise_muscle (exercise_id, muscle_id, intensity) VALUES (1399, 4, 7);
#
# -- Exercise ID: 1400
# INSERT INTO Exercise (id, title, description, link, equipment_id, training_type_id) VALUES (1400, 'Ring Grip Push Up', 'Target: Chest', 'https://youtu.be/d305HI37Rc0', 3, 4);
# INSERT INTO exercise_muscle (exercise_id, muscle_id, intensity) VALUES (1400, 7, 10);
# INSERT INTO exercise_muscle (exercise_id, muscle_id, intensity) VALUES (1400, 4, 7);
# INSERT INTO exercise_muscle (exercise_id, muscle_id, intensity) VALUES (1400, 2, 4);
#
# -- Exercise ID: 1401
# INSERT INTO Exercise (id, title, description, link, equipment_id, training_type_id) VALUES (1401, 'Single Arm Barbell Overhead Press', 'Target: Shoulders', 'https://youtu.be/Oz--LasDphM?si=JVdkguhnIxf9Ho8X', 12, 2);
# INSERT INTO exercise_muscle (exercise_id, muscle_id, intensity) VALUES (1401, 2, 10);
# INSERT INTO exercise_muscle (exercise_id, muscle_id, intensity) VALUES (1401, 4, 7);
#
# -- Exercise ID: 1402
# INSERT INTO Exercise (id, title, description, link, equipment_id, training_type_id) VALUES (1402, 'Ring Shoulder Stand', 'Target: Shoulders', 'https://youtu.be/_Jf4hAHEwm8', 3, 4);
# INSERT INTO exercise_muscle (exercise_id, muscle_id, intensity) VALUES (1402, 2, 10);
# INSERT INTO exercise_muscle (exercise_id, muscle_id, intensity) VALUES (1402, 4, 7);
# INSERT INTO exercise_muscle (exercise_id, muscle_id, intensity) VALUES (1402, 11, 4);
#
# -- Exercise ID: 1403
# INSERT INTO Exercise (id, title, description, link, equipment_id, training_type_id) VALUES (1403, 'Ring Strap Handstand', 'Target: Shoulders', 'https://youtu.be/3cLo1dWPqis', 3, 4);
# INSERT INTO exercise_muscle (exercise_id, muscle_id, intensity) VALUES (1403, 2, 10);
# INSERT INTO exercise_muscle (exercise_id, muscle_id, intensity) VALUES (1403, 4, 7);
# INSERT INTO exercise_muscle (exercise_id, muscle_id, intensity) VALUES (1403, 11, 4);
#
# -- Exercise ID: 1404
# INSERT INTO Exercise (id, title, description, link, equipment_id, training_type_id) VALUES (1404, 'Ring Handstand', 'Target: Shoulders', 'https://youtu.be/UU2gnuYZYcE', 3, 4);
# INSERT INTO exercise_muscle (exercise_id, muscle_id, intensity) VALUES (1404, 2, 10);
# INSERT INTO exercise_muscle (exercise_id, muscle_id, intensity) VALUES (1404, 4, 7);
# INSERT INTO exercise_muscle (exercise_id, muscle_id, intensity) VALUES (1404, 11, 4);
#
# -- Exercise ID: 1405
# INSERT INTO Exercise (id, title, description, link, equipment_id, training_type_id) VALUES (1405, 'Ring Strap Handstand Push Up', 'Target: Shoulders', 'https://youtu.be/nUt-_d3zP2w', 3, 4);
# INSERT INTO exercise_muscle (exercise_id, muscle_id, intensity) VALUES (1405, 2, 10);
# INSERT INTO exercise_muscle (exercise_id, muscle_id, intensity) VALUES (1405, 4, 7);
#
# -- Exercise ID: 1406
# INSERT INTO Exercise (id, title, description, link, equipment_id, training_type_id) VALUES (1406, 'Bodyweight Straddle Press Handstand', 'Target: Shoulders', 'https://youtu.be/olR47A-UOYU?si=XvqzFclDvXSJPmsi', 2, 4);
# INSERT INTO exercise_muscle (exercise_id, muscle_id, intensity) VALUES (1406, 2, 10);
# INSERT INTO exercise_muscle (exercise_id, muscle_id, intensity) VALUES (1406, 4, 7);
#
# -- Exercise ID: 1407
# INSERT INTO Exercise (id, title, description, link, equipment_id, training_type_id) VALUES (1407, 'Bodyweight Alternating Step Up', 'Target: Quadriceps', 'https://youtu.be/lUSmIRNqt9w?si=2Uzz5dQAroAGZKAK', 2, 4);
# INSERT INTO exercise_muscle (exercise_id, muscle_id, intensity) VALUES (1407, 13, 10);
# INSERT INTO exercise_muscle (exercise_id, muscle_id, intensity) VALUES (1407, 21, 7);
# INSERT INTO exercise_muscle (exercise_id, muscle_id, intensity) VALUES (1407, 22, 4);
#
# -- Exercise ID: 1408
# INSERT INTO Exercise (id, title, description, link, equipment_id, training_type_id) VALUES (1408, 'Bodyweight Step Up', 'Target: Quadriceps', 'https://youtu.be/V9ButqpLLcw?si=W7rot5ocLsfGP3zd', 2, 4);
# INSERT INTO exercise_muscle (exercise_id, muscle_id, intensity) VALUES (1408, 13, 10);
# INSERT INTO exercise_muscle (exercise_id, muscle_id, intensity) VALUES (1408, 21, 7);
# INSERT INTO exercise_muscle (exercise_id, muscle_id, intensity) VALUES (1408, 22, 4);
#
# -- Exercise ID: 1409
# INSERT INTO Exercise (id, title, description, link, equipment_id, training_type_id) VALUES (1409, 'Macebell Order Cossack Squat', 'Target: Quadriceps', NULL, 24, 2);
# INSERT INTO exercise_muscle (exercise_id, muscle_id, intensity) VALUES (1409, 13, 10);
# INSERT INTO exercise_muscle (exercise_id, muscle_id, intensity) VALUES (1409, 14, 7);
# INSERT INTO exercise_muscle (exercise_id, muscle_id, intensity) VALUES (1409, 21, 4);
#
# -- Exercise ID: 1410
# INSERT INTO Exercise (id, title, description, link, equipment_id, training_type_id) VALUES (1410, 'Macebell Order Alternating Cossack Squat', 'Target: Quadriceps', NULL, 24, 2);
# INSERT INTO exercise_muscle (exercise_id, muscle_id, intensity) VALUES (1410, 13, 10);
# INSERT INTO exercise_muscle (exercise_id, muscle_id, intensity) VALUES (1410, 14, 7);
# INSERT INTO exercise_muscle (exercise_id, muscle_id, intensity) VALUES (1410, 21, 4);
#
# -- Exercise ID: 1411
# INSERT INTO Exercise (id, title, description, link, equipment_id, training_type_id) VALUES (1411, 'Macebell Order Low Switch Cossack Squat', 'Target: Quadriceps', NULL, 24, 2);
# INSERT INTO exercise_muscle (exercise_id, muscle_id, intensity) VALUES (1411, 13, 10);
# INSERT INTO exercise_muscle (exercise_id, muscle_id, intensity) VALUES (1411, 14, 7);
# INSERT INTO exercise_muscle (exercise_id, muscle_id, intensity) VALUES (1411, 21, 4);
#
# -- Exercise ID: 1412
# INSERT INTO Exercise (id, title, description, link, equipment_id, training_type_id) VALUES (1412, 'Macebell Order Foot Elevated Cossack Squat', 'Target: Quadriceps', NULL, 24, 2);
# INSERT INTO exercise_muscle (exercise_id, muscle_id, intensity) VALUES (1412, 13, 10);
# INSERT INTO exercise_muscle (exercise_id, muscle_id, intensity) VALUES (1412, 14, 7);
# INSERT INTO exercise_muscle (exercise_id, muscle_id, intensity) VALUES (1412, 21, 4);
#
# -- Exercise ID: 1413
# INSERT INTO Exercise (id, title, description, link, equipment_id, training_type_id) VALUES (1413, 'Bodyweight Pike Press Handstand', 'Target: Shoulders', 'https://youtu.be/5qjQF8Bwk9Y?si=hKn5hERkDvTWUSxe', 2, 4);
# INSERT INTO exercise_muscle (exercise_id, muscle_id, intensity) VALUES (1413, 2, 10);
# INSERT INTO exercise_muscle (exercise_id, muscle_id, intensity) VALUES (1413, 4, 7);
#
# -- Exercise ID: 1414
# INSERT INTO Exercise (id, title, description, link, equipment_id, training_type_id) VALUES (1414, 'Parallette L Sit to Straddle Press Handstand', 'Target: Shoulders', 'https://youtu.be/Hx31luas38Q', 4, 4);
# INSERT INTO exercise_muscle (exercise_id, muscle_id, intensity) VALUES (1414, 2, 10);
# INSERT INTO exercise_muscle (exercise_id, muscle_id, intensity) VALUES (1414, 4, 7);
#
# -- Exercise ID: 1415
# INSERT INTO Exercise (id, title, description, link, equipment_id, training_type_id) VALUES (1415, 'Parallette L Sit to Pike Press Handstand', 'Target: Shoulders', 'https://youtu.be/_cObaNpz7Qo', 4, 4);
# INSERT INTO exercise_muscle (exercise_id, muscle_id, intensity) VALUES (1415, 2, 10);
# INSERT INTO exercise_muscle (exercise_id, muscle_id, intensity) VALUES (1415, 4, 7);
# INSERT INTO exercise_muscle (exercise_id, muscle_id, intensity) VALUES (1415, 11, 4);
#
# -- Exercise ID: 1416
# INSERT INTO Exercise (id, title, description, link, equipment_id, training_type_id) VALUES (1416, 'Heavy Sandbag Clean to Push Press', 'Target: Shoulders', 'https://youtu.be/AVH3_x1LZA4?si=xUfQv7BiQgAH0riW', 35, 3);
# INSERT INTO exercise_muscle (exercise_id, muscle_id, intensity) VALUES (1416, 2, 10);
# INSERT INTO exercise_muscle (exercise_id, muscle_id, intensity) VALUES (1416, 4, 7);
# INSERT INTO exercise_muscle (exercise_id, muscle_id, intensity) VALUES (1416, 21, 4);
#
# -- Exercise ID: 1417
# INSERT INTO Exercise (id, title, description, link, equipment_id, training_type_id) VALUES (1417, 'Ring Tuck Front Lever Pull Up', 'Target: Back', 'https://youtu.be/7gLyX3Q1KJA', 3, 4);
# INSERT INTO exercise_muscle (exercise_id, muscle_id, intensity) VALUES (1417, 17, 10);
#
# -- Exercise ID: 1418
# INSERT INTO Exercise (id, title, description, link, equipment_id, training_type_id) VALUES (1418, 'Ring Advanced Tuck Front Lever Pull Up', 'Target: Back', NULL, 3, 4);
# INSERT INTO exercise_muscle (exercise_id, muscle_id, intensity) VALUES (1418, 17, 10);
#
# -- Exercise ID: 1419
# INSERT INTO Exercise (id, title, description, link, equipment_id, training_type_id) VALUES (1419, 'Double Kettlebell Suitcase Walking Lunge', 'Target: Quadriceps', 'https://youtu.be/OFSepehKEsg?si=cACSI6X-vniOrBik', 15, 2);
# INSERT INTO exercise_muscle (exercise_id, muscle_id, intensity) VALUES (1419, 13, 10);
# INSERT INTO exercise_muscle (exercise_id, muscle_id, intensity) VALUES (1419, 21, 7);
# INSERT INTO exercise_muscle (exercise_id, muscle_id, intensity) VALUES (1419, 22, 4);
#
# -- Exercise ID: 1420
# INSERT INTO Exercise (id, title, description, link, equipment_id, training_type_id) VALUES (1420, 'Double Clubbell Order March', 'Target: Hip Flexors', NULL, 26, 12);
# INSERT INTO exercise_muscle (exercise_id, muscle_id, intensity) VALUES (1420, 11, 10);
# INSERT INTO exercise_muscle (exercise_id, muscle_id, intensity) VALUES (1420, 15, 4);
#
# -- Exercise ID: 1421
# INSERT INTO Exercise (id, title, description, link, equipment_id, training_type_id) VALUES (1421, 'Single Arm Clubbell Order March', 'Target: Hip Flexors', NULL, 26, 12);
# INSERT INTO exercise_muscle (exercise_id, muscle_id, intensity) VALUES (1421, 11, 10);
# INSERT INTO exercise_muscle (exercise_id, muscle_id, intensity) VALUES (1421, 15, 4);
#
# -- Exercise ID: 1422
# INSERT INTO Exercise (id, title, description, link, equipment_id, training_type_id) VALUES (1422, 'Ring Straddle Front Lever Pull Up', 'Target: Back', NULL, 3, 4);
# INSERT INTO exercise_muscle (exercise_id, muscle_id, intensity) VALUES (1422, 17, 10);
#
# -- Exercise ID: 1423
# INSERT INTO Exercise (id, title, description, link, equipment_id, training_type_id) VALUES (1423, 'Single Arm Ring Push Up', 'Target: Chest', 'https://youtu.be/9sjQEtGoScA', 3, 4);
# INSERT INTO exercise_muscle (exercise_id, muscle_id, intensity) VALUES (1423, 7, 10);
# INSERT INTO exercise_muscle (exercise_id, muscle_id, intensity) VALUES (1423, 4, 7);
#
# -- Exercise ID: 1424
# INSERT INTO Exercise (id, title, description, link, equipment_id, training_type_id) VALUES (1424, 'Ring L Sit Muscle Up', 'Target: Back', 'https://youtu.be/CP4kwFLxRYg', 3, 4);
# INSERT INTO exercise_muscle (exercise_id, muscle_id, intensity) VALUES (1424, 17, 10);
# INSERT INTO exercise_muscle (exercise_id, muscle_id, intensity) VALUES (1424, 4, 7);
# INSERT INTO exercise_muscle (exercise_id, muscle_id, intensity) VALUES (1424, 11, 4);
#
# -- Exercise ID: 1425
# INSERT INTO Exercise (id, title, description, link, equipment_id, training_type_id) VALUES (1425, 'Ring Strict Muscle Up', 'Target: Back', 'https://youtu.be/vJTJFc2wmk4', 3, 4);
# INSERT INTO exercise_muscle (exercise_id, muscle_id, intensity) VALUES (1425, 17, 10);
# INSERT INTO exercise_muscle (exercise_id, muscle_id, intensity) VALUES (1425, 4, 7);
# INSERT INTO exercise_muscle (exercise_id, muscle_id, intensity) VALUES (1425, 8, 4);
#
# -- Exercise ID: 1426
# INSERT INTO Exercise (id, title, description, link, equipment_id, training_type_id) VALUES (1426, 'Single Arm Kettlebell Suitcase Walking Lunge', 'Target: Quadriceps', 'https://youtu.be/ojCvehn5SjY?si=tdD_tXPCt_VXy9h3', 15, 2);
# INSERT INTO exercise_muscle (exercise_id, muscle_id, intensity) VALUES (1426, 13, 10);
# INSERT INTO exercise_muscle (exercise_id, muscle_id, intensity) VALUES (1426, 4, 7);
# INSERT INTO exercise_muscle (exercise_id, muscle_id, intensity) VALUES (1426, 22, 4);
#
# -- Exercise ID: 1427
# INSERT INTO Exercise (id, title, description, link, equipment_id, training_type_id) VALUES (1427, 'Single Arm Kettlebell Front Rack Walking Lunge', 'Target: Quadriceps', 'https://youtu.be/9C-hKwyOaE4?si=SpYmw0aHIO29g-Cj', 15, 2);
# INSERT INTO exercise_muscle (exercise_id, muscle_id, intensity) VALUES (1427, 13, 10);
# INSERT INTO exercise_muscle (exercise_id, muscle_id, intensity) VALUES (1427, 21, 7);
# INSERT INTO exercise_muscle (exercise_id, muscle_id, intensity) VALUES (1427, 22, 4);
#
# -- Exercise ID: 1428
# INSERT INTO Exercise (id, title, description, link, equipment_id, training_type_id) VALUES (1428, 'Single Arm Kettlebell Overhead Walking Lunge', 'Target: Quadriceps', 'https://youtu.be/ApTlAc-7lGY?si=SjnB0ffZ9Ws6qo9D', 15, 2);
# INSERT INTO exercise_muscle (exercise_id, muscle_id, intensity) VALUES (1428, 13, 10);
# INSERT INTO exercise_muscle (exercise_id, muscle_id, intensity) VALUES (1428, 21, 7);
# INSERT INTO exercise_muscle (exercise_id, muscle_id, intensity) VALUES (1428, 22, 4);
#
# -- Exercise ID: 1429
# INSERT INTO Exercise (id, title, description, link, equipment_id, training_type_id) VALUES (1429, 'Single Arm Kettlebell Bottoms Up Overhead Walking Lunge', 'Target: Quadriceps', 'https://youtu.be/0D5CejWdGE4?feature=shared', 15, 2);
# INSERT INTO exercise_muscle (exercise_id, muscle_id, intensity) VALUES (1429, 13, 10);
# INSERT INTO exercise_muscle (exercise_id, muscle_id, intensity) VALUES (1429, 21, 7);
# INSERT INTO exercise_muscle (exercise_id, muscle_id, intensity) VALUES (1429, 22, 4);
#
# -- Exercise ID: 1430
# INSERT INTO Exercise (id, title, description, link, equipment_id, training_type_id) VALUES (1430, 'Single Arm Landmine Split Squat Isometric Shoulder Press', 'Target: Shoulders', NULL, 19, 12);
# INSERT INTO exercise_muscle (exercise_id, muscle_id, intensity) VALUES (1430, 2, 10);
#
# -- Exercise ID: 1431
# INSERT INTO Exercise (id, title, description, link, equipment_id, training_type_id) VALUES (1431, 'Single Arm Clubbell Inside Pendulum to Outside Pendulum', 'Target: Abdominals', 'https://youtu.be/eIkqXJ5d7V4?si=wMNBiWYPBNkNHefs', 26, 10);
# INSERT INTO exercise_muscle (exercise_id, muscle_id, intensity) VALUES (1431, 12, 10);
# INSERT INTO exercise_muscle (exercise_id, muscle_id, intensity) VALUES (1431, 21, 7);
#
# -- Exercise ID: 1432
# INSERT INTO Exercise (id, title, description, link, equipment_id, training_type_id) VALUES (1432, 'Clubbell Inside Pendulum', 'Target: Abdominals', 'https://youtu.be/KPxWt4X3CYQ?si=LHuzEfvY58pZcQ4P', 26, 10);
# INSERT INTO exercise_muscle (exercise_id, muscle_id, intensity) VALUES (1432, 12, 10);
# INSERT INTO exercise_muscle (exercise_id, muscle_id, intensity) VALUES (1432, 21, 7);
#
# -- Exercise ID: 1433
# INSERT INTO Exercise (id, title, description, link, equipment_id, training_type_id) VALUES (1433, 'Clubbell Inside Pendulum to Outside Pendulum', 'Target: Abdominals', 'https://youtu.be/GULjXPS_ba4?si=tEzS4-HdvzA8fx13', 26, 10);
# INSERT INTO exercise_muscle (exercise_id, muscle_id, intensity) VALUES (1433, 12, 10);
# INSERT INTO exercise_muscle (exercise_id, muscle_id, intensity) VALUES (1433, 21, 7);
#
# -- Exercise ID: 1434
# INSERT INTO Exercise (id, title, description, link, equipment_id, training_type_id) VALUES (1434, 'Single Arm Clubbell Outside Circle', 'Target: Abdominals', 'https://youtu.be/66BuPCRIPdg?si=SSDiysrTJUP0RpMQ', 26, 10);
# INSERT INTO exercise_muscle (exercise_id, muscle_id, intensity) VALUES (1434, 11, 10);
# INSERT INTO exercise_muscle (exercise_id, muscle_id, intensity) VALUES (1434, 21, 7);
# INSERT INTO exercise_muscle (exercise_id, muscle_id, intensity) VALUES (1434, 10, 4);
#
# -- Exercise ID: 1435
# INSERT INTO Exercise (id, title, description, link, equipment_id, training_type_id) VALUES (1435, 'Alternating Double Clubbell Outside Circle', 'Target: Abdominals', 'https://youtu.be/5kSlzeUzVUU?si=lw7yT3UxjoIb6l5U', 26, 10);
# INSERT INTO exercise_muscle (exercise_id, muscle_id, intensity) VALUES (1435, 11, 10);
# INSERT INTO exercise_muscle (exercise_id, muscle_id, intensity) VALUES (1435, 21, 7);
# INSERT INTO exercise_muscle (exercise_id, muscle_id, intensity) VALUES (1435, 10, 4);
#
# -- Exercise ID: 1436
# INSERT INTO Exercise (id, title, description, link, equipment_id, training_type_id) VALUES (1436, 'Double Clubbell Inside Circle to Outside Circle', 'Target: Abdominals', 'https://youtu.be/olY-kqcOHDM?si=ArgXh53D_rsysMnR', 26, 10);
# INSERT INTO exercise_muscle (exercise_id, muscle_id, intensity) VALUES (1436, 11, 10);
# INSERT INTO exercise_muscle (exercise_id, muscle_id, intensity) VALUES (1436, 21, 7);
# INSERT INTO exercise_muscle (exercise_id, muscle_id, intensity) VALUES (1436, 10, 4);
#
# -- Exercise ID: 1437
# INSERT INTO Exercise (id, title, description, link, equipment_id, training_type_id) VALUES (1437, 'Single Arm Kettlebell Bottoms Up Front Rack Squat', 'Target: Quadriceps', NULL, 15, 2);
# INSERT INTO exercise_muscle (exercise_id, muscle_id, intensity) VALUES (1437, 13, 10);
# INSERT INTO exercise_muscle (exercise_id, muscle_id, intensity) VALUES (1437, 21, 7);
#
# -- Exercise ID: 1438
# INSERT INTO Exercise (id, title, description, link, equipment_id, training_type_id) VALUES (1438, 'Kettlebell Romanian Deadlift', 'Target: Hamstrings', 'https://youtu.be/keiZFdUgvKQ?si=dkMliNkbyV8fodl2', 15, 2);
# INSERT INTO exercise_muscle (exercise_id, muscle_id, intensity) VALUES (1438, 22, 10);
# INSERT INTO exercise_muscle (exercise_id, muscle_id, intensity) VALUES (1438, 21, 7);
# INSERT INTO exercise_muscle (exercise_id, muscle_id, intensity) VALUES (1438, 20, 4);
#
# -- Exercise ID: 1439
# INSERT INTO Exercise (id, title, description, link, equipment_id, training_type_id) VALUES (1439, 'Barbell Snatch Balance', 'Target: Quadriceps', 'https://youtu.be/XuFaD1sAVGI?si=TR-XC6iaJP514gda', 12, 11);
# INSERT INTO exercise_muscle (exercise_id, muscle_id, intensity) VALUES (1439, 13, 10);
# INSERT INTO exercise_muscle (exercise_id, muscle_id, intensity) VALUES (1439, 21, 7);
#
# -- Exercise ID: 1440
# INSERT INTO Exercise (id, title, description, link, equipment_id, training_type_id) VALUES (1440, 'Parallette Straddle Press to Handstand', 'Target: Shoulders', 'https://youtu.be/DRYQDMUVgYE', 4, 4);
# INSERT INTO exercise_muscle (exercise_id, muscle_id, intensity) VALUES (1440, 2, 10);
# INSERT INTO exercise_muscle (exercise_id, muscle_id, intensity) VALUES (1440, 4, 7);
#
# -- Exercise ID: 1441
# INSERT INTO Exercise (id, title, description, link, equipment_id, training_type_id) VALUES (1441, 'Double Dumbbell Suitcase March', 'Target: Hip Flexors', 'https://youtu.be/Yz0g3nK0UH8?si=uzYt2n3dgbhVRnnW', 6, 12);
# INSERT INTO exercise_muscle (exercise_id, muscle_id, intensity) VALUES (1441, 11, 10);
# INSERT INTO exercise_muscle (exercise_id, muscle_id, intensity) VALUES (1441, 15, 4);
#
# -- Exercise ID: 1442
# INSERT INTO Exercise (id, title, description, link, equipment_id, training_type_id) VALUES (1442, 'Single Arm Dumbbell Suitcase March', 'Target: Hip Flexors', 'https://youtu.be/l5n8bNkwXFo?si=N5Nmp5n6RrmLD2uu', 6, 12);
# INSERT INTO exercise_muscle (exercise_id, muscle_id, intensity) VALUES (1442, 11, 10);
# INSERT INTO exercise_muscle (exercise_id, muscle_id, intensity) VALUES (1442, 15, 4);
#
# -- Exercise ID: 1443
# INSERT INTO Exercise (id, title, description, link, equipment_id, training_type_id) VALUES (1443, 'Double Dumbbell Front Rack March', 'Target: Hip Flexors', 'https://youtu.be/46yupJpHPBM?feature=shared', 6, 12);
# INSERT INTO exercise_muscle (exercise_id, muscle_id, intensity) VALUES (1443, 11, 10);
# INSERT INTO exercise_muscle (exercise_id, muscle_id, intensity) VALUES (1443, 15, 4);
#
# -- Exercise ID: 1444
# INSERT INTO Exercise (id, title, description, link, equipment_id, training_type_id) VALUES (1444, 'Single Arm Dumbbell Front Rack March', 'Target: Hip Flexors', 'https://youtu.be/x_pMZHT1PJI?si=gXaoVxcFe0j1mtPQ', 6, 12);
# INSERT INTO exercise_muscle (exercise_id, muscle_id, intensity) VALUES (1444, 11, 10);
# INSERT INTO exercise_muscle (exercise_id, muscle_id, intensity) VALUES (1444, 15, 4);
#
# -- Exercise ID: 1445
# INSERT INTO Exercise (id, title, description, link, equipment_id, training_type_id) VALUES (1445, 'Double Dumbbell Overhead March', 'Target: Hip Flexors', 'https://youtu.be/Iqc40RmX2t8?si=6XNRQXHsREEsYjGr', 6, 12);
# INSERT INTO exercise_muscle (exercise_id, muscle_id, intensity) VALUES (1445, 11, 10);
# INSERT INTO exercise_muscle (exercise_id, muscle_id, intensity) VALUES (1445, 15, 4);
#
# -- Exercise ID: 1446
# INSERT INTO Exercise (id, title, description, link, equipment_id, training_type_id) VALUES (1446, 'Single Arm Dumbbell Overhead March', 'Target: Hip Flexors', 'https://youtu.be/6Yw94hTsI2s?si=oPrzNDtNw4g-Xhy-', 6, 12);
# INSERT INTO exercise_muscle (exercise_id, muscle_id, intensity) VALUES (1446, 11, 10);
# INSERT INTO exercise_muscle (exercise_id, muscle_id, intensity) VALUES (1446, 15, 4);
#
# -- Exercise ID: 1447
# INSERT INTO Exercise (id, title, description, link, equipment_id, training_type_id) VALUES (1447, 'Barbell Front Rack March', 'Target: Hip Flexors', 'https://youtu.be/dSSBwrzbtGI?feature=shared', 12, 12);
# INSERT INTO exercise_muscle (exercise_id, muscle_id, intensity) VALUES (1447, 11, 10);
# INSERT INTO exercise_muscle (exercise_id, muscle_id, intensity) VALUES (1447, 15, 4);
#
# -- Exercise ID: 1448
# INSERT INTO Exercise (id, title, description, link, equipment_id, training_type_id) VALUES (1448, 'Barbell Back Rack March', 'Target: Hip Flexors', 'https://youtu.be/QF_3mIHjVqw?si=Auzs6S93LYtOrOtw', 12, 12);
# INSERT INTO exercise_muscle (exercise_id, muscle_id, intensity) VALUES (1448, 11, 10);
# INSERT INTO exercise_muscle (exercise_id, muscle_id, intensity) VALUES (1448, 15, 4);
#
# -- Exercise ID: 1449
# INSERT INTO Exercise (id, title, description, link, equipment_id, training_type_id) VALUES (1449, 'Barbell Back Rack Alternating Forward Lunge', 'Target: Quadriceps', 'https://youtu.be/H8YHDNCH5-o?si=niOwS0JaOXdOT4Ip', 12, 2);
# INSERT INTO exercise_muscle (exercise_id, muscle_id, intensity) VALUES (1449, 13, 10);
# INSERT INTO exercise_muscle (exercise_id, muscle_id, intensity) VALUES (1449, 21, 7);
# INSERT INTO exercise_muscle (exercise_id, muscle_id, intensity) VALUES (1449, 22, 4);
#
# -- Exercise ID: 1450
# INSERT INTO Exercise (id, title, description, link, equipment_id, training_type_id) VALUES (1450, 'Barbell Back Rack Alternating Reverse Lunge', 'Target: Quadriceps', 'https://youtu.be/fP3L8yqDaYo?si=xq03w4XotIlArOk3', 12, 2);
# INSERT INTO exercise_muscle (exercise_id, muscle_id, intensity) VALUES (1450, 13, 10);
# INSERT INTO exercise_muscle (exercise_id, muscle_id, intensity) VALUES (1450, 21, 7);
# INSERT INTO exercise_muscle (exercise_id, muscle_id, intensity) VALUES (1450, 22, 4);
#
# -- Exercise ID: 1451
# INSERT INTO Exercise (id, title, description, link, equipment_id, training_type_id) VALUES (1451, 'Barbell Overhead Alternating Lateral Lunge', 'Target: Quadriceps', NULL, 12, 2);
# INSERT INTO exercise_muscle (exercise_id, muscle_id, intensity) VALUES (1451, 13, 10);
# INSERT INTO exercise_muscle (exercise_id, muscle_id, intensity) VALUES (1451, 21, 7);
# INSERT INTO exercise_muscle (exercise_id, muscle_id, intensity) VALUES (1451, 14, 4);
#
# -- Exercise ID: 1452
# INSERT INTO Exercise (id, title, description, link, equipment_id, training_type_id) VALUES (1452, 'Barbell Front Rack Alternating Lateral Lunge', 'Target: Quadriceps', NULL, 12, 2);
# INSERT INTO exercise_muscle (exercise_id, muscle_id, intensity) VALUES (1452, 13, 10);
# INSERT INTO exercise_muscle (exercise_id, muscle_id, intensity) VALUES (1452, 21, 7);
# INSERT INTO exercise_muscle (exercise_id, muscle_id, intensity) VALUES (1452, 14, 4);
#
# -- Exercise ID: 1453
# INSERT INTO Exercise (id, title, description, link, equipment_id, training_type_id) VALUES (1453, 'Barbell Back Rack Alternating Lateral Lunge', 'Target: Quadriceps', NULL, 12, 2);
# INSERT INTO exercise_muscle (exercise_id, muscle_id, intensity) VALUES (1453, 13, 10);
# INSERT INTO exercise_muscle (exercise_id, muscle_id, intensity) VALUES (1453, 21, 7);
# INSERT INTO exercise_muscle (exercise_id, muscle_id, intensity) VALUES (1453, 14, 4);
#
# -- Exercise ID: 1454
# INSERT INTO Exercise (id, title, description, link, equipment_id, training_type_id) VALUES (1454, 'Kettlebell Single Leg Romanian Deadlift', 'Target: Hamstrings', NULL, 15, 2);
# INSERT INTO exercise_muscle (exercise_id, muscle_id, intensity) VALUES (1454, 22, 10);
# INSERT INTO exercise_muscle (exercise_id, muscle_id, intensity) VALUES (1454, 21, 7);
# INSERT INTO exercise_muscle (exercise_id, muscle_id, intensity) VALUES (1454, 12, 4);
#
# -- Exercise ID: 1455
# INSERT INTO Exercise (id, title, description, link, equipment_id, training_type_id) VALUES (1455, 'Single Arm Ring Eccentric Chin Up', 'Target: Biceps', 'https://youtu.be/Vg0K1uuNQLI', 3, 4);
# INSERT INTO exercise_muscle (exercise_id, muscle_id, intensity) VALUES (1455, 8, 10);
# INSERT INTO exercise_muscle (exercise_id, muscle_id, intensity) VALUES (1455, 17, 7);
#
# -- Exercise ID: 1456
# INSERT INTO Exercise (id, title, description, link, equipment_id, training_type_id) VALUES (1456, 'Parallette Freestanding Handstand', 'Target: Shoulders', 'https://youtu.be/Qoyxwu0i5Og?si=v6_bUX0l76eWrYRZ', 4, 4);
# INSERT INTO exercise_muscle (exercise_id, muscle_id, intensity) VALUES (1456, 2, 10);
#
# -- Exercise ID: 1457
# INSERT INTO Exercise (id, title, description, link, equipment_id, training_type_id) VALUES (1457, 'Ring Gironda Sternum Chin Up', 'Target: Biceps', 'https://youtu.be/STqWO-kYEnw', 3, 4);
# INSERT INTO exercise_muscle (exercise_id, muscle_id, intensity) VALUES (1457, 8, 10);
# INSERT INTO exercise_muscle (exercise_id, muscle_id, intensity) VALUES (1457, 17, 7);
#
# -- Exercise ID: 1458
# INSERT INTO Exercise (id, title, description, link, equipment_id, training_type_id) VALUES (1458, 'Single Arm Kettlebell Front Rack Contralateral Pistol Squat', 'Target: Quadriceps', NULL, 15, 12);
# INSERT INTO exercise_muscle (exercise_id, muscle_id, intensity) VALUES (1458, 13, 10);
# INSERT INTO exercise_muscle (exercise_id, muscle_id, intensity) VALUES (1458, 21, 7);
#
# -- Exercise ID: 1459
# INSERT INTO Exercise (id, title, description, link, equipment_id, training_type_id) VALUES (1459, 'Single Arm Kettlebell Front Rack Ipsilateral Pistol Squat', 'Target: Quadriceps', 'https://youtu.be/RHj4ErHsJAw?si=ZUMLXqjq5pmMSAf_', 15, 12);
# INSERT INTO exercise_muscle (exercise_id, muscle_id, intensity) VALUES (1459, 13, 10);
# INSERT INTO exercise_muscle (exercise_id, muscle_id, intensity) VALUES (1459, 21, 7);
#
# -- Exercise ID: 1460
# INSERT INTO Exercise (id, title, description, link, equipment_id, training_type_id) VALUES (1460, 'Single Arm Kettlebell Bottoms Up Front Rack Contralateral Pistol Squat', 'Target: Quadriceps', NULL, 15, 12);
# INSERT INTO exercise_muscle (exercise_id, muscle_id, intensity) VALUES (1460, 13, 10);
# INSERT INTO exercise_muscle (exercise_id, muscle_id, intensity) VALUES (1460, 21, 7);
#
# -- Exercise ID: 1461
# INSERT INTO Exercise (id, title, description, link, equipment_id, training_type_id) VALUES (1461, 'Single Arm Kettlebell Bottoms Up Front Rack Ipsilateral Pistol Squat', 'Target: Quadriceps', NULL, 15, 12);
# INSERT INTO exercise_muscle (exercise_id, muscle_id, intensity) VALUES (1461, 13, 10);
# INSERT INTO exercise_muscle (exercise_id, muscle_id, intensity) VALUES (1461, 21, 7);
#
# -- Exercise ID: 1462
# INSERT INTO Exercise (id, title, description, link, equipment_id, training_type_id) VALUES (1462, 'Kettlebell Horn Grip Pistol Squat', 'Target: Quadriceps', 'https://youtu.be/L0S7ATOR1Rw?si=KpjiKwE_QaiTxnfw', 15, 12);
# INSERT INTO exercise_muscle (exercise_id, muscle_id, intensity) VALUES (1462, 13, 10);
# INSERT INTO exercise_muscle (exercise_id, muscle_id, intensity) VALUES (1462, 21, 7);
#
# -- Exercise ID: 1463
# INSERT INTO Exercise (id, title, description, link, equipment_id, training_type_id) VALUES (1463, 'Single Arm Kettlebell Overhead Contralateral Pistol Squat', 'Target: Quadriceps', NULL, 15, 12);
# INSERT INTO exercise_muscle (exercise_id, muscle_id, intensity) VALUES (1463, 13, 10);
# INSERT INTO exercise_muscle (exercise_id, muscle_id, intensity) VALUES (1463, 21, 7);
#
# -- Exercise ID: 1464
# INSERT INTO Exercise (id, title, description, link, equipment_id, training_type_id) VALUES (1464, 'Single Arm Kettlebell Overhead Ipsilateral Pistol Squat', 'Target: Quadriceps', NULL, 15, 12);
# INSERT INTO exercise_muscle (exercise_id, muscle_id, intensity) VALUES (1464, 13, 10);
# INSERT INTO exercise_muscle (exercise_id, muscle_id, intensity) VALUES (1464, 21, 7);
#
# -- Exercise ID: 1465
# INSERT INTO Exercise (id, title, description, link, equipment_id, training_type_id) VALUES (1465, 'Single Arm Kettlebell Bottoms Up Overhead Contralateral Pistol Squat', 'Target: Quadriceps', NULL, 15, 12);
# INSERT INTO exercise_muscle (exercise_id, muscle_id, intensity) VALUES (1465, 13, 10);
# INSERT INTO exercise_muscle (exercise_id, muscle_id, intensity) VALUES (1465, 21, 7);
#
# -- Exercise ID: 1466
# INSERT INTO Exercise (id, title, description, link, equipment_id, training_type_id) VALUES (1466, 'Single Arm Kettlebell Bottoms Up Overhead Ipsilateral Pistol Squat', 'Target: Quadriceps', NULL, 15, 12);
# INSERT INTO exercise_muscle (exercise_id, muscle_id, intensity) VALUES (1466, 13, 10);
# INSERT INTO exercise_muscle (exercise_id, muscle_id, intensity) VALUES (1466, 21, 7);
#
# -- Exercise ID: 1467
# INSERT INTO Exercise (id, title, description, link, equipment_id, training_type_id) VALUES (1467, 'Double Kettlebell L Sit', 'Target: Abdominals', 'https://youtu.be/AOjVLnxbmHU?si=LVrFAJ6HK8bfJmCb', 15, 4);
# INSERT INTO exercise_muscle (exercise_id, muscle_id, intensity) VALUES (1467, 11, 10);
#
# -- Exercise ID: 1468
# INSERT INTO Exercise (id, title, description, link, equipment_id, training_type_id) VALUES (1468, 'Double Kettlebell L Sit Lift Over', 'Target: Abdominals', 'https://youtu.be/FNsKwVfAF2A?si=ZLDbQY35pGpv6Wk5', 15, 4);
# INSERT INTO exercise_muscle (exercise_id, muscle_id, intensity) VALUES (1468, 11, 10);
#
# -- Exercise ID: 1469
# INSERT INTO Exercise (id, title, description, link, equipment_id, training_type_id) VALUES (1469, 'Single Arm Kettlebell Bottoms Up Windmill', 'Target: Abdominals', 'https://youtu.be/sGgI_gV85Zs?si=0_msxxqLJEv8yQl7', 15, 6);
# INSERT INTO exercise_muscle (exercise_id, muscle_id, intensity) VALUES (1469, 12, 10);
# INSERT INTO exercise_muscle (exercise_id, muscle_id, intensity) VALUES (1469, 11, 7);
# INSERT INTO exercise_muscle (exercise_id, muscle_id, intensity) VALUES (1469, 2, 4);
#
# -- Exercise ID: 1470
# INSERT INTO Exercise (id, title, description, link, equipment_id, training_type_id) VALUES (1470, 'Single Arm Kettlebell Bottoms Up Bent Press', 'Target: Shoulders', NULL, 15, 6);
# INSERT INTO exercise_muscle (exercise_id, muscle_id, intensity) VALUES (1470, 2, 10);
# INSERT INTO exercise_muscle (exercise_id, muscle_id, intensity) VALUES (1470, 4, 7);
#
# -- Exercise ID: 1471
# INSERT INTO Exercise (id, title, description, link, equipment_id, training_type_id) VALUES (1471, 'Single Arm Kettlebell Bottoms Up Half Kneeling Bent Press', 'Target: Shoulders', NULL, 15, 6);
# INSERT INTO exercise_muscle (exercise_id, muscle_id, intensity) VALUES (1471, 2, 10);
# INSERT INTO exercise_muscle (exercise_id, muscle_id, intensity) VALUES (1471, 4, 7);
#
# -- Exercise ID: 1472
# INSERT INTO Exercise (id, title, description, link, equipment_id, training_type_id) VALUES (1472, 'Ring L Sit Archer Pull Up', 'Target: Back', NULL, 3, 4);
# INSERT INTO exercise_muscle (exercise_id, muscle_id, intensity) VALUES (1472, 17, 10);
# INSERT INTO exercise_muscle (exercise_id, muscle_id, intensity) VALUES (1472, 8, 7);
#
# -- Exercise ID: 1473
# INSERT INTO Exercise (id, title, description, link, equipment_id, training_type_id) VALUES (1473, 'Double Kettlebell Overhead March', 'Target: Hip Flexors', 'https://youtu.be/R2nuXQJt-08?si=ZZwubaIV-9OycLD5', 15, 12);
# INSERT INTO exercise_muscle (exercise_id, muscle_id, intensity) VALUES (1473, 11, 10);
# INSERT INTO exercise_muscle (exercise_id, muscle_id, intensity) VALUES (1473, 15, 4);
#
# -- Exercise ID: 1474
# INSERT INTO Exercise (id, title, description, link, equipment_id, training_type_id) VALUES (1474, 'Single Arm Kettlebell Overhead March', 'Target: Hip Flexors', 'https://youtu.be/GL4yx2rQpIs?si=lvmUx2j0LaKZx4RZ', 15, 12);
# INSERT INTO exercise_muscle (exercise_id, muscle_id, intensity) VALUES (1474, 11, 10);
# INSERT INTO exercise_muscle (exercise_id, muscle_id, intensity) VALUES (1474, 15, 4);
#
# -- Exercise ID: 1475
# INSERT INTO Exercise (id, title, description, link, equipment_id, training_type_id) VALUES (1475, 'Double Kettlebell Suitcase Alternating Forward Lunge', 'Target: Quadriceps', 'https://youtu.be/oeyAEgHBVYc?si=mHjzSFPeM2YyoC0H', 15, 2);
# INSERT INTO exercise_muscle (exercise_id, muscle_id, intensity) VALUES (1475, 13, 10);
# INSERT INTO exercise_muscle (exercise_id, muscle_id, intensity) VALUES (1475, 21, 7);
# INSERT INTO exercise_muscle (exercise_id, muscle_id, intensity) VALUES (1475, 22, 4);
#
# -- Exercise ID: 1476
# INSERT INTO Exercise (id, title, description, link, equipment_id, training_type_id) VALUES (1476, 'Double Kettlebell Suitcase Alternating Lateral Lunge', 'Target: Quadriceps', 'https://youtu.be/zO8xPAa4-cY?si=bSfD4Gd8EdQ631Hq', 15, 2);
# INSERT INTO exercise_muscle (exercise_id, muscle_id, intensity) VALUES (1476, 13, 10);
# INSERT INTO exercise_muscle (exercise_id, muscle_id, intensity) VALUES (1476, 21, 7);
# INSERT INTO exercise_muscle (exercise_id, muscle_id, intensity) VALUES (1476, 14, 4);
#
# -- Exercise ID: 1477
# INSERT INTO Exercise (id, title, description, link, equipment_id, training_type_id) VALUES (1477, 'Double Kettlebell Front Rack Alternating Lateral Lunge', 'Target: Quadriceps', 'https://youtu.be/TzuHADj8h4M?si=tAyLqN0pCIXqxity', 15, 2);
# INSERT INTO exercise_muscle (exercise_id, muscle_id, intensity) VALUES (1477, 13, 10);
# INSERT INTO exercise_muscle (exercise_id, muscle_id, intensity) VALUES (1477, 21, 7);
# INSERT INTO exercise_muscle (exercise_id, muscle_id, intensity) VALUES (1477, 14, 4);
#
# -- Exercise ID: 1478
# INSERT INTO Exercise (id, title, description, link, equipment_id, training_type_id) VALUES (1478, 'Double Kettlebell Front Rack Alternating Forward Lunge', 'Target: Quadriceps', 'https://youtu.be/KIDRnwRAKAY?si=b00pYocO2xqWBGiJ', 15, 2);
# INSERT INTO exercise_muscle (exercise_id, muscle_id, intensity) VALUES (1478, 13, 10);
# INSERT INTO exercise_muscle (exercise_id, muscle_id, intensity) VALUES (1478, 21, 7);
# INSERT INTO exercise_muscle (exercise_id, muscle_id, intensity) VALUES (1478, 22, 4);
#
# -- Exercise ID: 1479
# INSERT INTO Exercise (id, title, description, link, equipment_id, training_type_id) VALUES (1479, 'Double Kettlebell Front Rack Alternating Reverse Lunge', 'Target: Quadriceps', 'https://youtu.be/JKk87eVdbG8?si=Est-myfua9sI06NN', 15, 2);
# INSERT INTO exercise_muscle (exercise_id, muscle_id, intensity) VALUES (1479, 13, 10);
# INSERT INTO exercise_muscle (exercise_id, muscle_id, intensity) VALUES (1479, 21, 7);
# INSERT INTO exercise_muscle (exercise_id, muscle_id, intensity) VALUES (1479, 22, 4);
#
# -- Exercise ID: 1480
# INSERT INTO Exercise (id, title, description, link, equipment_id, training_type_id) VALUES (1480, 'Double Kettlebell Bottoms Up Front Rack Alternating Lateral Lunge', 'Target: Quadriceps', NULL, 15, 2);
# INSERT INTO exercise_muscle (exercise_id, muscle_id, intensity) VALUES (1480, 13, 10);
# INSERT INTO exercise_muscle (exercise_id, muscle_id, intensity) VALUES (1480, 21, 7);
# INSERT INTO exercise_muscle (exercise_id, muscle_id, intensity) VALUES (1480, 14, 4);
#
# -- Exercise ID: 1481
# INSERT INTO Exercise (id, title, description, link, equipment_id, training_type_id) VALUES (1481, 'Double Kettlebell Bottoms Up Front Rack Alternating Forward Lunge', 'Target: Quadriceps', NULL, 15, 2);
# INSERT INTO exercise_muscle (exercise_id, muscle_id, intensity) VALUES (1481, 13, 10);
# INSERT INTO exercise_muscle (exercise_id, muscle_id, intensity) VALUES (1481, 21, 7);
# INSERT INTO exercise_muscle (exercise_id, muscle_id, intensity) VALUES (1481, 22, 4);
#
# -- Exercise ID: 1482
# INSERT INTO Exercise (id, title, description, link, equipment_id, training_type_id) VALUES (1482, 'Double Kettlebell Bottoms Up Front Rack Alternating Reverse Lunge', 'Target: Quadriceps', 'https://youtu.be/A4SnLhdMKu4?si=AWoi6qQOHivzUZeZ', 15, 2);
# INSERT INTO exercise_muscle (exercise_id, muscle_id, intensity) VALUES (1482, 13, 10);
# INSERT INTO exercise_muscle (exercise_id, muscle_id, intensity) VALUES (1482, 21, 7);
# INSERT INTO exercise_muscle (exercise_id, muscle_id, intensity) VALUES (1482, 22, 4);
#
# -- Exercise ID: 1483
# INSERT INTO Exercise (id, title, description, link, equipment_id, training_type_id) VALUES (1483, 'Double Dumbbell Suitcase Alternating Lateral Lunge', 'Target: Quadriceps', 'https://youtu.be/GkgTBlp417A?si=2RKL7GSC-wlwXQrE', 6, 2);
# INSERT INTO exercise_muscle (exercise_id, muscle_id, intensity) VALUES (1483, 13, 10);
# INSERT INTO exercise_muscle (exercise_id, muscle_id, intensity) VALUES (1483, 21, 7);
# INSERT INTO exercise_muscle (exercise_id, muscle_id, intensity) VALUES (1483, 14, 4);
#
# -- Exercise ID: 1484
# INSERT INTO Exercise (id, title, description, link, equipment_id, training_type_id) VALUES (1484, 'Double Dumbbell Front Rack Alternating Lateral Lunge', 'Target: Quadriceps', 'https://youtu.be/V-crv5-Tqbg?si=k00dfu1tLmH4-h3a', 6, 2);
# INSERT INTO exercise_muscle (exercise_id, muscle_id, intensity) VALUES (1484, 13, 10);
# INSERT INTO exercise_muscle (exercise_id, muscle_id, intensity) VALUES (1484, 21, 7);
# INSERT INTO exercise_muscle (exercise_id, muscle_id, intensity) VALUES (1484, 14, 4);
#
# -- Exercise ID: 1485
# INSERT INTO Exercise (id, title, description, link, equipment_id, training_type_id) VALUES (1485, 'Double Dumbbell Front Rack Alternating Forward Lunge', 'Target: Quadriceps', 'https://youtu.be/Ambx6K-_AfY?si=2pUqPVUnlmZLMMwH', 6, 2);
# INSERT INTO exercise_muscle (exercise_id, muscle_id, intensity) VALUES (1485, 13, 10);
# INSERT INTO exercise_muscle (exercise_id, muscle_id, intensity) VALUES (1485, 21, 7);
# INSERT INTO exercise_muscle (exercise_id, muscle_id, intensity) VALUES (1485, 22, 4);
#
# -- Exercise ID: 1486
# INSERT INTO Exercise (id, title, description, link, equipment_id, training_type_id) VALUES (1486, 'Double Dumbbell Front Rack Alternating Reverse Lunge', 'Target: Quadriceps', 'https://youtu.be/1iT74xBv0LA?si=vNMiZEtQ8W3QCkqc', 6, 2);
# INSERT INTO exercise_muscle (exercise_id, muscle_id, intensity) VALUES (1486, 13, 10);
# INSERT INTO exercise_muscle (exercise_id, muscle_id, intensity) VALUES (1486, 21, 7);
# INSERT INTO exercise_muscle (exercise_id, muscle_id, intensity) VALUES (1486, 22, 4);
#
# -- Exercise ID: 1487
# INSERT INTO Exercise (id, title, description, link, equipment_id, training_type_id) VALUES (1487, 'Double Dumbbell Overhead Alternating Lateral Lunge', 'Target: Quadriceps', NULL, 6, 2);
# INSERT INTO exercise_muscle (exercise_id, muscle_id, intensity) VALUES (1487, 13, 10);
# INSERT INTO exercise_muscle (exercise_id, muscle_id, intensity) VALUES (1487, 21, 7);
# INSERT INTO exercise_muscle (exercise_id, muscle_id, intensity) VALUES (1487, 14, 4);
#
# -- Exercise ID: 1488
# INSERT INTO Exercise (id, title, description, link, equipment_id, training_type_id) VALUES (1488, 'Double Dumbbell Overhead Alternating Forward Lunge', 'Target: Quadriceps', 'https://youtu.be/8OZUh9sHk-8?si=euVM8-cldcw4zaJf', 6, 2);
# INSERT INTO exercise_muscle (exercise_id, muscle_id, intensity) VALUES (1488, 13, 10);
# INSERT INTO exercise_muscle (exercise_id, muscle_id, intensity) VALUES (1488, 21, 7);
# INSERT INTO exercise_muscle (exercise_id, muscle_id, intensity) VALUES (1488, 22, 4);
#
# -- Exercise ID: 1489
# INSERT INTO Exercise (id, title, description, link, equipment_id, training_type_id) VALUES (1489, 'Double Dumbbell Overhead Alternating Reverse Lunge', 'Target: Quadriceps', 'https://youtu.be/eK7AzF0-rt4?si=0L-vfrm5QmGhcV2l', 6, 2);
# INSERT INTO exercise_muscle (exercise_id, muscle_id, intensity) VALUES (1489, 13, 10);
# INSERT INTO exercise_muscle (exercise_id, muscle_id, intensity) VALUES (1489, 21, 7);
# INSERT INTO exercise_muscle (exercise_id, muscle_id, intensity) VALUES (1489, 22, 4);
#
# -- Exercise ID: 1490
# INSERT INTO Exercise (id, title, description, link, equipment_id, training_type_id) VALUES (1490, 'Single Arm Dumbbell Suitcase Alternating Forward Lunge', 'Target: Quadriceps', 'https://youtu.be/DbANzYj8EWQ?si=NULTCgfWBvm6vNpX', 6, 2);
# INSERT INTO exercise_muscle (exercise_id, muscle_id, intensity) VALUES (1490, 13, 10);
# INSERT INTO exercise_muscle (exercise_id, muscle_id, intensity) VALUES (1490, 21, 7);
# INSERT INTO exercise_muscle (exercise_id, muscle_id, intensity) VALUES (1490, 22, 4);
#
# -- Exercise ID: 1491
# INSERT INTO Exercise (id, title, description, link, equipment_id, training_type_id) VALUES (1491, 'Single Arm Dumbbell Suitcase Alternating Reverse Lunge', 'Target: Quadriceps', 'https://youtu.be/kTfl5mhcwso?si=iDo9iOmHhKSZIQlN', 6, 2);
# INSERT INTO exercise_muscle (exercise_id, muscle_id, intensity) VALUES (1491, 13, 10);
# INSERT INTO exercise_muscle (exercise_id, muscle_id, intensity) VALUES (1491, 21, 7);
# INSERT INTO exercise_muscle (exercise_id, muscle_id, intensity) VALUES (1491, 22, 4);
#
# -- Exercise ID: 1492
# INSERT INTO Exercise (id, title, description, link, equipment_id, training_type_id) VALUES (1492, 'Alternating Single Arm Dumbbell Low Hold Alternating Lateral Lunge', 'Target: Quadriceps', NULL, 6, 2);
# INSERT INTO exercise_muscle (exercise_id, muscle_id, intensity) VALUES (1492, 13, 10);
# INSERT INTO exercise_muscle (exercise_id, muscle_id, intensity) VALUES (1492, 21, 7);
# INSERT INTO exercise_muscle (exercise_id, muscle_id, intensity) VALUES (1492, 14, 4);
#
# -- Exercise ID: 1493
# INSERT INTO Exercise (id, title, description, link, equipment_id, training_type_id) VALUES (1493, 'Single Arm Dumbbell Front Rack Alternating Lateral Lunge', 'Target: Quadriceps', NULL, 6, 2);
# INSERT INTO exercise_muscle (exercise_id, muscle_id, intensity) VALUES (1493, 13, 10);
# INSERT INTO exercise_muscle (exercise_id, muscle_id, intensity) VALUES (1493, 21, 7);
# INSERT INTO exercise_muscle (exercise_id, muscle_id, intensity) VALUES (1493, 14, 4);
#
# -- Exercise ID: 1494
# INSERT INTO Exercise (id, title, description, link, equipment_id, training_type_id) VALUES (1494, 'Single Arm Dumbbell Front Rack Alternating Forward Lunge', 'Target: Quadriceps', 'https://youtu.be/b3ewFBSqc9k?si=l6I7tV4HN4z6vcCS', 6, 2);
# INSERT INTO exercise_muscle (exercise_id, muscle_id, intensity) VALUES (1494, 13, 10);
# INSERT INTO exercise_muscle (exercise_id, muscle_id, intensity) VALUES (1494, 21, 7);
# INSERT INTO exercise_muscle (exercise_id, muscle_id, intensity) VALUES (1494, 22, 4);
#
# -- Exercise ID: 1495
# INSERT INTO Exercise (id, title, description, link, equipment_id, training_type_id) VALUES (1495, 'Single Arm Dumbbell Front Rack Alternating Reverse Lunge', 'Target: Quadriceps', 'https://youtu.be/1uuCmY9bVao?si=0iam54INq6LqKgrV', 6, 2);
# INSERT INTO exercise_muscle (exercise_id, muscle_id, intensity) VALUES (1495, 13, 10);
# INSERT INTO exercise_muscle (exercise_id, muscle_id, intensity) VALUES (1495, 21, 7);
# INSERT INTO exercise_muscle (exercise_id, muscle_id, intensity) VALUES (1495, 22, 4);
#
# -- Exercise ID: 1496
# INSERT INTO Exercise (id, title, description, link, equipment_id, training_type_id) VALUES (1496, 'Single Arm Dumbbell Overhead Alternating Lateral Lunge', 'Target: Quadriceps', NULL, 6, 2);
# INSERT INTO exercise_muscle (exercise_id, muscle_id, intensity) VALUES (1496, 13, 10);
# INSERT INTO exercise_muscle (exercise_id, muscle_id, intensity) VALUES (1496, 21, 7);
# INSERT INTO exercise_muscle (exercise_id, muscle_id, intensity) VALUES (1496, 14, 4);
#
# -- Exercise ID: 1497
# INSERT INTO Exercise (id, title, description, link, equipment_id, training_type_id) VALUES (1497, 'Single Arm Dumbbell Overhead Alternating Forward Lunge', 'Target: Quadriceps', 'https://youtu.be/RNdGRLDFZ_E?si=ViWm3Cym-_kPAyPr', 6, 2);
# INSERT INTO exercise_muscle (exercise_id, muscle_id, intensity) VALUES (1497, 13, 10);
# INSERT INTO exercise_muscle (exercise_id, muscle_id, intensity) VALUES (1497, 21, 7);
# INSERT INTO exercise_muscle (exercise_id, muscle_id, intensity) VALUES (1497, 22, 4);
#
# -- Exercise ID: 1498
# INSERT INTO Exercise (id, title, description, link, equipment_id, training_type_id) VALUES (1498, 'Single Arm Dumbbell Overhead Alternating Reverse Lunge', 'Target: Quadriceps', 'https://youtu.be/y6Z1csYJqI8?si=VJQkALrooI76ZWQ9', 6, 2);
# INSERT INTO exercise_muscle (exercise_id, muscle_id, intensity) VALUES (1498, 13, 10);
# INSERT INTO exercise_muscle (exercise_id, muscle_id, intensity) VALUES (1498, 21, 7);
# INSERT INTO exercise_muscle (exercise_id, muscle_id, intensity) VALUES (1498, 22, 4);
#
# -- Exercise ID: 1499
# INSERT INTO Exercise (id, title, description, link, equipment_id, training_type_id) VALUES (1499, 'Double Kettlebell Overhead Alternating Lateral Lunge', 'Target: Quadriceps', NULL, 15, 2);
# INSERT INTO exercise_muscle (exercise_id, muscle_id, intensity) VALUES (1499, 13, 10);
# INSERT INTO exercise_muscle (exercise_id, muscle_id, intensity) VALUES (1499, 21, 7);
# INSERT INTO exercise_muscle (exercise_id, muscle_id, intensity) VALUES (1499, 14, 4);
#
# -- Exercise ID: 1500
# INSERT INTO Exercise (id, title, description, link, equipment_id, training_type_id) VALUES (1500, 'Double Kettlebell Overhead Alternating Forward Lunge', 'Target: Quadriceps', 'https://youtu.be/iPBOqxEBcto?si=yJqaSgMnybSQX6Oy', 15, 2);
# INSERT INTO exercise_muscle (exercise_id, muscle_id, intensity) VALUES (1500, 13, 10);
# INSERT INTO exercise_muscle (exercise_id, muscle_id, intensity) VALUES (1500, 21, 7);
# INSERT INTO exercise_muscle (exercise_id, muscle_id, intensity) VALUES (1500, 22, 4);
#
# -- Exercise ID: 1501
# INSERT INTO Exercise (id, title, description, link, equipment_id, training_type_id) VALUES (1501, 'Double Kettlebell Overhead Alternating Reverse Lunge', 'Target: Quadriceps', 'https://youtu.be/HFjBFM1Fswo?si=BiUd6crmcvrtRZx2', 15, 2);
# INSERT INTO exercise_muscle (exercise_id, muscle_id, intensity) VALUES (1501, 13, 10);
# INSERT INTO exercise_muscle (exercise_id, muscle_id, intensity) VALUES (1501, 21, 7);
# INSERT INTO exercise_muscle (exercise_id, muscle_id, intensity) VALUES (1501, 22, 4);
#
# -- Exercise ID: 1502
# INSERT INTO Exercise (id, title, description, link, equipment_id, training_type_id) VALUES (1502, 'Dumbbell Goblet Alternating Lateral Lunge', 'Target: Quadriceps', 'https://youtu.be/xFvob3P7I74?si=o6y90mzLlkb5kjLo', 6, 2);
# INSERT INTO exercise_muscle (exercise_id, muscle_id, intensity) VALUES (1502, 13, 10);
# INSERT INTO exercise_muscle (exercise_id, muscle_id, intensity) VALUES (1502, 21, 7);
# INSERT INTO exercise_muscle (exercise_id, muscle_id, intensity) VALUES (1502, 14, 4);
#
# -- Exercise ID: 1503
# INSERT INTO Exercise (id, title, description, link, equipment_id, training_type_id) VALUES (1503, 'Dumbbell Goblet Alternating Forward Lunge', 'Target: Quadriceps', 'https://youtu.be/MjHkEW-AMQI?si=EyW7vqzwyfCJv1bN', 6, 2);
# INSERT INTO exercise_muscle (exercise_id, muscle_id, intensity) VALUES (1503, 13, 10);
# INSERT INTO exercise_muscle (exercise_id, muscle_id, intensity) VALUES (1503, 21, 7);
# INSERT INTO exercise_muscle (exercise_id, muscle_id, intensity) VALUES (1503, 22, 4);
#
# -- Exercise ID: 1504
# INSERT INTO Exercise (id, title, description, link, equipment_id, training_type_id) VALUES (1504, 'Dumbbell Goblet Alternating Reverse Lunge', 'Target: Quadriceps', 'https://youtu.be/YidVOnuiDfc?si=ECuN-ZTMBkyH_maZ', 6, 2);
# INSERT INTO exercise_muscle (exercise_id, muscle_id, intensity) VALUES (1504, 13, 10);
# INSERT INTO exercise_muscle (exercise_id, muscle_id, intensity) VALUES (1504, 21, 7);
# INSERT INTO exercise_muscle (exercise_id, muscle_id, intensity) VALUES (1504, 22, 4);
#
# -- Exercise ID: 1505
# INSERT INTO Exercise (id, title, description, link, equipment_id, training_type_id) VALUES (1505, 'Clubbell Order Alternating Lateral Lunge', 'Target: Quadriceps', NULL, 26, 2);
# INSERT INTO exercise_muscle (exercise_id, muscle_id, intensity) VALUES (1505, 13, 10);
# INSERT INTO exercise_muscle (exercise_id, muscle_id, intensity) VALUES (1505, 21, 7);
# INSERT INTO exercise_muscle (exercise_id, muscle_id, intensity) VALUES (1505, 14, 4);
#
# -- Exercise ID: 1506
# INSERT INTO Exercise (id, title, description, link, equipment_id, training_type_id) VALUES (1506, 'Clubbell Order Alternating Forward Lunge', 'Target: Quadriceps', NULL, 26, 2);
# INSERT INTO exercise_muscle (exercise_id, muscle_id, intensity) VALUES (1506, 13, 10);
# INSERT INTO exercise_muscle (exercise_id, muscle_id, intensity) VALUES (1506, 21, 7);
# INSERT INTO exercise_muscle (exercise_id, muscle_id, intensity) VALUES (1506, 22, 4);
#
# -- Exercise ID: 1507
# INSERT INTO Exercise (id, title, description, link, equipment_id, training_type_id) VALUES (1507, 'Clubbell Order Alternating Reverse Lunge', 'Target: Quadriceps', 'https://youtu.be/dNrYT5iU7BQ?si=VgjB2U40EdHaPV2P', 26, 2);
# INSERT INTO exercise_muscle (exercise_id, muscle_id, intensity) VALUES (1507, 13, 10);
# INSERT INTO exercise_muscle (exercise_id, muscle_id, intensity) VALUES (1507, 21, 7);
# INSERT INTO exercise_muscle (exercise_id, muscle_id, intensity) VALUES (1507, 22, 4);
#
# -- Exercise ID: 1508
# INSERT INTO Exercise (id, title, description, link, equipment_id, training_type_id) VALUES (1508, 'Double Clubbell Order Alternating Lateral Lunge', 'Target: Quadriceps', NULL, 26, 2);
# INSERT INTO exercise_muscle (exercise_id, muscle_id, intensity) VALUES (1508, 13, 10);
# INSERT INTO exercise_muscle (exercise_id, muscle_id, intensity) VALUES (1508, 21, 7);
# INSERT INTO exercise_muscle (exercise_id, muscle_id, intensity) VALUES (1508, 14, 4);
#
# -- Exercise ID: 1509
# INSERT INTO Exercise (id, title, description, link, equipment_id, training_type_id) VALUES (1509, 'Double Clubbell Order Alternating Forward Lunge', 'Target: Quadriceps', NULL, 26, 2);
# INSERT INTO exercise_muscle (exercise_id, muscle_id, intensity) VALUES (1509, 13, 10);
# INSERT INTO exercise_muscle (exercise_id, muscle_id, intensity) VALUES (1509, 21, 7);
# INSERT INTO exercise_muscle (exercise_id, muscle_id, intensity) VALUES (1509, 22, 4);
#
# -- Exercise ID: 1510
# INSERT INTO Exercise (id, title, description, link, equipment_id, training_type_id) VALUES (1510, 'Double Clubbell Order Alternating Reverse Lunge', 'Target: Quadriceps', NULL, 26, 2);
# INSERT INTO exercise_muscle (exercise_id, muscle_id, intensity) VALUES (1510, 13, 10);
# INSERT INTO exercise_muscle (exercise_id, muscle_id, intensity) VALUES (1510, 21, 7);
# INSERT INTO exercise_muscle (exercise_id, muscle_id, intensity) VALUES (1510, 22, 4);
#
# -- Exercise ID: 1511
# INSERT INTO Exercise (id, title, description, link, equipment_id, training_type_id) VALUES (1511, 'Single Arm Clubbell Order Alternating Lateral Lunge', 'Target: Quadriceps', NULL, 26, 2);
# INSERT INTO exercise_muscle (exercise_id, muscle_id, intensity) VALUES (1511, 13, 10);
# INSERT INTO exercise_muscle (exercise_id, muscle_id, intensity) VALUES (1511, 21, 7);
# INSERT INTO exercise_muscle (exercise_id, muscle_id, intensity) VALUES (1511, 14, 4);
#
# -- Exercise ID: 1512
# INSERT INTO Exercise (id, title, description, link, equipment_id, training_type_id) VALUES (1512, 'Single Arm Clubbell Order Alternating Forward Lunge', 'Target: Quadriceps', NULL, 26, 2);
# INSERT INTO exercise_muscle (exercise_id, muscle_id, intensity) VALUES (1512, 13, 10);
# INSERT INTO exercise_muscle (exercise_id, muscle_id, intensity) VALUES (1512, 21, 7);
# INSERT INTO exercise_muscle (exercise_id, muscle_id, intensity) VALUES (1512, 22, 4);
#
# -- Exercise ID: 1513
# INSERT INTO Exercise (id, title, description, link, equipment_id, training_type_id) VALUES (1513, 'Single Arm Clubbell Order Alternating Reverse Lunge', 'Target: Quadriceps', NULL, 26, 2);
# INSERT INTO exercise_muscle (exercise_id, muscle_id, intensity) VALUES (1513, 13, 10);
# INSERT INTO exercise_muscle (exercise_id, muscle_id, intensity) VALUES (1513, 21, 7);
# INSERT INTO exercise_muscle (exercise_id, muscle_id, intensity) VALUES (1513, 22, 4);
#
# -- Exercise ID: 1514
# INSERT INTO Exercise (id, title, description, link, equipment_id, training_type_id) VALUES (1514, 'Landmine Low Hold Alternating Lateral Lunge', 'Target: Quadriceps', NULL, 19, 2);
# INSERT INTO exercise_muscle (exercise_id, muscle_id, intensity) VALUES (1514, 13, 10);
# INSERT INTO exercise_muscle (exercise_id, muscle_id, intensity) VALUES (1514, 21, 7);
# INSERT INTO exercise_muscle (exercise_id, muscle_id, intensity) VALUES (1514, 14, 4);
#
# -- Exercise ID: 1515
# INSERT INTO Exercise (id, title, description, link, equipment_id, training_type_id) VALUES (1515, 'Landmine Goblet Alternating Lateral Lunge', 'Target: Quadriceps', 'https://youtu.be/-hWgE1P2aAA?si=7mOaE_-aBxpQNBSX', 19, 2);
# INSERT INTO exercise_muscle (exercise_id, muscle_id, intensity) VALUES (1515, 13, 10);
# INSERT INTO exercise_muscle (exercise_id, muscle_id, intensity) VALUES (1515, 21, 7);
# INSERT INTO exercise_muscle (exercise_id, muscle_id, intensity) VALUES (1515, 14, 4);
#
# -- Exercise ID: 1516
# INSERT INTO Exercise (id, title, description, link, equipment_id, training_type_id) VALUES (1516, 'Landmine Goblet Alternating Reverse Lunge', 'Target: Quadriceps', 'https://youtu.be/VI0GDe_doBk?si=U14f8Dk6Ly1aMzBr', 19, 2);
# INSERT INTO exercise_muscle (exercise_id, muscle_id, intensity) VALUES (1516, 13, 10);
# INSERT INTO exercise_muscle (exercise_id, muscle_id, intensity) VALUES (1516, 21, 7);
# INSERT INTO exercise_muscle (exercise_id, muscle_id, intensity) VALUES (1516, 22, 4);
#
# -- Exercise ID: 1517
# INSERT INTO Exercise (id, title, description, link, equipment_id, training_type_id) VALUES (1517, 'Macebell Order Alternating Lateral Lunge', 'Target: Quadriceps', NULL, 24, 2);
# INSERT INTO exercise_muscle (exercise_id, muscle_id, intensity) VALUES (1517, 13, 10);
# INSERT INTO exercise_muscle (exercise_id, muscle_id, intensity) VALUES (1517, 21, 7);
# INSERT INTO exercise_muscle (exercise_id, muscle_id, intensity) VALUES (1517, 14, 4);
#
# -- Exercise ID: 1518
# INSERT INTO Exercise (id, title, description, link, equipment_id, training_type_id) VALUES (1518, 'Macebell Order Alternating Forward Lunge', 'Target: Quadriceps', NULL, 24, 2);
# INSERT INTO exercise_muscle (exercise_id, muscle_id, intensity) VALUES (1518, 13, 10);
# INSERT INTO exercise_muscle (exercise_id, muscle_id, intensity) VALUES (1518, 21, 7);
# INSERT INTO exercise_muscle (exercise_id, muscle_id, intensity) VALUES (1518, 22, 4);
#
# -- Exercise ID: 1519
# INSERT INTO Exercise (id, title, description, link, equipment_id, training_type_id) VALUES (1519, 'Macebell Order Alternating Reverse Lunge', 'Target: Quadriceps', NULL, 24, 2);
# INSERT INTO exercise_muscle (exercise_id, muscle_id, intensity) VALUES (1519, 13, 10);
# INSERT INTO exercise_muscle (exercise_id, muscle_id, intensity) VALUES (1519, 21, 7);
# INSERT INTO exercise_muscle (exercise_id, muscle_id, intensity) VALUES (1519, 22, 4);
#
# -- Exercise ID: 1520
# INSERT INTO Exercise (id, title, description, link, equipment_id, training_type_id) VALUES (1520, 'Double Kettlebell Bottoms Up Overhead Alternating Lateral Lunge', 'Target: Quadriceps', NULL, 15, 2);
# INSERT INTO exercise_muscle (exercise_id, muscle_id, intensity) VALUES (1520, 13, 10);
# INSERT INTO exercise_muscle (exercise_id, muscle_id, intensity) VALUES (1520, 21, 7);
# INSERT INTO exercise_muscle (exercise_id, muscle_id, intensity) VALUES (1520, 14, 4);
#
# -- Exercise ID: 1521
# INSERT INTO Exercise (id, title, description, link, equipment_id, training_type_id) VALUES (1521, 'Double Kettlebell Bottoms Up Overhead Alternating Forward Lunge', 'Target: Quadriceps', NULL, 15, 2);
# INSERT INTO exercise_muscle (exercise_id, muscle_id, intensity) VALUES (1521, 13, 10);
# INSERT INTO exercise_muscle (exercise_id, muscle_id, intensity) VALUES (1521, 21, 7);
# INSERT INTO exercise_muscle (exercise_id, muscle_id, intensity) VALUES (1521, 22, 4);
#
# -- Exercise ID: 1522
# INSERT INTO Exercise (id, title, description, link, equipment_id, training_type_id) VALUES (1522, 'Double Kettlebell Bottoms Up Overhead Alternating Reverse Lunge', 'Target: Quadriceps', NULL, 15, 2);
# INSERT INTO exercise_muscle (exercise_id, muscle_id, intensity) VALUES (1522, 13, 10);
# INSERT INTO exercise_muscle (exercise_id, muscle_id, intensity) VALUES (1522, 21, 7);
# INSERT INTO exercise_muscle (exercise_id, muscle_id, intensity) VALUES (1522, 22, 4);
#
# -- Exercise ID: 1523
# INSERT INTO Exercise (id, title, description, link, equipment_id, training_type_id) VALUES (1523, 'Single Arm Kettlebell Suitcase Alternating Forward Lunge', 'Target: Quadriceps', 'https://youtu.be/aopAoW1cmUk?si=EyVEsJC9bLaQC6ND', 15, 2);
# INSERT INTO exercise_muscle (exercise_id, muscle_id, intensity) VALUES (1523, 13, 10);
# INSERT INTO exercise_muscle (exercise_id, muscle_id, intensity) VALUES (1523, 21, 7);
# INSERT INTO exercise_muscle (exercise_id, muscle_id, intensity) VALUES (1523, 22, 4);
#
# -- Exercise ID: 1524
# INSERT INTO Exercise (id, title, description, link, equipment_id, training_type_id) VALUES (1524, 'Double Dumbbell Front Rack Cyclist Squat', 'Target: Quadriceps', 'https://youtu.be/QV4DL31Ch94?si=6O9QTMoEB9MtwsZY', 6, 2);
# INSERT INTO exercise_muscle (exercise_id, muscle_id, intensity) VALUES (1524, 13, 10);
# INSERT INTO exercise_muscle (exercise_id, muscle_id, intensity) VALUES (1524, 21, 7);
# INSERT INTO exercise_muscle (exercise_id, muscle_id, intensity) VALUES (1524, 6, 4);
#
# -- Exercise ID: 1525
# INSERT INTO Exercise (id, title, description, link, equipment_id, training_type_id) VALUES (1525, 'Double Dumbbell Overhead Cyclist Squat', 'Target: Quadriceps', NULL, 6, 2);
# INSERT INTO exercise_muscle (exercise_id, muscle_id, intensity) VALUES (1525, 13, 10);
# INSERT INTO exercise_muscle (exercise_id, muscle_id, intensity) VALUES (1525, 21, 7);
# INSERT INTO exercise_muscle (exercise_id, muscle_id, intensity) VALUES (1525, 6, 4);
#
# -- Exercise ID: 1526
# INSERT INTO Exercise (id, title, description, link, equipment_id, training_type_id) VALUES (1526, 'Single Arm Dumbbell Front Rack Cyclist Squat', 'Target: Quadriceps', 'https://youtu.be/eGKpS3AxCVA?si=-uyv4kyU-FY0yBfB', 6, 2);
# INSERT INTO exercise_muscle (exercise_id, muscle_id, intensity) VALUES (1526, 13, 10);
# INSERT INTO exercise_muscle (exercise_id, muscle_id, intensity) VALUES (1526, 21, 7);
# INSERT INTO exercise_muscle (exercise_id, muscle_id, intensity) VALUES (1526, 6, 4);
#
# -- Exercise ID: 1527
# INSERT INTO Exercise (id, title, description, link, equipment_id, training_type_id) VALUES (1527, 'Single Arm Dumbbell Overhead Cyclist Squat', 'Target: Quadriceps', 'https://youtu.be/Fm-EgA1xP4g?si=TXFdciSwYJ3flVng', 6, 2);
# INSERT INTO exercise_muscle (exercise_id, muscle_id, intensity) VALUES (1527, 13, 10);
# INSERT INTO exercise_muscle (exercise_id, muscle_id, intensity) VALUES (1527, 21, 7);
# INSERT INTO exercise_muscle (exercise_id, muscle_id, intensity) VALUES (1527, 6, 4);
#
# -- Exercise ID: 1528
# INSERT INTO Exercise (id, title, description, link, equipment_id, training_type_id) VALUES (1528, 'Bodyweight Alternating Lateral Lunge', 'Target: Quadriceps', 'https://youtu.be/FvJS_MSN4Lo?si=Z7h-t5HEEQC6trw6', 2, 2);
# INSERT INTO exercise_muscle (exercise_id, muscle_id, intensity) VALUES (1528, 13, 10);
# INSERT INTO exercise_muscle (exercise_id, muscle_id, intensity) VALUES (1528, 21, 7);
# INSERT INTO exercise_muscle (exercise_id, muscle_id, intensity) VALUES (1528, 14, 4);
#
# -- Exercise ID: 1529
# INSERT INTO Exercise (id, title, description, link, equipment_id, training_type_id) VALUES (1529, 'Bodyweight Alternating Forward Lunge', 'Target: Quadriceps', 'https://youtu.be/0RqJM6GM5bg?si=eL5TvNrMzUaI1oOW', 2, 2);
# INSERT INTO exercise_muscle (exercise_id, muscle_id, intensity) VALUES (1529, 13, 10);
# INSERT INTO exercise_muscle (exercise_id, muscle_id, intensity) VALUES (1529, 21, 7);
# INSERT INTO exercise_muscle (exercise_id, muscle_id, intensity) VALUES (1529, 22, 4);
#
# -- Exercise ID: 1530
# INSERT INTO Exercise (id, title, description, link, equipment_id, training_type_id) VALUES (1530, 'Bodyweight Alternating Reverse Lunge', 'Target: Quadriceps', 'https://youtu.be/OX0fKkaY6_c?si=T0Ta2iyvXrGIGA7w', 2, 2);
# INSERT INTO exercise_muscle (exercise_id, muscle_id, intensity) VALUES (1530, 13, 10);
# INSERT INTO exercise_muscle (exercise_id, muscle_id, intensity) VALUES (1530, 21, 7);
# INSERT INTO exercise_muscle (exercise_id, muscle_id, intensity) VALUES (1530, 22, 4);
#
# -- Exercise ID: 1531
# INSERT INTO Exercise (id, title, description, link, equipment_id, training_type_id) VALUES (1531, 'Macebell Order Cyclist Squat', 'Target: Quadriceps', NULL, 24, 2);
# INSERT INTO exercise_muscle (exercise_id, muscle_id, intensity) VALUES (1531, 13, 10);
# INSERT INTO exercise_muscle (exercise_id, muscle_id, intensity) VALUES (1531, 21, 7);
# INSERT INTO exercise_muscle (exercise_id, muscle_id, intensity) VALUES (1531, 6, 4);
#
# -- Exercise ID: 1532
# INSERT INTO Exercise (id, title, description, link, equipment_id, training_type_id) VALUES (1532, 'Double Dumbbell Overhead Squat', 'Target: Quadriceps', 'https://youtu.be/iGLwbS5aHY4?si=f7TNizeYPw8xX1xR', 6, 2);
# INSERT INTO exercise_muscle (exercise_id, muscle_id, intensity) VALUES (1532, 13, 10);
# INSERT INTO exercise_muscle (exercise_id, muscle_id, intensity) VALUES (1532, 21, 7);
#
# -- Exercise ID: 1533
# INSERT INTO Exercise (id, title, description, link, equipment_id, training_type_id) VALUES (1533, 'Single Arm Dumbbell Overhead Squat', 'Target: Quadriceps', 'https://youtu.be/SokWJEUYgfc?si=OWsmg8u6_2Xz09z9', 6, 2);
# INSERT INTO exercise_muscle (exercise_id, muscle_id, intensity) VALUES (1533, 13, 10);
# INSERT INTO exercise_muscle (exercise_id, muscle_id, intensity) VALUES (1533, 21, 7);
#
# -- Exercise ID: 1534
# INSERT INTO Exercise (id, title, description, link, equipment_id, training_type_id) VALUES (1534, 'Macebell Order Squat', 'Target: Quadriceps', NULL, 24, 3);
# INSERT INTO exercise_muscle (exercise_id, muscle_id, intensity) VALUES (1534, 13, 10);
# INSERT INTO exercise_muscle (exercise_id, muscle_id, intensity) VALUES (1534, 21, 7);
#
# -- Exercise ID: 1535
# INSERT INTO Exercise (id, title, description, link, equipment_id, training_type_id) VALUES (1535, 'Double Dumbbell Front Rack Bulgarian Split Squat', 'Target: Quadriceps', 'https://youtu.be/6DO1p1pOAwM?si=zeLSk3SSoVkoP_B9', 6, 2);
# INSERT INTO exercise_muscle (exercise_id, muscle_id, intensity) VALUES (1535, 13, 10);
# INSERT INTO exercise_muscle (exercise_id, muscle_id, intensity) VALUES (1535, 21, 7);
# INSERT INTO exercise_muscle (exercise_id, muscle_id, intensity) VALUES (1535, 22, 4);
#
# -- Exercise ID: 1536
# INSERT INTO Exercise (id, title, description, link, equipment_id, training_type_id) VALUES (1536, 'Double Dumbbell Overhead Bulgarian Split Squat', 'Target: Quadriceps', 'https://youtu.be/7rGFnvK6KkE?si=SL3VLXM4o_8TDV_0', 6, 2);
# INSERT INTO exercise_muscle (exercise_id, muscle_id, intensity) VALUES (1536, 13, 10);
# INSERT INTO exercise_muscle (exercise_id, muscle_id, intensity) VALUES (1536, 21, 7);
# INSERT INTO exercise_muscle (exercise_id, muscle_id, intensity) VALUES (1536, 22, 4);
#
# -- Exercise ID: 1537
# INSERT INTO Exercise (id, title, description, link, equipment_id, training_type_id) VALUES (1537, 'Single Arm Dumbbell Overhead Ipsilateral Bulgarian Split Squat', 'Target: Quadriceps', NULL, 6, 2);
# INSERT INTO exercise_muscle (exercise_id, muscle_id, intensity) VALUES (1537, 13, 10);
# INSERT INTO exercise_muscle (exercise_id, muscle_id, intensity) VALUES (1537, 21, 7);
# INSERT INTO exercise_muscle (exercise_id, muscle_id, intensity) VALUES (1537, 22, 4);
#
# -- Exercise ID: 1538
# INSERT INTO Exercise (id, title, description, link, equipment_id, training_type_id) VALUES (1538, 'Single Arm Dumbbell Suitcase Contralateral Bulgarian Split Squat', 'Target: Quadriceps', 'https://youtu.be/iylKd9ymBQE?si=D_mNdhDHgU7B8xbD', 6, 2);
# INSERT INTO exercise_muscle (exercise_id, muscle_id, intensity) VALUES (1538, 13, 10);
# INSERT INTO exercise_muscle (exercise_id, muscle_id, intensity) VALUES (1538, 21, 7);
# INSERT INTO exercise_muscle (exercise_id, muscle_id, intensity) VALUES (1538, 22, 4);
#
# -- Exercise ID: 1539
# INSERT INTO Exercise (id, title, description, link, equipment_id, training_type_id) VALUES (1539, 'Single Arm Dumbbell Suitcase Ipsilateral Bulgarian Split Squat', 'Target: Quadriceps', 'https://youtu.be/7oQoOglG_cA?si=JLNoB9O2s2KyOAf1', 6, 2);
# INSERT INTO exercise_muscle (exercise_id, muscle_id, intensity) VALUES (1539, 13, 10);
# INSERT INTO exercise_muscle (exercise_id, muscle_id, intensity) VALUES (1539, 21, 7);
# INSERT INTO exercise_muscle (exercise_id, muscle_id, intensity) VALUES (1539, 22, 4);
#
# -- Exercise ID: 1540
# INSERT INTO Exercise (id, title, description, link, equipment_id, training_type_id) VALUES (1540, 'Single Arm Dumbbell Front Rack Contralateral Bulgarian Split Squat', 'Target: Quadriceps', 'https://youtu.be/-vKdvtdkRRc?si=CPo0dP5KaIc0TJu5', 6, 2);
# INSERT INTO exercise_muscle (exercise_id, muscle_id, intensity) VALUES (1540, 13, 10);
# INSERT INTO exercise_muscle (exercise_id, muscle_id, intensity) VALUES (1540, 21, 7);
# INSERT INTO exercise_muscle (exercise_id, muscle_id, intensity) VALUES (1540, 22, 4);
#
# -- Exercise ID: 1541
# INSERT INTO Exercise (id, title, description, link, equipment_id, training_type_id) VALUES (1541, 'Single Arm Dumbbell Front Rack Ipsilateral Bulgarian Split Squat', 'Target: Quadriceps', 'https://youtu.be/pEZWYmpCzu8?si=i70Ip_o4npwew5bY', 6, 2);
# INSERT INTO exercise_muscle (exercise_id, muscle_id, intensity) VALUES (1541, 13, 10);
# INSERT INTO exercise_muscle (exercise_id, muscle_id, intensity) VALUES (1541, 21, 7);
# INSERT INTO exercise_muscle (exercise_id, muscle_id, intensity) VALUES (1541, 22, 4);
#
# -- Exercise ID: 1542
# INSERT INTO Exercise (id, title, description, link, equipment_id, training_type_id) VALUES (1542, 'Clubbell Order March', 'Target: Hip Flexors', NULL, 26, 12);
# INSERT INTO exercise_muscle (exercise_id, muscle_id, intensity) VALUES (1542, 11, 10);
# INSERT INTO exercise_muscle (exercise_id, muscle_id, intensity) VALUES (1542, 15, 4);
#
# -- Exercise ID: 1543
# INSERT INTO Exercise (id, title, description, link, equipment_id, training_type_id) VALUES (1543, 'Macebell Order Walking Lunge', 'Target: Quadriceps', NULL, 24, 2);
# INSERT INTO exercise_muscle (exercise_id, muscle_id, intensity) VALUES (1543, 13, 10);
# INSERT INTO exercise_muscle (exercise_id, muscle_id, intensity) VALUES (1543, 21, 7);
# INSERT INTO exercise_muscle (exercise_id, muscle_id, intensity) VALUES (1543, 22, 4);
#
# -- Exercise ID: 1544
# INSERT INTO Exercise (id, title, description, link, equipment_id, training_type_id) VALUES (1544, 'Suspension Alternating Lateral Lunge', 'Target: Quadriceps', 'https://youtu.be/0bqrj4BimaI?si=03pxBE_5_ozxIivb', 11, 2);
# INSERT INTO exercise_muscle (exercise_id, muscle_id, intensity) VALUES (1544, 13, 10);
# INSERT INTO exercise_muscle (exercise_id, muscle_id, intensity) VALUES (1544, 21, 7);
# INSERT INTO exercise_muscle (exercise_id, muscle_id, intensity) VALUES (1544, 14, 4);
#
# -- Exercise ID: 1545
# INSERT INTO Exercise (id, title, description, link, equipment_id, training_type_id) VALUES (1545, 'Bulgarian Bag Back Rack Alternating Lateral Lunge', 'Target: Quadriceps', 'https://youtu.be/fJePN1sD5ok?si=g-YYXG1x8L53Vuv-', 34, 2);
# INSERT INTO exercise_muscle (exercise_id, muscle_id, intensity) VALUES (1545, 13, 10);
# INSERT INTO exercise_muscle (exercise_id, muscle_id, intensity) VALUES (1545, 21, 7);
# INSERT INTO exercise_muscle (exercise_id, muscle_id, intensity) VALUES (1545, 14, 4);
#
# -- Exercise ID: 1546
# INSERT INTO Exercise (id, title, description, link, equipment_id, training_type_id) VALUES (1546, 'Bulgarian Bag Back Rack Walking Lunge', 'Target: Quadriceps', 'https://youtu.be/FNr5JBGrJTU?si=bn24rl-sBOt5WTfx', 34, 2);
# INSERT INTO exercise_muscle (exercise_id, muscle_id, intensity) VALUES (1546, 13, 10);
# INSERT INTO exercise_muscle (exercise_id, muscle_id, intensity) VALUES (1546, 21, 7);
# INSERT INTO exercise_muscle (exercise_id, muscle_id, intensity) VALUES (1546, 22, 4);
#
# -- Exercise ID: 1547
# INSERT INTO Exercise (id, title, description, link, equipment_id, training_type_id) VALUES (1547, 'Bulgarian Bag Back Rack Alternating Forward Lunge', 'Target: Quadriceps', 'https://youtu.be/a8y1Qwir7YQ?si=izeBmxPLl4E0ekvy', 34, 2);
# INSERT INTO exercise_muscle (exercise_id, muscle_id, intensity) VALUES (1547, 13, 10);
# INSERT INTO exercise_muscle (exercise_id, muscle_id, intensity) VALUES (1547, 21, 7);
# INSERT INTO exercise_muscle (exercise_id, muscle_id, intensity) VALUES (1547, 22, 4);
#
# -- Exercise ID: 1548
# INSERT INTO Exercise (id, title, description, link, equipment_id, training_type_id) VALUES (1548, 'Heavy Sandbag Bear Hug Alternating Lateral Lunge', 'Target: Quadriceps', NULL, 35, 3);
# INSERT INTO exercise_muscle (exercise_id, muscle_id, intensity) VALUES (1548, 13, 10);
# INSERT INTO exercise_muscle (exercise_id, muscle_id, intensity) VALUES (1548, 21, 7);
# INSERT INTO exercise_muscle (exercise_id, muscle_id, intensity) VALUES (1548, 14, 4);
#
# -- Exercise ID: 1549
# INSERT INTO Exercise (id, title, description, link, equipment_id, training_type_id) VALUES (1549, 'Heavy Sandbag Shoulder Alternating Lateral Lunge', 'Target: Quadriceps', NULL, 35, 3);
# INSERT INTO exercise_muscle (exercise_id, muscle_id, intensity) VALUES (1549, 13, 10);
# INSERT INTO exercise_muscle (exercise_id, muscle_id, intensity) VALUES (1549, 21, 7);
# INSERT INTO exercise_muscle (exercise_id, muscle_id, intensity) VALUES (1549, 14, 4);
#
# -- Exercise ID: 1550
# INSERT INTO Exercise (id, title, description, link, equipment_id, training_type_id) VALUES (1550, 'Sandbag Front Rack Alternating Lateral Lunge', 'Target: Quadriceps', 'https://youtu.be/0el8H9fy3g0?si=BdlZ75xoh6Xq1wpJ', 36, 2);
# INSERT INTO exercise_muscle (exercise_id, muscle_id, intensity) VALUES (1550, 13, 10);
# INSERT INTO exercise_muscle (exercise_id, muscle_id, intensity) VALUES (1550, 21, 7);
# INSERT INTO exercise_muscle (exercise_id, muscle_id, intensity) VALUES (1550, 14, 4);
#
# -- Exercise ID: 1551
# INSERT INTO Exercise (id, title, description, link, equipment_id, training_type_id) VALUES (1551, 'Sandbag Front Rack Walking Lunge', 'Target: Quadriceps', 'https://youtu.be/mGwXPP-QKko?si=pUfEZOZPOOYaTV3n', 36, 2);
# INSERT INTO exercise_muscle (exercise_id, muscle_id, intensity) VALUES (1551, 13, 10);
# INSERT INTO exercise_muscle (exercise_id, muscle_id, intensity) VALUES (1551, 21, 7);
# INSERT INTO exercise_muscle (exercise_id, muscle_id, intensity) VALUES (1551, 22, 4);
#
# -- Exercise ID: 1552
# INSERT INTO Exercise (id, title, description, link, equipment_id, training_type_id) VALUES (1552, 'Sandbag Front Rack Alternating Forward Lunge', 'Target: Quadriceps', 'https://youtu.be/1L2HnCKmsRs?si=fIVyc7oXYDkkRzgJ', 36, 2);
# INSERT INTO exercise_muscle (exercise_id, muscle_id, intensity) VALUES (1552, 13, 10);
# INSERT INTO exercise_muscle (exercise_id, muscle_id, intensity) VALUES (1552, 21, 7);
# INSERT INTO exercise_muscle (exercise_id, muscle_id, intensity) VALUES (1552, 22, 4);
#
# -- Exercise ID: 1553
# INSERT INTO Exercise (id, title, description, link, equipment_id, training_type_id) VALUES (1553, 'Sandbag Front Rack Alternating Reverse Lunge', 'Target: Quadriceps', 'https://youtu.be/SJe_O4NPU-E?si=OKoj1OGsurlSWTEA', 36, 2);
# INSERT INTO exercise_muscle (exercise_id, muscle_id, intensity) VALUES (1553, 13, 10);
# INSERT INTO exercise_muscle (exercise_id, muscle_id, intensity) VALUES (1553, 21, 7);
# INSERT INTO exercise_muscle (exercise_id, muscle_id, intensity) VALUES (1553, 22, 4);
#
# -- Exercise ID: 1554
# INSERT INTO Exercise (id, title, description, link, equipment_id, training_type_id) VALUES (1554, 'Plate Overhead Walking Lunge', 'Target: Quadriceps', 'https://youtu.be/hVIaVvyY-H8?si=HsyRlDh-j--gHbsk', 22, 2);
# INSERT INTO exercise_muscle (exercise_id, muscle_id, intensity) VALUES (1554, 13, 10);
# INSERT INTO exercise_muscle (exercise_id, muscle_id, intensity) VALUES (1554, 21, 7);
# INSERT INTO exercise_muscle (exercise_id, muscle_id, intensity) VALUES (1554, 22, 4);
#
# -- Exercise ID: 1555
# INSERT INTO Exercise (id, title, description, link, equipment_id, training_type_id) VALUES (1555, 'Plate Overhead Alternating Lateral Lunge', 'Target: Quadriceps', NULL, 22, 2);
# INSERT INTO exercise_muscle (exercise_id, muscle_id, intensity) VALUES (1555, 13, 10);
# INSERT INTO exercise_muscle (exercise_id, muscle_id, intensity) VALUES (1555, 21, 7);
# INSERT INTO exercise_muscle (exercise_id, muscle_id, intensity) VALUES (1555, 14, 4);
#
# -- Exercise ID: 1556
# INSERT INTO Exercise (id, title, description, link, equipment_id, training_type_id) VALUES (1556, 'Plate Overhead Alternating Forward Lunge', 'Target: Quadriceps', 'https://youtu.be/k6pHuYm2nV8?si=ttotAgiXtgPihuX3', 22, 2);
# INSERT INTO exercise_muscle (exercise_id, muscle_id, intensity) VALUES (1556, 13, 10);
# INSERT INTO exercise_muscle (exercise_id, muscle_id, intensity) VALUES (1556, 21, 7);
# INSERT INTO exercise_muscle (exercise_id, muscle_id, intensity) VALUES (1556, 22, 4);
#
# -- Exercise ID: 1557
# INSERT INTO Exercise (id, title, description, link, equipment_id, training_type_id) VALUES (1557, 'Plate Overhead Alternating Reverse Lunge', 'Target: Quadriceps', 'https://youtu.be/X5UicuSpd-g?si=vkWg2RXcC-HFi6Pk', 22, 2);
# INSERT INTO exercise_muscle (exercise_id, muscle_id, intensity) VALUES (1557, 13, 10);
# INSERT INTO exercise_muscle (exercise_id, muscle_id, intensity) VALUES (1557, 21, 7);
# INSERT INTO exercise_muscle (exercise_id, muscle_id, intensity) VALUES (1557, 22, 4);
#
# -- Exercise ID: 1558
# INSERT INTO Exercise (id, title, description, link, equipment_id, training_type_id) VALUES (1558, 'Barbell Single Leg Standing Bent Knee Overhead Press', 'Target: Shoulders', NULL, 12, 12);
# INSERT INTO exercise_muscle (exercise_id, muscle_id, intensity) VALUES (1558, 2, 10);
# INSERT INTO exercise_muscle (exercise_id, muscle_id, intensity) VALUES (1558, 4, 7);
#
# -- Exercise ID: 1559
# INSERT INTO Exercise (id, title, description, link, equipment_id, training_type_id) VALUES (1559, 'Single Arm Barbell Single Leg Standing Bent Knee Contralateral Overhead Press', 'Target: Shoulders', NULL, 12, 12);
# INSERT INTO exercise_muscle (exercise_id, muscle_id, intensity) VALUES (1559, 2, 10);
# INSERT INTO exercise_muscle (exercise_id, muscle_id, intensity) VALUES (1559, 11, 7);
#
# -- Exercise ID: 1560
# INSERT INTO Exercise (id, title, description, link, equipment_id, training_type_id) VALUES (1560, 'Bodyweight Tuck Planche', 'Target: Abdominals', 'https://youtu.be/VFYZh24e0RI?si=_Vjvy9tWBn4nc7l_', 2, 4);
# INSERT INTO exercise_muscle (exercise_id, muscle_id, intensity) VALUES (1560, 11, 10);
# INSERT INTO exercise_muscle (exercise_id, muscle_id, intensity) VALUES (1560, 8, 7);
#
# -- Exercise ID: 1561
# INSERT INTO Exercise (id, title, description, link, equipment_id, training_type_id) VALUES (1561, 'Single Arm Barbell Single Leg Standing Bent Knee Ipsilateral Overhead Press', 'Target: Shoulders', NULL, 12, 12);
# INSERT INTO exercise_muscle (exercise_id, muscle_id, intensity) VALUES (1561, 2, 10);
# INSERT INTO exercise_muscle (exercise_id, muscle_id, intensity) VALUES (1561, 11, 7);
#
# -- Exercise ID: 1562
# INSERT INTO Exercise (id, title, description, link, equipment_id, training_type_id) VALUES (1562, 'Double Kettlebell Push Up to L Sit', 'Target: Chest', 'https://youtu.be/V-157r2C-qU', 15, 4);
# INSERT INTO exercise_muscle (exercise_id, muscle_id, intensity) VALUES (1562, 7, 10);
# INSERT INTO exercise_muscle (exercise_id, muscle_id, intensity) VALUES (1562, 11, 7);
#
# -- Exercise ID: 1563
# INSERT INTO Exercise (id, title, description, link, equipment_id, training_type_id) VALUES (1563, 'Bar L Sit Hang', 'Target: Abdominals', 'https://youtu.be/WHi1bvZLwlw?si=NKvlsqG8aI-wDQfJ', 16, 4);
# INSERT INTO exercise_muscle (exercise_id, muscle_id, intensity) VALUES (1563, 11, 10);
#
# -- Exercise ID: 1564
# INSERT INTO Exercise (id, title, description, link, equipment_id, training_type_id) VALUES (1564, 'Ring L Sit Hang', 'Target: Abdominals', 'https://youtu.be/8DMns2IRlg4?si=hbMMsP9DfSOthR7b', 3, 4);
# INSERT INTO exercise_muscle (exercise_id, muscle_id, intensity) VALUES (1564, 11, 10);
#
# -- Exercise ID: 1565
# INSERT INTO Exercise (id, title, description, link, equipment_id, training_type_id) VALUES (1565, 'Single Arm Bar L Sit Hang', 'Target: Abdominals', 'https://youtu.be/HvdS2ClV9KU?feature=shared', 16, 4);
# INSERT INTO exercise_muscle (exercise_id, muscle_id, intensity) VALUES (1565, 11, 10);
#
# -- Exercise ID: 1566
# INSERT INTO Exercise (id, title, description, link, equipment_id, training_type_id) VALUES (1566, 'Single Arm Ring L Sit Hang', 'Target: Abdominals', 'https://youtu.be/_o_4N2yJwAw?si=Hum3bBKngYoqfDUc', 3, 4);
# INSERT INTO exercise_muscle (exercise_id, muscle_id, intensity) VALUES (1566, 11, 10);
#
# -- Exercise ID: 1567
# INSERT INTO Exercise (id, title, description, link, equipment_id, training_type_id) VALUES (1567, 'Single Arm Kettlebell Suitcase Alternating Reverse Lunge', 'Target: Quadriceps', 'https://youtu.be/CQR7UUijw38?si=ncO4L8hVq2h4htQQ', 15, 2);
# INSERT INTO exercise_muscle (exercise_id, muscle_id, intensity) VALUES (1567, 13, 10);
# INSERT INTO exercise_muscle (exercise_id, muscle_id, intensity) VALUES (1567, 21, 7);
# INSERT INTO exercise_muscle (exercise_id, muscle_id, intensity) VALUES (1567, 22, 4);
#
# -- Exercise ID: 1568
# INSERT INTO Exercise (id, title, description, link, equipment_id, training_type_id) VALUES (1568, 'Parallette L Sit Flutter Kicks', 'Target: Abdominals', 'https://youtu.be/zDRj6Sw6tw8?si=Fp368ZWQaw_YDQay', 4, 4);
# INSERT INTO exercise_muscle (exercise_id, muscle_id, intensity) VALUES (1568, 11, 10);
#
# -- Exercise ID: 1569
# INSERT INTO Exercise (id, title, description, link, equipment_id, training_type_id) VALUES (1569, 'Bodyweight Single Arm Contralateral Single Leg Push Up', 'Target: Chest', 'https://youtu.be/I6f7uUmozDY', 2, 4);
# INSERT INTO exercise_muscle (exercise_id, muscle_id, intensity) VALUES (1569, 7, 10);
# INSERT INTO exercise_muscle (exercise_id, muscle_id, intensity) VALUES (1569, 11, 7);
#
# -- Exercise ID: 1570
# INSERT INTO Exercise (id, title, description, link, equipment_id, training_type_id) VALUES (1570, 'Parallette Tuck Planche Push Up', 'Target: Chest', 'https://youtu.be/hFHpQAqqMDA', 4, 4);
# INSERT INTO exercise_muscle (exercise_id, muscle_id, intensity) VALUES (1570, 7, 10);
# INSERT INTO exercise_muscle (exercise_id, muscle_id, intensity) VALUES (1570, 4, 7);
# INSERT INTO exercise_muscle (exercise_id, muscle_id, intensity) VALUES (1570, 11, 4);
#
# -- Exercise ID: 1571
# INSERT INTO Exercise (id, title, description, link, equipment_id, training_type_id) VALUES (1571, 'Ring Maltese Push Up', 'Target: Chest', 'https://youtu.be/kpOpHoywVKU', 3, 4);
# INSERT INTO exercise_muscle (exercise_id, muscle_id, intensity) VALUES (1571, 7, 10);
# INSERT INTO exercise_muscle (exercise_id, muscle_id, intensity) VALUES (1571, 4, 7);
#
# -- Exercise ID: 1572
# INSERT INTO Exercise (id, title, description, link, equipment_id, training_type_id) VALUES (1572, 'Ring Tuck Planche Push Up', 'Target: Chest', NULL, 3, 4);
# INSERT INTO exercise_muscle (exercise_id, muscle_id, intensity) VALUES (1572, 7, 10);
# INSERT INTO exercise_muscle (exercise_id, muscle_id, intensity) VALUES (1572, 4, 7);
# INSERT INTO exercise_muscle (exercise_id, muscle_id, intensity) VALUES (1572, 11, 4);
#
# -- Exercise ID: 1573
# INSERT INTO Exercise (id, title, description, link, equipment_id, training_type_id) VALUES (1573, 'Parallette L Sit to Tuck Planche Push Up', 'Target: Chest', 'https://youtu.be/uI8nV93qBOE?si=dEvkASEnkOSkbUd8', 4, 4);
# INSERT INTO exercise_muscle (exercise_id, muscle_id, intensity) VALUES (1573, 7, 10);
# INSERT INTO exercise_muscle (exercise_id, muscle_id, intensity) VALUES (1573, 4, 7);
# INSERT INTO exercise_muscle (exercise_id, muscle_id, intensity) VALUES (1573, 11, 4);
#
# -- Exercise ID: 1574
# INSERT INTO Exercise (id, title, description, link, equipment_id, training_type_id) VALUES (1574, 'Ring L Sit to Tuck Planche Push Up', 'Target: Chest', NULL, 3, 4);
# INSERT INTO exercise_muscle (exercise_id, muscle_id, intensity) VALUES (1574, 7, 10);
# INSERT INTO exercise_muscle (exercise_id, muscle_id, intensity) VALUES (1574, 4, 7);
# INSERT INTO exercise_muscle (exercise_id, muscle_id, intensity) VALUES (1574, 11, 4);
#
# -- Exercise ID: 1575
# INSERT INTO Exercise (id, title, description, link, equipment_id, training_type_id) VALUES (1575, 'Bar Advanced Tuck Front Lever Pull Up', 'Target: Back', 'https://youtu.be/cVdb8oUGKAw?si=tC4dDZ3QsBtE_4_m', 16, 4);
# INSERT INTO exercise_muscle (exercise_id, muscle_id, intensity) VALUES (1575, 17, 10);
#
# -- Exercise ID: 1576
# INSERT INTO Exercise (id, title, description, link, equipment_id, training_type_id) VALUES (1576, 'Bar Gironda Sternum Chin Up', 'Target: Biceps', 'https://youtu.be/58QkcGVA12A?si=ddrndE8UqnvYVadB', 16, 4);
# INSERT INTO exercise_muscle (exercise_id, muscle_id, intensity) VALUES (1576, 8, 10);
# INSERT INTO exercise_muscle (exercise_id, muscle_id, intensity) VALUES (1576, 17, 7);
#
# -- Exercise ID: 1577
# INSERT INTO Exercise (id, title, description, link, equipment_id, training_type_id) VALUES (1577, 'Bar L Sit Archer Pull Up', 'Target: Back', NULL, 16, 4);
# INSERT INTO exercise_muscle (exercise_id, muscle_id, intensity) VALUES (1577, 17, 10);
# INSERT INTO exercise_muscle (exercise_id, muscle_id, intensity) VALUES (1577, 8, 7);
#
# -- Exercise ID: 1578
# INSERT INTO Exercise (id, title, description, link, equipment_id, training_type_id) VALUES (1578, 'Bar Straddle Front Lever Pull Up', 'Target: Back', NULL, 16, 4);
# INSERT INTO exercise_muscle (exercise_id, muscle_id, intensity) VALUES (1578, 17, 10);
#
# -- Exercise ID: 1579
# INSERT INTO Exercise (id, title, description, link, equipment_id, training_type_id) VALUES (1579, 'Bar Strict Muscle Up', 'Target: Back', 'https://youtu.be/t8_M2aHiNDk?si=s9zri6LcdUJrvwbV', 16, 4);
# INSERT INTO exercise_muscle (exercise_id, muscle_id, intensity) VALUES (1579, 17, 10);
# INSERT INTO exercise_muscle (exercise_id, muscle_id, intensity) VALUES (1579, 4, 7);
# INSERT INTO exercise_muscle (exercise_id, muscle_id, intensity) VALUES (1579, 8, 4);
#
# -- Exercise ID: 1580
# INSERT INTO Exercise (id, title, description, link, equipment_id, training_type_id) VALUES (1580, 'Bar Tuck Front Lever Pull Up', 'Target: Back', NULL, 16, 4);
# INSERT INTO exercise_muscle (exercise_id, muscle_id, intensity) VALUES (1580, 17, 10);
# INSERT INTO exercise_muscle (exercise_id, muscle_id, intensity) VALUES (1580, 4, 7);
#
# -- Exercise ID: 1581
# INSERT INTO Exercise (id, title, description, link, equipment_id, training_type_id) VALUES (1581, 'Bodyweight Tuck Planche Push Up', 'Target: Chest', 'https://youtu.be/U-MgWVM_2-Y?si=-XnkVL5OAVXtyCPu', 2, 4);
# INSERT INTO exercise_muscle (exercise_id, muscle_id, intensity) VALUES (1581, 7, 10);
# INSERT INTO exercise_muscle (exercise_id, muscle_id, intensity) VALUES (1581, 4, 7);
# INSERT INTO exercise_muscle (exercise_id, muscle_id, intensity) VALUES (1581, 11, 4);
#
# -- Exercise ID: 1582
# INSERT INTO Exercise (id, title, description, link, equipment_id, training_type_id) VALUES (1582, 'Double Clubbell Asynchronous Mill', 'Target: Shoulders', 'https://youtu.be/2t7u5sapU1Q?si=KigwClnysDsb8CGJ', 26, 10);
# INSERT INTO exercise_muscle (exercise_id, muscle_id, intensity) VALUES (1582, 19, 10);
# INSERT INTO exercise_muscle (exercise_id, muscle_id, intensity) VALUES (1582, 21, 7);
# INSERT INTO exercise_muscle (exercise_id, muscle_id, intensity) VALUES (1582, 12, 4);
#
# -- Exercise ID: 1583
# INSERT INTO Exercise (id, title, description, link, equipment_id, training_type_id) VALUES (1583, 'Clubbell Order Step Up', 'Target: Quadriceps', NULL, 26, 2);
# INSERT INTO exercise_muscle (exercise_id, muscle_id, intensity) VALUES (1583, 13, 10);
# INSERT INTO exercise_muscle (exercise_id, muscle_id, intensity) VALUES (1583, 21, 7);
# INSERT INTO exercise_muscle (exercise_id, muscle_id, intensity) VALUES (1583, 22, 4);
#
# -- Exercise ID: 1584
# INSERT INTO Exercise (id, title, description, link, equipment_id, training_type_id) VALUES (1584, 'Clubbell Order Alternating Step Up', 'Target: Quadriceps', NULL, 26, 2);
# INSERT INTO exercise_muscle (exercise_id, muscle_id, intensity) VALUES (1584, 13, 10);
# INSERT INTO exercise_muscle (exercise_id, muscle_id, intensity) VALUES (1584, 21, 7);
# INSERT INTO exercise_muscle (exercise_id, muscle_id, intensity) VALUES (1584, 22, 4);
#
# -- Exercise ID: 1585
# INSERT INTO Exercise (id, title, description, link, equipment_id, training_type_id) VALUES (1585, 'Bodyweight L Sit', 'Target: Abdominals', 'https://youtu.be/pO4BH0dKCIY?si=qKwpWcDltQZ0K61z', 2, 4);
# INSERT INTO exercise_muscle (exercise_id, muscle_id, intensity) VALUES (1585, 11, 10);
#
# -- Exercise ID: 1586
# INSERT INTO Exercise (id, title, description, link, equipment_id, training_type_id) VALUES (1586, 'Bodyweight Single Arm L Sit', 'Target: Abdominals', 'https://youtu.be/l-7PDo_nf-c?si=SV8BnhirXI2QflsN', 2, 4);
# INSERT INTO exercise_muscle (exercise_id, muscle_id, intensity) VALUES (1586, 11, 10);
#
# -- Exercise ID: 1587
# INSERT INTO Exercise (id, title, description, link, equipment_id, training_type_id) VALUES (1587, 'Alternating Single Arm Kettlebell Low Hold Alternating Lateral Lunge', 'Target: Quadriceps', 'https://youtu.be/X8I4Uq4QgYE?si=0ZNJz2TPEC0nSZaa', 15, 2);
# INSERT INTO exercise_muscle (exercise_id, muscle_id, intensity) VALUES (1587, 13, 10);
# INSERT INTO exercise_muscle (exercise_id, muscle_id, intensity) VALUES (1587, 21, 7);
# INSERT INTO exercise_muscle (exercise_id, muscle_id, intensity) VALUES (1587, 14, 4);
#
# -- Exercise ID: 1588
# INSERT INTO Exercise (id, title, description, link, equipment_id, training_type_id) VALUES (1588, 'Single Arm Kettlebell Front Rack Alternating Lateral Lunge', 'Target: Quadriceps', 'https://youtu.be/vVElqek25fI?si=4-FGE3vFSRTkYdG4', 15, 2);
# INSERT INTO exercise_muscle (exercise_id, muscle_id, intensity) VALUES (1588, 13, 10);
# INSERT INTO exercise_muscle (exercise_id, muscle_id, intensity) VALUES (1588, 21, 7);
# INSERT INTO exercise_muscle (exercise_id, muscle_id, intensity) VALUES (1588, 14, 4);
#
# -- Exercise ID: 1589
# INSERT INTO Exercise (id, title, description, link, equipment_id, training_type_id) VALUES (1589, 'Single Arm Kettlebell Front Rack Alternating Forward Lunge', 'Target: Quadriceps', 'https://youtu.be/oOB02xJgzrA?si=IO-ooFFstcNesTGD', 15, 2);
# INSERT INTO exercise_muscle (exercise_id, muscle_id, intensity) VALUES (1589, 13, 10);
# INSERT INTO exercise_muscle (exercise_id, muscle_id, intensity) VALUES (1589, 21, 7);
# INSERT INTO exercise_muscle (exercise_id, muscle_id, intensity) VALUES (1589, 22, 4);
#
# -- Exercise ID: 1590
# INSERT INTO Exercise (id, title, description, link, equipment_id, training_type_id) VALUES (1590, 'Single Arm Kettlebell Front Rack Alternating Reverse Lunge', 'Target: Quadriceps', 'https://youtu.be/tildBryP8bI?si=mIky-m7uqR4kMvB3', 15, 2);
# INSERT INTO exercise_muscle (exercise_id, muscle_id, intensity) VALUES (1590, 13, 10);
# INSERT INTO exercise_muscle (exercise_id, muscle_id, intensity) VALUES (1590, 21, 7);
# INSERT INTO exercise_muscle (exercise_id, muscle_id, intensity) VALUES (1590, 22, 4);
#
# -- Exercise ID: 1591
# INSERT INTO Exercise (id, title, description, link, equipment_id, training_type_id) VALUES (1591, 'Single Arm Kettlebell Bottoms Up Front Rack Alternating Lateral Lunge', 'Target: Quadriceps', NULL, 15, 2);
# INSERT INTO exercise_muscle (exercise_id, muscle_id, intensity) VALUES (1591, 13, 10);
# INSERT INTO exercise_muscle (exercise_id, muscle_id, intensity) VALUES (1591, 21, 7);
# INSERT INTO exercise_muscle (exercise_id, muscle_id, intensity) VALUES (1591, 14, 4);
#
# -- Exercise ID: 1592
# INSERT INTO Exercise (id, title, description, link, equipment_id, training_type_id) VALUES (1592, 'Single Arm Kettlebell Bottoms Up Front Rack Alternating Forward Lunge', 'Target: Quadriceps', 'https://youtu.be/q7sQB0_p7XQ?feature=shared', 15, 2);
# INSERT INTO exercise_muscle (exercise_id, muscle_id, intensity) VALUES (1592, 13, 10);
# INSERT INTO exercise_muscle (exercise_id, muscle_id, intensity) VALUES (1592, 21, 7);
# INSERT INTO exercise_muscle (exercise_id, muscle_id, intensity) VALUES (1592, 22, 4);
#
# -- Exercise ID: 1593
# INSERT INTO Exercise (id, title, description, link, equipment_id, training_type_id) VALUES (1593, 'Parallette V Sit to Pike Press Handstand', 'Target: Shoulders', 'https://youtu.be/i3tkgdhZuj0?si=lupWBeLYXNXi2bV0', 4, 4);
# INSERT INTO exercise_muscle (exercise_id, muscle_id, intensity) VALUES (1593, 2, 10);
# INSERT INTO exercise_muscle (exercise_id, muscle_id, intensity) VALUES (1593, 4, 7);
# INSERT INTO exercise_muscle (exercise_id, muscle_id, intensity) VALUES (1593, 11, 4);
#
# -- Exercise ID: 1594
# INSERT INTO Exercise (id, title, description, link, equipment_id, training_type_id) VALUES (1594, 'Ring Pseudo Planche Push Up', 'Target: Chest', 'https://youtu.be/f09iB8jbioo?si=MFJiOigiohOtQybY', 3, 4);
# INSERT INTO exercise_muscle (exercise_id, muscle_id, intensity) VALUES (1594, 7, 10);
# INSERT INTO exercise_muscle (exercise_id, muscle_id, intensity) VALUES (1594, 2, 7);
#
# -- Exercise ID: 1595
# INSERT INTO Exercise (id, title, description, link, equipment_id, training_type_id) VALUES (1595, 'Single Arm Macebell Order Contralateral Cossack Squat', 'Target: Quadriceps', NULL, 24, 2);
# INSERT INTO exercise_muscle (exercise_id, muscle_id, intensity) VALUES (1595, 13, 10);
# INSERT INTO exercise_muscle (exercise_id, muscle_id, intensity) VALUES (1595, 14, 7);
# INSERT INTO exercise_muscle (exercise_id, muscle_id, intensity) VALUES (1595, 21, 4);
#
# -- Exercise ID: 1596
# INSERT INTO Exercise (id, title, description, link, equipment_id, training_type_id) VALUES (1596, 'Single Arm Macebell Order Low Switch Cossack Squat', 'Target: Quadriceps', NULL, 24, 2);
# INSERT INTO exercise_muscle (exercise_id, muscle_id, intensity) VALUES (1596, 13, 10);
# INSERT INTO exercise_muscle (exercise_id, muscle_id, intensity) VALUES (1596, 14, 7);
# INSERT INTO exercise_muscle (exercise_id, muscle_id, intensity) VALUES (1596, 21, 4);
#
# -- Exercise ID: 1597
# INSERT INTO Exercise (id, title, description, link, equipment_id, training_type_id) VALUES (1597, 'Single Arm Macebell Order Alternating Cossack Squat', 'Target: Quadriceps', NULL, 24, 2);
# INSERT INTO exercise_muscle (exercise_id, muscle_id, intensity) VALUES (1597, 13, 10);
# INSERT INTO exercise_muscle (exercise_id, muscle_id, intensity) VALUES (1597, 14, 7);
# INSERT INTO exercise_muscle (exercise_id, muscle_id, intensity) VALUES (1597, 21, 4);
#
# -- Exercise ID: 1598
# INSERT INTO Exercise (id, title, description, link, equipment_id, training_type_id) VALUES (1598, 'Single Arm Macebell Order Foot Elevated Contralateral Cossack Squat', 'Target: Quadriceps', NULL, 24, 2);
# INSERT INTO exercise_muscle (exercise_id, muscle_id, intensity) VALUES (1598, 13, 10);
# INSERT INTO exercise_muscle (exercise_id, muscle_id, intensity) VALUES (1598, 14, 7);
# INSERT INTO exercise_muscle (exercise_id, muscle_id, intensity) VALUES (1598, 21, 4);
#
# -- Exercise ID: 1599
# INSERT INTO Exercise (id, title, description, link, equipment_id, training_type_id) VALUES (1599, 'Stability Ball Feet Elevated Glute Bridge', 'Target: Glutes', 'https://youtu.be/8Ta_A9vAEGs?si=pSj3gDFijzwcALE4', 1, 2);
# INSERT INTO exercise_muscle (exercise_id, muscle_id, intensity) VALUES (1599, 21, 10);
# INSERT INTO exercise_muscle (exercise_id, muscle_id, intensity) VALUES (1599, 22, 7);
# INSERT INTO exercise_muscle (exercise_id, muscle_id, intensity) VALUES (1599, 20, 4);
#
# -- Exercise ID: 1600
# INSERT INTO Exercise (id, title, description, link, equipment_id, training_type_id) VALUES (1600, 'Bodyweight Mountain Climber', 'Target: Abdominals', 'https://youtu.be/kLh-uczlPLg?si=WfwS9PlCOc9d1t1N', 2, 4);
# INSERT INTO exercise_muscle (exercise_id, muscle_id, intensity) VALUES (1600, 11, 10);
# INSERT INTO exercise_muscle (exercise_id, muscle_id, intensity) VALUES (1600, 2, 4);
#
# -- Exercise ID: 1601
# INSERT INTO Exercise (id, title, description, link, equipment_id, training_type_id) VALUES (1601, 'Suspension Feet Elevated Mountain Climber', 'Target: Abdominals', 'https://youtu.be/p3O2xyC21KU?si=Yt4cH3nEfCtCr9Uv', 11, 3);
# INSERT INTO exercise_muscle (exercise_id, muscle_id, intensity) VALUES (1601, 11, 10);
# INSERT INTO exercise_muscle (exercise_id, muscle_id, intensity) VALUES (1601, 2, 4);
#
# -- Exercise ID: 1602
# INSERT INTO Exercise (id, title, description, link, equipment_id, training_type_id) VALUES (1602, 'Bodyweight Straddle L Sit', 'Target: Abdominals', 'https://youtu.be/XS7Y1jQ-kxs?si=hFDuiao7cTRRHUCT', 2, 4);
# INSERT INTO exercise_muscle (exercise_id, muscle_id, intensity) VALUES (1602, 11, 10);
#
# -- Exercise ID: 1603
# INSERT INTO Exercise (id, title, description, link, equipment_id, training_type_id) VALUES (1603, 'Single Arm Kettlebell Bottoms Up Front Rack Alternating Reverse Lunge', 'Target: Quadriceps', 'https://youtu.be/xhyigP6lpAM?feature=shared', 15, 2);
# INSERT INTO exercise_muscle (exercise_id, muscle_id, intensity) VALUES (1603, 13, 10);
# INSERT INTO exercise_muscle (exercise_id, muscle_id, intensity) VALUES (1603, 21, 7);
# INSERT INTO exercise_muscle (exercise_id, muscle_id, intensity) VALUES (1603, 22, 4);
#
# -- Exercise ID: 1604
# INSERT INTO Exercise (id, title, description, link, equipment_id, training_type_id) VALUES (1604, 'Bodyweight Cossack Squat', 'Target: Quadriceps', 'https://youtu.be/lyMHR7F8lPA?si=An72TBlVkZQu4GMO', 2, 2);
# INSERT INTO exercise_muscle (exercise_id, muscle_id, intensity) VALUES (1604, 13, 10);
# INSERT INTO exercise_muscle (exercise_id, muscle_id, intensity) VALUES (1604, 14, 7);
# INSERT INTO exercise_muscle (exercise_id, muscle_id, intensity) VALUES (1604, 21, 4);
#
# -- Exercise ID: 1605
# INSERT INTO Exercise (id, title, description, link, equipment_id, training_type_id) VALUES (1605, 'Bodyweight Wall Facing Handstand Push Up', 'Target: Shoulders', 'https://youtu.be/ZDhNSacJLEE?si=aGw3Fw5a7Q34pWuk', 2, 4);
# INSERT INTO exercise_muscle (exercise_id, muscle_id, intensity) VALUES (1605, 2, 10);
# INSERT INTO exercise_muscle (exercise_id, muscle_id, intensity) VALUES (1605, 4, 7);
#
# -- Exercise ID: 1606
# INSERT INTO Exercise (id, title, description, link, equipment_id, training_type_id) VALUES (1606, 'Ring Pelican Push Up', 'Target: Chest', 'https://youtu.be/4zSzWYRiBGI?si=NqLN5I_ZFwPkfPXM', 3, 4);
# INSERT INTO exercise_muscle (exercise_id, muscle_id, intensity) VALUES (1606, 7, 10);
# INSERT INTO exercise_muscle (exercise_id, muscle_id, intensity) VALUES (1606, 4, 7);
# INSERT INTO exercise_muscle (exercise_id, muscle_id, intensity) VALUES (1606, 8, 4);
#
# -- Exercise ID: 1607
# INSERT INTO Exercise (id, title, description, link, equipment_id, training_type_id) VALUES (1607, 'Barbell Back Rack Alternating Step Up', 'Target: Quadriceps', 'https://youtu.be/_iZ9bGw84H8?si=4Ff3XGU-WRY1uN0k', 12, 2);
# INSERT INTO exercise_muscle (exercise_id, muscle_id, intensity) VALUES (1607, 13, 10);
# INSERT INTO exercise_muscle (exercise_id, muscle_id, intensity) VALUES (1607, 21, 7);
# INSERT INTO exercise_muscle (exercise_id, muscle_id, intensity) VALUES (1607, 22, 4);
#
# -- Exercise ID: 1608
# INSERT INTO Exercise (id, title, description, link, equipment_id, training_type_id) VALUES (1608, 'Barbell Front Rack Alternating Step Up', 'Target: Quadriceps', 'https://youtu.be/b8ldbeOnJEI?si=PBXslcF1v1YEXgGU', 12, 2);
# INSERT INTO exercise_muscle (exercise_id, muscle_id, intensity) VALUES (1608, 13, 10);
# INSERT INTO exercise_muscle (exercise_id, muscle_id, intensity) VALUES (1608, 21, 7);
# INSERT INTO exercise_muscle (exercise_id, muscle_id, intensity) VALUES (1608, 22, 4);
#
# -- Exercise ID: 1609
# INSERT INTO Exercise (id, title, description, link, equipment_id, training_type_id) VALUES (1609, 'Ring Feet Elevated Pelican Push Up', 'Target: Chest', 'https://youtu.be/HdaAXHcN0-M?si=fT7_2ec7wdcSALfm', 3, 4);
# INSERT INTO exercise_muscle (exercise_id, muscle_id, intensity) VALUES (1609, 7, 10);
# INSERT INTO exercise_muscle (exercise_id, muscle_id, intensity) VALUES (1609, 4, 7);
# INSERT INTO exercise_muscle (exercise_id, muscle_id, intensity) VALUES (1609, 8, 4);
#
# -- Exercise ID: 1610
# INSERT INTO Exercise (id, title, description, link, equipment_id, training_type_id) VALUES (1610, 'Suspension Pelican Push Up', 'Target: Chest', NULL, 11, 3);
# INSERT INTO exercise_muscle (exercise_id, muscle_id, intensity) VALUES (1610, 7, 10);
# INSERT INTO exercise_muscle (exercise_id, muscle_id, intensity) VALUES (1610, 4, 7);
# INSERT INTO exercise_muscle (exercise_id, muscle_id, intensity) VALUES (1610, 8, 4);
#
# -- Exercise ID: 1611
# INSERT INTO Exercise (id, title, description, link, equipment_id, training_type_id) VALUES (1611, 'Ring Tuck L Sit', 'Target: Abdominals', 'https://youtu.be/Vuc-nodHS0Y?si=S81fiCUEtPrZUe6Z', 3, 4);
# INSERT INTO exercise_muscle (exercise_id, muscle_id, intensity) VALUES (1611, 11, 10);
#
# -- Exercise ID: 1612
# INSERT INTO Exercise (id, title, description, link, equipment_id, training_type_id) VALUES (1612, 'Ring Tuck L Sit Hang', 'Target: Abdominals', 'https://youtu.be/SLyOG8ujcu0?si=IAzc53JTuuKNMz90', 3, 4);
# INSERT INTO exercise_muscle (exercise_id, muscle_id, intensity) VALUES (1612, 11, 10);
#
# -- Exercise ID: 1613
# INSERT INTO Exercise (id, title, description, link, equipment_id, training_type_id) VALUES (1613, 'Bar Tuck L Sit Hang', 'Target: Abdominals', 'https://youtu.be/QA_dH6cjbw0?si=29xMuvVPe0ttRvvK', 16, 4);
# INSERT INTO exercise_muscle (exercise_id, muscle_id, intensity) VALUES (1613, 11, 10);
#
# -- Exercise ID: 1614
# INSERT INTO Exercise (id, title, description, link, equipment_id, training_type_id) VALUES (1614, 'Single Arm Kettlebell Overhead Alternating Lateral Lunge', 'Target: Quadriceps', NULL, 15, 2);
# INSERT INTO exercise_muscle (exercise_id, muscle_id, intensity) VALUES (1614, 13, 10);
# INSERT INTO exercise_muscle (exercise_id, muscle_id, intensity) VALUES (1614, 21, 7);
# INSERT INTO exercise_muscle (exercise_id, muscle_id, intensity) VALUES (1614, 14, 4);
#
# -- Exercise ID: 1615
# INSERT INTO Exercise (id, title, description, link, equipment_id, training_type_id) VALUES (1615, 'Single Arm Kettlebell Overhead Alternating Forward Lunge', 'Target: Quadriceps', 'https://youtu.be/LMStE_hD9E4?si=_iskUn08-BQH0mYu', 15, 2);
# INSERT INTO exercise_muscle (exercise_id, muscle_id, intensity) VALUES (1615, 13, 10);
# INSERT INTO exercise_muscle (exercise_id, muscle_id, intensity) VALUES (1615, 21, 7);
# INSERT INTO exercise_muscle (exercise_id, muscle_id, intensity) VALUES (1615, 22, 4);
#
# -- Exercise ID: 1616
# INSERT INTO Exercise (id, title, description, link, equipment_id, training_type_id) VALUES (1616, 'Ring Mountain Climber', 'Target: Abdominals', 'https://youtu.be/5BaV4f58I3c?si=LhV-BmrDvHK1G_uI', 3, 4);
# INSERT INTO exercise_muscle (exercise_id, muscle_id, intensity) VALUES (1616, 11, 10);
# INSERT INTO exercise_muscle (exercise_id, muscle_id, intensity) VALUES (1616, 2, 4);
#
# -- Exercise ID: 1617
# INSERT INTO Exercise (id, title, description, link, equipment_id, training_type_id) VALUES (1617, 'Ring Feet Elevated Mountain Climber', 'Target: Abdominals', 'https://youtu.be/kbPOFMH-Ivk?si=ftd7bXesKjVBgNrW', 3, 4);
# INSERT INTO exercise_muscle (exercise_id, muscle_id, intensity) VALUES (1617, 11, 10);
# INSERT INTO exercise_muscle (exercise_id, muscle_id, intensity) VALUES (1617, 2, 4);
#
# -- Exercise ID: 1618
# INSERT INTO Exercise (id, title, description, link, equipment_id, training_type_id) VALUES (1618, 'Single Arm Kettlebell Overhead Alternating Reverse Lunge', 'Target: Quadriceps', 'https://youtu.be/neuw_JknIms?si=QPBFpV8bvbtlFLfL', 15, 2);
# INSERT INTO exercise_muscle (exercise_id, muscle_id, intensity) VALUES (1618, 13, 10);
# INSERT INTO exercise_muscle (exercise_id, muscle_id, intensity) VALUES (1618, 21, 7);
# INSERT INTO exercise_muscle (exercise_id, muscle_id, intensity) VALUES (1618, 22, 4);
#
# -- Exercise ID: 1619
# INSERT INTO Exercise (id, title, description, link, equipment_id, training_type_id) VALUES (1619, 'Ring Dead Hang', 'Target: Back', 'https://youtu.be/uMcoQ-ijpsk', 3, 4);
# INSERT INTO exercise_muscle (exercise_id, muscle_id, intensity) VALUES (1619, 17, 10);
#
# -- Exercise ID: 1620
# INSERT INTO Exercise (id, title, description, link, equipment_id, training_type_id) VALUES (1620, 'Parallette Kneeling Push Up', 'Target: Chest', 'https://youtu.be/iHR7BprMyEc', 4, 4);
# INSERT INTO exercise_muscle (exercise_id, muscle_id, intensity) VALUES (1620, 7, 10);
#
# -- Exercise ID: 1621
# INSERT INTO Exercise (id, title, description, link, equipment_id, training_type_id) VALUES (1621, 'Clubbell Outside Circle', 'Target: Abdominals', 'https://youtu.be/9lVJZ8o8nzM?si=4NnTRdg9x60PkNsZ', 26, 10);
# INSERT INTO exercise_muscle (exercise_id, muscle_id, intensity) VALUES (1621, 11, 10);
# INSERT INTO exercise_muscle (exercise_id, muscle_id, intensity) VALUES (1621, 21, 7);
# INSERT INTO exercise_muscle (exercise_id, muscle_id, intensity) VALUES (1621, 10, 4);
#
# -- Exercise ID: 1622
# INSERT INTO Exercise (id, title, description, link, equipment_id, training_type_id) VALUES (1622, 'Single Arm Macebell Order Carry', 'Target: Forearms', NULL, 24, 3);
# INSERT INTO exercise_muscle (exercise_id, muscle_id, intensity) VALUES (1622, 10, 10);
# INSERT INTO exercise_muscle (exercise_id, muscle_id, intensity) VALUES (1622, 11, 7);
# INSERT INTO exercise_muscle (exercise_id, muscle_id, intensity) VALUES (1622, 21, 4);
#
# -- Exercise ID: 1623
# INSERT INTO Exercise (id, title, description, link, equipment_id, training_type_id) VALUES (1623, 'Clubbell Order Carry', 'Target: Forearms', NULL, 26, 3);
# INSERT INTO exercise_muscle (exercise_id, muscle_id, intensity) VALUES (1623, 10, 10);
# INSERT INTO exercise_muscle (exercise_id, muscle_id, intensity) VALUES (1623, 11, 7);
# INSERT INTO exercise_muscle (exercise_id, muscle_id, intensity) VALUES (1623, 21, 4);
#
# -- Exercise ID: 1624
# INSERT INTO Exercise (id, title, description, link, equipment_id, training_type_id) VALUES (1624, 'Macebell Order Carry', 'Target: Forearms', NULL, 24, 3);
# INSERT INTO exercise_muscle (exercise_id, muscle_id, intensity) VALUES (1624, 10, 10);
# INSERT INTO exercise_muscle (exercise_id, muscle_id, intensity) VALUES (1624, 11, 7);
# INSERT INTO exercise_muscle (exercise_id, muscle_id, intensity) VALUES (1624, 21, 4);
#
# -- Exercise ID: 1625
# INSERT INTO Exercise (id, title, description, link, equipment_id, training_type_id) VALUES (1625, 'Macebell Order March', 'Target: Hip Flexors', NULL, 24, 12);
# INSERT INTO exercise_muscle (exercise_id, muscle_id, intensity) VALUES (1625, 11, 10);
# INSERT INTO exercise_muscle (exercise_id, muscle_id, intensity) VALUES (1625, 15, 4);
#
# -- Exercise ID: 1626
# INSERT INTO Exercise (id, title, description, link, equipment_id, training_type_id) VALUES (1626, 'Single Arm Macebell Order March', 'Target: Hip Flexors', NULL, 24, 12);
# INSERT INTO exercise_muscle (exercise_id, muscle_id, intensity) VALUES (1626, 11, 10);
# INSERT INTO exercise_muscle (exercise_id, muscle_id, intensity) VALUES (1626, 15, 4);
#
# -- Exercise ID: 1627
# INSERT INTO Exercise (id, title, description, link, equipment_id, training_type_id) VALUES (1627, 'Single Arm Kettlebell Bottoms Up Overhead Alternating Lateral Lunge', 'Target: Quadriceps', NULL, 15, 2);
# INSERT INTO exercise_muscle (exercise_id, muscle_id, intensity) VALUES (1627, 13, 10);
# INSERT INTO exercise_muscle (exercise_id, muscle_id, intensity) VALUES (1627, 21, 7);
# INSERT INTO exercise_muscle (exercise_id, muscle_id, intensity) VALUES (1627, 14, 4);
#
# -- Exercise ID: 1628
# INSERT INTO Exercise (id, title, description, link, equipment_id, training_type_id) VALUES (1628, 'Single Arm Kettlebell Bottoms Up Overhead Alternating Forward Lunge', 'Target: Quadriceps', NULL, 15, 2);
# INSERT INTO exercise_muscle (exercise_id, muscle_id, intensity) VALUES (1628, 13, 10);
# INSERT INTO exercise_muscle (exercise_id, muscle_id, intensity) VALUES (1628, 21, 7);
# INSERT INTO exercise_muscle (exercise_id, muscle_id, intensity) VALUES (1628, 22, 4);
#
# -- Exercise ID: 1629
# INSERT INTO Exercise (id, title, description, link, equipment_id, training_type_id) VALUES (1629, 'Single Arm Kettlebell Bottoms Up Overhead Alternating Reverse Lunge', 'Target: Quadriceps', 'https://youtu.be/N4GPqbj8Nds?feature=shared', 15, 2);
# INSERT INTO exercise_muscle (exercise_id, muscle_id, intensity) VALUES (1629, 13, 10);
# INSERT INTO exercise_muscle (exercise_id, muscle_id, intensity) VALUES (1629, 21, 7);
# INSERT INTO exercise_muscle (exercise_id, muscle_id, intensity) VALUES (1629, 22, 4);
#
# -- Exercise ID: 1630
# INSERT INTO Exercise (id, title, description, link, equipment_id, training_type_id) VALUES (1630, 'Stability Ball T''s Y''s I''s', 'Target: Shoulders', 'https://youtu.be/1jP1PR9Gls0?si=esOirS5dWd5oUqG0', 1, 1);
# INSERT INTO exercise_muscle (exercise_id, muscle_id, intensity) VALUES (1630, 19, 10);
#
# -- Exercise ID: 1631
# INSERT INTO Exercise (id, title, description, link, equipment_id, training_type_id) VALUES (1631, 'Resistance Band Reverse Fly', 'Target: Shoulders', 'https://youtu.be/C2wsrjVHvuA', 21, 3);
# INSERT INTO exercise_muscle (exercise_id, muscle_id, intensity) VALUES (1631, 19, 10);
#
# -- Exercise ID: 1632
# INSERT INTO Exercise (id, title, description, link, equipment_id, training_type_id) VALUES (1632, 'Resistance Band Lateral Raise', 'Target: Shoulders', 'https://youtu.be/1feV0cW5U60?si=e6dhNFXt6CLSbkRE', 21, 2);
# INSERT INTO exercise_muscle (exercise_id, muscle_id, intensity) VALUES (1632, 3, 10);
# INSERT INTO exercise_muscle (exercise_id, muscle_id, intensity) VALUES (1632, 2, 7);
# INSERT INTO exercise_muscle (exercise_id, muscle_id, intensity) VALUES (1632, 9, 4);
#
# -- Exercise ID: 1633
# INSERT INTO Exercise (id, title, description, link, equipment_id, training_type_id) VALUES (1633, 'Double Dumbbell Lateral Raise', 'Target: Shoulders', 'https://youtu.be/XPPfnSEATJA?si=yNFrwT2Aj4G98NVF', 6, 2);
# INSERT INTO exercise_muscle (exercise_id, muscle_id, intensity) VALUES (1633, 3, 10);
# INSERT INTO exercise_muscle (exercise_id, muscle_id, intensity) VALUES (1633, 2, 7);
# INSERT INTO exercise_muscle (exercise_id, muscle_id, intensity) VALUES (1633, 9, 4);
#
# -- Exercise ID: 1634
# INSERT INTO Exercise (id, title, description, link, equipment_id, training_type_id) VALUES (1634, 'Single Arm Resistance Band Standing Shoulder External Rotation', 'Target: Shoulders', 'https://youtu.be/cFyP6e4XeGo', 21, 3);
# INSERT INTO exercise_muscle (exercise_id, muscle_id, intensity) VALUES (1634, 19, 10);
#
# -- Exercise ID: 1635
# INSERT INTO Exercise (id, title, description, link, equipment_id, training_type_id) VALUES (1635, 'Double Dumbbell Seated Lateral Raise', 'Target: Shoulders', 'https://youtu.be/GBo4Cj8i9VI?si=_ZCYRalndjXZl58y', 6, 2);
# INSERT INTO exercise_muscle (exercise_id, muscle_id, intensity) VALUES (1635, 3, 10);
# INSERT INTO exercise_muscle (exercise_id, muscle_id, intensity) VALUES (1635, 2, 7);
# INSERT INTO exercise_muscle (exercise_id, muscle_id, intensity) VALUES (1635, 9, 4);
#
# -- Exercise ID: 1636
# INSERT INTO Exercise (id, title, description, link, equipment_id, training_type_id) VALUES (1636, 'Single Arm Dumbbell Side Lying Shoulder External Rotation', 'Target: Shoulders', 'https://youtu.be/_qPQKid-LRs', 6, 3);
# INSERT INTO exercise_muscle (exercise_id, muscle_id, intensity) VALUES (1636, 19, 10);
#
# -- Exercise ID: 1637
# INSERT INTO Exercise (id, title, description, link, equipment_id, training_type_id) VALUES (1637, 'Miniband Standing Shoulder External Rotation', 'Target: Shoulders', 'https://youtu.be/4cpQr1VbcEU', 13, 3);
# INSERT INTO exercise_muscle (exercise_id, muscle_id, intensity) VALUES (1637, 19, 10);
#
# -- Exercise ID: 1638
# INSERT INTO Exercise (id, title, description, link, equipment_id, training_type_id) VALUES (1638, 'Single Arm Dumbbell Side Lying Shoulder Internal Rotation', 'Target: Shoulders', 'https://youtu.be/KDyPlr_tm-w?si=ideKS24XjGyapd7Y', 6, 3);
# INSERT INTO exercise_muscle (exercise_id, muscle_id, intensity) VALUES (1638, 19, 10);
# INSERT INTO exercise_muscle (exercise_id, muscle_id, intensity) VALUES (1638, 18, 7);
#
# -- Exercise ID: 1639
# INSERT INTO Exercise (id, title, description, link, equipment_id, training_type_id) VALUES (1639, 'Stability Ball Double Dumbbell Seated Arnold Press', 'Target: Shoulders', 'https://youtu.be/4Hwcp9HP9D4', 1, 3);
# INSERT INTO exercise_muscle (exercise_id, muscle_id, intensity) VALUES (1639, 2, 10);
# INSERT INTO exercise_muscle (exercise_id, muscle_id, intensity) VALUES (1639, 4, 7);
#
# -- Exercise ID: 1640
# INSERT INTO Exercise (id, title, description, link, equipment_id, training_type_id) VALUES (1640, 'Single Arm Cable Lateral Raise', 'Target: Shoulders', 'https://youtu.be/9s0F9lgTG0E?si=hlzVQJ0I5qgbvM45', 8, 2);
# INSERT INTO exercise_muscle (exercise_id, muscle_id, intensity) VALUES (1640, 3, 10);
# INSERT INTO exercise_muscle (exercise_id, muscle_id, intensity) VALUES (1640, 2, 7);
# INSERT INTO exercise_muscle (exercise_id, muscle_id, intensity) VALUES (1640, 9, 4);
#
# -- Exercise ID: 1641
# INSERT INTO Exercise (id, title, description, link, equipment_id, training_type_id) VALUES (1641, 'Double Dumbbell Seated Overhead Press', 'Target: Shoulders', 'https://youtu.be/3GFZpOYu0pQ', 6, 2);
# INSERT INTO exercise_muscle (exercise_id, muscle_id, intensity) VALUES (1641, 2, 10);
# INSERT INTO exercise_muscle (exercise_id, muscle_id, intensity) VALUES (1641, 4, 7);
#
# -- Exercise ID: 1642
# INSERT INTO Exercise (id, title, description, link, equipment_id, training_type_id) VALUES (1642, 'Double Dumbbell Overhead Press', 'Target: Shoulders', 'https://youtu.be/AqzDJHxynwo?si=FpgeOvlc1u-WxGMb', 6, 2);
# INSERT INTO exercise_muscle (exercise_id, muscle_id, intensity) VALUES (1642, 2, 10);
# INSERT INTO exercise_muscle (exercise_id, muscle_id, intensity) VALUES (1642, 4, 7);
#
# -- Exercise ID: 1643
# INSERT INTO Exercise (id, title, description, link, equipment_id, training_type_id) VALUES (1643, 'Double Dumbbell Shrug', 'Target: Trapezius', 'https://youtu.be/llSrlpd7TEE?si=7L7ARn0S6ByQmI59', 6, 2);
# INSERT INTO exercise_muscle (exercise_id, muscle_id, intensity) VALUES (1643, 9, 10);
# INSERT INTO exercise_muscle (exercise_id, muscle_id, intensity) VALUES (1643, 18, 4);
#
# -- Exercise ID: 1644
# INSERT INTO Exercise (id, title, description, link, equipment_id, training_type_id) VALUES (1644, 'Double Dumbbell Standing Scaption', 'Target: Shoulders', 'https://youtu.be/bhemEvr0qiM?si=WahKrQS3-uEP1hYU', 6, 3);
# INSERT INTO exercise_muscle (exercise_id, muscle_id, intensity) VALUES (1644, 2, 10);
# INSERT INTO exercise_muscle (exercise_id, muscle_id, intensity) VALUES (1644, 19, 7);
# INSERT INTO exercise_muscle (exercise_id, muscle_id, intensity) VALUES (1644, 11, 4);
#
# -- Exercise ID: 1645
# INSERT INTO Exercise (id, title, description, link, equipment_id, training_type_id) VALUES (1645, 'EZ Bar Kneeling Rollout', 'Target: Abdominals', 'https://youtu.be/qGVLUwKTvTw?si=wziniMZUeqke6bE4', 18, 3);
# INSERT INTO exercise_muscle (exercise_id, muscle_id, intensity) VALUES (1645, 11, 10);
# INSERT INTO exercise_muscle (exercise_id, muscle_id, intensity) VALUES (1645, 17, 7);
#
# -- Exercise ID: 1646
# INSERT INTO Exercise (id, title, description, link, equipment_id, training_type_id) VALUES (1646, 'EZ Bar Standing Rollout', 'Target: Abdominals', 'https://youtu.be/zGZrhC_VWIQ?feature=shared', 18, 3);
# INSERT INTO exercise_muscle (exercise_id, muscle_id, intensity) VALUES (1646, 11, 10);
# INSERT INTO exercise_muscle (exercise_id, muscle_id, intensity) VALUES (1646, 17, 7);
#
# -- Exercise ID: 1647
# INSERT INTO Exercise (id, title, description, link, equipment_id, training_type_id) VALUES (1647, 'Double Dumbbell Seated Scaption', 'Target: Shoulders', 'https://youtu.be/Vn1cULRUhZI', 6, 3);
# INSERT INTO exercise_muscle (exercise_id, muscle_id, intensity) VALUES (1647, 2, 10);
# INSERT INTO exercise_muscle (exercise_id, muscle_id, intensity) VALUES (1647, 19, 7);
# INSERT INTO exercise_muscle (exercise_id, muscle_id, intensity) VALUES (1647, 11, 4);
#
# -- Exercise ID: 1648
# INSERT INTO Exercise (id, title, description, link, equipment_id, training_type_id) VALUES (1648, 'Stability Ball Double Dumbbell Seated Scaption', 'Target: Shoulders', 'https://youtu.be/PKgkMmXAVUs', 1, 3);
# INSERT INTO exercise_muscle (exercise_id, muscle_id, intensity) VALUES (1648, 2, 10);
# INSERT INTO exercise_muscle (exercise_id, muscle_id, intensity) VALUES (1648, 19, 7);
# INSERT INTO exercise_muscle (exercise_id, muscle_id, intensity) VALUES (1648, 11, 4);
#
# -- Exercise ID: 1649
# INSERT INTO Exercise (id, title, description, link, equipment_id, training_type_id) VALUES (1649, 'Alternating Double Dumbbell Bicep Curl', 'Target: Biceps', 'https://youtu.be/WYezBGuUsdw', 6, 2);
# INSERT INTO exercise_muscle (exercise_id, muscle_id, intensity) VALUES (1649, 8, 10);
# INSERT INTO exercise_muscle (exercise_id, muscle_id, intensity) VALUES (1649, 10, 4);
#
# -- Exercise ID: 1650
# INSERT INTO Exercise (id, title, description, link, equipment_id, training_type_id) VALUES (1650, 'Alternating Double Dumbbell Incline Bench Bicep Curl', 'Target: Biceps', 'https://youtu.be/bgYt7ZgFc9M', 6, 2);
# INSERT INTO exercise_muscle (exercise_id, muscle_id, intensity) VALUES (1650, 8, 10);
# INSERT INTO exercise_muscle (exercise_id, muscle_id, intensity) VALUES (1650, 10, 4);
#
# -- Exercise ID: 1651
# INSERT INTO Exercise (id, title, description, link, equipment_id, training_type_id) VALUES (1651, 'Alternating Double Dumbbell Hammer Curl', 'Target: Biceps', 'https://youtu.be/h46ccQsXDEk', 6, 2);
# INSERT INTO exercise_muscle (exercise_id, muscle_id, intensity) VALUES (1651, 8, 10);
# INSERT INTO exercise_muscle (exercise_id, muscle_id, intensity) VALUES (1651, 10, 4);
#
# -- Exercise ID: 1652
# INSERT INTO Exercise (id, title, description, link, equipment_id, training_type_id) VALUES (1652, 'Alternating Double Dumbbell Cross Body Hammer Curl', 'Target: Biceps', 'https://youtu.be/buP9fSqWcw4?si=-lKec0VHJ1XbZYRH', 6, 2);
# INSERT INTO exercise_muscle (exercise_id, muscle_id, intensity) VALUES (1652, 8, 10);
# INSERT INTO exercise_muscle (exercise_id, muscle_id, intensity) VALUES (1652, 10, 4);
#
# -- Exercise ID: 1653
# INSERT INTO Exercise (id, title, description, link, equipment_id, training_type_id) VALUES (1653, 'Single Arm Dumbbell Incline Bench Preacher Curl', 'Target: Biceps', 'https://youtu.be/DPYrHeVKvQA', 6, 2);
# INSERT INTO exercise_muscle (exercise_id, muscle_id, intensity) VALUES (1653, 8, 10);
# INSERT INTO exercise_muscle (exercise_id, muscle_id, intensity) VALUES (1653, 10, 4);
#
# -- Exercise ID: 1654
# INSERT INTO Exercise (id, title, description, link, equipment_id, training_type_id) VALUES (1654, 'Dumbbell Crush Grip Bicep Curl', 'Target: Biceps', 'https://youtu.be/at2g_OGyuDE', 6, 2);
# INSERT INTO exercise_muscle (exercise_id, muscle_id, intensity) VALUES (1654, 8, 10);
# INSERT INTO exercise_muscle (exercise_id, muscle_id, intensity) VALUES (1654, 10, 4);
#
# -- Exercise ID: 1655
# INSERT INTO Exercise (id, title, description, link, equipment_id, training_type_id) VALUES (1655, 'Double Dumbbell Zottman Curl', 'Target: Biceps', 'https://youtu.be/wrjEdVZrkhk', 6, 2);
# INSERT INTO exercise_muscle (exercise_id, muscle_id, intensity) VALUES (1655, 8, 10);
# INSERT INTO exercise_muscle (exercise_id, muscle_id, intensity) VALUES (1655, 10, 7);
#
# -- Exercise ID: 1656
# INSERT INTO Exercise (id, title, description, link, equipment_id, training_type_id) VALUES (1656, 'Dumbbell Waiter Curl', 'Target: Biceps', 'https://youtu.be/DjgrEWlgGaY', 6, 2);
# INSERT INTO exercise_muscle (exercise_id, muscle_id, intensity) VALUES (1656, 8, 10);
# INSERT INTO exercise_muscle (exercise_id, muscle_id, intensity) VALUES (1656, 10, 4);
#
# -- Exercise ID: 1657
# INSERT INTO Exercise (id, title, description, link, equipment_id, training_type_id) VALUES (1657, 'Cable Straight Bar Drag Curl', 'Target: Biceps', 'https://youtu.be/s_5mJUQqQpY?si=4zKcXdHvIHVCrn6n', 8, 2);
# INSERT INTO exercise_muscle (exercise_id, muscle_id, intensity) VALUES (1657, 8, 10);
# INSERT INTO exercise_muscle (exercise_id, muscle_id, intensity) VALUES (1657, 10, 4);
#
# -- Exercise ID: 1658
# INSERT INTO Exercise (id, title, description, link, equipment_id, training_type_id) VALUES (1658, 'Cable Rope Hammer Curl', 'Target: Biceps', 'https://youtu.be/BXcSLzXrab4?si=KZPHi7uurh7Nb31j', 8, 2);
# INSERT INTO exercise_muscle (exercise_id, muscle_id, intensity) VALUES (1658, 8, 10);
# INSERT INTO exercise_muscle (exercise_id, muscle_id, intensity) VALUES (1658, 10, 4);
#
# -- Exercise ID: 1659
# INSERT INTO Exercise (id, title, description, link, equipment_id, training_type_id) VALUES (1659, 'Kettlebell Goblet Alternating Lateral Lunge', 'Target: Quadriceps', 'https://youtu.be/Z8dcGhS8giQ?si=iQZ35AJwvoHewxyk', 15, 2);
# INSERT INTO exercise_muscle (exercise_id, muscle_id, intensity) VALUES (1659, 13, 10);
# INSERT INTO exercise_muscle (exercise_id, muscle_id, intensity) VALUES (1659, 21, 7);
# INSERT INTO exercise_muscle (exercise_id, muscle_id, intensity) VALUES (1659, 14, 4);
#
# -- Exercise ID: 1660
# INSERT INTO Exercise (id, title, description, link, equipment_id, training_type_id) VALUES (1660, 'Suspension Bicep Curl', 'Target: Biceps', 'https://youtu.be/nipJ27JfpUI', 11, 3);
# INSERT INTO exercise_muscle (exercise_id, muscle_id, intensity) VALUES (1660, 8, 10);
# INSERT INTO exercise_muscle (exercise_id, muscle_id, intensity) VALUES (1660, 10, 4);
#
# -- Exercise ID: 1661
# INSERT INTO Exercise (id, title, description, link, equipment_id, training_type_id) VALUES (1661, 'Double Dumbbell Tricep Kickback', 'Target: Triceps', 'https://youtu.be/m_UlDFNX4mk?si=FAleOyAOFc4IiSBT', 6, 2);
# INSERT INTO exercise_muscle (exercise_id, muscle_id, intensity) VALUES (1661, 4, 10);
#
# -- Exercise ID: 1662
# INSERT INTO Exercise (id, title, description, link, equipment_id, training_type_id) VALUES (1662, 'Tire Jump', 'Target: Quadriceps', 'https://youtu.be/yrNR2OK50Lw?si=o9UhhO3HdGYOlRvS', 29, 9);
# INSERT INTO exercise_muscle (exercise_id, muscle_id, intensity) VALUES (1662, 13, 10);
# INSERT INTO exercise_muscle (exercise_id, muscle_id, intensity) VALUES (1662, 21, 7);
# INSERT INTO exercise_muscle (exercise_id, muscle_id, intensity) VALUES (1662, 22, 4);
#
# -- Exercise ID: 1663
# INSERT INTO Exercise (id, title, description, link, equipment_id, training_type_id) VALUES (1663, 'Tire Jump Through', 'Target: Quadriceps', 'https://youtu.be/1DBz3vodUUc?feature=shared', 29, 9);
# INSERT INTO exercise_muscle (exercise_id, muscle_id, intensity) VALUES (1663, 13, 10);
# INSERT INTO exercise_muscle (exercise_id, muscle_id, intensity) VALUES (1663, 21, 7);
# INSERT INTO exercise_muscle (exercise_id, muscle_id, intensity) VALUES (1663, 22, 4);
#
# -- Exercise ID: 1664
# INSERT INTO Exercise (id, title, description, link, equipment_id, training_type_id) VALUES (1664, 'Tire Broad Jump', 'Target: Quadriceps', 'https://youtu.be/juTI6wnRiZ8?si=AItO7HER5TxfhHc9', 29, 9);
# INSERT INTO exercise_muscle (exercise_id, muscle_id, intensity) VALUES (1664, 13, 10);
# INSERT INTO exercise_muscle (exercise_id, muscle_id, intensity) VALUES (1664, 21, 7);
# INSERT INTO exercise_muscle (exercise_id, muscle_id, intensity) VALUES (1664, 22, 4);
#
# -- Exercise ID: 1665
# INSERT INTO Exercise (id, title, description, link, equipment_id, training_type_id) VALUES (1665, 'Tire Step Up', 'Target: Quadriceps', 'https://youtu.be/4RsPF6KynpE?feature=shared', 29, 3);
# INSERT INTO exercise_muscle (exercise_id, muscle_id, intensity) VALUES (1665, 13, 10);
# INSERT INTO exercise_muscle (exercise_id, muscle_id, intensity) VALUES (1665, 21, 7);
# INSERT INTO exercise_muscle (exercise_id, muscle_id, intensity) VALUES (1665, 22, 4);
#
# -- Exercise ID: 1666
# INSERT INTO Exercise (id, title, description, link, equipment_id, training_type_id) VALUES (1666, 'Tire Alternating Step Up', 'Target: Quadriceps', 'https://youtu.be/JdYIi6Vedy8?si=XLKOd1kgeuZgH3Wp', 29, 3);
# INSERT INTO exercise_muscle (exercise_id, muscle_id, intensity) VALUES (1666, 13, 10);
# INSERT INTO exercise_muscle (exercise_id, muscle_id, intensity) VALUES (1666, 21, 7);
# INSERT INTO exercise_muscle (exercise_id, muscle_id, intensity) VALUES (1666, 22, 4);
#
# -- Exercise ID: 1667
# INSERT INTO Exercise (id, title, description, link, equipment_id, training_type_id) VALUES (1667, 'Tire Alternating Toe Taps Around the World', 'Target: Quadriceps', 'https://youtu.be/diT5j5QRKhs?si=KBmQGQunZ8mtj5zz', 29, 9);
# INSERT INTO exercise_muscle (exercise_id, muscle_id, intensity) VALUES (1667, 13, 10);
# INSERT INTO exercise_muscle (exercise_id, muscle_id, intensity) VALUES (1667, 21, 7);
#
# -- Exercise ID: 1668
# INSERT INTO Exercise (id, title, description, link, equipment_id, training_type_id) VALUES (1668, 'Dumbbell Seated Overhead Tricep Extension', 'Target: Triceps', 'https://youtu.be/-aBcUgsn8Dc', 6, 2);
# INSERT INTO exercise_muscle (exercise_id, muscle_id, intensity) VALUES (1668, 4, 10);
# INSERT INTO exercise_muscle (exercise_id, muscle_id, intensity) VALUES (1668, 2, 7);
# INSERT INTO exercise_muscle (exercise_id, muscle_id, intensity) VALUES (1668, 11, 4);
#
# -- Exercise ID: 1669
# INSERT INTO Exercise (id, title, description, link, equipment_id, training_type_id) VALUES (1669, 'Tire Lateral Jump Through', 'Target: Quadriceps', 'https://youtu.be/H80_t9poKQo?si=eTIuIU_bwT40hUvJ', 29, 9);
# INSERT INTO exercise_muscle (exercise_id, muscle_id, intensity) VALUES (1669, 13, 10);
# INSERT INTO exercise_muscle (exercise_id, muscle_id, intensity) VALUES (1669, 21, 7);
# INSERT INTO exercise_muscle (exercise_id, muscle_id, intensity) VALUES (1669, 22, 4);
#
# -- Exercise ID: 1670
# INSERT INTO Exercise (id, title, description, link, equipment_id, training_type_id) VALUES (1670, 'Tire Carry', 'Target: Forearms', 'https://youtu.be/QskOD3ROxGs?si=Vh3moyP5PVPO8sMy', 29, 3);
# INSERT INTO exercise_muscle (exercise_id, muscle_id, intensity) VALUES (1670, 10, 10);
# INSERT INTO exercise_muscle (exercise_id, muscle_id, intensity) VALUES (1670, 11, 7);
#
# -- Exercise ID: 1671
# INSERT INTO Exercise (id, title, description, link, equipment_id, training_type_id) VALUES (1671, 'Dumbbell Overhead Tricep Extension', 'Target: Triceps', 'https://youtu.be/7h3lG2WnLXg', 6, 2);
# INSERT INTO exercise_muscle (exercise_id, muscle_id, intensity) VALUES (1671, 4, 10);
# INSERT INTO exercise_muscle (exercise_id, muscle_id, intensity) VALUES (1671, 2, 7);
# INSERT INTO exercise_muscle (exercise_id, muscle_id, intensity) VALUES (1671, 11, 4);
#
# -- Exercise ID: 1672
# INSERT INTO Exercise (id, title, description, link, equipment_id, training_type_id) VALUES (1672, 'Double Dumbbell Close Grip Floor Press', 'Target: Triceps', 'https://youtu.be/s6ydoB3ktlI', 6, 2);
# INSERT INTO exercise_muscle (exercise_id, muscle_id, intensity) VALUES (1672, 4, 10);
# INSERT INTO exercise_muscle (exercise_id, muscle_id, intensity) VALUES (1672, 7, 7);
# INSERT INTO exercise_muscle (exercise_id, muscle_id, intensity) VALUES (1672, 2, 4);
#
# -- Exercise ID: 1673
# INSERT INTO Exercise (id, title, description, link, equipment_id, training_type_id) VALUES (1673, 'Barbell Back Rack Carry', 'Target: Abdominals', 'https://youtu.be/c2D4GkTgyo4?si=s6c03eCCz8TWg7br', 12, 3);
# INSERT INTO exercise_muscle (exercise_id, muscle_id, intensity) VALUES (1673, 11, 10);
# INSERT INTO exercise_muscle (exercise_id, muscle_id, intensity) VALUES (1673, 21, 7);
#
# -- Exercise ID: 1674
# INSERT INTO Exercise (id, title, description, link, equipment_id, training_type_id) VALUES (1674, 'Single Arm Barbell Suitcase Carry', 'Target: Forearms', 'https://youtu.be/-FZcqOBDphU?si=FQJnUQP2TsxKmhRA', 12, 3);
# INSERT INTO exercise_muscle (exercise_id, muscle_id, intensity) VALUES (1674, 10, 10);
# INSERT INTO exercise_muscle (exercise_id, muscle_id, intensity) VALUES (1674, 12, 7);
#
# -- Exercise ID: 1675
# INSERT INTO Exercise (id, title, description, link, equipment_id, training_type_id) VALUES (1675, 'Suspension Bulgarian Split Squat', 'Target: Quadriceps', 'https://youtu.be/BnLkbAGE4b4?si=mRL2wc8pDdJKZNbY', 11, 2);
# INSERT INTO exercise_muscle (exercise_id, muscle_id, intensity) VALUES (1675, 13, 10);
# INSERT INTO exercise_muscle (exercise_id, muscle_id, intensity) VALUES (1675, 21, 7);
# INSERT INTO exercise_muscle (exercise_id, muscle_id, intensity) VALUES (1675, 22, 4);
#
# -- Exercise ID: 1676
# INSERT INTO Exercise (id, title, description, link, equipment_id, training_type_id) VALUES (1676, 'Suspension Bulgarian Split Squat Jump', 'Target: Quadriceps', 'https://youtu.be/ABtwgwo4zyQ?si=eWDNpXtH8qJ31y72', 11, 9);
# INSERT INTO exercise_muscle (exercise_id, muscle_id, intensity) VALUES (1676, 13, 10);
# INSERT INTO exercise_muscle (exercise_id, muscle_id, intensity) VALUES (1676, 21, 7);
# INSERT INTO exercise_muscle (exercise_id, muscle_id, intensity) VALUES (1676, 22, 4);
#
# -- Exercise ID: 1677
# INSERT INTO Exercise (id, title, description, link, equipment_id, training_type_id) VALUES (1677, 'Bodyweight Lateral Bear Crawl', 'Target: Abdominals', 'https://youtu.be/JLtXEZAwNxQ?feature=shared', 2, 5);
# INSERT INTO exercise_muscle (exercise_id, muscle_id, intensity) VALUES (1677, 11, 10);
#
# -- Exercise ID: 1678
# INSERT INTO Exercise (id, title, description, link, equipment_id, training_type_id) VALUES (1678, 'Bodyweight Step Up Jump', 'Target: Quadriceps', 'https://youtu.be/bZYAKXoBXGs?si=HbHeFnXtAvKsYndx', 2, 9);
# INSERT INTO exercise_muscle (exercise_id, muscle_id, intensity) VALUES (1678, 13, 10);
# INSERT INTO exercise_muscle (exercise_id, muscle_id, intensity) VALUES (1678, 21, 7);
# INSERT INTO exercise_muscle (exercise_id, muscle_id, intensity) VALUES (1678, 22, 4);
#
# -- Exercise ID: 1679
# INSERT INTO Exercise (id, title, description, link, equipment_id, training_type_id) VALUES (1679, 'Tire Step Up Jump', 'Target: Quadriceps', NULL, 29, 9);
# INSERT INTO exercise_muscle (exercise_id, muscle_id, intensity) VALUES (1679, 13, 10);
# INSERT INTO exercise_muscle (exercise_id, muscle_id, intensity) VALUES (1679, 21, 7);
# INSERT INTO exercise_muscle (exercise_id, muscle_id, intensity) VALUES (1679, 22, 4);
#
# -- Exercise ID: 1680
# INSERT INTO Exercise (id, title, description, link, equipment_id, training_type_id) VALUES (1680, 'Bodyweight Alternating Step Up Jump', 'Target: Quadriceps', 'https://youtu.be/vX2vagAc8Mw?si=UH9R_7g0TbIQyHja', 2, 9);
# INSERT INTO exercise_muscle (exercise_id, muscle_id, intensity) VALUES (1680, 13, 10);
# INSERT INTO exercise_muscle (exercise_id, muscle_id, intensity) VALUES (1680, 21, 7);
# INSERT INTO exercise_muscle (exercise_id, muscle_id, intensity) VALUES (1680, 22, 4);
#
# -- Exercise ID: 1681
# INSERT INTO Exercise (id, title, description, link, equipment_id, training_type_id) VALUES (1681, 'Tire Alternating Step Up Jump', 'Target: Quadriceps', NULL, 29, 9);
# INSERT INTO exercise_muscle (exercise_id, muscle_id, intensity) VALUES (1681, 13, 10);
# INSERT INTO exercise_muscle (exercise_id, muscle_id, intensity) VALUES (1681, 21, 7);
# INSERT INTO exercise_muscle (exercise_id, muscle_id, intensity) VALUES (1681, 22, 4);
#
# -- Exercise ID: 1682
# INSERT INTO Exercise (id, title, description, link, equipment_id, training_type_id) VALUES (1682, 'Barbell Power Clean to Push Press', 'Target: Shoulders', 'https://youtu.be/4ws-kHR5NaU?si=3YQjL6sBFZ3aL-hW', 12, 11);
# INSERT INTO exercise_muscle (exercise_id, muscle_id, intensity) VALUES (1682, 2, 10);
# INSERT INTO exercise_muscle (exercise_id, muscle_id, intensity) VALUES (1682, 4, 7);
#
# -- Exercise ID: 1683
# INSERT INTO Exercise (id, title, description, link, equipment_id, training_type_id) VALUES (1683, 'Double Dumbbell Close Grip Bench Press', 'Target: Triceps', 'https://youtu.be/bo6bVNho2v8?si=hNk_wo1PWsqhkRyo', 6, 2);
# INSERT INTO exercise_muscle (exercise_id, muscle_id, intensity) VALUES (1683, 4, 10);
# INSERT INTO exercise_muscle (exercise_id, muscle_id, intensity) VALUES (1683, 7, 7);
# INSERT INTO exercise_muscle (exercise_id, muscle_id, intensity) VALUES (1683, 2, 4);
#
# -- Exercise ID: 1684
# INSERT INTO Exercise (id, title, description, link, equipment_id, training_type_id) VALUES (1684, 'Double Clubbell Inside Pendulum', 'Target: Abdominals', NULL, 26, 10);
# INSERT INTO exercise_muscle (exercise_id, muscle_id, intensity) VALUES (1684, 12, 10);
# INSERT INTO exercise_muscle (exercise_id, muscle_id, intensity) VALUES (1684, 21, 7);
#
# -- Exercise ID: 1685
# INSERT INTO Exercise (id, title, description, link, equipment_id, training_type_id) VALUES (1685, 'Single Arm Clubbell Outside Pendulum', 'Target: Abdominals', 'https://youtu.be/nDGz-drTS1E?si=phIMAk1VibF9KzwH', 26, 10);
# INSERT INTO exercise_muscle (exercise_id, muscle_id, intensity) VALUES (1685, 12, 10);
# INSERT INTO exercise_muscle (exercise_id, muscle_id, intensity) VALUES (1685, 21, 7);
#
# -- Exercise ID: 1686
# INSERT INTO Exercise (id, title, description, link, equipment_id, training_type_id) VALUES (1686, 'Double Clubbell Outside Pendulum', 'Target: Abdominals', NULL, 26, 10);
# INSERT INTO exercise_muscle (exercise_id, muscle_id, intensity) VALUES (1686, 12, 10);
# INSERT INTO exercise_muscle (exercise_id, muscle_id, intensity) VALUES (1686, 21, 7);
#
# -- Exercise ID: 1687
# INSERT INTO Exercise (id, title, description, link, equipment_id, training_type_id) VALUES (1687, 'Double Clubbell Inside Pendulum to Outside Pendulum', 'Target: Abdominals', NULL, 26, 10);
# INSERT INTO exercise_muscle (exercise_id, muscle_id, intensity) VALUES (1687, 12, 10);
# INSERT INTO exercise_muscle (exercise_id, muscle_id, intensity) VALUES (1687, 21, 7);
#
# -- Exercise ID: 1688
# INSERT INTO Exercise (id, title, description, link, equipment_id, training_type_id) VALUES (1688, 'Clubbell Outside Pendulum', 'Target: Abdominals', 'https://youtu.be/8v5XgK3oeeE?si=kU1NrAcgDEWvlUj6', 26, 10);
# INSERT INTO exercise_muscle (exercise_id, muscle_id, intensity) VALUES (1688, 12, 10);
# INSERT INTO exercise_muscle (exercise_id, muscle_id, intensity) VALUES (1688, 21, 7);
#
# -- Exercise ID: 1689
# INSERT INTO Exercise (id, title, description, link, equipment_id, training_type_id) VALUES (1689, 'Double Clubbell Inside Circle', 'Target: Abdominals', NULL, 26, 10);
# INSERT INTO exercise_muscle (exercise_id, muscle_id, intensity) VALUES (1689, 11, 10);
# INSERT INTO exercise_muscle (exercise_id, muscle_id, intensity) VALUES (1689, 21, 7);
# INSERT INTO exercise_muscle (exercise_id, muscle_id, intensity) VALUES (1689, 10, 4);
#
# -- Exercise ID: 1690
# INSERT INTO Exercise (id, title, description, link, equipment_id, training_type_id) VALUES (1690, 'Double Clubbell Outside Circle', 'Target: Abdominals', NULL, 26, 10);
# INSERT INTO exercise_muscle (exercise_id, muscle_id, intensity) VALUES (1690, 11, 10);
# INSERT INTO exercise_muscle (exercise_id, muscle_id, intensity) VALUES (1690, 21, 7);
# INSERT INTO exercise_muscle (exercise_id, muscle_id, intensity) VALUES (1690, 10, 4);
#
# -- Exercise ID: 1691
# INSERT INTO Exercise (id, title, description, link, equipment_id, training_type_id) VALUES (1691, 'Clubbell Side to Side Swing', 'Target: Abdominals', 'https://youtu.be/W1CVv9d7S2s?si=zhItsVu0-7YPmT9k', 26, 10);
# INSERT INTO exercise_muscle (exercise_id, muscle_id, intensity) VALUES (1691, 12, 10);
# INSERT INTO exercise_muscle (exercise_id, muscle_id, intensity) VALUES (1691, 21, 7);
#
# -- Exercise ID: 1692
# INSERT INTO Exercise (id, title, description, link, equipment_id, training_type_id) VALUES (1692, 'Double Dumbbell Close Grip Incline Bench Press', 'Target: Triceps', 'https://youtu.be/a2RWkUS7ja4?si=MlLBdANbCwT-w0d1', 6, 2);
# INSERT INTO exercise_muscle (exercise_id, muscle_id, intensity) VALUES (1692, 4, 10);
# INSERT INTO exercise_muscle (exercise_id, muscle_id, intensity) VALUES (1692, 7, 7);
# INSERT INTO exercise_muscle (exercise_id, muscle_id, intensity) VALUES (1692, 2, 4);
#
# -- Exercise ID: 1693
# INSERT INTO Exercise (id, title, description, link, equipment_id, training_type_id) VALUES (1693, 'Cable Rope Tricep Pushdown', 'Target: Triceps', 'https://youtu.be/e5aj8hhCPkA', 8, 2);
# INSERT INTO exercise_muscle (exercise_id, muscle_id, intensity) VALUES (1693, 4, 10);
# INSERT INTO exercise_muscle (exercise_id, muscle_id, intensity) VALUES (1693, 10, 4);
#
# -- Exercise ID: 1694
# INSERT INTO Exercise (id, title, description, link, equipment_id, training_type_id) VALUES (1694, 'Barbell Incline Push Up', 'Target: Chest', 'https://youtu.be/CKKfNBe687Q', 12, 4);
# INSERT INTO exercise_muscle (exercise_id, muscle_id, intensity) VALUES (1694, 7, 10);
# INSERT INTO exercise_muscle (exercise_id, muscle_id, intensity) VALUES (1694, 4, 7);
# INSERT INTO exercise_muscle (exercise_id, muscle_id, intensity) VALUES (1694, 2, 4);
#
# -- Exercise ID: 1695
# INSERT INTO Exercise (id, title, description, link, equipment_id, training_type_id) VALUES (1695, 'Bodyweight Kneeling Push Up', 'Target: Chest', 'https://youtu.be/TBpk09QuVN8', 2, 4);
# INSERT INTO exercise_muscle (exercise_id, muscle_id, intensity) VALUES (1695, 7, 10);
# INSERT INTO exercise_muscle (exercise_id, muscle_id, intensity) VALUES (1695, 4, 7);
# INSERT INTO exercise_muscle (exercise_id, muscle_id, intensity) VALUES (1695, 2, 4);
#
# -- Exercise ID: 1696
# INSERT INTO Exercise (id, title, description, link, equipment_id, training_type_id) VALUES (1696, 'Suspension Push Up', 'Target: Chest', 'https://youtu.be/cp_Hl7qd7CI?si=Tw8VVXnhtyW9vra4', 11, 3);
# INSERT INTO exercise_muscle (exercise_id, muscle_id, intensity) VALUES (1696, 7, 10);
# INSERT INTO exercise_muscle (exercise_id, muscle_id, intensity) VALUES (1696, 4, 7);
# INSERT INTO exercise_muscle (exercise_id, muscle_id, intensity) VALUES (1696, 2, 4);
#
# -- Exercise ID: 1697
# INSERT INTO Exercise (id, title, description, link, equipment_id, training_type_id) VALUES (1697, 'Suspension Chest Fly', 'Target: Chest', 'https://youtu.be/ELmdfR9JvEA', 11, 3);
# INSERT INTO exercise_muscle (exercise_id, muscle_id, intensity) VALUES (1697, 7, 10);
#
# -- Exercise ID: 1698
# INSERT INTO Exercise (id, title, description, link, equipment_id, training_type_id) VALUES (1698, 'Stability Ball Double Dumbbell Chest Fly', 'Target: Chest', 'https://youtu.be/pHsw9uHVXWA?si=0LlXNPKcyTKyfgU4', 1, 3);
# INSERT INTO exercise_muscle (exercise_id, muscle_id, intensity) VALUES (1698, 7, 10);
#
# -- Exercise ID: 1699
# INSERT INTO Exercise (id, title, description, link, equipment_id, training_type_id) VALUES (1699, 'Stability Ball Dumbbell Pullover', 'Target: Back', 'https://youtu.be/TI1gb3GFUVA', 1, 2);
# INSERT INTO exercise_muscle (exercise_id, muscle_id, intensity) VALUES (1699, 17, 10);
# INSERT INTO exercise_muscle (exercise_id, muscle_id, intensity) VALUES (1699, 7, 7);
# INSERT INTO exercise_muscle (exercise_id, muscle_id, intensity) VALUES (1699, 4, 4);
#
# -- Exercise ID: 1700
# INSERT INTO Exercise (id, title, description, link, equipment_id, training_type_id) VALUES (1700, 'Tire Feet Elevated Glute Bridge', 'Target: Glutes', NULL, 29, 2);
# INSERT INTO exercise_muscle (exercise_id, muscle_id, intensity) VALUES (1700, 21, 10);
# INSERT INTO exercise_muscle (exercise_id, muscle_id, intensity) VALUES (1700, 22, 7);
# INSERT INTO exercise_muscle (exercise_id, muscle_id, intensity) VALUES (1700, 20, 4);
#
# -- Exercise ID: 1701
# INSERT INTO Exercise (id, title, description, link, equipment_id, training_type_id) VALUES (1701, 'Double Dumbbell Incline Bench Chest Fly', 'Target: Chest', 'https://youtu.be/JSDpq14vCZ8?si=DX2UhxTVlOLFkyF3', 6, 2);
# INSERT INTO exercise_muscle (exercise_id, muscle_id, intensity) VALUES (1701, 7, 10);
#
# -- Exercise ID: 1702
# INSERT INTO Exercise (id, title, description, link, equipment_id, training_type_id) VALUES (1702, 'Suspension Low Row', 'Target: Back', 'https://youtu.be/hULU2N_9qjk?si=XmozOzBr-Uny0t4A', 11, 3);
# INSERT INTO exercise_muscle (exercise_id, muscle_id, intensity) VALUES (1702, 17, 10);
#
# -- Exercise ID: 1703
# INSERT INTO Exercise (id, title, description, link, equipment_id, training_type_id) VALUES (1703, 'Tire Flip', 'Target: Back', 'https://youtu.be/44E5KRVFWVQ?si=M9W-NS9JbwJV8hDU', 29, 3);
# INSERT INTO exercise_muscle (exercise_id, muscle_id, intensity) VALUES (1703, 17, 10);
# INSERT INTO exercise_muscle (exercise_id, muscle_id, intensity) VALUES (1703, 13, 7);
#
# -- Exercise ID: 1704
# INSERT INTO Exercise (id, title, description, link, equipment_id, training_type_id) VALUES (1704, 'Tire In and Out Jump Squat', 'Target: Quadriceps', 'https://youtu.be/4h3cIxkFwlI?si=s_iXYmvt1ljfSFML', 29, 9);
# INSERT INTO exercise_muscle (exercise_id, muscle_id, intensity) VALUES (1704, 13, 10);
# INSERT INTO exercise_muscle (exercise_id, muscle_id, intensity) VALUES (1704, 21, 7);
#
# -- Exercise ID: 1705
# INSERT INTO Exercise (id, title, description, link, equipment_id, training_type_id) VALUES (1705, 'Kettlebell Goblet Alternating Forward Lunge', 'Target: Quadriceps', 'https://youtu.be/wkMhmQ5wVWY?si=kFZCkvoaBfUNdjvU', 15, 2);
# INSERT INTO exercise_muscle (exercise_id, muscle_id, intensity) VALUES (1705, 13, 10);
# INSERT INTO exercise_muscle (exercise_id, muscle_id, intensity) VALUES (1705, 21, 7);
# INSERT INTO exercise_muscle (exercise_id, muscle_id, intensity) VALUES (1705, 22, 4);
#
# -- Exercise ID: 1706
# INSERT INTO Exercise (id, title, description, link, equipment_id, training_type_id) VALUES (1706, 'Double Dumbbell Suitcase Feet Elevated Calf Raise', 'Target: Calves', 'https://youtu.be/UCfMPCfug60?si=hzjhqnpt1-9bHCWt', 6, 2);
# INSERT INTO exercise_muscle (exercise_id, muscle_id, intensity) VALUES (1706, 6, 10);
# INSERT INTO exercise_muscle (exercise_id, muscle_id, intensity) VALUES (1706, 5, 4);
#
# -- Exercise ID: 1707
# INSERT INTO Exercise (id, title, description, link, equipment_id, training_type_id) VALUES (1707, 'Double Dumbbell Suitcase Calf Raise', 'Target: Calves', 'https://youtu.be/wsOcmGYOn3M?si=2w1Cs0RdcdjnHLYG', 6, 2);
# INSERT INTO exercise_muscle (exercise_id, muscle_id, intensity) VALUES (1707, 6, 10);
#
# -- Exercise ID: 1708
# INSERT INTO Exercise (id, title, description, link, equipment_id, training_type_id) VALUES (1708, 'Suspension Mid Row', 'Target: Back', 'https://youtu.be/W-nnq0Ks1A0', 11, 3);
# INSERT INTO exercise_muscle (exercise_id, muscle_id, intensity) VALUES (1708, 17, 10);
#
# -- Exercise ID: 1709
# INSERT INTO Exercise (id, title, description, link, equipment_id, training_type_id) VALUES (1709, 'Double Dumbbell Seated Calf Raise', 'Target: Calves', 'https://youtu.be/3ZRe_QpvRPg?si=X5ees0OsHDogPrA9', 6, 2);
# INSERT INTO exercise_muscle (exercise_id, muscle_id, intensity) VALUES (1709, 6, 10);
#
# -- Exercise ID: 1710
# INSERT INTO Exercise (id, title, description, link, equipment_id, training_type_id) VALUES (1710, 'Barbell Seated Calf Raise', 'Target: Calves', 'https://youtu.be/hv00OCqm0HI?feature=shared', 12, 2);
# INSERT INTO exercise_muscle (exercise_id, muscle_id, intensity) VALUES (1710, 6, 10);
#
# -- Exercise ID: 1711
# INSERT INTO Exercise (id, title, description, link, equipment_id, training_type_id) VALUES (1711, 'Double Clubbell Order Feet Elevated Calf Raise', 'Target: Calves', NULL, 26, 2);
# INSERT INTO exercise_muscle (exercise_id, muscle_id, intensity) VALUES (1711, 6, 10);
# INSERT INTO exercise_muscle (exercise_id, muscle_id, intensity) VALUES (1711, 5, 4);
#
# -- Exercise ID: 1712
# INSERT INTO Exercise (id, title, description, link, equipment_id, training_type_id) VALUES (1712, 'Double Clubbell Order Calf Raise', 'Target: Calves', NULL, 26, 2);
# INSERT INTO exercise_muscle (exercise_id, muscle_id, intensity) VALUES (1712, 6, 10);
#
# -- Exercise ID: 1713
# INSERT INTO Exercise (id, title, description, link, equipment_id, training_type_id) VALUES (1713, 'Clubbell Order Feet Elevated Calf Raise', 'Target: Calves', NULL, 26, 2);
# INSERT INTO exercise_muscle (exercise_id, muscle_id, intensity) VALUES (1713, 6, 10);
# INSERT INTO exercise_muscle (exercise_id, muscle_id, intensity) VALUES (1713, 5, 4);
#
# -- Exercise ID: 1714
# INSERT INTO Exercise (id, title, description, link, equipment_id, training_type_id) VALUES (1714, 'Clubbell Order Calf Raise', 'Target: Calves', NULL, 26, 2);
# INSERT INTO exercise_muscle (exercise_id, muscle_id, intensity) VALUES (1714, 6, 10);
#
# -- Exercise ID: 1715
# INSERT INTO Exercise (id, title, description, link, equipment_id, training_type_id) VALUES (1715, 'Single Arm Clubbell Order Feet Elevated Calf Raise', 'Target: Calves', NULL, 26, 2);
# INSERT INTO exercise_muscle (exercise_id, muscle_id, intensity) VALUES (1715, 6, 10);
# INSERT INTO exercise_muscle (exercise_id, muscle_id, intensity) VALUES (1715, 5, 4);
#
# -- Exercise ID: 1716
# INSERT INTO Exercise (id, title, description, link, equipment_id, training_type_id) VALUES (1716, 'Single Arm Clubbell Order Calf Raise', 'Target: Calves', NULL, 26, 2);
# INSERT INTO exercise_muscle (exercise_id, muscle_id, intensity) VALUES (1716, 6, 10);
#
# -- Exercise ID: 1717
# INSERT INTO Exercise (id, title, description, link, equipment_id, training_type_id) VALUES (1717, 'Bodyweight Hand Assisted Feet Elevated Calf Raise', 'Target: Calves', 'https://youtu.be/JUDbOvgH6AQ?si=p3CkDDLIlKjuufVF', 2, 2);
# INSERT INTO exercise_muscle (exercise_id, muscle_id, intensity) VALUES (1717, 6, 10);
# INSERT INTO exercise_muscle (exercise_id, muscle_id, intensity) VALUES (1717, 5, 4);
#
# -- Exercise ID: 1718
# INSERT INTO Exercise (id, title, description, link, equipment_id, training_type_id) VALUES (1718, 'Bodyweight Hand Assisted Calf Raise', 'Target: Calves', 'https://youtu.be/HwG4_WIMB7g?si=ly2SGRWM5lHuzOHF', 2, 2);
# INSERT INTO exercise_muscle (exercise_id, muscle_id, intensity) VALUES (1718, 6, 10);
#
# -- Exercise ID: 1719
# INSERT INTO Exercise (id, title, description, link, equipment_id, training_type_id) VALUES (1719, 'Bodyweight Calf Raise', 'Target: Calves', 'https://youtu.be/tg3HcGWhGN8?si=i7ZBKBUTgTovDmeO', 2, 2);
# INSERT INTO exercise_muscle (exercise_id, muscle_id, intensity) VALUES (1719, 6, 10);
#
# -- Exercise ID: 1720
# INSERT INTO Exercise (id, title, description, link, equipment_id, training_type_id) VALUES (1720, 'Bodyweight Hand Assisted Foot Elevated Single Leg Calf Raise', 'Target: Calves', 'https://youtu.be/5hkhz_nMuws?si=gPxN6_F1w9qQdHvy', 2, 2);
# INSERT INTO exercise_muscle (exercise_id, muscle_id, intensity) VALUES (1720, 6, 10);
# INSERT INTO exercise_muscle (exercise_id, muscle_id, intensity) VALUES (1720, 5, 4);
#
# -- Exercise ID: 1721
# INSERT INTO Exercise (id, title, description, link, equipment_id, training_type_id) VALUES (1721, 'Bodyweight Hand Assisted Single Leg Calf Raise', 'Target: Calves', 'https://youtu.be/5hkhz_nMuws?si=M_cdEJeEYZLJJD6j', 2, 2);
# INSERT INTO exercise_muscle (exercise_id, muscle_id, intensity) VALUES (1721, 6, 10);
#
# -- Exercise ID: 1722
# INSERT INTO Exercise (id, title, description, link, equipment_id, training_type_id) VALUES (1722, 'Bodyweight Single Leg Calf Raise', 'Target: Calves', 'https://youtu.be/AWBGE0PlYkI?si=INJvlHfbZ6BpG0RT', 2, 2);
# INSERT INTO exercise_muscle (exercise_id, muscle_id, intensity) VALUES (1722, 6, 10);
#
# -- Exercise ID: 1723
# INSERT INTO Exercise (id, title, description, link, equipment_id, training_type_id) VALUES (1723, 'Barbell Front Rack Feet Elevated Calf Raise', 'Target: Calves', NULL, 12, 2);
# INSERT INTO exercise_muscle (exercise_id, muscle_id, intensity) VALUES (1723, 6, 10);
# INSERT INTO exercise_muscle (exercise_id, muscle_id, intensity) VALUES (1723, 5, 4);
#
# -- Exercise ID: 1724
# INSERT INTO Exercise (id, title, description, link, equipment_id, training_type_id) VALUES (1724, 'Kettlebell Goblet Alternating Reverse Lunge', 'Target: Quadriceps', 'https://youtu.be/Q8s5KVgRjsI?si=LU2DAUzkwtjOm87N', 15, 2);
# INSERT INTO exercise_muscle (exercise_id, muscle_id, intensity) VALUES (1724, 13, 10);
# INSERT INTO exercise_muscle (exercise_id, muscle_id, intensity) VALUES (1724, 21, 7);
# INSERT INTO exercise_muscle (exercise_id, muscle_id, intensity) VALUES (1724, 22, 4);
#
# -- Exercise ID: 1725
# INSERT INTO Exercise (id, title, description, link, equipment_id, training_type_id) VALUES (1725, 'Double Kettlebell L Sit Flutter Kicks', 'Target: Abdominals', 'https://youtu.be/bNmYhWaTtDE?si=0pRJsSgsFQN8tX9D', 15, 4);
# INSERT INTO exercise_muscle (exercise_id, muscle_id, intensity) VALUES (1725, 11, 10);
#
# -- Exercise ID: 1726
# INSERT INTO Exercise (id, title, description, link, equipment_id, training_type_id) VALUES (1726, 'Double Dumbbell Front Rack Feet Elevated Calf Raise', 'Target: Calves', NULL, 6, 2);
# INSERT INTO exercise_muscle (exercise_id, muscle_id, intensity) VALUES (1726, 6, 10);
# INSERT INTO exercise_muscle (exercise_id, muscle_id, intensity) VALUES (1726, 5, 4);
#
# -- Exercise ID: 1727
# INSERT INTO Exercise (id, title, description, link, equipment_id, training_type_id) VALUES (1727, 'Double Dumbbell Front Rack Calf Raise', 'Target: Calves', 'https://youtu.be/nDJ9cjw2J7Y?feature=shared', 6, 2);
# INSERT INTO exercise_muscle (exercise_id, muscle_id, intensity) VALUES (1727, 6, 10);
#
# -- Exercise ID: 1728
# INSERT INTO Exercise (id, title, description, link, equipment_id, training_type_id) VALUES (1728, 'Barbell Back Rack Feet Elevated Calf Raise', 'Target: Calves', 'https://youtu.be/-zJsdaS13fk', 12, 2);
# INSERT INTO exercise_muscle (exercise_id, muscle_id, intensity) VALUES (1728, 6, 10);
# INSERT INTO exercise_muscle (exercise_id, muscle_id, intensity) VALUES (1728, 5, 4);
#
# -- Exercise ID: 1729
# INSERT INTO Exercise (id, title, description, link, equipment_id, training_type_id) VALUES (1729, 'Tire Mountain Climber', 'Target: Abdominals', 'https://youtu.be/-ouYHaP9g9g?si=qc9f_XLeK0tBdsDc', 29, 4);
# INSERT INTO exercise_muscle (exercise_id, muscle_id, intensity) VALUES (1729, 11, 10);
# INSERT INTO exercise_muscle (exercise_id, muscle_id, intensity) VALUES (1729, 2, 4);
#
# -- Exercise ID: 1730
# INSERT INTO Exercise (id, title, description, link, equipment_id, training_type_id) VALUES (1730, 'Bodyweight Wall Supported Tibialis Raise', 'Target: Shins', 'https://youtu.be/nQKgHwi8W9E?si=h2cdsN6y8_YWkxWd', 2, 3);
# INSERT INTO exercise_muscle (exercise_id, muscle_id, intensity) VALUES (1730, 5, 10);
#
# -- Exercise ID: 1731
# INSERT INTO Exercise (id, title, description, link, equipment_id, training_type_id) VALUES (1731, 'Cable Seated Tibialis Raise', 'Target: Shins', 'https://youtu.be/XPrwraNV8zU?si=uYKDsDSy6F1lqx7L', 8, 3);
# INSERT INTO exercise_muscle (exercise_id, muscle_id, intensity) VALUES (1731, 5, 10);
#
# -- Exercise ID: 1732
# INSERT INTO Exercise (id, title, description, link, equipment_id, training_type_id) VALUES (1732, 'Cable Seated Single Leg Tibialis Raise', 'Target: Shins', 'https://youtu.be/tSDRe05L18Q?si=tzWWp_aDlp6K7_QS', 8, 3);
# INSERT INTO exercise_muscle (exercise_id, muscle_id, intensity) VALUES (1732, 5, 10);
#
# -- Exercise ID: 1733
# INSERT INTO Exercise (id, title, description, link, equipment_id, training_type_id) VALUES (1733, 'Kettlebell Goblet Walking Lunge', 'Target: Quadriceps', 'https://youtu.be/oV97EckMQlo?si=-UB0G60JaIQ6f-4v', 15, 2);
# INSERT INTO exercise_muscle (exercise_id, muscle_id, intensity) VALUES (1733, 13, 10);
# INSERT INTO exercise_muscle (exercise_id, muscle_id, intensity) VALUES (1733, 21, 7);
# INSERT INTO exercise_muscle (exercise_id, muscle_id, intensity) VALUES (1733, 22, 4);
#
# -- Exercise ID: 1734
# INSERT INTO Exercise (id, title, description, link, equipment_id, training_type_id) VALUES (1734, 'Dumbbell Seated Tibialis Raise', 'Target: Shins', 'https://youtu.be/2amvxbpU20c?si=ymK8PzcHyFCMv-oX', 6, 3);
# INSERT INTO exercise_muscle (exercise_id, muscle_id, intensity) VALUES (1734, 5, 10);
#
# -- Exercise ID: 1735
# INSERT INTO Exercise (id, title, description, link, equipment_id, training_type_id) VALUES (1735, 'Kettlebell Horn Grip Alternating Lateral Lunge', 'Target: Quadriceps', 'https://youtu.be/hP0wET7bCog?si=trU9Rde7VACKCuEn', 15, 2);
# INSERT INTO exercise_muscle (exercise_id, muscle_id, intensity) VALUES (1735, 13, 10);
# INSERT INTO exercise_muscle (exercise_id, muscle_id, intensity) VALUES (1735, 21, 7);
# INSERT INTO exercise_muscle (exercise_id, muscle_id, intensity) VALUES (1735, 14, 4);
#
# -- Exercise ID: 1736
# INSERT INTO Exercise (id, title, description, link, equipment_id, training_type_id) VALUES (1736, 'Kettlebell Low Hold Alternating Lateral Lunge', 'Target: Quadriceps', 'https://youtu.be/w6vfiCgfbXA?si=RhaJhv_PYjW4LLj5', 15, 2);
# INSERT INTO exercise_muscle (exercise_id, muscle_id, intensity) VALUES (1736, 13, 10);
# INSERT INTO exercise_muscle (exercise_id, muscle_id, intensity) VALUES (1736, 21, 7);
# INSERT INTO exercise_muscle (exercise_id, muscle_id, intensity) VALUES (1736, 14, 4);
#
# -- Exercise ID: 1737
# INSERT INTO Exercise (id, title, description, link, equipment_id, training_type_id) VALUES (1737, 'Double Dumbbell Seated Feet Elevated Calf Raise', 'Target: Calves', 'https://youtu.be/W5FNgQSaDfU?si=mrb4anmAuXMyWfuC', 6, 2);
# INSERT INTO exercise_muscle (exercise_id, muscle_id, intensity) VALUES (1737, 6, 10);
#
# -- Exercise ID: 1738
# INSERT INTO Exercise (id, title, description, link, equipment_id, training_type_id) VALUES (1738, 'Barbell Seated Feet Elevated Calf Raise', 'Target: Calves', 'https://youtu.be/TyJOknODp8g?si=lIKKdyiWkncjpZtZ', 12, 2);
# INSERT INTO exercise_muscle (exercise_id, muscle_id, intensity) VALUES (1738, 6, 10);
#
# -- Exercise ID: 1739
# INSERT INTO Exercise (id, title, description, link, equipment_id, training_type_id) VALUES (1739, 'Kettlebell Horn Grip Alternating Forward Lunge', 'Target: Quadriceps', 'https://youtu.be/fZeR04SyMnM?si=PcC3GMitpRy-d_N5', 15, 2);
# INSERT INTO exercise_muscle (exercise_id, muscle_id, intensity) VALUES (1739, 13, 10);
# INSERT INTO exercise_muscle (exercise_id, muscle_id, intensity) VALUES (1739, 21, 7);
# INSERT INTO exercise_muscle (exercise_id, muscle_id, intensity) VALUES (1739, 22, 4);
#
# -- Exercise ID: 1740
# INSERT INTO Exercise (id, title, description, link, equipment_id, training_type_id) VALUES (1740, 'Tire Leg Press', 'Target: Quadriceps', 'https://youtu.be/YtKIXuPCj1M?si=ng5HKT4Y_EUFLk95', 29, 2);
# INSERT INTO exercise_muscle (exercise_id, muscle_id, intensity) VALUES (1740, 13, 10);
# INSERT INTO exercise_muscle (exercise_id, muscle_id, intensity) VALUES (1740, 21, 7);
# INSERT INTO exercise_muscle (exercise_id, muscle_id, intensity) VALUES (1740, 22, 4);
#
# -- Exercise ID: 1741
# INSERT INTO Exercise (id, title, description, link, equipment_id, training_type_id) VALUES (1741, 'Cable Split Squat Isometric Pallof Press', 'Target: Abdominals', 'https://youtu.be/zMR-P_9GGKE?feature=shared', 8, 12);
# INSERT INTO exercise_muscle (exercise_id, muscle_id, intensity) VALUES (1741, 12, 10);
# INSERT INTO exercise_muscle (exercise_id, muscle_id, intensity) VALUES (1741, 11, 7);
#
# -- Exercise ID: 1742
# INSERT INTO Exercise (id, title, description, link, equipment_id, training_type_id) VALUES (1742, 'Bodyweight Split Squat Isometric Calf Raise', 'Target: Calves', 'https://youtu.be/pM_ycFCgDxU?si=YT2fo22-rIu4kKPM', 2, 12);
# INSERT INTO exercise_muscle (exercise_id, muscle_id, intensity) VALUES (1742, 6, 10);
# INSERT INTO exercise_muscle (exercise_id, muscle_id, intensity) VALUES (1742, 13, 4);
#
# -- Exercise ID: 1743
# INSERT INTO Exercise (id, title, description, link, equipment_id, training_type_id) VALUES (1743, 'Bodyweight Split Squat Isometric Foot Elevated Calf Raise', 'Target: Calves', 'https://youtu.be/mdl2K7zkcQ8?si=HIQ62ZGgxGxvMCfb', 2, 12);
# INSERT INTO exercise_muscle (exercise_id, muscle_id, intensity) VALUES (1743, 6, 10);
# INSERT INTO exercise_muscle (exercise_id, muscle_id, intensity) VALUES (1743, 13, 4);
#
# -- Exercise ID: 1744
# INSERT INTO Exercise (id, title, description, link, equipment_id, training_type_id) VALUES (1744, 'Double Dumbbell Suitcase Split Squat Isometric Calf Raise', 'Target: Calves', NULL, 6, 12);
# INSERT INTO exercise_muscle (exercise_id, muscle_id, intensity) VALUES (1744, 6, 10);
# INSERT INTO exercise_muscle (exercise_id, muscle_id, intensity) VALUES (1744, 13, 4);
#
# -- Exercise ID: 1745
# INSERT INTO Exercise (id, title, description, link, equipment_id, training_type_id) VALUES (1745, 'Double Dumbbell Suitcase Split Squat Isometric Foot Elevated Calf Raise', 'Target: Calves', 'https://youtu.be/_3QAdrNQ3NY?si=zaDfMakntgtadbWa', 6, 12);
# INSERT INTO exercise_muscle (exercise_id, muscle_id, intensity) VALUES (1745, 6, 10);
# INSERT INTO exercise_muscle (exercise_id, muscle_id, intensity) VALUES (1745, 13, 4);
#
# -- Exercise ID: 1746
# INSERT INTO Exercise (id, title, description, link, equipment_id, training_type_id) VALUES (1746, 'Kettlebell Horn Grip Alternating Reverse Lunge', 'Target: Quadriceps', 'https://youtu.be/hn0H9wrT7I0?si=2puOZbS5dzRQTGh6', 15, 2);
# INSERT INTO exercise_muscle (exercise_id, muscle_id, intensity) VALUES (1746, 13, 10);
# INSERT INTO exercise_muscle (exercise_id, muscle_id, intensity) VALUES (1746, 21, 7);
# INSERT INTO exercise_muscle (exercise_id, muscle_id, intensity) VALUES (1746, 22, 4);
#
# -- Exercise ID: 1747
# INSERT INTO Exercise (id, title, description, link, equipment_id, training_type_id) VALUES (1747, 'Kettlebell Horn Grip Walking Lunge', 'Target: Quadriceps', 'https://youtu.be/d7cVOMtyjS8?si=-LwL939gyb_zs3lu', 15, 2);
# INSERT INTO exercise_muscle (exercise_id, muscle_id, intensity) VALUES (1747, 13, 10);
# INSERT INTO exercise_muscle (exercise_id, muscle_id, intensity) VALUES (1747, 21, 7);
# INSERT INTO exercise_muscle (exercise_id, muscle_id, intensity) VALUES (1747, 22, 4);
#
# -- Exercise ID: 1748
# INSERT INTO Exercise (id, title, description, link, equipment_id, training_type_id) VALUES (1748, 'Barbell Back Rack  Split Squat Isometric Calf Raise', 'Target: Calves', NULL, 12, 12);
# INSERT INTO exercise_muscle (exercise_id, muscle_id, intensity) VALUES (1748, 6, 10);
# INSERT INTO exercise_muscle (exercise_id, muscle_id, intensity) VALUES (1748, 13, 4);
#
# -- Exercise ID: 1749
# INSERT INTO Exercise (id, title, description, link, equipment_id, training_type_id) VALUES (1749, 'Barbell Back Rack Split Squat Isometric Foot Elevated Calf Raise', 'Target: Calves', NULL, 12, 12);
# INSERT INTO exercise_muscle (exercise_id, muscle_id, intensity) VALUES (1749, 6, 10);
# INSERT INTO exercise_muscle (exercise_id, muscle_id, intensity) VALUES (1749, 13, 4);
#
# -- Exercise ID: 1750
# INSERT INTO Exercise (id, title, description, link, equipment_id, training_type_id) VALUES (1750, 'Barbell Front Rack Split Squat Isometric Calf Raise', 'Target: Calves', NULL, 12, 12);
# INSERT INTO exercise_muscle (exercise_id, muscle_id, intensity) VALUES (1750, 6, 10);
# INSERT INTO exercise_muscle (exercise_id, muscle_id, intensity) VALUES (1750, 13, 4);
#
# -- Exercise ID: 1751
# INSERT INTO Exercise (id, title, description, link, equipment_id, training_type_id) VALUES (1751, 'Barbell Front Rack Split Squat Isometric Foot Elevated Calf Raise', 'Target: Calves', NULL, 12, 12);
# INSERT INTO exercise_muscle (exercise_id, muscle_id, intensity) VALUES (1751, 6, 10);
# INSERT INTO exercise_muscle (exercise_id, muscle_id, intensity) VALUES (1751, 13, 4);
#
# -- Exercise ID: 1752
# INSERT INTO Exercise (id, title, description, link, equipment_id, training_type_id) VALUES (1752, 'Single Arm Dumbbell Suitcase Hand Assisted Ipsilateral Foot Elevated Single Leg Calf Raise', 'Target: Calves', 'https://youtu.be/xASrMCHjL4M?si=-Ue1QOKJH5pRPoTH', 6, 2);
# INSERT INTO exercise_muscle (exercise_id, muscle_id, intensity) VALUES (1752, 6, 10);
# INSERT INTO exercise_muscle (exercise_id, muscle_id, intensity) VALUES (1752, 5, 4);
#
# -- Exercise ID: 1753
# INSERT INTO Exercise (id, title, description, link, equipment_id, training_type_id) VALUES (1753, 'Double Kettlebell Straddle L Sit', 'Target: Abdominals', NULL, 15, 4);
# INSERT INTO exercise_muscle (exercise_id, muscle_id, intensity) VALUES (1753, 11, 10);
#
# -- Exercise ID: 1754
# INSERT INTO Exercise (id, title, description, link, equipment_id, training_type_id) VALUES (1754, 'Double Dumbbell Front Rack Split Squat Isometric Calf Raise', 'Target: Calves', NULL, 6, 12);
# INSERT INTO exercise_muscle (exercise_id, muscle_id, intensity) VALUES (1754, 6, 10);
# INSERT INTO exercise_muscle (exercise_id, muscle_id, intensity) VALUES (1754, 13, 4);
#
# -- Exercise ID: 1755
# INSERT INTO Exercise (id, title, description, link, equipment_id, training_type_id) VALUES (1755, 'Double Dumbbell Front Rack Split Squat Isometric Foot Elevated Calf Raise', 'Target: Calves', NULL, 6, 12);
# INSERT INTO exercise_muscle (exercise_id, muscle_id, intensity) VALUES (1755, 6, 10);
# INSERT INTO exercise_muscle (exercise_id, muscle_id, intensity) VALUES (1755, 13, 4);
#
# -- Exercise ID: 1756
# INSERT INTO Exercise (id, title, description, link, equipment_id, training_type_id) VALUES (1756, 'Single Arm Kettlebell Front Rack Low Switch Cossack Squat', 'Target: Quadriceps', NULL, 15, 2);
# INSERT INTO exercise_muscle (exercise_id, muscle_id, intensity) VALUES (1756, 13, 10);
# INSERT INTO exercise_muscle (exercise_id, muscle_id, intensity) VALUES (1756, 14, 7);
# INSERT INTO exercise_muscle (exercise_id, muscle_id, intensity) VALUES (1756, 21, 4);
#
# -- Exercise ID: 1757
# INSERT INTO Exercise (id, title, description, link, equipment_id, training_type_id) VALUES (1757, 'Single Arm Kettlebell Front Rack Foot Elevated Contralateral Cossack Squat', 'Target: Quadriceps', NULL, 15, 2);
# INSERT INTO exercise_muscle (exercise_id, muscle_id, intensity) VALUES (1757, 13, 10);
# INSERT INTO exercise_muscle (exercise_id, muscle_id, intensity) VALUES (1757, 14, 7);
# INSERT INTO exercise_muscle (exercise_id, muscle_id, intensity) VALUES (1757, 21, 4);
#
# -- Exercise ID: 1758
# INSERT INTO Exercise (id, title, description, link, equipment_id, training_type_id) VALUES (1758, 'Bodyweight Jump Squat', 'Target: Quadriceps', 'https://youtu.be/YGGq0AE5Uyc?si=or6Xddi0YaAkHuXV', 2, 9);
# INSERT INTO exercise_muscle (exercise_id, muscle_id, intensity) VALUES (1758, 13, 10);
# INSERT INTO exercise_muscle (exercise_id, muscle_id, intensity) VALUES (1758, 21, 7);
#
# -- Exercise ID: 1759
# INSERT INTO Exercise (id, title, description, link, equipment_id, training_type_id) VALUES (1759, 'Double Dumbbell Suitcase Alternating Step Up', 'Target: Quadriceps', 'https://youtu.be/R61TjoYofDE?si=sA8kbakWIt24ow1A', 6, 2);
# INSERT INTO exercise_muscle (exercise_id, muscle_id, intensity) VALUES (1759, 13, 10);
# INSERT INTO exercise_muscle (exercise_id, muscle_id, intensity) VALUES (1759, 21, 7);
# INSERT INTO exercise_muscle (exercise_id, muscle_id, intensity) VALUES (1759, 22, 4);
#
# -- Exercise ID: 1760
# INSERT INTO Exercise (id, title, description, link, equipment_id, training_type_id) VALUES (1760, 'Double Dumbbell Front Rack Step Up', 'Target: Quadriceps', 'https://youtu.be/hKLIHPXmPA4?si=mk9hkktF_4qw0okV', 6, 2);
# INSERT INTO exercise_muscle (exercise_id, muscle_id, intensity) VALUES (1760, 13, 10);
# INSERT INTO exercise_muscle (exercise_id, muscle_id, intensity) VALUES (1760, 21, 7);
# INSERT INTO exercise_muscle (exercise_id, muscle_id, intensity) VALUES (1760, 22, 4);
#
# -- Exercise ID: 1761
# INSERT INTO Exercise (id, title, description, link, equipment_id, training_type_id) VALUES (1761, 'Cable V Grip Seated Low Row', 'Target: Back', 'https://youtu.be/EhAho9Szp-0', 8, 2);
# INSERT INTO exercise_muscle (exercise_id, muscle_id, intensity) VALUES (1761, 17, 10);
#
# -- Exercise ID: 1762
# INSERT INTO Exercise (id, title, description, link, equipment_id, training_type_id) VALUES (1762, 'Resistance Band Half Kneeling Face Pull', 'Target: Shoulders', 'https://youtu.be/pxnaBaRRZiY', 21, 3);
# INSERT INTO exercise_muscle (exercise_id, muscle_id, intensity) VALUES (1762, 19, 10);
#
# -- Exercise ID: 1763
# INSERT INTO Exercise (id, title, description, link, equipment_id, training_type_id) VALUES (1763, 'Bodyweight Prone Cobra', 'Target: Back', 'https://youtu.be/NZSBjpVpvw8?si=lyk8zIAtzX2ETUc_', 2, 1);
# INSERT INTO exercise_muscle (exercise_id, muscle_id, intensity) VALUES (1763, 20, 10);
#
# -- Exercise ID: 1764
# INSERT INTO Exercise (id, title, description, link, equipment_id, training_type_id) VALUES (1764, 'Barbell Hang Power Snatch', 'Target: Glutes', 'https://youtu.be/-mLzQdVAwlw?si=sQHYkOPNIgOBbsrh', 12, 11);
# INSERT INTO exercise_muscle (exercise_id, muscle_id, intensity) VALUES (1764, 21, 10);
# INSERT INTO exercise_muscle (exercise_id, muscle_id, intensity) VALUES (1764, 2, 7);
#
# -- Exercise ID: 1765
# INSERT INTO Exercise (id, title, description, link, equipment_id, training_type_id) VALUES (1765, 'Barbell Hang Squat Snatch', 'Target: Quadriceps', 'https://youtu.be/IucshEToDyM?si=ifH3zkJMJVCHypGV', 12, 11);
# INSERT INTO exercise_muscle (exercise_id, muscle_id, intensity) VALUES (1765, 13, 10);
# INSERT INTO exercise_muscle (exercise_id, muscle_id, intensity) VALUES (1765, 21, 7);
#
# -- Exercise ID: 1766
# INSERT INTO Exercise (id, title, description, link, equipment_id, training_type_id) VALUES (1766, 'Double Dumbbell Seated Reverse Fly', 'Target: Shoulders', 'https://youtu.be/cL1HxbOBkTs', 6, 2);
# INSERT INTO exercise_muscle (exercise_id, muscle_id, intensity) VALUES (1766, 19, 10);
#
# -- Exercise ID: 1767
# INSERT INTO Exercise (id, title, description, link, equipment_id, training_type_id) VALUES (1767, 'Single Arm Dumbbell Seated Concentration Curl', 'Target: Biceps', 'https://youtu.be/a2OQCwG9bd0?si=d_4n3IRKXeYoxBNs', 6, 2);
# INSERT INTO exercise_muscle (exercise_id, muscle_id, intensity) VALUES (1767, 8, 10);
# INSERT INTO exercise_muscle (exercise_id, muscle_id, intensity) VALUES (1767, 10, 4);
#
# -- Exercise ID: 1768
# INSERT INTO Exercise (id, title, description, link, equipment_id, training_type_id) VALUES (1768, 'Alternating Double Dumbbell Seated Bicep Curl', 'Target: Biceps', 'https://youtu.be/eZAvPxEB5Dw?si=ZrwbDJ6qgGac-wRn', 6, 2);
# INSERT INTO exercise_muscle (exercise_id, muscle_id, intensity) VALUES (1768, 8, 10);
# INSERT INTO exercise_muscle (exercise_id, muscle_id, intensity) VALUES (1768, 10, 4);
#
# -- Exercise ID: 1769
# INSERT INTO Exercise (id, title, description, link, equipment_id, training_type_id) VALUES (1769, 'Alternating Double Dumbbell Front Raise', 'Target: Shoulders', 'https://youtu.be/c4EhnuYZQI8?si=O-MyHEA_d4DRkcEA', 6, 2);
# INSERT INTO exercise_muscle (exercise_id, muscle_id, intensity) VALUES (1769, 2, 10);
# INSERT INTO exercise_muscle (exercise_id, muscle_id, intensity) VALUES (1769, 7, 7);
# INSERT INTO exercise_muscle (exercise_id, muscle_id, intensity) VALUES (1769, 8, 4);
#
# -- Exercise ID: 1770
# INSERT INTO Exercise (id, title, description, link, equipment_id, training_type_id) VALUES (1770, 'Cable Wide Grip Lat Pulldown', 'Target: Back', 'https://youtu.be/UWhyxvCCzhw', 8, 2);
# INSERT INTO exercise_muscle (exercise_id, muscle_id, intensity) VALUES (1770, 17, 10);
# INSERT INTO exercise_muscle (exercise_id, muscle_id, intensity) VALUES (1770, 8, 7);
#
# -- Exercise ID: 1771
# INSERT INTO Exercise (id, title, description, link, equipment_id, training_type_id) VALUES (1771, 'Cable Reverse Grip Lat Pulldown', 'Target: Back', 'https://youtu.be/zLKwAYUmGMc', 8, 2);
# INSERT INTO exercise_muscle (exercise_id, muscle_id, intensity) VALUES (1771, 17, 10);
# INSERT INTO exercise_muscle (exercise_id, muscle_id, intensity) VALUES (1771, 8, 7);
#
# -- Exercise ID: 1772
# INSERT INTO Exercise (id, title, description, link, equipment_id, training_type_id) VALUES (1772, 'Cable V Grip Lat Pulldown', 'Target: Back', 'https://youtu.be/8hzVLzu-RJk', 8, 2);
# INSERT INTO exercise_muscle (exercise_id, muscle_id, intensity) VALUES (1772, 17, 10);
# INSERT INTO exercise_muscle (exercise_id, muscle_id, intensity) VALUES (1772, 8, 7);
#
# -- Exercise ID: 1773
# INSERT INTO Exercise (id, title, description, link, equipment_id, training_type_id) VALUES (1773, 'Bodyweight Bicycle Crunch', 'Target: Abdominals', 'https://youtu.be/fHXcyedPCPo?si=haa5Z5z5wbVY6loh', 2, 3);
# INSERT INTO exercise_muscle (exercise_id, muscle_id, intensity) VALUES (1773, 12, 10);
# INSERT INTO exercise_muscle (exercise_id, muscle_id, intensity) VALUES (1773, 11, 7);
#
# -- Exercise ID: 1774
# INSERT INTO Exercise (id, title, description, link, equipment_id, training_type_id) VALUES (1774, 'Bodyweight Broad Jump', 'Target: Quadriceps', 'https://youtu.be/0P8dbnUQrJI?si=IoU6OTqa34IekCVQ', 2, 9);
# INSERT INTO exercise_muscle (exercise_id, muscle_id, intensity) VALUES (1774, 13, 10);
# INSERT INTO exercise_muscle (exercise_id, muscle_id, intensity) VALUES (1774, 21, 7);
# INSERT INTO exercise_muscle (exercise_id, muscle_id, intensity) VALUES (1774, 22, 4);
#
# -- Exercise ID: 1775
# INSERT INTO Exercise (id, title, description, link, equipment_id, training_type_id) VALUES (1775, 'Bodyweight Forearm Plank', 'Target: Abdominals', 'https://youtu.be/YvUw_mKMGfQ?feature=shared', 2, 4);
# INSERT INTO exercise_muscle (exercise_id, muscle_id, intensity) VALUES (1775, 11, 10);
#
# -- Exercise ID: 1776
# INSERT INTO Exercise (id, title, description, link, equipment_id, training_type_id) VALUES (1776, 'Parallette Plank', 'Target: Abdominals', 'https://youtu.be/MP6yL_KKxYY?si=Q87bAjMVT-uTdGRq', 4, 4);
# INSERT INTO exercise_muscle (exercise_id, muscle_id, intensity) VALUES (1776, 11, 10);
#
# -- Exercise ID: 1777
# INSERT INTO Exercise (id, title, description, link, equipment_id, training_type_id) VALUES (1777, 'Double Clubbell Shoulder Park Squat', 'Target: Quadriceps', NULL, 26, 3);
# INSERT INTO exercise_muscle (exercise_id, muscle_id, intensity) VALUES (1777, 13, 10);
# INSERT INTO exercise_muscle (exercise_id, muscle_id, intensity) VALUES (1777, 21, 7);
#
# -- Exercise ID: 1778
# INSERT INTO Exercise (id, title, description, link, equipment_id, training_type_id) VALUES (1778, 'Double Clubbell Clean to Shoulder Park Squat', 'Target: Quadriceps', NULL, 26, 3);
# INSERT INTO exercise_muscle (exercise_id, muscle_id, intensity) VALUES (1778, 13, 10);
# INSERT INTO exercise_muscle (exercise_id, muscle_id, intensity) VALUES (1778, 21, 7);
#
# -- Exercise ID: 1779
# INSERT INTO Exercise (id, title, description, link, equipment_id, training_type_id) VALUES (1779, 'Clubbell Shoulder Park Squat', 'Target: Quadriceps', 'https://youtu.be/oNZnCluUrjQ?si=NER_BSsVDrgi7GOm', 26, 3);
# INSERT INTO exercise_muscle (exercise_id, muscle_id, intensity) VALUES (1779, 13, 10);
# INSERT INTO exercise_muscle (exercise_id, muscle_id, intensity) VALUES (1779, 21, 7);
#
# -- Exercise ID: 1780
# INSERT INTO Exercise (id, title, description, link, equipment_id, training_type_id) VALUES (1780, 'Single Arm Clubbell Shoulder Park Squat', 'Target: Quadriceps', NULL, 26, 3);
# INSERT INTO exercise_muscle (exercise_id, muscle_id, intensity) VALUES (1780, 13, 10);
# INSERT INTO exercise_muscle (exercise_id, muscle_id, intensity) VALUES (1780, 21, 7);
#
# -- Exercise ID: 1781
# INSERT INTO Exercise (id, title, description, link, equipment_id, training_type_id) VALUES (1781, 'Clubbell Swing to Alternating Shoulder Park Squat', 'Target: Quadriceps', 'https://youtu.be/88ySRsmla4U?si=HG4Mctbie8EQOKUi', 26, 3);
# INSERT INTO exercise_muscle (exercise_id, muscle_id, intensity) VALUES (1781, 13, 10);
# INSERT INTO exercise_muscle (exercise_id, muscle_id, intensity) VALUES (1781, 21, 7);
#
# -- Exercise ID: 1782
# INSERT INTO Exercise (id, title, description, link, equipment_id, training_type_id) VALUES (1782, 'Single Arm Dumbbell Bench Press', 'Target: Chest', 'https://youtu.be/q3cXdiyY7-Q?si=8ulm789f1CXgoDiT', 6, 2);
# INSERT INTO exercise_muscle (exercise_id, muscle_id, intensity) VALUES (1782, 7, 10);
# INSERT INTO exercise_muscle (exercise_id, muscle_id, intensity) VALUES (1782, 4, 7);
#
# -- Exercise ID: 1783
# INSERT INTO Exercise (id, title, description, link, equipment_id, training_type_id) VALUES (1783, 'Double Dumbbell Bench Press', 'Target: Chest', 'https://youtu.be/ZaDlbm8E8Tg?si=BvNUvyhh8eTuBDsz', 6, 2);
# INSERT INTO exercise_muscle (exercise_id, muscle_id, intensity) VALUES (1783, 7, 10);
# INSERT INTO exercise_muscle (exercise_id, muscle_id, intensity) VALUES (1783, 4, 7);
#
# -- Exercise ID: 1784
# INSERT INTO Exercise (id, title, description, link, equipment_id, training_type_id) VALUES (1784, 'Barbell Split Jerk', 'Target: Shoulders', 'https://youtu.be/GUDkOtraHHY?si=rRrpCqPIVW7T-7T5', 12, 11);
# INSERT INTO exercise_muscle (exercise_id, muscle_id, intensity) VALUES (1784, 2, 10);
# INSERT INTO exercise_muscle (exercise_id, muscle_id, intensity) VALUES (1784, 4, 7);
# INSERT INTO exercise_muscle (exercise_id, muscle_id, intensity) VALUES (1784, 15, 4);
#
# -- Exercise ID: 1785
# INSERT INTO Exercise (id, title, description, link, equipment_id, training_type_id) VALUES (1785, 'Barbell Power Clean to Split Jerk', 'Target: Shoulders', 'https://youtu.be/Sk1vhXhHO_A?si=scaLm9b6g937lMhn', 12, 11);
# INSERT INTO exercise_muscle (exercise_id, muscle_id, intensity) VALUES (1785, 2, 10);
# INSERT INTO exercise_muscle (exercise_id, muscle_id, intensity) VALUES (1785, 21, 7);
#
# -- Exercise ID: 1786
# INSERT INTO Exercise (id, title, description, link, equipment_id, training_type_id) VALUES (1786, 'Double Dumbbell Incline Bench Press', 'Target: Chest', 'https://youtu.be/7QUcsq019Qs?si=rxXGikxFs6Y3YwPL', 6, 2);
# INSERT INTO exercise_muscle (exercise_id, muscle_id, intensity) VALUES (1786, 7, 10);
# INSERT INTO exercise_muscle (exercise_id, muscle_id, intensity) VALUES (1786, 4, 7);
#
# -- Exercise ID: 1787
# INSERT INTO Exercise (id, title, description, link, equipment_id, training_type_id) VALUES (1787, 'Barbell Power Jerk', 'Target: Shoulders', 'https://youtu.be/XtRq5jzUHqE?si=dBupO-9VrVoLknW-', 12, 11);
# INSERT INTO exercise_muscle (exercise_id, muscle_id, intensity) VALUES (1787, 2, 10);
# INSERT INTO exercise_muscle (exercise_id, muscle_id, intensity) VALUES (1787, 4, 7);
# INSERT INTO exercise_muscle (exercise_id, muscle_id, intensity) VALUES (1787, 15, 4);
#
# -- Exercise ID: 1788
# INSERT INTO Exercise (id, title, description, link, equipment_id, training_type_id) VALUES (1788, 'Barbell Squat Jerk', 'Target: Quadriceps', 'https://youtu.be/vXTeZah_FjI?si=21zLDY_gy9epZ8bD', 12, 11);
# INSERT INTO exercise_muscle (exercise_id, muscle_id, intensity) VALUES (1788, 13, 10);
# INSERT INTO exercise_muscle (exercise_id, muscle_id, intensity) VALUES (1788, 21, 7);
# INSERT INTO exercise_muscle (exercise_id, muscle_id, intensity) VALUES (1788, 2, 4);
#
# -- Exercise ID: 1789
# INSERT INTO Exercise (id, title, description, link, equipment_id, training_type_id) VALUES (1789, 'Double Kettlebell Bent Over Row', 'Target: Back', 'https://youtu.be/t7dkLHdZ9uM?si=2TNd4Es589Vlu5uz', 15, 2);
# INSERT INTO exercise_muscle (exercise_id, muscle_id, intensity) VALUES (1789, 17, 10);
# INSERT INTO exercise_muscle (exercise_id, muscle_id, intensity) VALUES (1789, 18, 7);
# INSERT INTO exercise_muscle (exercise_id, muscle_id, intensity) VALUES (1789, 19, 4);
#
# -- Exercise ID: 1790
# INSERT INTO Exercise (id, title, description, link, equipment_id, training_type_id) VALUES (1790, 'Bodyweight Seated Wall Angels', 'Target: Shoulders', 'https://youtu.be/_VrAJlhDkIc?si=8vRLbrTcTLygHKZE', 2, 3);
# INSERT INTO exercise_muscle (exercise_id, muscle_id, intensity) VALUES (1790, 19, 10);
#
# -- Exercise ID: 1791
# INSERT INTO Exercise (id, title, description, link, equipment_id, training_type_id) VALUES (1791, 'Parallette Kneeling Close Grip Push Up', 'Target: Triceps', NULL, 4, 4);
# INSERT INTO exercise_muscle (exercise_id, muscle_id, intensity) VALUES (1791, 4, 10);
# INSERT INTO exercise_muscle (exercise_id, muscle_id, intensity) VALUES (1791, 7, 7);
#
# -- Exercise ID: 1792
# INSERT INTO Exercise (id, title, description, link, equipment_id, training_type_id) VALUES (1792, 'Double Kettlebell Shrug', 'Target: Trapezius ', 'https://youtu.be/dB5Wxd_zS80', 15, 2);
# INSERT INTO exercise_muscle (exercise_id, muscle_id, intensity) VALUES (1792, 9, 10);
# INSERT INTO exercise_muscle (exercise_id, muscle_id, intensity) VALUES (1792, 18, 4);
#
# -- Exercise ID: 1793
# INSERT INTO Exercise (id, title, description, link, equipment_id, training_type_id) VALUES (1793, 'Bodyweight Alternating Split Squat Jump', 'Target: Quadriceps', 'https://youtu.be/yncmjpwl_9g?si=OTCbmCenqG5BN1WW', 2, 9);
# INSERT INTO exercise_muscle (exercise_id, muscle_id, intensity) VALUES (1793, 13, 10);
# INSERT INTO exercise_muscle (exercise_id, muscle_id, intensity) VALUES (1793, 21, 7);
# INSERT INTO exercise_muscle (exercise_id, muscle_id, intensity) VALUES (1793, 22, 4);
#
# -- Exercise ID: 1794
# INSERT INTO Exercise (id, title, description, link, equipment_id, training_type_id) VALUES (1794, 'Suspension Y Raise', 'Target: Shoulders', 'https://youtu.be/0Kr9lVl4JQ8?si=bGLAYv480sV-7xjg', 11, 3);
# INSERT INTO exercise_muscle (exercise_id, muscle_id, intensity) VALUES (1794, 19, 10);
#
# -- Exercise ID: 1795
# INSERT INTO Exercise (id, title, description, link, equipment_id, training_type_id) VALUES (1795, 'Bodyweight Standing Wall Angels', 'Target: Shoulders', 'https://youtu.be/pNuHObBC-rg?si=vkl3Eaw-boo60WvV', 2, 3);
# INSERT INTO exercise_muscle (exercise_id, muscle_id, intensity) VALUES (1795, 19, 10);
#
# -- Exercise ID: 1796
# INSERT INTO Exercise (id, title, description, link, equipment_id, training_type_id) VALUES (1796, 'Double Kettlebell Mountain Climber', 'Target: Abdominals', 'https://youtu.be/AHwcb1JLtp4?si=XfL4K_pZpBu8QsfO', 15, 4);
# INSERT INTO exercise_muscle (exercise_id, muscle_id, intensity) VALUES (1796, 11, 10);
# INSERT INTO exercise_muscle (exercise_id, muscle_id, intensity) VALUES (1796, 2, 4);
#
# -- Exercise ID: 1797
# INSERT INTO Exercise (id, title, description, link, equipment_id, training_type_id) VALUES (1797, 'Bodyweight Split Squat Jump', 'Target: Quadriceps', 'https://youtu.be/RtY9kyhuh5I?si=ryQL7SpLXYab74U9', 2, 9);
# INSERT INTO exercise_muscle (exercise_id, muscle_id, intensity) VALUES (1797, 13, 10);
# INSERT INTO exercise_muscle (exercise_id, muscle_id, intensity) VALUES (1797, 21, 7);
# INSERT INTO exercise_muscle (exercise_id, muscle_id, intensity) VALUES (1797, 22, 4);
#
# -- Exercise ID: 1798
# INSERT INTO Exercise (id, title, description, link, equipment_id, training_type_id) VALUES (1798, 'Bodyweight Duck Walk', 'Target: Quadriceps', 'https://youtu.be/-swSVo8-i4I?si=sEL_AtnfPtYy7b1X', 2, 5);
# INSERT INTO exercise_muscle (exercise_id, muscle_id, intensity) VALUES (1798, 13, 10);
# INSERT INTO exercise_muscle (exercise_id, muscle_id, intensity) VALUES (1798, 21, 7);
#
# -- Exercise ID: 1799
# INSERT INTO Exercise (id, title, description, link, equipment_id, training_type_id) VALUES (1799, 'Barbell Front Rack Split Squat', 'Target: Quadriceps', 'https://youtu.be/VsgCBIQE8gU?si=1KNObbTrjXSha2sF', 12, 2);
# INSERT INTO exercise_muscle (exercise_id, muscle_id, intensity) VALUES (1799, 13, 10);
# INSERT INTO exercise_muscle (exercise_id, muscle_id, intensity) VALUES (1799, 21, 7);
# INSERT INTO exercise_muscle (exercise_id, muscle_id, intensity) VALUES (1799, 22, 4);
#
# -- Exercise ID: 1800
# INSERT INTO Exercise (id, title, description, link, equipment_id, training_type_id) VALUES (1800, 'Barbell Overhead Split Squat', 'Target: Quadriceps', 'https://youtu.be/wQrvCnYb4yw?si=z3YIBbCc8EKvTdgG', 12, 2);
# INSERT INTO exercise_muscle (exercise_id, muscle_id, intensity) VALUES (1800, 13, 10);
# INSERT INTO exercise_muscle (exercise_id, muscle_id, intensity) VALUES (1800, 21, 7);
# INSERT INTO exercise_muscle (exercise_id, muscle_id, intensity) VALUES (1800, 22, 4);
#
# -- Exercise ID: 1801
# INSERT INTO Exercise (id, title, description, link, equipment_id, training_type_id) VALUES (1801, 'Double Dumbbell Split Jerk', 'Target: Shoulders', 'https://youtu.be/KpE5v62Qnbk?si=0JFSRtn2gnAhSMeD', 6, 3);
# INSERT INTO exercise_muscle (exercise_id, muscle_id, intensity) VALUES (1801, 2, 10);
# INSERT INTO exercise_muscle (exercise_id, muscle_id, intensity) VALUES (1801, 4, 7);
# INSERT INTO exercise_muscle (exercise_id, muscle_id, intensity) VALUES (1801, 15, 4);
#
# -- Exercise ID: 1802
# INSERT INTO Exercise (id, title, description, link, equipment_id, training_type_id) VALUES (1802, 'Suspension Reverse Fly', 'Target: Shoulders', 'https://youtu.be/bYYJ4jQCUtg', 11, 3);
# INSERT INTO exercise_muscle (exercise_id, muscle_id, intensity) VALUES (1802, 19, 10);
#
# -- Exercise ID: 1803
# INSERT INTO Exercise (id, title, description, link, equipment_id, training_type_id) VALUES (1803, 'Double Dumbbell Decline Bench Press', 'Target: Chest', 'https://youtu.be/2B6WxyLaIrE?si=YFskQesFUqPMQA7s', 6, 2);
# INSERT INTO exercise_muscle (exercise_id, muscle_id, intensity) VALUES (1803, 7, 10);
# INSERT INTO exercise_muscle (exercise_id, muscle_id, intensity) VALUES (1803, 4, 7);
#
# -- Exercise ID: 1804
# INSERT INTO Exercise (id, title, description, link, equipment_id, training_type_id) VALUES (1804, 'Single Arm Dumbbell Split Jerk', 'Target: Shoulders', 'https://youtu.be/li8Cf-vxDvk?si=xn7C8oJeNgbhkv-d', 6, 3);
# INSERT INTO exercise_muscle (exercise_id, muscle_id, intensity) VALUES (1804, 2, 10);
# INSERT INTO exercise_muscle (exercise_id, muscle_id, intensity) VALUES (1804, 4, 7);
# INSERT INTO exercise_muscle (exercise_id, muscle_id, intensity) VALUES (1804, 15, 4);
#
# -- Exercise ID: 1805
# INSERT INTO Exercise (id, title, description, link, equipment_id, training_type_id) VALUES (1805, 'Single Arm Kettlebell Bottoms Up Snatch', 'Target: Glutes', 'https://youtu.be/FTRy8SXUJXs?si=9fREcoDrSO9GfdAR', 15, 10);
# INSERT INTO exercise_muscle (exercise_id, muscle_id, intensity) VALUES (1805, 21, 10);
# INSERT INTO exercise_muscle (exercise_id, muscle_id, intensity) VALUES (1805, 2, 7);
#
# -- Exercise ID: 1806
# INSERT INTO Exercise (id, title, description, link, equipment_id, training_type_id) VALUES (1806, 'Bodyweight Copenhagen Plank Side Raise', 'Target: Adductors', 'https://youtu.be/0Cwk_wwL6uM?si=N_sqB6NG5HF2Hv7U', 2, 3);
# INSERT INTO exercise_muscle (exercise_id, muscle_id, intensity) VALUES (1806, 14, 10);
#
# -- Exercise ID: 1807
# INSERT INTO Exercise (id, title, description, link, equipment_id, training_type_id) VALUES (1807, 'Bodyweight Copenhagen Plank with Leg Lift', 'Target: Adductors', 'https://youtu.be/Tt5O0gfZmr0?si=9wq43SCcrrNE16rB', 2, 3);
# INSERT INTO exercise_muscle (exercise_id, muscle_id, intensity) VALUES (1807, 14, 10);
#
# -- Exercise ID: 1808
# INSERT INTO Exercise (id, title, description, link, equipment_id, training_type_id) VALUES (1808, 'Double Dumbbell Chest Fly', 'Target: Chest', 'https://youtu.be/Nhvz9EzdJ4U?si=MdnuiWNh7Wkz1qK_', 6, 2);
# INSERT INTO exercise_muscle (exercise_id, muscle_id, intensity) VALUES (1808, 7, 10);
#
# -- Exercise ID: 1809
# INSERT INTO Exercise (id, title, description, link, equipment_id, training_type_id) VALUES (1809, 'Double Dumbbell Decline Bench Chest Fly', 'Target: Chest', 'https://youtu.be/7NlIkLqcgnw?si=uIGPB18ukc3iERL2', 6, 2);
# INSERT INTO exercise_muscle (exercise_id, muscle_id, intensity) VALUES (1809, 7, 10);
#
# -- Exercise ID: 1810
# INSERT INTO Exercise (id, title, description, link, equipment_id, training_type_id) VALUES (1810, 'Double Kettlebell Suitcase Calf Raise', 'Target: Calves', 'https://youtu.be/gI-GqUg47UU?si=GQfpc8cxUMQ4kcui', 15, 2);
# INSERT INTO exercise_muscle (exercise_id, muscle_id, intensity) VALUES (1810, 6, 10);
#
# -- Exercise ID: 1811
# INSERT INTO Exercise (id, title, description, link, equipment_id, training_type_id) VALUES (1811, 'Double Kettlebell Front Rack Feet Elevated Calf Raise', 'Target: Calves', NULL, 15, 2);
# INSERT INTO exercise_muscle (exercise_id, muscle_id, intensity) VALUES (1811, 6, 10);
# INSERT INTO exercise_muscle (exercise_id, muscle_id, intensity) VALUES (1811, 5, 4);
#
# -- Exercise ID: 1812
# INSERT INTO Exercise (id, title, description, link, equipment_id, training_type_id) VALUES (1812, 'Dumbbell Crush Grip Bent Over Row', 'Target: Back', 'https://youtu.be/ppmAYXaz0_k', 6, 2);
# INSERT INTO exercise_muscle (exercise_id, muscle_id, intensity) VALUES (1812, 17, 10);
# INSERT INTO exercise_muscle (exercise_id, muscle_id, intensity) VALUES (1812, 18, 7);
# INSERT INTO exercise_muscle (exercise_id, muscle_id, intensity) VALUES (1812, 19, 4);
#
# -- Exercise ID: 1813
# INSERT INTO Exercise (id, title, description, link, equipment_id, training_type_id) VALUES (1813, 'Double Kettlebell Front Rack Calf Raise', 'Target: Calves', NULL, 15, 2);
# INSERT INTO exercise_muscle (exercise_id, muscle_id, intensity) VALUES (1813, 6, 10);
#
# -- Exercise ID: 1814
# INSERT INTO Exercise (id, title, description, link, equipment_id, training_type_id) VALUES (1814, 'Dumbbell Crush Grip Bicep Curl to Overhead Press', 'Target: Shoulders', 'https://youtu.be/3hFzUnWOQLU', 6, 2);
# INSERT INTO exercise_muscle (exercise_id, muscle_id, intensity) VALUES (1814, 2, 10);
# INSERT INTO exercise_muscle (exercise_id, muscle_id, intensity) VALUES (1814, 8, 7);
#
# -- Exercise ID: 1815
# INSERT INTO Exercise (id, title, description, link, equipment_id, training_type_id) VALUES (1815, 'Dumbbell Crush Grip Overhead Press', 'Target: Shoulders', 'https://youtu.be/O2SYdrskhPU?si=RFInB5nFomiISnhm', 6, 2);
# INSERT INTO exercise_muscle (exercise_id, muscle_id, intensity) VALUES (1815, 2, 10);
# INSERT INTO exercise_muscle (exercise_id, muscle_id, intensity) VALUES (1815, 4, 7);
#
# -- Exercise ID: 1816
# INSERT INTO Exercise (id, title, description, link, equipment_id, training_type_id) VALUES (1816, 'Dumbbell Crush Grip Floor Press', 'Target: Chest', 'https://youtu.be/2pN9ascZfGc?si=MWKxU4_8cj6Sv5bs', 6, 2);
# INSERT INTO exercise_muscle (exercise_id, muscle_id, intensity) VALUES (1816, 7, 10);
# INSERT INTO exercise_muscle (exercise_id, muscle_id, intensity) VALUES (1816, 4, 7);
# INSERT INTO exercise_muscle (exercise_id, muscle_id, intensity) VALUES (1816, 2, 4);
#
# -- Exercise ID: 1817
# INSERT INTO Exercise (id, title, description, link, equipment_id, training_type_id) VALUES (1817, 'Dumbbell Crush Grip Overhead Tricep Extension', 'Target: Triceps', 'https://youtu.be/thF_jzznoVk?si=T8bHLGYmbaMBD8uL', 6, 2);
# INSERT INTO exercise_muscle (exercise_id, muscle_id, intensity) VALUES (1817, 4, 10);
# INSERT INTO exercise_muscle (exercise_id, muscle_id, intensity) VALUES (1817, 2, 7);
# INSERT INTO exercise_muscle (exercise_id, muscle_id, intensity) VALUES (1817, 11, 4);
#
# -- Exercise ID: 1818
# INSERT INTO Exercise (id, title, description, link, equipment_id, training_type_id) VALUES (1818, 'Double Kettlebell Suitcase Split Squat Isometric Calf Raise', 'Target: Calves', NULL, 15, 12);
# INSERT INTO exercise_muscle (exercise_id, muscle_id, intensity) VALUES (1818, 6, 10);
# INSERT INTO exercise_muscle (exercise_id, muscle_id, intensity) VALUES (1818, 13, 4);
#
# -- Exercise ID: 1819
# INSERT INTO Exercise (id, title, description, link, equipment_id, training_type_id) VALUES (1819, 'Bodyweight Single Leg Hip Thrust', 'Target: Glutes', 'https://youtu.be/1Dbd7wStRJg?si=Yx13oEQ5A4kl4YJ5', 2, 2);
# INSERT INTO exercise_muscle (exercise_id, muscle_id, intensity) VALUES (1819, 21, 10);
# INSERT INTO exercise_muscle (exercise_id, muscle_id, intensity) VALUES (1819, 22, 7);
# INSERT INTO exercise_muscle (exercise_id, muscle_id, intensity) VALUES (1819, 12, 4);
#
# -- Exercise ID: 1820
# INSERT INTO Exercise (id, title, description, link, equipment_id, training_type_id) VALUES (1820, 'Stability Ball Single Leg Hip Thrust', 'Target: Glutes', 'https://youtu.be/p2Z02O1M18w?feature=shared', 1, 2);
# INSERT INTO exercise_muscle (exercise_id, muscle_id, intensity) VALUES (1820, 21, 10);
# INSERT INTO exercise_muscle (exercise_id, muscle_id, intensity) VALUES (1820, 22, 7);
# INSERT INTO exercise_muscle (exercise_id, muscle_id, intensity) VALUES (1820, 12, 4);
#
# -- Exercise ID: 1821
# INSERT INTO Exercise (id, title, description, link, equipment_id, training_type_id) VALUES (1821, 'Double Kettlebell Suitcase Split Squat Isometric Foot Elevated Calf Raise', 'Target: Calves', NULL, 15, 12);
# INSERT INTO exercise_muscle (exercise_id, muscle_id, intensity) VALUES (1821, 6, 10);
# INSERT INTO exercise_muscle (exercise_id, muscle_id, intensity) VALUES (1821, 13, 4);
#
# -- Exercise ID: 1822
# INSERT INTO Exercise (id, title, description, link, equipment_id, training_type_id) VALUES (1822, 'Single Arm Kettlebell Suitcase Hand Assisted Ipsilateral Foot Elevated Single Leg Calf Raise', 'Target: Calves', 'https://youtu.be/o4VnNZJ_ifM?si=mpuDr1i-66ZFR_7I', 15, 2);
# INSERT INTO exercise_muscle (exercise_id, muscle_id, intensity) VALUES (1822, 6, 10);
# INSERT INTO exercise_muscle (exercise_id, muscle_id, intensity) VALUES (1822, 5, 4);
#
# -- Exercise ID: 1823
# INSERT INTO Exercise (id, title, description, link, equipment_id, training_type_id) VALUES (1823, 'Double Kettlebell Front Rack Split Squat Isometric Calf Raise', 'Target: Calves', NULL, 15, 12);
# INSERT INTO exercise_muscle (exercise_id, muscle_id, intensity) VALUES (1823, 6, 10);
# INSERT INTO exercise_muscle (exercise_id, muscle_id, intensity) VALUES (1823, 13, 4);
#
# -- Exercise ID: 1824
# INSERT INTO Exercise (id, title, description, link, equipment_id, training_type_id) VALUES (1824, 'Cable V Grip Seated Floor Lat Pulldown', 'Target: Back', 'https://youtu.be/wo-YhhSpEJI', 8, 2);
# INSERT INTO exercise_muscle (exercise_id, muscle_id, intensity) VALUES (1824, 17, 10);
# INSERT INTO exercise_muscle (exercise_id, muscle_id, intensity) VALUES (1824, 8, 7);
#
# -- Exercise ID: 1825
# INSERT INTO Exercise (id, title, description, link, equipment_id, training_type_id) VALUES (1825, 'Double Kettlebell Front Rack Split Squat Isometric Foot Elevated Calf Raise', 'Target: Calves', NULL, 15, 12);
# INSERT INTO exercise_muscle (exercise_id, muscle_id, intensity) VALUES (1825, 6, 10);
# INSERT INTO exercise_muscle (exercise_id, muscle_id, intensity) VALUES (1825, 13, 4);
#
# -- Exercise ID: 1826
# INSERT INTO Exercise (id, title, description, link, equipment_id, training_type_id) VALUES (1826, 'Battle Rope Alternating Wave', 'Target: Biceps', 'https://youtu.be/ZujykKeVZpM', 32, 3);
# INSERT INTO exercise_muscle (exercise_id, muscle_id, intensity) VALUES (1826, 8, 10);
#
# -- Exercise ID: 1827
# INSERT INTO Exercise (id, title, description, link, equipment_id, training_type_id) VALUES (1827, 'Cable Rope Tall Kneeling Tricep Pushdown', 'Target: Triceps', 'https://youtu.be/fjYbHu5oXn0?si=h7OFn1fToKpfmC3B', 8, 2);
# INSERT INTO exercise_muscle (exercise_id, muscle_id, intensity) VALUES (1827, 4, 10);
# INSERT INTO exercise_muscle (exercise_id, muscle_id, intensity) VALUES (1827, 10, 4);
#
# -- Exercise ID: 1828
# INSERT INTO Exercise (id, title, description, link, equipment_id, training_type_id) VALUES (1828, 'Bodyweight Feet Elevated Calf Raise', 'Target: Calves', 'https://youtu.be/VuvZCiSMw_A?si=wJFjWj_7127inskf', 2, 2);
# INSERT INTO exercise_muscle (exercise_id, muscle_id, intensity) VALUES (1828, 6, 10);
# INSERT INTO exercise_muscle (exercise_id, muscle_id, intensity) VALUES (1828, 5, 4);
#
# -- Exercise ID: 1829
# INSERT INTO Exercise (id, title, description, link, equipment_id, training_type_id) VALUES (1829, 'Stability Ball Reverse Hyperextension', 'Target: Glutes', 'https://youtu.be/ujcZZ0kLEmY?si=Vb7GDY3_NgNICWqW', 1, 2);
# INSERT INTO exercise_muscle (exercise_id, muscle_id, intensity) VALUES (1829, 21, 10);
#
# -- Exercise ID: 1830
# INSERT INTO Exercise (id, title, description, link, equipment_id, training_type_id) VALUES (1830, 'Bodyweight Frog Reverse Hyperextension', 'Target: Glutes', 'https://youtu.be/zH8QN413Vuo?si=htM_QtEmupefpV2z', 2, 2);
# INSERT INTO exercise_muscle (exercise_id, muscle_id, intensity) VALUES (1830, 21, 10);
#
# -- Exercise ID: 1831
# INSERT INTO Exercise (id, title, description, link, equipment_id, training_type_id) VALUES (1831, 'Bodyweight Reverse Hyperextension', 'Target: Glutes', 'https://youtu.be/UP44YFNMF4A?si=ymXfKPXP3jXmkT4j', 2, 2);
# INSERT INTO exercise_muscle (exercise_id, muscle_id, intensity) VALUES (1831, 21, 10);
#
# -- Exercise ID: 1832
# INSERT INTO Exercise (id, title, description, link, equipment_id, training_type_id) VALUES (1832, 'Cable Rope Tall Kneeling Low to High Chop', 'Target: Abdominals', 'https://youtu.be/dz0OxCiLkjI?si=-FrxaHRLjT-KzMPb', 8, 3);
# INSERT INTO exercise_muscle (exercise_id, muscle_id, intensity) VALUES (1832, 12, 10);
# INSERT INTO exercise_muscle (exercise_id, muscle_id, intensity) VALUES (1832, 11, 7);
#
# -- Exercise ID: 1833
# INSERT INTO Exercise (id, title, description, link, equipment_id, training_type_id) VALUES (1833, 'Bodyweight V Up', 'Target: Abdominals', 'https://youtu.be/7UVgs18Y1P4?si=o0GvxxE-1wAYvgfE', 2, 3);
# INSERT INTO exercise_muscle (exercise_id, muscle_id, intensity) VALUES (1833, 11, 10);
# INSERT INTO exercise_muscle (exercise_id, muscle_id, intensity) VALUES (1833, 12, 4);
#
# -- Exercise ID: 1834
# INSERT INTO Exercise (id, title, description, link, equipment_id, training_type_id) VALUES (1834, 'Slider Barbell Front Rack Reverse Lunge', 'Target: Quadriceps', NULL, 14, 2);
# INSERT INTO exercise_muscle (exercise_id, muscle_id, intensity) VALUES (1834, 13, 10);
# INSERT INTO exercise_muscle (exercise_id, muscle_id, intensity) VALUES (1834, 21, 7);
# INSERT INTO exercise_muscle (exercise_id, muscle_id, intensity) VALUES (1834, 22, 4);
#
# -- Exercise ID: 1835
# INSERT INTO Exercise (id, title, description, link, equipment_id, training_type_id) VALUES (1835, 'Slider Barbell Back Rack Reverse Lunge', 'Target: Quadriceps', 'https://youtu.be/svmnL4VOmdQ?si=LsXy5ZYYQ72FtD7F', 14, 2);
# INSERT INTO exercise_muscle (exercise_id, muscle_id, intensity) VALUES (1835, 13, 10);
# INSERT INTO exercise_muscle (exercise_id, muscle_id, intensity) VALUES (1835, 21, 7);
# INSERT INTO exercise_muscle (exercise_id, muscle_id, intensity) VALUES (1835, 22, 4);
#
# -- Exercise ID: 1836
# INSERT INTO Exercise (id, title, description, link, equipment_id, training_type_id) VALUES (1836, 'Slider Reverse Lunge', 'Target: Quadriceps', 'https://youtu.be/X9swqObTGJw?si=Qpxrkq0cR0xf5eiU', 14, 2);
# INSERT INTO exercise_muscle (exercise_id, muscle_id, intensity) VALUES (1836, 13, 10);
# INSERT INTO exercise_muscle (exercise_id, muscle_id, intensity) VALUES (1836, 21, 7);
# INSERT INTO exercise_muscle (exercise_id, muscle_id, intensity) VALUES (1836, 22, 4);
#
# -- Exercise ID: 1837
# INSERT INTO Exercise (id, title, description, link, equipment_id, training_type_id) VALUES (1837, 'Barbell Push Jerk', 'Target: Shoulders', 'https://youtu.be/VrHNJXoSyXw', 12, 11);
# INSERT INTO exercise_muscle (exercise_id, muscle_id, intensity) VALUES (1837, 2, 10);
# INSERT INTO exercise_muscle (exercise_id, muscle_id, intensity) VALUES (1837, 4, 7);
# INSERT INTO exercise_muscle (exercise_id, muscle_id, intensity) VALUES (1837, 15, 4);
#
# -- Exercise ID: 1838
# INSERT INTO Exercise (id, title, description, link, equipment_id, training_type_id) VALUES (1838, 'Barbell Power Clean to Push Jerk', 'Target: Shoulders', 'https://youtu.be/LtoksZKesMA?si=rSvsSk9ilVqlS937', 12, 11);
# INSERT INTO exercise_muscle (exercise_id, muscle_id, intensity) VALUES (1838, 2, 10);
# INSERT INTO exercise_muscle (exercise_id, muscle_id, intensity) VALUES (1838, 4, 7);
#
# -- Exercise ID: 1839
# INSERT INTO Exercise (id, title, description, link, equipment_id, training_type_id) VALUES (1839, 'Barbell Squat Clean to Push Jerk', 'Target: Shoulders', 'https://youtu.be/GqAEuwXQXRU?si=a2lQdD8ZT7OeBRNX', 12, 11);
# INSERT INTO exercise_muscle (exercise_id, muscle_id, intensity) VALUES (1839, 2, 10);
# INSERT INTO exercise_muscle (exercise_id, muscle_id, intensity) VALUES (1839, 4, 7);
# INSERT INTO exercise_muscle (exercise_id, muscle_id, intensity) VALUES (1839, 21, 4);
#
# -- Exercise ID: 1840
# INSERT INTO Exercise (id, title, description, link, equipment_id, training_type_id) VALUES (1840, 'Single Arm Kettlebell Outside Swing', 'Target: Glutes', 'https://youtu.be/sEerteQ9q8Y?si=eO7tUCscpuCkcIez', 15, 10);
# INSERT INTO exercise_muscle (exercise_id, muscle_id, intensity) VALUES (1840, 21, 10);
#
# -- Exercise ID: 1841
# INSERT INTO Exercise (id, title, description, link, equipment_id, training_type_id) VALUES (1841, 'Single Arm Kettlebell Suitcase Alternating Forward Lunge Pass Through', 'Target: Quadriceps', 'https://youtu.be/61BWrwBMUlk?si=zXjflLRvn7EaFnuR', 15, 2);
# INSERT INTO exercise_muscle (exercise_id, muscle_id, intensity) VALUES (1841, 13, 10);
# INSERT INTO exercise_muscle (exercise_id, muscle_id, intensity) VALUES (1841, 21, 7);
# INSERT INTO exercise_muscle (exercise_id, muscle_id, intensity) VALUES (1841, 22, 4);
#
# -- Exercise ID: 1842
# INSERT INTO Exercise (id, title, description, link, equipment_id, training_type_id) VALUES (1842, 'Single Arm Kettlebell Suitcase Alternating Reverse Lunge Pass Through', 'Target: Quadriceps', 'https://youtu.be/6flBwO_bKB8?si=_cijIvoTOn2fDR7y', 15, 2);
# INSERT INTO exercise_muscle (exercise_id, muscle_id, intensity) VALUES (1842, 13, 10);
# INSERT INTO exercise_muscle (exercise_id, muscle_id, intensity) VALUES (1842, 21, 7);
# INSERT INTO exercise_muscle (exercise_id, muscle_id, intensity) VALUES (1842, 22, 4);
#
# -- Exercise ID: 1843
# INSERT INTO Exercise (id, title, description, link, equipment_id, training_type_id) VALUES (1843, 'Single Arm Kettlebell Contralateral Forward Lunge Snatch', 'Target: Quadriceps', 'https://youtu.be/T6QWzXtiHVk?si=6Qx4S0Y9YS8kR-E8', 15, 10);
# INSERT INTO exercise_muscle (exercise_id, muscle_id, intensity) VALUES (1843, 13, 10);
# INSERT INTO exercise_muscle (exercise_id, muscle_id, intensity) VALUES (1843, 21, 7);
# INSERT INTO exercise_muscle (exercise_id, muscle_id, intensity) VALUES (1843, 2, 4);
#
# -- Exercise ID: 1844
# INSERT INTO Exercise (id, title, description, link, equipment_id, training_type_id) VALUES (1844, 'Single Arm Kettlebell Alternating Forward Lunge Snatch', 'Target: Quadriceps', 'https://youtu.be/yVbXFUpxZDo?si=fGc1RAIfM6JUdZ4B', 15, 10);
# INSERT INTO exercise_muscle (exercise_id, muscle_id, intensity) VALUES (1844, 13, 10);
# INSERT INTO exercise_muscle (exercise_id, muscle_id, intensity) VALUES (1844, 21, 7);
# INSERT INTO exercise_muscle (exercise_id, muscle_id, intensity) VALUES (1844, 2, 4);
#
# -- Exercise ID: 1845
# INSERT INTO Exercise (id, title, description, link, equipment_id, training_type_id) VALUES (1845, 'Double Kettlebell Overhead Press', 'Target: Shoulders', 'https://youtu.be/IfGxPcgiTmY', 15, 2);
# INSERT INTO exercise_muscle (exercise_id, muscle_id, intensity) VALUES (1845, 2, 10);
# INSERT INTO exercise_muscle (exercise_id, muscle_id, intensity) VALUES (1845, 4, 7);
#
# -- Exercise ID: 1846
# INSERT INTO Exercise (id, title, description, link, equipment_id, training_type_id) VALUES (1846, 'Cable Straight Bar Bicep Curl', 'Target: Biceps', 'https://youtu.be/F3Y03RnVY8Y?si=8uzaga9fPI14rc9M', 8, 2);
# INSERT INTO exercise_muscle (exercise_id, muscle_id, intensity) VALUES (1846, 8, 10);
# INSERT INTO exercise_muscle (exercise_id, muscle_id, intensity) VALUES (1846, 10, 4);
#
# -- Exercise ID: 1847
# INSERT INTO Exercise (id, title, description, link, equipment_id, training_type_id) VALUES (1847, 'Double Kettlebell Glute Bridge Isometric Floor Press', 'Target: Chest', 'https://youtu.be/hEEUpEwRE7g?si=x48upd1YMj1w_xrR', 15, 2);
# INSERT INTO exercise_muscle (exercise_id, muscle_id, intensity) VALUES (1847, 7, 10);
# INSERT INTO exercise_muscle (exercise_id, muscle_id, intensity) VALUES (1847, 4, 7);
# INSERT INTO exercise_muscle (exercise_id, muscle_id, intensity) VALUES (1847, 21, 4);
#
# -- Exercise ID: 1848
# INSERT INTO Exercise (id, title, description, link, equipment_id, training_type_id) VALUES (1848, 'Slider Single Arm Dumbbell Front Rack Ipsilateral Reverse Lunge', 'Target: Quadriceps', NULL, 14, 2);
# INSERT INTO exercise_muscle (exercise_id, muscle_id, intensity) VALUES (1848, 13, 10);
# INSERT INTO exercise_muscle (exercise_id, muscle_id, intensity) VALUES (1848, 21, 7);
# INSERT INTO exercise_muscle (exercise_id, muscle_id, intensity) VALUES (1848, 22, 4);
#
# -- Exercise ID: 1849
# INSERT INTO Exercise (id, title, description, link, equipment_id, training_type_id) VALUES (1849, 'Slider Single Arm Dumbbell Suitcase Contralateral Reverse Lunge', 'Target: Quadriceps', 'https://youtu.be/MAiTY-4x82Q?si=zKIXO7qWRH9Fp9yh', 14, 2);
# INSERT INTO exercise_muscle (exercise_id, muscle_id, intensity) VALUES (1849, 13, 10);
# INSERT INTO exercise_muscle (exercise_id, muscle_id, intensity) VALUES (1849, 21, 7);
# INSERT INTO exercise_muscle (exercise_id, muscle_id, intensity) VALUES (1849, 22, 4);
#
# -- Exercise ID: 1850
# INSERT INTO Exercise (id, title, description, link, equipment_id, training_type_id) VALUES (1850, 'Slider Single Arm Dumbbell Suitcase Ipsilateral Reverse Lunge', 'Target: Quadriceps', NULL, 14, 2);
# INSERT INTO exercise_muscle (exercise_id, muscle_id, intensity) VALUES (1850, 13, 10);
# INSERT INTO exercise_muscle (exercise_id, muscle_id, intensity) VALUES (1850, 21, 7);
# INSERT INTO exercise_muscle (exercise_id, muscle_id, intensity) VALUES (1850, 22, 4);
#
# -- Exercise ID: 1851
# INSERT INTO Exercise (id, title, description, link, equipment_id, training_type_id) VALUES (1851, 'Slider Single Arm Dumbbell Overhead Contralateral Reverse Lunge', 'Target: Quadriceps', NULL, 14, 2);
# INSERT INTO exercise_muscle (exercise_id, muscle_id, intensity) VALUES (1851, 13, 10);
# INSERT INTO exercise_muscle (exercise_id, muscle_id, intensity) VALUES (1851, 21, 7);
# INSERT INTO exercise_muscle (exercise_id, muscle_id, intensity) VALUES (1851, 22, 4);
#
# -- Exercise ID: 1852
# INSERT INTO Exercise (id, title, description, link, equipment_id, training_type_id) VALUES (1852, 'Slider Single Arm Dumbbell Overhead Ipsilateral Reverse Lunge', 'Target: Quadriceps', NULL, 14, 2);
# INSERT INTO exercise_muscle (exercise_id, muscle_id, intensity) VALUES (1852, 13, 10);
# INSERT INTO exercise_muscle (exercise_id, muscle_id, intensity) VALUES (1852, 21, 7);
# INSERT INTO exercise_muscle (exercise_id, muscle_id, intensity) VALUES (1852, 22, 4);
#
# -- Exercise ID: 1853
# INSERT INTO Exercise (id, title, description, link, equipment_id, training_type_id) VALUES (1853, 'Slider Double Dumbbell Front Rack Reverse Lunge', 'Target: Quadriceps', 'https://youtu.be/RoS53TjR2QY?si=6bemyT1DeK6D_ziA', 14, 2);
# INSERT INTO exercise_muscle (exercise_id, muscle_id, intensity) VALUES (1853, 13, 10);
# INSERT INTO exercise_muscle (exercise_id, muscle_id, intensity) VALUES (1853, 21, 7);
# INSERT INTO exercise_muscle (exercise_id, muscle_id, intensity) VALUES (1853, 22, 4);
#
# -- Exercise ID: 1854
# INSERT INTO Exercise (id, title, description, link, equipment_id, training_type_id) VALUES (1854, 'Slider Double Dumbbell Suitcase Reverse Lunge', 'Target: Quadriceps', 'https://youtu.be/jo1G9aygVIY?si=rDCyU7nAR0DQrhQr', 14, 2);
# INSERT INTO exercise_muscle (exercise_id, muscle_id, intensity) VALUES (1854, 13, 10);
# INSERT INTO exercise_muscle (exercise_id, muscle_id, intensity) VALUES (1854, 21, 7);
# INSERT INTO exercise_muscle (exercise_id, muscle_id, intensity) VALUES (1854, 22, 4);
#
# -- Exercise ID: 1855
# INSERT INTO Exercise (id, title, description, link, equipment_id, training_type_id) VALUES (1855, 'Slider Double Dumbbell Overhead Reverse Lunge', 'Target: Quadriceps', 'https://youtu.be/t27p0HCStHg?si=P5VidxzYpMaxRdyY', 14, 2);
# INSERT INTO exercise_muscle (exercise_id, muscle_id, intensity) VALUES (1855, 13, 10);
# INSERT INTO exercise_muscle (exercise_id, muscle_id, intensity) VALUES (1855, 21, 7);
# INSERT INTO exercise_muscle (exercise_id, muscle_id, intensity) VALUES (1855, 22, 4);
#
# -- Exercise ID: 1856
# INSERT INTO Exercise (id, title, description, link, equipment_id, training_type_id) VALUES (1856, 'Double Dumbbell Hammer Curl', 'Target: Biceps', 'https://youtu.be/fM0TQLoesLs?si=Jdgh0xyXpZA-KwyM', 6, 2);
# INSERT INTO exercise_muscle (exercise_id, muscle_id, intensity) VALUES (1856, 8, 10);
# INSERT INTO exercise_muscle (exercise_id, muscle_id, intensity) VALUES (1856, 10, 4);
#
# -- Exercise ID: 1857
# INSERT INTO Exercise (id, title, description, link, equipment_id, training_type_id) VALUES (1857, 'Alternating Double Dumbbell Bench Press', 'Target: Chest', 'https://youtu.be/-umNkuKth1U?si=17upb868pBHT1MIg', 6, 2);
# INSERT INTO exercise_muscle (exercise_id, muscle_id, intensity) VALUES (1857, 7, 10);
# INSERT INTO exercise_muscle (exercise_id, muscle_id, intensity) VALUES (1857, 4, 7);
#
# -- Exercise ID: 1858
# INSERT INTO Exercise (id, title, description, link, equipment_id, training_type_id) VALUES (1858, 'Slider Single Arm Clubbell Order Contralateral Reverse Lunge', 'Target: Quadriceps', NULL, 14, 2);
# INSERT INTO exercise_muscle (exercise_id, muscle_id, intensity) VALUES (1858, 13, 10);
# INSERT INTO exercise_muscle (exercise_id, muscle_id, intensity) VALUES (1858, 21, 7);
# INSERT INTO exercise_muscle (exercise_id, muscle_id, intensity) VALUES (1858, 22, 4);
#
# -- Exercise ID: 1859
# INSERT INTO Exercise (id, title, description, link, equipment_id, training_type_id) VALUES (1859, 'Slider Single Arm Clubbell Order Ipsilateral Reverse Lunge', 'Target: Quadriceps', NULL, 14, 2);
# INSERT INTO exercise_muscle (exercise_id, muscle_id, intensity) VALUES (1859, 13, 10);
# INSERT INTO exercise_muscle (exercise_id, muscle_id, intensity) VALUES (1859, 21, 7);
# INSERT INTO exercise_muscle (exercise_id, muscle_id, intensity) VALUES (1859, 22, 4);
#
# -- Exercise ID: 1860
# INSERT INTO Exercise (id, title, description, link, equipment_id, training_type_id) VALUES (1860, 'Slider Double Clubbell Order Reverse Lunge', 'Target: Quadriceps', NULL, 14, 2);
# INSERT INTO exercise_muscle (exercise_id, muscle_id, intensity) VALUES (1860, 13, 10);
# INSERT INTO exercise_muscle (exercise_id, muscle_id, intensity) VALUES (1860, 21, 7);
# INSERT INTO exercise_muscle (exercise_id, muscle_id, intensity) VALUES (1860, 22, 4);
#
# -- Exercise ID: 1861
# INSERT INTO Exercise (id, title, description, link, equipment_id, training_type_id) VALUES (1861, 'Slider Clubbell Order Reverse Lunge', 'Target: Quadriceps', NULL, 14, 2);
# INSERT INTO exercise_muscle (exercise_id, muscle_id, intensity) VALUES (1861, 13, 10);
# INSERT INTO exercise_muscle (exercise_id, muscle_id, intensity) VALUES (1861, 21, 7);
# INSERT INTO exercise_muscle (exercise_id, muscle_id, intensity) VALUES (1861, 22, 4);
#
# -- Exercise ID: 1862
# INSERT INTO Exercise (id, title, description, link, equipment_id, training_type_id) VALUES (1862, 'Slider Macebell Order Reverse Lunge', 'Target: Quadriceps', NULL, 14, 2);
# INSERT INTO exercise_muscle (exercise_id, muscle_id, intensity) VALUES (1862, 13, 10);
# INSERT INTO exercise_muscle (exercise_id, muscle_id, intensity) VALUES (1862, 21, 7);
# INSERT INTO exercise_muscle (exercise_id, muscle_id, intensity) VALUES (1862, 22, 4);
#
# -- Exercise ID: 1863
# INSERT INTO Exercise (id, title, description, link, equipment_id, training_type_id) VALUES (1863, 'Slider Single Arm Macebell Order Contralateral Reverse Lunge', 'Target: Quadriceps', NULL, 14, 2);
# INSERT INTO exercise_muscle (exercise_id, muscle_id, intensity) VALUES (1863, 13, 10);
# INSERT INTO exercise_muscle (exercise_id, muscle_id, intensity) VALUES (1863, 21, 7);
# INSERT INTO exercise_muscle (exercise_id, muscle_id, intensity) VALUES (1863, 22, 4);
#
# -- Exercise ID: 1864
# INSERT INTO Exercise (id, title, description, link, equipment_id, training_type_id) VALUES (1864, 'Slider Single Arm Macebell Order Ipsilateral Reverse Lunge', 'Target: Quadriceps', NULL, 14, 2);
# INSERT INTO exercise_muscle (exercise_id, muscle_id, intensity) VALUES (1864, 13, 10);
# INSERT INTO exercise_muscle (exercise_id, muscle_id, intensity) VALUES (1864, 21, 7);
# INSERT INTO exercise_muscle (exercise_id, muscle_id, intensity) VALUES (1864, 22, 4);
#
# -- Exercise ID: 1865
# INSERT INTO Exercise (id, title, description, link, equipment_id, training_type_id) VALUES (1865, 'Slider Landmine Goblet Reverse Lunge', 'Target: Quadriceps', NULL, 14, 2);
# INSERT INTO exercise_muscle (exercise_id, muscle_id, intensity) VALUES (1865, 13, 10);
# INSERT INTO exercise_muscle (exercise_id, muscle_id, intensity) VALUES (1865, 21, 7);
# INSERT INTO exercise_muscle (exercise_id, muscle_id, intensity) VALUES (1865, 22, 4);
#
# -- Exercise ID: 1866
# INSERT INTO Exercise (id, title, description, link, equipment_id, training_type_id) VALUES (1866, 'Slider Landmine Shoulder Contralateral Reverse Lunge', 'Target: Quadriceps', 'https://youtu.be/EKtY3UJFmTg?si=_1L9MCgCQ4f1c_fB', 14, 2);
# INSERT INTO exercise_muscle (exercise_id, muscle_id, intensity) VALUES (1866, 13, 10);
# INSERT INTO exercise_muscle (exercise_id, muscle_id, intensity) VALUES (1866, 21, 7);
# INSERT INTO exercise_muscle (exercise_id, muscle_id, intensity) VALUES (1866, 22, 4);
#
# -- Exercise ID: 1867
# INSERT INTO Exercise (id, title, description, link, equipment_id, training_type_id) VALUES (1867, 'Slider Single Arm Landmine Front Rack Contralateral Reverse Lunge', 'Target: Quadriceps', NULL, 14, 2);
# INSERT INTO exercise_muscle (exercise_id, muscle_id, intensity) VALUES (1867, 13, 10);
# INSERT INTO exercise_muscle (exercise_id, muscle_id, intensity) VALUES (1867, 21, 7);
# INSERT INTO exercise_muscle (exercise_id, muscle_id, intensity) VALUES (1867, 22, 4);
#
# -- Exercise ID: 1868
# INSERT INTO Exercise (id, title, description, link, equipment_id, training_type_id) VALUES (1868, 'Slider Single Arm Landmine Front Rack Ipsilateral Reverse Lunge', 'Target: Quadriceps', NULL, 14, 2);
# INSERT INTO exercise_muscle (exercise_id, muscle_id, intensity) VALUES (1868, 13, 10);
# INSERT INTO exercise_muscle (exercise_id, muscle_id, intensity) VALUES (1868, 21, 7);
# INSERT INTO exercise_muscle (exercise_id, muscle_id, intensity) VALUES (1868, 22, 4);
#
# -- Exercise ID: 1869
# INSERT INTO Exercise (id, title, description, link, equipment_id, training_type_id) VALUES (1869, 'Slider Single Arm Landmine Suitcase Contralateral Reverse Lunge', 'Target: Quadriceps', 'https://youtu.be/XUrqwdRtU54?si=i9PTTagf_EVKwx0j', 14, 2);
# INSERT INTO exercise_muscle (exercise_id, muscle_id, intensity) VALUES (1869, 13, 10);
# INSERT INTO exercise_muscle (exercise_id, muscle_id, intensity) VALUES (1869, 21, 7);
# INSERT INTO exercise_muscle (exercise_id, muscle_id, intensity) VALUES (1869, 22, 4);
#
# -- Exercise ID: 1870
# INSERT INTO Exercise (id, title, description, link, equipment_id, training_type_id) VALUES (1870, 'Slider Single Arm Landmine Suitcase Ipsilateral Reverse Lunge', 'Target: Quadriceps', NULL, 14, 2);
# INSERT INTO exercise_muscle (exercise_id, muscle_id, intensity) VALUES (1870, 13, 10);
# INSERT INTO exercise_muscle (exercise_id, muscle_id, intensity) VALUES (1870, 21, 7);
# INSERT INTO exercise_muscle (exercise_id, muscle_id, intensity) VALUES (1870, 22, 4);
#
# -- Exercise ID: 1871
# INSERT INTO Exercise (id, title, description, link, equipment_id, training_type_id) VALUES (1871, 'Slider Single Arm Landmine Overhead Contralateral Reverse Lunge', 'Target: Quadriceps', NULL, 14, 2);
# INSERT INTO exercise_muscle (exercise_id, muscle_id, intensity) VALUES (1871, 13, 10);
# INSERT INTO exercise_muscle (exercise_id, muscle_id, intensity) VALUES (1871, 21, 7);
# INSERT INTO exercise_muscle (exercise_id, muscle_id, intensity) VALUES (1871, 22, 4);
#
# -- Exercise ID: 1872
# INSERT INTO Exercise (id, title, description, link, equipment_id, training_type_id) VALUES (1872, 'Slider Single Arm Landmine Overhead Ipsilateral Reverse Lunge', 'Target: Quadriceps', NULL, 14, 2);
# INSERT INTO exercise_muscle (exercise_id, muscle_id, intensity) VALUES (1872, 13, 10);
# INSERT INTO exercise_muscle (exercise_id, muscle_id, intensity) VALUES (1872, 21, 7);
# INSERT INTO exercise_muscle (exercise_id, muscle_id, intensity) VALUES (1872, 22, 4);
#
# -- Exercise ID: 1873
# INSERT INTO Exercise (id, title, description, link, equipment_id, training_type_id) VALUES (1873, 'Suspension Jump Squat', 'Target: Quadriceps', 'https://youtu.be/NcyZj45wcnY?si=cwEgFB3aBkfIjMQy', 11, 9);
# INSERT INTO exercise_muscle (exercise_id, muscle_id, intensity) VALUES (1873, 13, 10);
# INSERT INTO exercise_muscle (exercise_id, muscle_id, intensity) VALUES (1873, 21, 7);
#
# -- Exercise ID: 1874
# INSERT INTO Exercise (id, title, description, link, equipment_id, training_type_id) VALUES (1874, 'Alternating Double Dumbbell Incline Bench Press', 'Target: Chest', 'https://youtu.be/xt1UdzhkMfY?si=OIM1LWctboVJi66d', 6, 2);
# INSERT INTO exercise_muscle (exercise_id, muscle_id, intensity) VALUES (1874, 7, 10);
# INSERT INTO exercise_muscle (exercise_id, muscle_id, intensity) VALUES (1874, 4, 7);
#
# -- Exercise ID: 1875
# INSERT INTO Exercise (id, title, description, link, equipment_id, training_type_id) VALUES (1875, 'Alternating Double Dumbbell Decline Bench Press', 'Target: Chest', 'https://youtu.be/XuYszvlq1Zk?si=cRt_Xb7fwOGFU40U', 6, 2);
# INSERT INTO exercise_muscle (exercise_id, muscle_id, intensity) VALUES (1875, 7, 10);
# INSERT INTO exercise_muscle (exercise_id, muscle_id, intensity) VALUES (1875, 4, 7);
#
# -- Exercise ID: 1876
# INSERT INTO Exercise (id, title, description, link, equipment_id, training_type_id) VALUES (1876, 'Miniband Glute Bridge', 'Target: Glutes', 'https://youtu.be/Zr2RLjIjCN0?si=CFxCFwgSlgd_2sCv', 13, 2);
# INSERT INTO exercise_muscle (exercise_id, muscle_id, intensity) VALUES (1876, 21, 10);
# INSERT INTO exercise_muscle (exercise_id, muscle_id, intensity) VALUES (1876, 15, 7);
#
# -- Exercise ID: 1877
# INSERT INTO Exercise (id, title, description, link, equipment_id, training_type_id) VALUES (1877, 'Alternating Double Dumbbell Top Down Bench Press', 'Target: Chest', 'https://youtu.be/LD5vanDs9G4?si=beAWPFWY1Y8shTBO', 6, 2);
# INSERT INTO exercise_muscle (exercise_id, muscle_id, intensity) VALUES (1877, 7, 10);
# INSERT INTO exercise_muscle (exercise_id, muscle_id, intensity) VALUES (1877, 4, 7);
#
# -- Exercise ID: 1878
# INSERT INTO Exercise (id, title, description, link, equipment_id, training_type_id) VALUES (1878, 'Alternating Double Dumbbell Top Down Incline Bench Press', 'Target: Chest', 'https://youtu.be/oPk0SGlvX98?si=AjZmhQyk03HHYgPO', 6, 2);
# INSERT INTO exercise_muscle (exercise_id, muscle_id, intensity) VALUES (1878, 7, 10);
# INSERT INTO exercise_muscle (exercise_id, muscle_id, intensity) VALUES (1878, 4, 7);
#
# -- Exercise ID: 1879
# INSERT INTO Exercise (id, title, description, link, equipment_id, training_type_id) VALUES (1879, 'Alternating Double Dumbbell Top Down Decline Bench Press', 'Target: Chest', 'https://youtu.be/Ztg7B04oVXU?si=KGYDSnNrZiBMfVab', 6, 2);
# INSERT INTO exercise_muscle (exercise_id, muscle_id, intensity) VALUES (1879, 7, 10);
# INSERT INTO exercise_muscle (exercise_id, muscle_id, intensity) VALUES (1879, 4, 7);
#
# -- Exercise ID: 1880
# INSERT INTO Exercise (id, title, description, link, equipment_id, training_type_id) VALUES (1880, 'Bar Dead Hang', 'Target: Back', 'https://youtu.be/4RqNGRVaTUQ?si=geYUBIdFOo8AzeHT', 16, 3);
# INSERT INTO exercise_muscle (exercise_id, muscle_id, intensity) VALUES (1880, 17, 10);
#
# -- Exercise ID: 1881
# INSERT INTO Exercise (id, title, description, link, equipment_id, training_type_id) VALUES (1881, 'Trap Bar Deadlift', 'Target: Back', 'https://youtu.be/FYx76NSijfU?si=SQ4p_SUWbJGUlk0N', 31, 2);
# INSERT INTO exercise_muscle (exercise_id, muscle_id, intensity) VALUES (1881, 17, 10);
#
# -- Exercise ID: 1882
# INSERT INTO Exercise (id, title, description, link, equipment_id, training_type_id) VALUES (1882, 'Trap Bar Staggered Stance Deadlift', 'Target: Back', 'https://youtu.be/UfCzhPWBmhU?si=PEQal1FTSXhdUQED', 31, 2);
# INSERT INTO exercise_muscle (exercise_id, muscle_id, intensity) VALUES (1882, 17, 10);
#
# -- Exercise ID: 1883
# INSERT INTO Exercise (id, title, description, link, equipment_id, training_type_id) VALUES (1883, 'Resistance Band Alternating Bicep Curl', 'Target: Biceps', 'https://youtu.be/E-6iFVLC66I?si=HTrleCkD1HyCvWuq', 21, 2);
# INSERT INTO exercise_muscle (exercise_id, muscle_id, intensity) VALUES (1883, 8, 10);
# INSERT INTO exercise_muscle (exercise_id, muscle_id, intensity) VALUES (1883, 10, 4);
#
# -- Exercise ID: 1884
# INSERT INTO Exercise (id, title, description, link, equipment_id, training_type_id) VALUES (1884, 'Landmine Goblet Alternating Curtsy Lunge', 'Target: Quadriceps', 'https://youtu.be/XLnOFLtWCaU?feature=shared', 19, 2);
# INSERT INTO exercise_muscle (exercise_id, muscle_id, intensity) VALUES (1884, 13, 10);
# INSERT INTO exercise_muscle (exercise_id, muscle_id, intensity) VALUES (1884, 21, 7);
# INSERT INTO exercise_muscle (exercise_id, muscle_id, intensity) VALUES (1884, 14, 4);
#
# -- Exercise ID: 1885
# INSERT INTO Exercise (id, title, description, link, equipment_id, training_type_id) VALUES (1885, 'Landmine Goblet Curtsy Lunge', 'Target: Quadriceps', 'https://youtu.be/5Pwef_si8Yg?si=GkCw1mY-FLxDTAKz', 19, 2);
# INSERT INTO exercise_muscle (exercise_id, muscle_id, intensity) VALUES (1885, 13, 10);
# INSERT INTO exercise_muscle (exercise_id, muscle_id, intensity) VALUES (1885, 21, 7);
# INSERT INTO exercise_muscle (exercise_id, muscle_id, intensity) VALUES (1885, 14, 4);
#
# -- Exercise ID: 1886
# INSERT INTO Exercise (id, title, description, link, equipment_id, training_type_id) VALUES (1886, 'Barbell Overhead Alternating Curtsy Lunge', 'Target: Quadriceps', 'https://youtu.be/VrOZZjPvj84?si=nwwNU54x-itcb4Ha', 12, 2);
# INSERT INTO exercise_muscle (exercise_id, muscle_id, intensity) VALUES (1886, 13, 10);
# INSERT INTO exercise_muscle (exercise_id, muscle_id, intensity) VALUES (1886, 21, 7);
# INSERT INTO exercise_muscle (exercise_id, muscle_id, intensity) VALUES (1886, 14, 4);
#
# -- Exercise ID: 1887
# INSERT INTO Exercise (id, title, description, link, equipment_id, training_type_id) VALUES (1887, 'Barbell Back Rack Alternating Curtsy Lunge', 'Target: Quadriceps', 'https://youtu.be/zUV4jRr6DPk?si=WdsGqclPVPcWvX9C', 12, 2);
# INSERT INTO exercise_muscle (exercise_id, muscle_id, intensity) VALUES (1887, 13, 10);
# INSERT INTO exercise_muscle (exercise_id, muscle_id, intensity) VALUES (1887, 21, 7);
# INSERT INTO exercise_muscle (exercise_id, muscle_id, intensity) VALUES (1887, 14, 4);
#
# -- Exercise ID: 1888
# INSERT INTO Exercise (id, title, description, link, equipment_id, training_type_id) VALUES (1888, 'Barbell Zercher Alternating Curtsy Lunge', 'Target: Quadriceps', 'https://youtu.be/-CSU1ZIDcRs?si=r1puJp7Mv2H5UpDs', 12, 2);
# INSERT INTO exercise_muscle (exercise_id, muscle_id, intensity) VALUES (1888, 13, 10);
# INSERT INTO exercise_muscle (exercise_id, muscle_id, intensity) VALUES (1888, 21, 7);
# INSERT INTO exercise_muscle (exercise_id, muscle_id, intensity) VALUES (1888, 14, 4);
#
# -- Exercise ID: 1889
# INSERT INTO Exercise (id, title, description, link, equipment_id, training_type_id) VALUES (1889, 'Trap Bar Suitcase Carry', 'Target: Forearms', 'https://youtu.be/df-MeZsxCAM?si=DWozx3zEr924L2oN', 31, 3);
# INSERT INTO exercise_muscle (exercise_id, muscle_id, intensity) VALUES (1889, 10, 10);
# INSERT INTO exercise_muscle (exercise_id, muscle_id, intensity) VALUES (1889, 11, 7);
#
# -- Exercise ID: 1890
# INSERT INTO Exercise (id, title, description, link, equipment_id, training_type_id) VALUES (1890, 'Trap Bar Romanian Deadlift', 'Target: Hamstrings', 'https://youtu.be/2L_LpH_IIbc?si=bI9uPdiltgD6G9Mf', 31, 2);
# INSERT INTO exercise_muscle (exercise_id, muscle_id, intensity) VALUES (1890, 22, 10);
# INSERT INTO exercise_muscle (exercise_id, muscle_id, intensity) VALUES (1890, 21, 7);
# INSERT INTO exercise_muscle (exercise_id, muscle_id, intensity) VALUES (1890, 20, 4);
#
# -- Exercise ID: 1891
# INSERT INTO Exercise (id, title, description, link, equipment_id, training_type_id) VALUES (1891, 'Resistance Band Bicep Curl', 'Target: Biceps', 'https://youtu.be/xE20IwkSELc?si=FM0m4qOgocoDEdDz', 21, 2);
# INSERT INTO exercise_muscle (exercise_id, muscle_id, intensity) VALUES (1891, 8, 10);
# INSERT INTO exercise_muscle (exercise_id, muscle_id, intensity) VALUES (1891, 10, 4);
#
# -- Exercise ID: 1892
# INSERT INTO Exercise (id, title, description, link, equipment_id, training_type_id) VALUES (1892, 'Resistance Band Chest Press', 'Target: Chest', 'https://youtu.be/Rn-hf5iauTc?si=9JMXffEInfAmWfNH', 21, 3);
# INSERT INTO exercise_muscle (exercise_id, muscle_id, intensity) VALUES (1892, 7, 10);
# INSERT INTO exercise_muscle (exercise_id, muscle_id, intensity) VALUES (1892, 4, 7);
# INSERT INTO exercise_muscle (exercise_id, muscle_id, intensity) VALUES (1892, 2, 4);
#
# -- Exercise ID: 1893
# INSERT INTO Exercise (id, title, description, link, equipment_id, training_type_id) VALUES (1893, 'Resistance Band Alternating Chest Press', 'Target: Chest', 'https://youtu.be/m3wEZExvGCY?si=qPi52D7LtCC72Ccj', 21, 3);
# INSERT INTO exercise_muscle (exercise_id, muscle_id, intensity) VALUES (1893, 7, 10);
# INSERT INTO exercise_muscle (exercise_id, muscle_id, intensity) VALUES (1893, 4, 7);
# INSERT INTO exercise_muscle (exercise_id, muscle_id, intensity) VALUES (1893, 2, 4);
#
# -- Exercise ID: 1894
# INSERT INTO Exercise (id, title, description, link, equipment_id, training_type_id) VALUES (1894, 'Trap Bar Deficit Deadlift', 'Target: Back', 'https://youtu.be/n2nbRRSMWu4?si=twYL2iJC0VYVj6WF', 31, 2);
# INSERT INTO exercise_muscle (exercise_id, muscle_id, intensity) VALUES (1894, 17, 10);
#
# -- Exercise ID: 1895
# INSERT INTO Exercise (id, title, description, link, equipment_id, training_type_id) VALUES (1895, 'Trap Bar Bulgarian Split Squat', 'Target: Quadriceps', 'https://youtu.be/aciS41CW_Mc?si=7y6xxA-nZjKbqeNc', 31, 2);
# INSERT INTO exercise_muscle (exercise_id, muscle_id, intensity) VALUES (1895, 13, 10);
# INSERT INTO exercise_muscle (exercise_id, muscle_id, intensity) VALUES (1895, 21, 7);
# INSERT INTO exercise_muscle (exercise_id, muscle_id, intensity) VALUES (1895, 22, 4);
#
# -- Exercise ID: 1896
# INSERT INTO Exercise (id, title, description, link, equipment_id, training_type_id) VALUES (1896, 'Trap Bar Jump Squat', 'Target: Quadriceps', 'https://youtu.be/52-P8hlrKqg?si=cgixMNp8OmG6lTNQ', 31, 9);
# INSERT INTO exercise_muscle (exercise_id, muscle_id, intensity) VALUES (1896, 13, 10);
# INSERT INTO exercise_muscle (exercise_id, muscle_id, intensity) VALUES (1896, 21, 7);
#
# -- Exercise ID: 1897
# INSERT INTO Exercise (id, title, description, link, equipment_id, training_type_id) VALUES (1897, 'Resistance Band Chest Fly', 'Target: Chest', 'https://youtu.be/gdZVKOvWI7I?si=9lQDByOgrpRNM_LD', 21, 2);
# INSERT INTO exercise_muscle (exercise_id, muscle_id, intensity) VALUES (1897, 7, 10);
#
# -- Exercise ID: 1898
# INSERT INTO Exercise (id, title, description, link, equipment_id, training_type_id) VALUES (1898, 'Battle Rope Power Slam to Burpee', 'Target: Chest', 'https://youtu.be/WQ7QzKOCVLE?si=rWX43WDQ4l8VmtIy', 32, 9);
# INSERT INTO exercise_muscle (exercise_id, muscle_id, intensity) VALUES (1898, 7, 10);
# INSERT INTO exercise_muscle (exercise_id, muscle_id, intensity) VALUES (1898, 11, 7);
#
# -- Exercise ID: 1899
# INSERT INTO Exercise (id, title, description, link, equipment_id, training_type_id) VALUES (1899, 'Resistance Band Low Row', 'Target: Back', 'https://youtu.be/5TSE0Irvvmg?si=hz8rIGlf1iimQTNu', 21, 2);
# INSERT INTO exercise_muscle (exercise_id, muscle_id, intensity) VALUES (1899, 17, 10);
#
# -- Exercise ID: 1900
# INSERT INTO Exercise (id, title, description, link, equipment_id, training_type_id) VALUES (1900, 'Battle Rope Alternating Reverse Lunge Alternating Wave', 'Target: Quadriceps', 'https://youtu.be/cpytZ7Uv85s?si=tl6ya3gXriejNfxT', 32, 3);
# INSERT INTO exercise_muscle (exercise_id, muscle_id, intensity) VALUES (1900, 13, 10);
# INSERT INTO exercise_muscle (exercise_id, muscle_id, intensity) VALUES (1900, 8, 7);
# INSERT INTO exercise_muscle (exercise_id, muscle_id, intensity) VALUES (1900, 21, 4);
#
# -- Exercise ID: 1901
# INSERT INTO Exercise (id, title, description, link, equipment_id, training_type_id) VALUES (1901, 'Bodyweight Split Squat Isometric Hold', 'Target: Quadriceps', 'https://youtu.be/36kJjDfMHIc?feature=shared', 2, 12);
# INSERT INTO exercise_muscle (exercise_id, muscle_id, intensity) VALUES (1901, 13, 10);
# INSERT INTO exercise_muscle (exercise_id, muscle_id, intensity) VALUES (1901, 21, 7);
#
# -- Exercise ID: 1902
# INSERT INTO Exercise (id, title, description, link, equipment_id, training_type_id) VALUES (1902, 'Bodyweight Split Squat', 'Target: Quadriceps', 'https://youtu.be/-aMgxO760L4?si=9gx0HVA_RdsNSgFi', 2, 3);
# INSERT INTO exercise_muscle (exercise_id, muscle_id, intensity) VALUES (1902, 13, 10);
# INSERT INTO exercise_muscle (exercise_id, muscle_id, intensity) VALUES (1902, 21, 7);
# INSERT INTO exercise_muscle (exercise_id, muscle_id, intensity) VALUES (1902, 22, 4);
#
# -- Exercise ID: 1903
# INSERT INTO Exercise (id, title, description, link, equipment_id, training_type_id) VALUES (1903, 'Barbell Frog Pump', 'Target: Glutes', 'https://youtu.be/coFi5XRmTAk?si=b564Njzd_-7c0U9x', 12, 2);
# INSERT INTO exercise_muscle (exercise_id, muscle_id, intensity) VALUES (1903, 21, 10);
# INSERT INTO exercise_muscle (exercise_id, muscle_id, intensity) VALUES (1903, 22, 7);
# INSERT INTO exercise_muscle (exercise_id, muscle_id, intensity) VALUES (1903, 14, 4);
#
# -- Exercise ID: 1904
# INSERT INTO Exercise (id, title, description, link, equipment_id, training_type_id) VALUES (1904, 'Barbell Front Rack Calf Raise', 'Target: Calves', 'https://youtu.be/_gDcrYTfTCU?si=HKjUJaexuiWSopvB', 12, 2);
# INSERT INTO exercise_muscle (exercise_id, muscle_id, intensity) VALUES (1904, 6, 10);
#
# -- Exercise ID: 1905
# INSERT INTO Exercise (id, title, description, link, equipment_id, training_type_id) VALUES (1905, 'Barbell Back Rack Calf Raise', 'Target: Calves', 'https://youtu.be/SpwcssWT0p4?si=XhO_l77nZbQDRttr', 12, 2);
# INSERT INTO exercise_muscle (exercise_id, muscle_id, intensity) VALUES (1905, 6, 10);
#
# -- Exercise ID: 1906
# INSERT INTO Exercise (id, title, description, link, equipment_id, training_type_id) VALUES (1906, 'Trap Bar Calf Raise', 'Target: Calves', 'https://youtu.be/-Jb6VkZ4-tc?si=ZY9K1ZxEHtlV_gOz', 31, 2);
# INSERT INTO exercise_muscle (exercise_id, muscle_id, intensity) VALUES (1906, 6, 10);
#
# -- Exercise ID: 1907
# INSERT INTO Exercise (id, title, description, link, equipment_id, training_type_id) VALUES (1907, 'Barbell Zercher Cyclist Squat', 'Target: Quadriceps', 'https://youtu.be/guw95GpKkY0?si=TrefJn9gELbrR9t3', 12, 2);
# INSERT INTO exercise_muscle (exercise_id, muscle_id, intensity) VALUES (1907, 13, 10);
# INSERT INTO exercise_muscle (exercise_id, muscle_id, intensity) VALUES (1907, 21, 7);
# INSERT INTO exercise_muscle (exercise_id, muscle_id, intensity) VALUES (1907, 6, 4);
#
# -- Exercise ID: 1908
# INSERT INTO Exercise (id, title, description, link, equipment_id, training_type_id) VALUES (1908, 'Trap Bar Rack Pull', 'Target: Back', 'https://youtu.be/5zBwce39LfU?si=N9TY90hZ5tEbb3oc', 31, 2);
# INSERT INTO exercise_muscle (exercise_id, muscle_id, intensity) VALUES (1908, 17, 10);
#
# -- Exercise ID: 1909
# INSERT INTO Exercise (id, title, description, link, equipment_id, training_type_id) VALUES (1909, 'Resistance Band Mid Row', 'Target: Back', NULL, 21, 2);
# INSERT INTO exercise_muscle (exercise_id, muscle_id, intensity) VALUES (1909, 17, 10);
#
# -- Exercise ID: 1910
# INSERT INTO Exercise (id, title, description, link, equipment_id, training_type_id) VALUES (1910, 'Resistance Band Face Pull', 'Target: Shoulders', 'https://youtu.be/HHZ1_OZKLII?si=CyqPWtENsIMkdeyn', 21, 2);
# INSERT INTO exercise_muscle (exercise_id, muscle_id, intensity) VALUES (1910, 19, 10);
#
# -- Exercise ID: 1911
# INSERT INTO Exercise (id, title, description, link, equipment_id, training_type_id) VALUES (1911, 'Resistance Band Face Pull to Overhead Press', 'Target: Shoulders', 'https://youtu.be/_VZ1cR730rs?feature=shared', 21, 2);
# INSERT INTO exercise_muscle (exercise_id, muscle_id, intensity) VALUES (1911, 19, 10);
#
# -- Exercise ID: 1912
# INSERT INTO Exercise (id, title, description, link, equipment_id, training_type_id) VALUES (1912, 'Single Arm Resistance Band Low Row', 'Target: Back', 'https://youtu.be/apYOwiF9moM?si=bOCR3Ldpx6nSTzj0', 21, 2);
# INSERT INTO exercise_muscle (exercise_id, muscle_id, intensity) VALUES (1912, 17, 10);
#
# -- Exercise ID: 1913
# INSERT INTO Exercise (id, title, description, link, equipment_id, training_type_id) VALUES (1913, 'Single Arm Resistance Band Mid Row', 'Target: Back', NULL, 21, 2);
# INSERT INTO exercise_muscle (exercise_id, muscle_id, intensity) VALUES (1913, 17, 10);
#
# -- Exercise ID: 1914
# INSERT INTO Exercise (id, title, description, link, equipment_id, training_type_id) VALUES (1914, 'Single Arm Resistance Band Chest Press', 'Target: Chest', 'https://youtu.be/8gcpEaHDgsY?si=5iKOYsOZ_3phaShu', 21, 2);
# INSERT INTO exercise_muscle (exercise_id, muscle_id, intensity) VALUES (1914, 7, 10);
# INSERT INTO exercise_muscle (exercise_id, muscle_id, intensity) VALUES (1914, 4, 7);
# INSERT INTO exercise_muscle (exercise_id, muscle_id, intensity) VALUES (1914, 2, 4);
#
# -- Exercise ID: 1915
# INSERT INTO Exercise (id, title, description, link, equipment_id, training_type_id) VALUES (1915, 'Resistance Band Reverse Grip Bicep Curl', 'Target: Forearms', 'https://youtu.be/zgV5PpkReuI?si=SX9-dariFRe2W5q5', 21, 2);
# INSERT INTO exercise_muscle (exercise_id, muscle_id, intensity) VALUES (1915, 10, 10);
# INSERT INTO exercise_muscle (exercise_id, muscle_id, intensity) VALUES (1915, 8, 7);
#
# -- Exercise ID: 1916
# INSERT INTO Exercise (id, title, description, link, equipment_id, training_type_id) VALUES (1916, 'Resistance Band Alternating Reverse Grip Bicep Curl', 'Target: Forearms', NULL, 21, 2);
# INSERT INTO exercise_muscle (exercise_id, muscle_id, intensity) VALUES (1916, 10, 10);
# INSERT INTO exercise_muscle (exercise_id, muscle_id, intensity) VALUES (1916, 8, 7);
#
# -- Exercise ID: 1917
# INSERT INTO Exercise (id, title, description, link, equipment_id, training_type_id) VALUES (1917, 'Resistance Band Hammer Curl', 'Target: Biceps', 'https://youtu.be/bcond2tqWg0?si=YEuafUqhelVkqYol', 21, 2);
# INSERT INTO exercise_muscle (exercise_id, muscle_id, intensity) VALUES (1917, 8, 10);
# INSERT INTO exercise_muscle (exercise_id, muscle_id, intensity) VALUES (1917, 10, 4);
#
# -- Exercise ID: 1918
# INSERT INTO Exercise (id, title, description, link, equipment_id, training_type_id) VALUES (1918, 'Battle Rope Jumping Jack', 'Target: Shoulders', 'https://youtu.be/jnCBdIA1Mno?si=SHMrXoMGIywOdwJ4', 32, 9);
# INSERT INTO exercise_muscle (exercise_id, muscle_id, intensity) VALUES (1918, 3, 10);
#
# -- Exercise ID: 1919
# INSERT INTO Exercise (id, title, description, link, equipment_id, training_type_id) VALUES (1919, 'Battle Rope Jump Squat Power Slam', 'Target: Quadriceps', 'https://youtu.be/3RbFYYr4RDQ?si=I_hq0oqYA6dy8acI', 32, 9);
# INSERT INTO exercise_muscle (exercise_id, muscle_id, intensity) VALUES (1919, 13, 10);
# INSERT INTO exercise_muscle (exercise_id, muscle_id, intensity) VALUES (1919, 11, 7);
#
# -- Exercise ID: 1920
# INSERT INTO Exercise (id, title, description, link, equipment_id, training_type_id) VALUES (1920, 'Battle Rope Alternating Side Slam', 'Target: Abdominals', 'https://youtu.be/0ieiwGvtCT4?si=eBnoeYkD7iu_tawZ', 32, 3);
# INSERT INTO exercise_muscle (exercise_id, muscle_id, intensity) VALUES (1920, 12, 10);
#
# -- Exercise ID: 1921
# INSERT INTO Exercise (id, title, description, link, equipment_id, training_type_id) VALUES (1921, 'Battle Rope Jump Squat Alternating Wave', 'Target: Quadriceps', 'https://youtu.be/HMK1KfYKJKw?si=8_j1X9PceX4ykwe_', 32, 9);
# INSERT INTO exercise_muscle (exercise_id, muscle_id, intensity) VALUES (1921, 13, 10);
# INSERT INTO exercise_muscle (exercise_id, muscle_id, intensity) VALUES (1921, 11, 7);
#
# -- Exercise ID: 1922
# INSERT INTO Exercise (id, title, description, link, equipment_id, training_type_id) VALUES (1922, 'Battle Rope In and Out Jump Squat Power Slam', 'Target: Quadriceps', 'https://youtu.be/HGV2NJ6EI3A?si=2zud6P-SPcw2soRh', 32, 9);
# INSERT INTO exercise_muscle (exercise_id, muscle_id, intensity) VALUES (1922, 13, 10);
# INSERT INTO exercise_muscle (exercise_id, muscle_id, intensity) VALUES (1922, 11, 7);
#
# -- Exercise ID: 1923
# INSERT INTO Exercise (id, title, description, link, equipment_id, training_type_id) VALUES (1923, 'Battle Rope In and Out Jump Squat Alternating Wave', 'Target: Quadriceps', NULL, 32, 9);
# INSERT INTO exercise_muscle (exercise_id, muscle_id, intensity) VALUES (1923, 13, 10);
# INSERT INTO exercise_muscle (exercise_id, muscle_id, intensity) VALUES (1923, 11, 7);
#
# -- Exercise ID: 1924
# INSERT INTO Exercise (id, title, description, link, equipment_id, training_type_id) VALUES (1924, 'Bodyweight In and Out Jump Squat', 'Target: Quadriceps', 'https://youtu.be/5KT8dr-J65U?si=YGtdHgvAy0DIgmt5', 2, 9);
# INSERT INTO exercise_muscle (exercise_id, muscle_id, intensity) VALUES (1924, 13, 10);
# INSERT INTO exercise_muscle (exercise_id, muscle_id, intensity) VALUES (1924, 21, 7);
#
# -- Exercise ID: 1925
# INSERT INTO Exercise (id, title, description, link, equipment_id, training_type_id) VALUES (1925, 'Miniband Thigh In and Out Jump Squat', 'Target: Abductors', 'https://youtu.be/cguZ74v0_bE?si=wU22GaKrEc-GA4sw', 13, 9);
# INSERT INTO exercise_muscle (exercise_id, muscle_id, intensity) VALUES (1925, 15, 10);
# INSERT INTO exercise_muscle (exercise_id, muscle_id, intensity) VALUES (1925, 13, 4);
#
# -- Exercise ID: 1926
# INSERT INTO Exercise (id, title, description, link, equipment_id, training_type_id) VALUES (1926, 'Miniband Ankle In and Out Jump Squat', 'Target: Abductors', 'https://youtu.be/DUf4-qvOroU?si=LFkNn97WQn5oz1m6', 13, 9);
# INSERT INTO exercise_muscle (exercise_id, muscle_id, intensity) VALUES (1926, 15, 10);
# INSERT INTO exercise_muscle (exercise_id, muscle_id, intensity) VALUES (1926, 13, 4);
#
# -- Exercise ID: 1927
# INSERT INTO Exercise (id, title, description, link, equipment_id, training_type_id) VALUES (1927, 'Resistance Band Alternating Hammer Curl', 'Target: Biceps', 'https://youtu.be/ojap6yuuKP8?si=iwf3ksV8Zdrr0-Bn', 21, 2);
# INSERT INTO exercise_muscle (exercise_id, muscle_id, intensity) VALUES (1927, 8, 10);
# INSERT INTO exercise_muscle (exercise_id, muscle_id, intensity) VALUES (1927, 10, 4);
#
# -- Exercise ID: 1928
# INSERT INTO Exercise (id, title, description, link, equipment_id, training_type_id) VALUES (1928, 'Resistance Band Y Raise', 'Target: Shoulders', NULL, 21, 3);
# INSERT INTO exercise_muscle (exercise_id, muscle_id, intensity) VALUES (1928, 19, 10);
#
# -- Exercise ID: 1929
# INSERT INTO Exercise (id, title, description, link, equipment_id, training_type_id) VALUES (1929, 'Battle Rope Split Squat Isometric Power Slam', 'Target: Abdominals', 'https://youtu.be/7cBlrIqHv9o?si=34m2WPXJArSvm8ap', 32, 12);
# INSERT INTO exercise_muscle (exercise_id, muscle_id, intensity) VALUES (1929, 11, 10);
# INSERT INTO exercise_muscle (exercise_id, muscle_id, intensity) VALUES (1929, 13, 7);
#
# -- Exercise ID: 1930
# INSERT INTO Exercise (id, title, description, link, equipment_id, training_type_id) VALUES (1930, 'Battle Rope Alternating Split Squat Jump Alternating Wave', 'Target: Quadriceps', 'https://youtu.be/0B_lk4-o850?si=g42on5mrqq1cAdUb', 32, 9);
# INSERT INTO exercise_muscle (exercise_id, muscle_id, intensity) VALUES (1930, 13, 10);
# INSERT INTO exercise_muscle (exercise_id, muscle_id, intensity) VALUES (1930, 8, 7);
# INSERT INTO exercise_muscle (exercise_id, muscle_id, intensity) VALUES (1930, 21, 4);
#
# -- Exercise ID: 1931
# INSERT INTO Exercise (id, title, description, link, equipment_id, training_type_id) VALUES (1931, 'Battle Rope Alternating Split Squat Jump Power Slam', 'Target: Quadriceps', 'https://youtu.be/nkEeL2ULZGI?si=gDhAhABHiXhwi1Hv', 32, 9);
# INSERT INTO exercise_muscle (exercise_id, muscle_id, intensity) VALUES (1931, 13, 10);
# INSERT INTO exercise_muscle (exercise_id, muscle_id, intensity) VALUES (1931, 11, 7);
# INSERT INTO exercise_muscle (exercise_id, muscle_id, intensity) VALUES (1931, 22, 4);
#
# -- Exercise ID: 1932
# INSERT INTO Exercise (id, title, description, link, equipment_id, training_type_id) VALUES (1932, 'Single Arm Kettlebell Front Rack Contralateral Cossack Squat', 'Target: Quadriceps', 'https://youtu.be/4NCYLWTv5Mc?si=OT9LNGr9wS3RbezC', 15, 2);
# INSERT INTO exercise_muscle (exercise_id, muscle_id, intensity) VALUES (1932, 13, 10);
# INSERT INTO exercise_muscle (exercise_id, muscle_id, intensity) VALUES (1932, 14, 7);
# INSERT INTO exercise_muscle (exercise_id, muscle_id, intensity) VALUES (1932, 21, 4);
#
# -- Exercise ID: 1933
# INSERT INTO Exercise (id, title, description, link, equipment_id, training_type_id) VALUES (1933, 'Resistance Band Cuban Press', 'Target: Shoulders', 'https://youtu.be/13Au7iJ02c8?si=2JaXbdRT8-eAxkx-', 21, 3);
# INSERT INTO exercise_muscle (exercise_id, muscle_id, intensity) VALUES (1933, 19, 10);
# INSERT INTO exercise_muscle (exercise_id, muscle_id, intensity) VALUES (1933, 4, 7);
#
# -- Exercise ID: 1934
# INSERT INTO Exercise (id, title, description, link, equipment_id, training_type_id) VALUES (1934, 'Single Arm Kettlebell Overhead Contralateral Cossack Squat', 'Target: Quadriceps', 'https://youtu.be/I4lYPJdwnDg?si=8AgvVHOfdxgX_-zE', 15, 2);
# INSERT INTO exercise_muscle (exercise_id, muscle_id, intensity) VALUES (1934, 13, 10);
# INSERT INTO exercise_muscle (exercise_id, muscle_id, intensity) VALUES (1934, 14, 7);
# INSERT INTO exercise_muscle (exercise_id, muscle_id, intensity) VALUES (1934, 21, 4);
#
# -- Exercise ID: 1935
# INSERT INTO Exercise (id, title, description, link, equipment_id, training_type_id) VALUES (1935, 'Resistance Band Tall Kneeling Cuban Press', 'Target: Shoulders', 'https://youtu.be/wKqLt6yMnUc?si=yzbXny1IeJSvvYRH', 21, 3);
# INSERT INTO exercise_muscle (exercise_id, muscle_id, intensity) VALUES (1935, 19, 10);
# INSERT INTO exercise_muscle (exercise_id, muscle_id, intensity) VALUES (1935, 4, 7);
#
# -- Exercise ID: 1936
# INSERT INTO Exercise (id, title, description, link, equipment_id, training_type_id) VALUES (1936, 'Superband Pull Apart', 'Target: Shoulders', 'https://youtu.be/MnDpmNYUjbc?si=PjX7rTfbGKTyeip0', 20, 8);
# INSERT INTO exercise_muscle (exercise_id, muscle_id, intensity) VALUES (1936, 19, 10);
#
# -- Exercise ID: 1937
# INSERT INTO Exercise (id, title, description, link, equipment_id, training_type_id) VALUES (1937, 'Resistance Band Tall Kneeling Face Pull', 'Target: Shoulders', 'https://youtu.be/6VDr-3Cmjzw?si=E5zp1jznZ4XPQQ5b', 21, 2);
# INSERT INTO exercise_muscle (exercise_id, muscle_id, intensity) VALUES (1937, 19, 10);
#
# -- Exercise ID: 1938
# INSERT INTO Exercise (id, title, description, link, equipment_id, training_type_id) VALUES (1938, 'Resistance Band Overhead Press', 'Target: Shoulders', 'https://youtu.be/tQ40C0WD6OY?si=V4vctYoeVmYIaH5f', 21, 2);
# INSERT INTO exercise_muscle (exercise_id, muscle_id, intensity) VALUES (1938, 2, 10);
# INSERT INTO exercise_muscle (exercise_id, muscle_id, intensity) VALUES (1938, 4, 7);
#
# -- Exercise ID: 1939
# INSERT INTO Exercise (id, title, description, link, equipment_id, training_type_id) VALUES (1939, 'Resistance Band Alternating Overhead Press', 'Target: Shoulders', 'https://youtu.be/kVnIb_csFRw?si=bJHQnzuc7AHgbv9P', 21, 2);
# INSERT INTO exercise_muscle (exercise_id, muscle_id, intensity) VALUES (1939, 2, 10);
# INSERT INTO exercise_muscle (exercise_id, muscle_id, intensity) VALUES (1939, 4, 7);
#
# -- Exercise ID: 1940
# INSERT INTO Exercise (id, title, description, link, equipment_id, training_type_id) VALUES (1940, 'Alternating Double Dumbbell Overhead Press', 'Target: Shoulders', 'https://youtu.be/yQg0mHo-fjQ?si=1wCoEdQg1fR5hmAp', 6, 2);
# INSERT INTO exercise_muscle (exercise_id, muscle_id, intensity) VALUES (1940, 2, 10);
# INSERT INTO exercise_muscle (exercise_id, muscle_id, intensity) VALUES (1940, 4, 7);
#
# -- Exercise ID: 1941
# INSERT INTO Exercise (id, title, description, link, equipment_id, training_type_id) VALUES (1941, 'Suspension Skull Crusher', 'Target: Triceps', 'https://youtu.be/Q2eMD8iA-uE?si=aldL_x3sKGW4AXDO', 11, 2);
# INSERT INTO exercise_muscle (exercise_id, muscle_id, intensity) VALUES (1941, 4, 10);
# INSERT INTO exercise_muscle (exercise_id, muscle_id, intensity) VALUES (1941, 10, 4);
#
# -- Exercise ID: 1942
# INSERT INTO Exercise (id, title, description, link, equipment_id, training_type_id) VALUES (1942, 'Slider Double Dumbbell Front Rack Lateral Lunge', 'Target: Quadriceps', 'https://youtu.be/EgG51yB1uZU?si=2CM1EcrBstAp5uOM', 14, 2);
# INSERT INTO exercise_muscle (exercise_id, muscle_id, intensity) VALUES (1942, 13, 10);
# INSERT INTO exercise_muscle (exercise_id, muscle_id, intensity) VALUES (1942, 21, 7);
# INSERT INTO exercise_muscle (exercise_id, muscle_id, intensity) VALUES (1942, 14, 4);
#
# -- Exercise ID: 1943
# INSERT INTO Exercise (id, title, description, link, equipment_id, training_type_id) VALUES (1943, 'Slider Double Dumbbell Suitcase Lateral Lunge', 'Target: Quadriceps', 'https://youtu.be/90Smo-K6RbY?si=kkqWO4ejlGrcq6rR', 14, 2);
# INSERT INTO exercise_muscle (exercise_id, muscle_id, intensity) VALUES (1943, 13, 10);
# INSERT INTO exercise_muscle (exercise_id, muscle_id, intensity) VALUES (1943, 21, 7);
# INSERT INTO exercise_muscle (exercise_id, muscle_id, intensity) VALUES (1943, 14, 4);
#
# -- Exercise ID: 1944
# INSERT INTO Exercise (id, title, description, link, equipment_id, training_type_id) VALUES (1944, 'Slider Double Dumbbell Overhead Lateral Lunge', 'Target: Quadriceps', NULL, 14, 2);
# INSERT INTO exercise_muscle (exercise_id, muscle_id, intensity) VALUES (1944, 13, 10);
# INSERT INTO exercise_muscle (exercise_id, muscle_id, intensity) VALUES (1944, 21, 7);
# INSERT INTO exercise_muscle (exercise_id, muscle_id, intensity) VALUES (1944, 14, 4);
#
# -- Exercise ID: 1945
# INSERT INTO Exercise (id, title, description, link, equipment_id, training_type_id) VALUES (1945, 'Double Dumbbell Skull Crusher', 'Target: Triceps', 'https://youtu.be/jO2Jl9eZpXk?si=u6mgvf-sooUW7DFo', 6, 2);
# INSERT INTO exercise_muscle (exercise_id, muscle_id, intensity) VALUES (1945, 4, 10);
# INSERT INTO exercise_muscle (exercise_id, muscle_id, intensity) VALUES (1945, 10, 4);
#
# -- Exercise ID: 1946
# INSERT INTO Exercise (id, title, description, link, equipment_id, training_type_id) VALUES (1946, 'Double Dumbbell Incline Bench Skull Crusher', 'Target: Triceps', 'https://youtu.be/G4Vdjr-byjE?si=-fBrLWIYYbgneaLx', 6, 2);
# INSERT INTO exercise_muscle (exercise_id, muscle_id, intensity) VALUES (1946, 4, 10);
# INSERT INTO exercise_muscle (exercise_id, muscle_id, intensity) VALUES (1946, 10, 4);
#
# -- Exercise ID: 1947
# INSERT INTO Exercise (id, title, description, link, equipment_id, training_type_id) VALUES (1947, 'Double Dumbbell Decline Bench Skull Crusher', 'Target: Triceps', 'https://youtu.be/UjS2nItQCf8?si=tgrOnpPIy1_W-KAt', 6, 2);
# INSERT INTO exercise_muscle (exercise_id, muscle_id, intensity) VALUES (1947, 4, 10);
# INSERT INTO exercise_muscle (exercise_id, muscle_id, intensity) VALUES (1947, 10, 4);
#
# -- Exercise ID: 1948
# INSERT INTO Exercise (id, title, description, link, equipment_id, training_type_id) VALUES (1948, 'Dumbbell Crush Grip Skull Crusher', 'Target: Triceps', 'https://youtu.be/ndVUBZ0Bch0?si=pSuQf6mCBer_ztTt', 6, 2);
# INSERT INTO exercise_muscle (exercise_id, muscle_id, intensity) VALUES (1948, 4, 10);
# INSERT INTO exercise_muscle (exercise_id, muscle_id, intensity) VALUES (1948, 10, 4);
#
# -- Exercise ID: 1949
# INSERT INTO Exercise (id, title, description, link, equipment_id, training_type_id) VALUES (1949, 'Dumbbell Crush Grip Incline Bench Skull Crusher', 'Target: Triceps', NULL, 6, 2);
# INSERT INTO exercise_muscle (exercise_id, muscle_id, intensity) VALUES (1949, 4, 10);
# INSERT INTO exercise_muscle (exercise_id, muscle_id, intensity) VALUES (1949, 10, 4);
#
# -- Exercise ID: 1950
# INSERT INTO Exercise (id, title, description, link, equipment_id, training_type_id) VALUES (1950, 'Dumbbell Crush Grip Decline Bench Skull Crusher', 'Target: Triceps', NULL, 6, 2);
# INSERT INTO exercise_muscle (exercise_id, muscle_id, intensity) VALUES (1950, 4, 10);
# INSERT INTO exercise_muscle (exercise_id, muscle_id, intensity) VALUES (1950, 10, 4);
#
# -- Exercise ID: 1951
# INSERT INTO Exercise (id, title, description, link, equipment_id, training_type_id) VALUES (1951, 'Double Dumbbell Bent Over Row', 'Target: Back', 'https://youtu.be/6gvmcqr226U?si=Ubc_zUNwRYINkZSI', 6, 2);
# INSERT INTO exercise_muscle (exercise_id, muscle_id, intensity) VALUES (1951, 17, 10);
# INSERT INTO exercise_muscle (exercise_id, muscle_id, intensity) VALUES (1951, 18, 7);
# INSERT INTO exercise_muscle (exercise_id, muscle_id, intensity) VALUES (1951, 19, 4);
#
# -- Exercise ID: 1952
# INSERT INTO Exercise (id, title, description, link, equipment_id, training_type_id) VALUES (1952, 'EZ Bar Reverse Grip Bent Over Row', 'Target: Back', 'https://youtu.be/mq_KoN3oCgo?si=zVWL6owtdpddPPFb', 18, 2);
# INSERT INTO exercise_muscle (exercise_id, muscle_id, intensity) VALUES (1952, 17, 10);
# INSERT INTO exercise_muscle (exercise_id, muscle_id, intensity) VALUES (1952, 18, 7);
# INSERT INTO exercise_muscle (exercise_id, muscle_id, intensity) VALUES (1952, 19, 4);
#
# -- Exercise ID: 1953
# INSERT INTO Exercise (id, title, description, link, equipment_id, training_type_id) VALUES (1953, 'Single Arm Kettlebell Overhead Ipsilateral Cossack Squat', 'Target: Quadriceps', NULL, 15, 2);
# INSERT INTO exercise_muscle (exercise_id, muscle_id, intensity) VALUES (1953, 13, 10);
# INSERT INTO exercise_muscle (exercise_id, muscle_id, intensity) VALUES (1953, 14, 7);
# INSERT INTO exercise_muscle (exercise_id, muscle_id, intensity) VALUES (1953, 21, 4);
#
# -- Exercise ID: 1954
# INSERT INTO Exercise (id, title, description, link, equipment_id, training_type_id) VALUES (1954, 'Single Arm Kettlebell Bottoms Up Overhead Contralateral Cossack Squat', 'Target: Quadriceps', NULL, 15, 2);
# INSERT INTO exercise_muscle (exercise_id, muscle_id, intensity) VALUES (1954, 13, 10);
# INSERT INTO exercise_muscle (exercise_id, muscle_id, intensity) VALUES (1954, 14, 7);
# INSERT INTO exercise_muscle (exercise_id, muscle_id, intensity) VALUES (1954, 21, 4);
#
# -- Exercise ID: 1955
# INSERT INTO Exercise (id, title, description, link, equipment_id, training_type_id) VALUES (1955, 'Single Arm Kettlebell Bottoms Up Overhead Ipsilateral Cossack Squat', 'Target: Quadriceps', NULL, 15, 2);
# INSERT INTO exercise_muscle (exercise_id, muscle_id, intensity) VALUES (1955, 13, 10);
# INSERT INTO exercise_muscle (exercise_id, muscle_id, intensity) VALUES (1955, 14, 7);
# INSERT INTO exercise_muscle (exercise_id, muscle_id, intensity) VALUES (1955, 21, 4);
#
# -- Exercise ID: 1956
# INSERT INTO Exercise (id, title, description, link, equipment_id, training_type_id) VALUES (1956, 'Single Arm Kettlebell Bottoms Up Front Rack Contralateral Cossack Squat', 'Target: Quadriceps', NULL, 15, 2);
# INSERT INTO exercise_muscle (exercise_id, muscle_id, intensity) VALUES (1956, 13, 10);
# INSERT INTO exercise_muscle (exercise_id, muscle_id, intensity) VALUES (1956, 14, 7);
# INSERT INTO exercise_muscle (exercise_id, muscle_id, intensity) VALUES (1956, 21, 4);
#
# -- Exercise ID: 1957
# INSERT INTO Exercise (id, title, description, link, equipment_id, training_type_id) VALUES (1957, 'Single Arm Kettlebell Bottoms Up Front Rack Ipsilateral Cossack Squat', 'Target: Quadriceps', NULL, 15, 2);
# INSERT INTO exercise_muscle (exercise_id, muscle_id, intensity) VALUES (1957, 13, 10);
# INSERT INTO exercise_muscle (exercise_id, muscle_id, intensity) VALUES (1957, 14, 7);
# INSERT INTO exercise_muscle (exercise_id, muscle_id, intensity) VALUES (1957, 21, 4);
#
# -- Exercise ID: 1958
# INSERT INTO Exercise (id, title, description, link, equipment_id, training_type_id) VALUES (1958, 'Single Arm Kettlebell Front Rack Foot Elevated Ipsilateral Cossack Squat', 'Target: Quadriceps', NULL, 15, 2);
# INSERT INTO exercise_muscle (exercise_id, muscle_id, intensity) VALUES (1958, 13, 10);
# INSERT INTO exercise_muscle (exercise_id, muscle_id, intensity) VALUES (1958, 14, 7);
# INSERT INTO exercise_muscle (exercise_id, muscle_id, intensity) VALUES (1958, 21, 4);
#
# -- Exercise ID: 1959
# INSERT INTO Exercise (id, title, description, link, equipment_id, training_type_id) VALUES (1959, 'Single Arm Kettlebell Bottoms Up Front Rack Foot Elevated Contralateral Cossack Squat', 'Target: Quadriceps', NULL, 15, 2);
# INSERT INTO exercise_muscle (exercise_id, muscle_id, intensity) VALUES (1959, 13, 10);
# INSERT INTO exercise_muscle (exercise_id, muscle_id, intensity) VALUES (1959, 14, 7);
# INSERT INTO exercise_muscle (exercise_id, muscle_id, intensity) VALUES (1959, 21, 4);
#
# -- Exercise ID: 1960
# INSERT INTO Exercise (id, title, description, link, equipment_id, training_type_id) VALUES (1960, 'Single Arm Kettlebell Bottoms Up Front Rack Foot Elevated Ipsilateral Cossack Squat', 'Target: Quadriceps', NULL, 15, 2);
# INSERT INTO exercise_muscle (exercise_id, muscle_id, intensity) VALUES (1960, 13, 10);
# INSERT INTO exercise_muscle (exercise_id, muscle_id, intensity) VALUES (1960, 14, 7);
# INSERT INTO exercise_muscle (exercise_id, muscle_id, intensity) VALUES (1960, 21, 4);
#
# -- Exercise ID: 1961
# INSERT INTO Exercise (id, title, description, link, equipment_id, training_type_id) VALUES (1961, 'Single Arm Kettlebell Bottoms Up Overhead Foot Elevated Contralateral Cossack Squat', 'Target: Quadriceps', NULL, 15, 2);
# INSERT INTO exercise_muscle (exercise_id, muscle_id, intensity) VALUES (1961, 13, 10);
# INSERT INTO exercise_muscle (exercise_id, muscle_id, intensity) VALUES (1961, 14, 7);
# INSERT INTO exercise_muscle (exercise_id, muscle_id, intensity) VALUES (1961, 21, 4);
#
# -- Exercise ID: 1962
# INSERT INTO Exercise (id, title, description, link, equipment_id, training_type_id) VALUES (1962, 'Single Arm Kettlebell Bottoms Up Overhead Foot Elevated Ipsilateral Cossack Squat', 'Target: Quadriceps', NULL, 15, 2);
# INSERT INTO exercise_muscle (exercise_id, muscle_id, intensity) VALUES (1962, 13, 10);
# INSERT INTO exercise_muscle (exercise_id, muscle_id, intensity) VALUES (1962, 14, 7);
# INSERT INTO exercise_muscle (exercise_id, muscle_id, intensity) VALUES (1962, 21, 4);
#
# -- Exercise ID: 1963
# INSERT INTO Exercise (id, title, description, link, equipment_id, training_type_id) VALUES (1963, 'Single Arm Kettlebell Overhead Foot Elevated Contralateral Cossack Squat', 'Target: Quadriceps', NULL, 15, 2);
# INSERT INTO exercise_muscle (exercise_id, muscle_id, intensity) VALUES (1963, 13, 10);
# INSERT INTO exercise_muscle (exercise_id, muscle_id, intensity) VALUES (1963, 14, 7);
# INSERT INTO exercise_muscle (exercise_id, muscle_id, intensity) VALUES (1963, 21, 4);
#
# -- Exercise ID: 1964
# INSERT INTO Exercise (id, title, description, link, equipment_id, training_type_id) VALUES (1964, 'Single Arm Kettlebell Overhead Foot Elevated Ipsilateral Cossack Squat', 'Target: Quadriceps', NULL, 15, 2);
# INSERT INTO exercise_muscle (exercise_id, muscle_id, intensity) VALUES (1964, 13, 10);
# INSERT INTO exercise_muscle (exercise_id, muscle_id, intensity) VALUES (1964, 14, 7);
# INSERT INTO exercise_muscle (exercise_id, muscle_id, intensity) VALUES (1964, 21, 4);
#
# -- Exercise ID: 1965
# INSERT INTO Exercise (id, title, description, link, equipment_id, training_type_id) VALUES (1965, 'Double Kettlebell Bottoms Up Front Rack Foot Elevated Cossack Squat', 'Target: Quadriceps', NULL, 15, 2);
# INSERT INTO exercise_muscle (exercise_id, muscle_id, intensity) VALUES (1965, 13, 10);
# INSERT INTO exercise_muscle (exercise_id, muscle_id, intensity) VALUES (1965, 14, 7);
# INSERT INTO exercise_muscle (exercise_id, muscle_id, intensity) VALUES (1965, 21, 4);
#
# -- Exercise ID: 1966
# INSERT INTO Exercise (id, title, description, link, equipment_id, training_type_id) VALUES (1966, 'Single Arm Dumbbell Bent Over Row', 'Target: Back', 'https://youtu.be/ma__uqUlYmE?si=Yw6Iw4KOA3T7mJeL', 6, 2);
# INSERT INTO exercise_muscle (exercise_id, muscle_id, intensity) VALUES (1966, 17, 10);
# INSERT INTO exercise_muscle (exercise_id, muscle_id, intensity) VALUES (1966, 18, 7);
# INSERT INTO exercise_muscle (exercise_id, muscle_id, intensity) VALUES (1966, 19, 4);
#
# -- Exercise ID: 1967
# INSERT INTO Exercise (id, title, description, link, equipment_id, training_type_id) VALUES (1967, 'Single Arm Dumbbell Knee Supported Row', 'Target: Back', 'https://youtu.be/ZRSGpBUVcNw?si=x3MRv2xRNjCc6s42', 6, 2);
# INSERT INTO exercise_muscle (exercise_id, muscle_id, intensity) VALUES (1967, 17, 10);
#
# -- Exercise ID: 1968
# INSERT INTO Exercise (id, title, description, link, equipment_id, training_type_id) VALUES (1968, 'Double Kettlebell Bottoms Up Overhead Low Switch Cossack Squat', 'Target: Quadriceps', NULL, 15, 2);
# INSERT INTO exercise_muscle (exercise_id, muscle_id, intensity) VALUES (1968, 13, 10);
# INSERT INTO exercise_muscle (exercise_id, muscle_id, intensity) VALUES (1968, 14, 7);
# INSERT INTO exercise_muscle (exercise_id, muscle_id, intensity) VALUES (1968, 21, 4);
#
# -- Exercise ID: 1969
# INSERT INTO Exercise (id, title, description, link, equipment_id, training_type_id) VALUES (1969, 'Double Kettlebell Bottoms Up Overhead Foot Elevated Cossack Squat', 'Target: Quadriceps', NULL, 15, 2);
# INSERT INTO exercise_muscle (exercise_id, muscle_id, intensity) VALUES (1969, 13, 10);
# INSERT INTO exercise_muscle (exercise_id, muscle_id, intensity) VALUES (1969, 14, 7);
# INSERT INTO exercise_muscle (exercise_id, muscle_id, intensity) VALUES (1969, 21, 4);
#
# -- Exercise ID: 1970
# INSERT INTO Exercise (id, title, description, link, equipment_id, training_type_id) VALUES (1970, 'Double Kettlebell Front Rack Foot Elevated Cossack Squat', 'Target: Quadriceps', NULL, 15, 2);
# INSERT INTO exercise_muscle (exercise_id, muscle_id, intensity) VALUES (1970, 13, 10);
# INSERT INTO exercise_muscle (exercise_id, muscle_id, intensity) VALUES (1970, 14, 7);
# INSERT INTO exercise_muscle (exercise_id, muscle_id, intensity) VALUES (1970, 21, 4);
#
# -- Exercise ID: 1971
# INSERT INTO Exercise (id, title, description, link, equipment_id, training_type_id) VALUES (1971, 'Double Kettlebell Overhead Low Switch Cossack Squat', 'Target: Quadriceps', NULL, 15, 2);
# INSERT INTO exercise_muscle (exercise_id, muscle_id, intensity) VALUES (1971, 13, 10);
# INSERT INTO exercise_muscle (exercise_id, muscle_id, intensity) VALUES (1971, 14, 7);
# INSERT INTO exercise_muscle (exercise_id, muscle_id, intensity) VALUES (1971, 21, 4);
#
# -- Exercise ID: 1972
# INSERT INTO Exercise (id, title, description, link, equipment_id, training_type_id) VALUES (1972, 'Double Kettlebell Overhead Foot Elevated Cossack Squat', 'Target: Quadriceps', NULL, 15, 2);
# INSERT INTO exercise_muscle (exercise_id, muscle_id, intensity) VALUES (1972, 13, 10);
# INSERT INTO exercise_muscle (exercise_id, muscle_id, intensity) VALUES (1972, 14, 7);
# INSERT INTO exercise_muscle (exercise_id, muscle_id, intensity) VALUES (1972, 21, 4);
#
# -- Exercise ID: 1973
# INSERT INTO Exercise (id, title, description, link, equipment_id, training_type_id) VALUES (1973, 'Dumbbell Pullover', 'Target: Back', 'https://youtu.be/owr5y-s6-Qk?si=gd2Nfg1PVMbahXjx', 6, 2);
# INSERT INTO exercise_muscle (exercise_id, muscle_id, intensity) VALUES (1973, 17, 10);
# INSERT INTO exercise_muscle (exercise_id, muscle_id, intensity) VALUES (1973, 7, 7);
# INSERT INTO exercise_muscle (exercise_id, muscle_id, intensity) VALUES (1973, 4, 4);
#
# -- Exercise ID: 1974
# INSERT INTO Exercise (id, title, description, link, equipment_id, training_type_id) VALUES (1974, 'Single Arm Kettlebell Bottoms Up Front Rack Alternating Cossack Squat', 'Target: Quadriceps', NULL, 15, 2);
# INSERT INTO exercise_muscle (exercise_id, muscle_id, intensity) VALUES (1974, 13, 10);
# INSERT INTO exercise_muscle (exercise_id, muscle_id, intensity) VALUES (1974, 14, 7);
# INSERT INTO exercise_muscle (exercise_id, muscle_id, intensity) VALUES (1974, 21, 4);
#
# -- Exercise ID: 1975
# INSERT INTO Exercise (id, title, description, link, equipment_id, training_type_id) VALUES (1975, 'Dumbbell Incline Bench Pullover', 'Target: Back', 'https://youtu.be/LQEag7MKXSs?si=vVcujNN4QVFLQ71H', 6, 2);
# INSERT INTO exercise_muscle (exercise_id, muscle_id, intensity) VALUES (1975, 17, 10);
# INSERT INTO exercise_muscle (exercise_id, muscle_id, intensity) VALUES (1975, 7, 7);
# INSERT INTO exercise_muscle (exercise_id, muscle_id, intensity) VALUES (1975, 4, 4);
#
# -- Exercise ID: 1976
# INSERT INTO Exercise (id, title, description, link, equipment_id, training_type_id) VALUES (1976, 'Single Arm Kettlebell Bottoms Up Front Rack Low Switch Cossack Squat', 'Target: Quadriceps', NULL, 15, 2);
# INSERT INTO exercise_muscle (exercise_id, muscle_id, intensity) VALUES (1976, 13, 10);
# INSERT INTO exercise_muscle (exercise_id, muscle_id, intensity) VALUES (1976, 14, 7);
# INSERT INTO exercise_muscle (exercise_id, muscle_id, intensity) VALUES (1976, 21, 4);
#
# -- Exercise ID: 1977
# INSERT INTO Exercise (id, title, description, link, equipment_id, training_type_id) VALUES (1977, 'Single Arm Kettlebell Overhead Alternating Cossack Squat', 'Target: Quadriceps', NULL, 15, 2);
# INSERT INTO exercise_muscle (exercise_id, muscle_id, intensity) VALUES (1977, 13, 10);
# INSERT INTO exercise_muscle (exercise_id, muscle_id, intensity) VALUES (1977, 14, 7);
# INSERT INTO exercise_muscle (exercise_id, muscle_id, intensity) VALUES (1977, 21, 4);
#
# -- Exercise ID: 1978
# INSERT INTO Exercise (id, title, description, link, equipment_id, training_type_id) VALUES (1978, 'Single Arm Kettlebell Overhead Low Switch Cossack Squat', 'Target: Quadriceps', NULL, 15, 2);
# INSERT INTO exercise_muscle (exercise_id, muscle_id, intensity) VALUES (1978, 13, 10);
# INSERT INTO exercise_muscle (exercise_id, muscle_id, intensity) VALUES (1978, 14, 7);
# INSERT INTO exercise_muscle (exercise_id, muscle_id, intensity) VALUES (1978, 21, 4);
#
# -- Exercise ID: 1979
# INSERT INTO Exercise (id, title, description, link, equipment_id, training_type_id) VALUES (1979, 'Tire Incline Push Up', 'Target: Chest', 'https://youtu.be/sYpuz37bK2k?si=UpMtMbHU8GOboER_', 29, 4);
# INSERT INTO exercise_muscle (exercise_id, muscle_id, intensity) VALUES (1979, 7, 10);
# INSERT INTO exercise_muscle (exercise_id, muscle_id, intensity) VALUES (1979, 4, 7);
# INSERT INTO exercise_muscle (exercise_id, muscle_id, intensity) VALUES (1979, 2, 4);
#
# -- Exercise ID: 1980
# INSERT INTO Exercise (id, title, description, link, equipment_id, training_type_id) VALUES (1980, 'Double Dumbbell Close Grip Decline Bench Press', 'Target: Triceps', 'https://youtu.be/vpLJQad7knM?si=pIJlngHZuaHODElA', 6, 2);
# INSERT INTO exercise_muscle (exercise_id, muscle_id, intensity) VALUES (1980, 4, 10);
# INSERT INTO exercise_muscle (exercise_id, muscle_id, intensity) VALUES (1980, 7, 7);
# INSERT INTO exercise_muscle (exercise_id, muscle_id, intensity) VALUES (1980, 2, 4);
#
# -- Exercise ID: 1981
# INSERT INTO Exercise (id, title, description, link, equipment_id, training_type_id) VALUES (1981, 'Bodyweight Eccentric Push Up', 'Target: Chest', 'https://youtu.be/4JJB2m4AuO8?si=NqYITu6_1fcaAbn7', 2, 4);
# INSERT INTO exercise_muscle (exercise_id, muscle_id, intensity) VALUES (1981, 7, 10);
# INSERT INTO exercise_muscle (exercise_id, muscle_id, intensity) VALUES (1981, 4, 7);
#
# -- Exercise ID: 1982
# INSERT INTO Exercise (id, title, description, link, equipment_id, training_type_id) VALUES (1982, 'Double Dumbbell Bicep Curl', 'Target: Biceps', 'https://youtu.be/HnHuhf4hEWY?si=WSqsCA9Khdbz3ag0', 6, 2);
# INSERT INTO exercise_muscle (exercise_id, muscle_id, intensity) VALUES (1982, 8, 10);
# INSERT INTO exercise_muscle (exercise_id, muscle_id, intensity) VALUES (1982, 10, 4);
#
# -- Exercise ID: 1983
# INSERT INTO Exercise (id, title, description, link, equipment_id, training_type_id) VALUES (1983, 'Cable Knee Hover Quadruped Fire Hydrant', 'Target: Glutes', NULL, 8, 3);
# INSERT INTO exercise_muscle (exercise_id, muscle_id, intensity) VALUES (1983, 21, 10);
# INSERT INTO exercise_muscle (exercise_id, muscle_id, intensity) VALUES (1983, 15, 7);
#
# -- Exercise ID: 1984
# INSERT INTO Exercise (id, title, description, link, equipment_id, training_type_id) VALUES (1984, 'Double Dumbbell Incline Bench Bicep Curl', 'Target: Biceps', 'https://youtu.be/aG7CXiKxepw?si=FH8eUTIYzp_z04m0', 6, 2);
# INSERT INTO exercise_muscle (exercise_id, muscle_id, intensity) VALUES (1984, 8, 10);
# INSERT INTO exercise_muscle (exercise_id, muscle_id, intensity) VALUES (1984, 10, 4);
#
# -- Exercise ID: 1985
# INSERT INTO Exercise (id, title, description, link, equipment_id, training_type_id) VALUES (1985, 'Double Dumbbell Seated Hammer Curl', 'Target: Biceps', 'https://youtu.be/4hKyhFBeclI?si=OrpNWuwGzVfolESP', 6, 2);
# INSERT INTO exercise_muscle (exercise_id, muscle_id, intensity) VALUES (1985, 8, 10);
# INSERT INTO exercise_muscle (exercise_id, muscle_id, intensity) VALUES (1985, 10, 4);
#
# -- Exercise ID: 1986
# INSERT INTO Exercise (id, title, description, link, equipment_id, training_type_id) VALUES (1986, 'Alternating Double Dumbbell Seated Hammer Curl', 'Target: Biceps', 'https://youtu.be/YW9citXbrQc?si=5VFsuGIAvF6WHm17', 6, 2);
# INSERT INTO exercise_muscle (exercise_id, muscle_id, intensity) VALUES (1986, 8, 10);
# INSERT INTO exercise_muscle (exercise_id, muscle_id, intensity) VALUES (1986, 10, 4);
#
# -- Exercise ID: 1987
# INSERT INTO Exercise (id, title, description, link, equipment_id, training_type_id) VALUES (1987, 'Double Dumbbell Incline Bench Hammer Curl', 'Target: Biceps', 'https://youtu.be/1Z6XiaBxwHQ?si=Da0lptFOFg_s0tyV', 6, 2);
# INSERT INTO exercise_muscle (exercise_id, muscle_id, intensity) VALUES (1987, 8, 10);
# INSERT INTO exercise_muscle (exercise_id, muscle_id, intensity) VALUES (1987, 10, 4);
#
# -- Exercise ID: 1988
# INSERT INTO Exercise (id, title, description, link, equipment_id, training_type_id) VALUES (1988, 'Single Arm Dumbbell Half Kneeling Windmill', 'Target: Abdominals', 'https://youtu.be/c0LP3YIO4vY?si=w_DOEV2ERQmctiSb', 6, 6);
# INSERT INTO exercise_muscle (exercise_id, muscle_id, intensity) VALUES (1988, 12, 10);
# INSERT INTO exercise_muscle (exercise_id, muscle_id, intensity) VALUES (1988, 11, 7);
# INSERT INTO exercise_muscle (exercise_id, muscle_id, intensity) VALUES (1988, 2, 4);
#
# -- Exercise ID: 1989
# INSERT INTO Exercise (id, title, description, link, equipment_id, training_type_id) VALUES (1989, 'Double Dumbbell Windmill', 'Target: Abdominals', NULL, 6, 6);
# INSERT INTO exercise_muscle (exercise_id, muscle_id, intensity) VALUES (1989, 12, 10);
# INSERT INTO exercise_muscle (exercise_id, muscle_id, intensity) VALUES (1989, 11, 7);
# INSERT INTO exercise_muscle (exercise_id, muscle_id, intensity) VALUES (1989, 2, 4);
#
# -- Exercise ID: 1990
# INSERT INTO Exercise (id, title, description, link, equipment_id, training_type_id) VALUES (1990, 'Alternating Double Dumbbell Incline Bench Hammer Curl', 'Target: Biceps', 'https://youtu.be/Z_oWLq9uQZI?feature=shared', 6, 2);
# INSERT INTO exercise_muscle (exercise_id, muscle_id, intensity) VALUES (1990, 8, 10);
# INSERT INTO exercise_muscle (exercise_id, muscle_id, intensity) VALUES (1990, 10, 4);
#
# -- Exercise ID: 1991
# INSERT INTO Exercise (id, title, description, link, equipment_id, training_type_id) VALUES (1991, 'Double Dumbbell Cyclist Thruster', 'Target: Quadriceps', 'https://youtu.be/qoswYkyJG-I?si=Jigh3MmNt7IIj-BA', 6, 2);
# INSERT INTO exercise_muscle (exercise_id, muscle_id, intensity) VALUES (1991, 13, 10);
# INSERT INTO exercise_muscle (exercise_id, muscle_id, intensity) VALUES (1991, 2, 7);
#
# -- Exercise ID: 1992
# INSERT INTO Exercise (id, title, description, link, equipment_id, training_type_id) VALUES (1992, 'Single Arm Kettlebell Bottoms Up Overhead Low Switch Cossack Squat', 'Target: Quadriceps', NULL, 15, 2);
# INSERT INTO exercise_muscle (exercise_id, muscle_id, intensity) VALUES (1992, 13, 10);
# INSERT INTO exercise_muscle (exercise_id, muscle_id, intensity) VALUES (1992, 14, 7);
# INSERT INTO exercise_muscle (exercise_id, muscle_id, intensity) VALUES (1992, 21, 4);
#
# -- Exercise ID: 1993
# INSERT INTO Exercise (id, title, description, link, equipment_id, training_type_id) VALUES (1993, 'Alternating Double Dumbbell Cyclist Thruster', 'Target: Quadriceps', NULL, 6, 2);
# INSERT INTO exercise_muscle (exercise_id, muscle_id, intensity) VALUES (1993, 13, 10);
# INSERT INTO exercise_muscle (exercise_id, muscle_id, intensity) VALUES (1993, 2, 7);
#
# -- Exercise ID: 1994
# INSERT INTO Exercise (id, title, description, link, equipment_id, training_type_id) VALUES (1994, 'Kettlebell Goblet Alternating Pistol Squat', 'Target: Quadriceps', NULL, 15, 12);
# INSERT INTO exercise_muscle (exercise_id, muscle_id, intensity) VALUES (1994, 13, 10);
# INSERT INTO exercise_muscle (exercise_id, muscle_id, intensity) VALUES (1994, 21, 7);
#
# -- Exercise ID: 1995
# INSERT INTO Exercise (id, title, description, link, equipment_id, training_type_id) VALUES (1995, 'Kettlebell Goblet Pistol Squat', 'Target: Quadriceps', 'https://youtu.be/JS5HxlkWZzU?si=gKhPydrLwgHeGTcO', 15, 12);
# INSERT INTO exercise_muscle (exercise_id, muscle_id, intensity) VALUES (1995, 13, 10);
# INSERT INTO exercise_muscle (exercise_id, muscle_id, intensity) VALUES (1995, 21, 7);
#
# -- Exercise ID: 1996
# INSERT INTO Exercise (id, title, description, link, equipment_id, training_type_id) VALUES (1996, 'Kettlebell Horn Grip Alternating Pistol Squat', 'Target: Quadriceps', 'https://youtu.be/WGCrIXBHteQ?si=lcLSwZ_90St3r6W4', 15, 12);
# INSERT INTO exercise_muscle (exercise_id, muscle_id, intensity) VALUES (1996, 13, 10);
# INSERT INTO exercise_muscle (exercise_id, muscle_id, intensity) VALUES (1996, 21, 7);
#
# -- Exercise ID: 1997
# INSERT INTO Exercise (id, title, description, link, equipment_id, training_type_id) VALUES (1997, 'Single Arm Dumbbell Bent Press', 'Target: Shoulders', 'https://youtu.be/4cCItXCsEDo?si=xrvm1LxY3e8jhStd', 6, 6);
# INSERT INTO exercise_muscle (exercise_id, muscle_id, intensity) VALUES (1997, 2, 10);
# INSERT INTO exercise_muscle (exercise_id, muscle_id, intensity) VALUES (1997, 4, 7);
#
# -- Exercise ID: 1998
# INSERT INTO Exercise (id, title, description, link, equipment_id, training_type_id) VALUES (1998, 'Single Arm Dumbbell Half Kneeling Bent Press', 'Target: Shoulders', NULL, 6, 6);
# INSERT INTO exercise_muscle (exercise_id, muscle_id, intensity) VALUES (1998, 2, 10);
# INSERT INTO exercise_muscle (exercise_id, muscle_id, intensity) VALUES (1998, 4, 7);
#
# -- Exercise ID: 1999
# INSERT INTO Exercise (id, title, description, link, equipment_id, training_type_id) VALUES (1999, 'Double Dumbbell Seated Zottman Curl', 'Target: Biceps', 'https://youtu.be/FG6Y_r6-DJM?si=2qExXvynTbOnna2u', 6, 2);
# INSERT INTO exercise_muscle (exercise_id, muscle_id, intensity) VALUES (1999, 8, 10);
# INSERT INTO exercise_muscle (exercise_id, muscle_id, intensity) VALUES (1999, 10, 7);
#
# -- Exercise ID: 2000
# INSERT INTO Exercise (id, title, description, link, equipment_id, training_type_id) VALUES (2000, 'Cable Straight Bar Tricep Pushdown', 'Target: Triceps', 'https://youtu.be/LXkCrxn3caQ?si=24dygODdgdRhEqJK', 8, 2);
# INSERT INTO exercise_muscle (exercise_id, muscle_id, intensity) VALUES (2000, 4, 10);
# INSERT INTO exercise_muscle (exercise_id, muscle_id, intensity) VALUES (2000, 10, 4);
#
# -- Exercise ID: 2001
# INSERT INTO Exercise (id, title, description, link, equipment_id, training_type_id) VALUES (2001, 'Cable Straight Bar Reverse Grip Tricep Pushdown', 'Target: Triceps', 'https://youtu.be/GqK6WrZEyEk?si=JPCXXCLg2YG3rQa7', 8, 2);
# INSERT INTO exercise_muscle (exercise_id, muscle_id, intensity) VALUES (2001, 4, 10);
#
# -- Exercise ID: 2002
# INSERT INTO Exercise (id, title, description, link, equipment_id, training_type_id) VALUES (2002, 'Alternating Double Dumbbell Zottman Curl', 'Target: Biceps', 'https://youtu.be/2IBxr91kSI8?si=NutPVlDJSpcDczLP', 6, 2);
# INSERT INTO exercise_muscle (exercise_id, muscle_id, intensity) VALUES (2002, 8, 10);
# INSERT INTO exercise_muscle (exercise_id, muscle_id, intensity) VALUES (2002, 10, 7);
#
# -- Exercise ID: 2003
# INSERT INTO Exercise (id, title, description, link, equipment_id, training_type_id) VALUES (2003, 'Alternating Double Dumbbell Seated Zottman Curl', 'Target: Biceps', 'https://youtu.be/GIGFFYAKG6M?si=5QEN9x3BJwkxTal7', 6, 2);
# INSERT INTO exercise_muscle (exercise_id, muscle_id, intensity) VALUES (2003, 8, 10);
# INSERT INTO exercise_muscle (exercise_id, muscle_id, intensity) VALUES (2003, 10, 7);
#
# -- Exercise ID: 2004
# INSERT INTO Exercise (id, title, description, link, equipment_id, training_type_id) VALUES (2004, 'Dumbbell Crush Grip Tall Kneeling Overhead Tricep Extension', 'Target: Triceps', 'https://youtu.be/9kib4kUJJ1A?si=KTQ4D8iMokjT6LqW', 6, 2);
# INSERT INTO exercise_muscle (exercise_id, muscle_id, intensity) VALUES (2004, 4, 10);
# INSERT INTO exercise_muscle (exercise_id, muscle_id, intensity) VALUES (2004, 2, 7);
# INSERT INTO exercise_muscle (exercise_id, muscle_id, intensity) VALUES (2004, 11, 4);
#
# -- Exercise ID: 2005
# INSERT INTO Exercise (id, title, description, link, equipment_id, training_type_id) VALUES (2005, 'Single Arm Dumbbell Overhead Press', 'Target: Shoulders', 'https://youtu.be/156_Z9969FQ?si=bmP-isrzfk-iAjdj', 6, 2);
# INSERT INTO exercise_muscle (exercise_id, muscle_id, intensity) VALUES (2005, 2, 10);
# INSERT INTO exercise_muscle (exercise_id, muscle_id, intensity) VALUES (2005, 4, 7);
#
# -- Exercise ID: 2006
# INSERT INTO Exercise (id, title, description, link, equipment_id, training_type_id) VALUES (2006, 'Single Arm Dumbbell Seated Overhead Press', 'Target: Shoulders', 'https://youtu.be/9DB2kibw0os?si=-BYlQ8gHAlszJaDo', 6, 2);
# INSERT INTO exercise_muscle (exercise_id, muscle_id, intensity) VALUES (2006, 2, 10);
# INSERT INTO exercise_muscle (exercise_id, muscle_id, intensity) VALUES (2006, 4, 7);
#
# -- Exercise ID: 2007
# INSERT INTO Exercise (id, title, description, link, equipment_id, training_type_id) VALUES (2007, 'Double Dumbbell Seated Bicep Curl', 'Target: Biceps', 'https://youtu.be/40w4sx4FAVU?si=i0K5ruXclQupBuxc', 6, 2);
# INSERT INTO exercise_muscle (exercise_id, muscle_id, intensity) VALUES (2007, 8, 10);
# INSERT INTO exercise_muscle (exercise_id, muscle_id, intensity) VALUES (2007, 10, 4);
#
# -- Exercise ID: 2008
# INSERT INTO Exercise (id, title, description, link, equipment_id, training_type_id) VALUES (2008, 'Double Dumbbell Incline Bench Zottman Curl', 'Target: Biceps', 'https://youtu.be/o9w3-CMPRxQ?si=nSVQxRbx2GvgZi-u', 6, 2);
# INSERT INTO exercise_muscle (exercise_id, muscle_id, intensity) VALUES (2008, 8, 10);
# INSERT INTO exercise_muscle (exercise_id, muscle_id, intensity) VALUES (2008, 10, 7);
#
# -- Exercise ID: 2009
# INSERT INTO Exercise (id, title, description, link, equipment_id, training_type_id) VALUES (2009, 'Alternating Double Dumbbell Incline Bench Zottman Curl', 'Target: Biceps', 'https://youtu.be/Xakexn9Y5Oo?si=YY664vMjXBLBT2Ha', 6, 2);
# INSERT INTO exercise_muscle (exercise_id, muscle_id, intensity) VALUES (2009, 8, 10);
# INSERT INTO exercise_muscle (exercise_id, muscle_id, intensity) VALUES (2009, 10, 7);
#
# -- Exercise ID: 2010
# INSERT INTO Exercise (id, title, description, link, equipment_id, training_type_id) VALUES (2010, 'Alternating Double Dumbbell Seated Overhead Press', 'Target: Shoulders', 'https://youtu.be/Z4fmeY-GQ8o?si=jZD1QoPzdXBx4Hd8', 6, 2);
# INSERT INTO exercise_muscle (exercise_id, muscle_id, intensity) VALUES (2010, 2, 10);
# INSERT INTO exercise_muscle (exercise_id, muscle_id, intensity) VALUES (2010, 4, 7);
#
# -- Exercise ID: 2011
# INSERT INTO Exercise (id, title, description, link, equipment_id, training_type_id) VALUES (2011, 'Double Kettlebell Floor Press', 'Target: Chest', 'https://youtu.be/GC0TS5XuuAA?si=1gRhkWItRmgaTYmb', 15, 2);
# INSERT INTO exercise_muscle (exercise_id, muscle_id, intensity) VALUES (2011, 7, 10);
# INSERT INTO exercise_muscle (exercise_id, muscle_id, intensity) VALUES (2011, 4, 7);
# INSERT INTO exercise_muscle (exercise_id, muscle_id, intensity) VALUES (2011, 2, 4);
#
# -- Exercise ID: 2012
# INSERT INTO Exercise (id, title, description, link, equipment_id, training_type_id) VALUES (2012, 'Single Arm Kettlebell Floor Press', 'Target: Chest', 'https://youtu.be/P_ijh09h23s?si=U9pK9AQYG1xx2yxE', 15, 2);
# INSERT INTO exercise_muscle (exercise_id, muscle_id, intensity) VALUES (2012, 7, 10);
# INSERT INTO exercise_muscle (exercise_id, muscle_id, intensity) VALUES (2012, 4, 7);
# INSERT INTO exercise_muscle (exercise_id, muscle_id, intensity) VALUES (2012, 2, 4);
#
# -- Exercise ID: 2013
# INSERT INTO Exercise (id, title, description, link, equipment_id, training_type_id) VALUES (2013, 'Alternating Double Kettlebell Floor Press', 'Target: Chest', 'https://youtu.be/Uf1jY-575lo?si=pKedIxKhmO0-sY6O', 15, 2);
# INSERT INTO exercise_muscle (exercise_id, muscle_id, intensity) VALUES (2013, 7, 10);
# INSERT INTO exercise_muscle (exercise_id, muscle_id, intensity) VALUES (2013, 4, 7);
# INSERT INTO exercise_muscle (exercise_id, muscle_id, intensity) VALUES (2013, 2, 4);
#
# -- Exercise ID: 2014
# INSERT INTO Exercise (id, title, description, link, equipment_id, training_type_id) VALUES (2014, 'Single Arm Dumbbell Front Rack Ipsilateral Cossack Squat', 'Target: Quadriceps', 'https://youtu.be/S1-SPv3YXG8?si=QCE1ikc3-Mg60u3x', 6, 2);
# INSERT INTO exercise_muscle (exercise_id, muscle_id, intensity) VALUES (2014, 13, 10);
# INSERT INTO exercise_muscle (exercise_id, muscle_id, intensity) VALUES (2014, 14, 7);
# INSERT INTO exercise_muscle (exercise_id, muscle_id, intensity) VALUES (2014, 21, 4);
#
# -- Exercise ID: 2015
# INSERT INTO Exercise (id, title, description, link, equipment_id, training_type_id) VALUES (2015, 'Single Arm Dumbbell Overhead Alternating Cossack Squat', 'Target: Quadriceps', NULL, 6, 2);
# INSERT INTO exercise_muscle (exercise_id, muscle_id, intensity) VALUES (2015, 13, 10);
# INSERT INTO exercise_muscle (exercise_id, muscle_id, intensity) VALUES (2015, 14, 7);
# INSERT INTO exercise_muscle (exercise_id, muscle_id, intensity) VALUES (2015, 21, 4);
#
# -- Exercise ID: 2016
# INSERT INTO Exercise (id, title, description, link, equipment_id, training_type_id) VALUES (2016, 'Dumbbell Crush Grip Seated Overhead Tricep Extension', 'Target: Triceps', 'https://youtu.be/o_3RHmSwIgE?si=jrBjCATOeTuvtWzq', 6, 2);
# INSERT INTO exercise_muscle (exercise_id, muscle_id, intensity) VALUES (2016, 4, 10);
# INSERT INTO exercise_muscle (exercise_id, muscle_id, intensity) VALUES (2016, 2, 7);
# INSERT INTO exercise_muscle (exercise_id, muscle_id, intensity) VALUES (2016, 11, 4);
#
# -- Exercise ID: 2017
# INSERT INTO Exercise (id, title, description, link, equipment_id, training_type_id) VALUES (2017, 'Alternating Double Kettlebell Bent Over Row', 'Target: Back', 'https://youtu.be/jdx2kl5K0Ps?si=ABHltAh0E_8BUz7i', 15, 2);
# INSERT INTO exercise_muscle (exercise_id, muscle_id, intensity) VALUES (2017, 17, 10);
# INSERT INTO exercise_muscle (exercise_id, muscle_id, intensity) VALUES (2017, 18, 7);
# INSERT INTO exercise_muscle (exercise_id, muscle_id, intensity) VALUES (2017, 19, 4);
#
# -- Exercise ID: 2018
# INSERT INTO Exercise (id, title, description, link, equipment_id, training_type_id) VALUES (2018, 'Battle Rope Double Wave', 'Target: Biceps', 'https://youtu.be/mTZENozi5x4?si=Us7_yx5MJoQLZHhO', 32, 3);
# INSERT INTO exercise_muscle (exercise_id, muscle_id, intensity) VALUES (2018, 8, 10);
#
# -- Exercise ID: 2019
# INSERT INTO Exercise (id, title, description, link, equipment_id, training_type_id) VALUES (2019, 'Double Dumbbell Front Raise', 'Target: Shoulders', 'https://youtu.be/67-J94MVJUg?si=TUVKne9uaJdYMy3x', 6, 2);
# INSERT INTO exercise_muscle (exercise_id, muscle_id, intensity) VALUES (2019, 2, 10);
# INSERT INTO exercise_muscle (exercise_id, muscle_id, intensity) VALUES (2019, 7, 7);
# INSERT INTO exercise_muscle (exercise_id, muscle_id, intensity) VALUES (2019, 8, 4);
#
# -- Exercise ID: 2020
# INSERT INTO Exercise (id, title, description, link, equipment_id, training_type_id) VALUES (2020, 'Double Dumbbell Incline Bench Prone Lateral Raise', 'Target: Shoulders', 'https://youtu.be/e8K9KPGcwr8?si=HpsrB1akXMIU8ANX', 6, 2);
# INSERT INTO exercise_muscle (exercise_id, muscle_id, intensity) VALUES (2020, 19, 10);
#
# -- Exercise ID: 2021
# INSERT INTO Exercise (id, title, description, link, equipment_id, training_type_id) VALUES (2021, 'Dumbbell Crush Grip Seated Bicep Curl', 'Target: Biceps', 'https://youtu.be/xZKMteV7T6I?si=r_V-HvZTiORRBmxM', 6, 2);
# INSERT INTO exercise_muscle (exercise_id, muscle_id, intensity) VALUES (2021, 8, 10);
# INSERT INTO exercise_muscle (exercise_id, muscle_id, intensity) VALUES (2021, 10, 4);
#
# -- Exercise ID: 2022
# INSERT INTO Exercise (id, title, description, link, equipment_id, training_type_id) VALUES (2022, 'Double Dumbbell Incline Bench Prone Hammer Curl', 'Target: Biceps', 'https://youtu.be/P-QvV7zOHjw?si=suRdks_sCJLNPIKX', 6, 2);
# INSERT INTO exercise_muscle (exercise_id, muscle_id, intensity) VALUES (2022, 8, 10);
# INSERT INTO exercise_muscle (exercise_id, muscle_id, intensity) VALUES (2022, 10, 4);
#
# -- Exercise ID: 2023
# INSERT INTO Exercise (id, title, description, link, equipment_id, training_type_id) VALUES (2023, 'Single Arm Dumbbell Overhead Low Switch Cossack Squat', 'Target: Quadriceps', NULL, 6, 2);
# INSERT INTO exercise_muscle (exercise_id, muscle_id, intensity) VALUES (2023, 13, 10);
# INSERT INTO exercise_muscle (exercise_id, muscle_id, intensity) VALUES (2023, 14, 7);
# INSERT INTO exercise_muscle (exercise_id, muscle_id, intensity) VALUES (2023, 21, 4);
#
# -- Exercise ID: 2024
# INSERT INTO Exercise (id, title, description, link, equipment_id, training_type_id) VALUES (2024, 'Dumbbell Goblet Foot Elevated Cossack Squat', 'Target: Quadriceps', NULL, 6, 2);
# INSERT INTO exercise_muscle (exercise_id, muscle_id, intensity) VALUES (2024, 13, 10);
# INSERT INTO exercise_muscle (exercise_id, muscle_id, intensity) VALUES (2024, 14, 7);
# INSERT INTO exercise_muscle (exercise_id, muscle_id, intensity) VALUES (2024, 21, 4);
#
# -- Exercise ID: 2025
# INSERT INTO Exercise (id, title, description, link, equipment_id, training_type_id) VALUES (2025, 'Single Arm Clubbell Order Ipsilateral Cossack Squat', 'Target: Quadriceps', NULL, 26, 2);
# INSERT INTO exercise_muscle (exercise_id, muscle_id, intensity) VALUES (2025, 13, 10);
# INSERT INTO exercise_muscle (exercise_id, muscle_id, intensity) VALUES (2025, 14, 7);
# INSERT INTO exercise_muscle (exercise_id, muscle_id, intensity) VALUES (2025, 21, 4);
#
# -- Exercise ID: 2026
# INSERT INTO Exercise (id, title, description, link, equipment_id, training_type_id) VALUES (2026, 'Single Arm Clubbell Order Foot Elevated Ipsilateral Cossack Squat', 'Target: Quadriceps', NULL, 26, 2);
# INSERT INTO exercise_muscle (exercise_id, muscle_id, intensity) VALUES (2026, 13, 10);
# INSERT INTO exercise_muscle (exercise_id, muscle_id, intensity) VALUES (2026, 14, 7);
# INSERT INTO exercise_muscle (exercise_id, muscle_id, intensity) VALUES (2026, 21, 4);
#
# -- Exercise ID: 2027
# INSERT INTO Exercise (id, title, description, link, equipment_id, training_type_id) VALUES (2027, 'Single Arm Macebell Order Ipsilateral Cossack Squat', 'Target: Quadriceps', NULL, 24, 2);
# INSERT INTO exercise_muscle (exercise_id, muscle_id, intensity) VALUES (2027, 13, 10);
# INSERT INTO exercise_muscle (exercise_id, muscle_id, intensity) VALUES (2027, 14, 7);
# INSERT INTO exercise_muscle (exercise_id, muscle_id, intensity) VALUES (2027, 21, 4);
#
# -- Exercise ID: 2028
# INSERT INTO Exercise (id, title, description, link, equipment_id, training_type_id) VALUES (2028, 'Single Arm Macebell Order Foot Elevated Ipsilateral Cossack Squat', 'Target: Quadriceps', NULL, 24, 2);
# INSERT INTO exercise_muscle (exercise_id, muscle_id, intensity) VALUES (2028, 13, 10);
# INSERT INTO exercise_muscle (exercise_id, muscle_id, intensity) VALUES (2028, 14, 7);
# INSERT INTO exercise_muscle (exercise_id, muscle_id, intensity) VALUES (2028, 21, 4);
#
# -- Exercise ID: 2029
# INSERT INTO Exercise (id, title, description, link, equipment_id, training_type_id) VALUES (2029, 'Single Arm Dummbell Front Rack Foot Elevated Contralateral Cossack Squat', 'Target: Quadriceps', NULL, 6, 2);
# INSERT INTO exercise_muscle (exercise_id, muscle_id, intensity) VALUES (2029, 13, 10);
# INSERT INTO exercise_muscle (exercise_id, muscle_id, intensity) VALUES (2029, 14, 7);
# INSERT INTO exercise_muscle (exercise_id, muscle_id, intensity) VALUES (2029, 21, 4);
#
# -- Exercise ID: 2030
# INSERT INTO Exercise (id, title, description, link, equipment_id, training_type_id) VALUES (2030, 'Single Arm Dumbbell Front Rack Foot Elevated Ipsilateral Cossack Squat', 'Target: Quadriceps', NULL, 6, 2);
# INSERT INTO exercise_muscle (exercise_id, muscle_id, intensity) VALUES (2030, 13, 10);
# INSERT INTO exercise_muscle (exercise_id, muscle_id, intensity) VALUES (2030, 14, 7);
# INSERT INTO exercise_muscle (exercise_id, muscle_id, intensity) VALUES (2030, 21, 4);
#
# -- Exercise ID: 2031
# INSERT INTO Exercise (id, title, description, link, equipment_id, training_type_id) VALUES (2031, 'Alternating Double Dumbbell Incline Bench Prone Hammer Curl', 'Target: Biceps', 'https://youtu.be/N_eGFKGR7ZQ?si=J-4OOQpNwgwM0LrL', 6, 2);
# INSERT INTO exercise_muscle (exercise_id, muscle_id, intensity) VALUES (2031, 8, 10);
# INSERT INTO exercise_muscle (exercise_id, muscle_id, intensity) VALUES (2031, 10, 4);
#
# -- Exercise ID: 2032
# INSERT INTO Exercise (id, title, description, link, equipment_id, training_type_id) VALUES (2032, 'Single Arm Dumbbell Incline Bench Press', 'Target: Chest', 'https://youtu.be/1RdiI_ta3CY?si=ELtb0jc2iPVUiqNN', 6, 2);
# INSERT INTO exercise_muscle (exercise_id, muscle_id, intensity) VALUES (2032, 7, 10);
# INSERT INTO exercise_muscle (exercise_id, muscle_id, intensity) VALUES (2032, 4, 7);
#
# -- Exercise ID: 2033
# INSERT INTO Exercise (id, title, description, link, equipment_id, training_type_id) VALUES (2033, 'Single Arm Dumbbell Decline Bench Press', 'Target: Chest', 'https://youtu.be/SisxAKThq70?si=tJqclsa9iiqndA6R', 6, 2);
# INSERT INTO exercise_muscle (exercise_id, muscle_id, intensity) VALUES (2033, 7, 10);
# INSERT INTO exercise_muscle (exercise_id, muscle_id, intensity) VALUES (2033, 4, 7);
#
# -- Exercise ID: 2034
# INSERT INTO Exercise (id, title, description, link, equipment_id, training_type_id) VALUES (2034, 'Single Arm Kettlebell Bottoms Up Copenhagen Plank', 'Target: Adductors', 'https://youtu.be/l2Hu2D3z84w?si=H3JslwI5uQK49RTu', 15, 3);
# INSERT INTO exercise_muscle (exercise_id, muscle_id, intensity) VALUES (2034, 14, 10);
#
# -- Exercise ID: 2035
# INSERT INTO Exercise (id, title, description, link, equipment_id, training_type_id) VALUES (2035, 'Double Dumbbell Floor Press', 'Target: Chest', 'https://youtu.be/3u2DR9HL0tY?si=3Bcig3xQ4BI89qLa', 6, 2);
# INSERT INTO exercise_muscle (exercise_id, muscle_id, intensity) VALUES (2035, 7, 10);
# INSERT INTO exercise_muscle (exercise_id, muscle_id, intensity) VALUES (2035, 4, 7);
# INSERT INTO exercise_muscle (exercise_id, muscle_id, intensity) VALUES (2035, 2, 4);
#
# -- Exercise ID: 2036
# INSERT INTO Exercise (id, title, description, link, equipment_id, training_type_id) VALUES (2036, 'Double Kettlebell Bottoms Up Glute Bridge Isometric Bench Press', 'Target: Chest', NULL, 15, 2);
# INSERT INTO exercise_muscle (exercise_id, muscle_id, intensity) VALUES (2036, 7, 10);
# INSERT INTO exercise_muscle (exercise_id, muscle_id, intensity) VALUES (2036, 4, 7);
#
# -- Exercise ID: 2037
# INSERT INTO Exercise (id, title, description, link, equipment_id, training_type_id) VALUES (2037, 'Alternating Double Dumbbell Floor Press', 'Target: Chest', 'https://youtu.be/hyb1jJ98ORU?si=UKrLCDD8rhcoKu0p', 6, 2);
# INSERT INTO exercise_muscle (exercise_id, muscle_id, intensity) VALUES (2037, 7, 10);
# INSERT INTO exercise_muscle (exercise_id, muscle_id, intensity) VALUES (2037, 4, 7);
# INSERT INTO exercise_muscle (exercise_id, muscle_id, intensity) VALUES (2037, 2, 4);
#
# -- Exercise ID: 2038
# INSERT INTO Exercise (id, title, description, link, equipment_id, training_type_id) VALUES (2038, 'Kettlebell Seated Single Leg Tibialis Raise', 'Target: Shins', 'https://youtu.be/kIRvGGD21Zw?si=nBLhNjFMITgsl7fd', 15, 3);
# INSERT INTO exercise_muscle (exercise_id, muscle_id, intensity) VALUES (2038, 5, 10);
#
# -- Exercise ID: 2039
# INSERT INTO Exercise (id, title, description, link, equipment_id, training_type_id) VALUES (2039, 'Double Kettlebell Seated Calf Raise', 'Target: Calves', 'https://youtu.be/uki30vzaltY?si=sWNIzvhqvIBU2krb', 15, 2);
# INSERT INTO exercise_muscle (exercise_id, muscle_id, intensity) VALUES (2039, 6, 10);
#
# -- Exercise ID: 2040
# INSERT INTO Exercise (id, title, description, link, equipment_id, training_type_id) VALUES (2040, 'Double Kettlebell Seated Feet Elevated Calf Raise', 'Target: Calves', 'https://youtu.be/trgsU9LSHcM?si=LkOOKLtsyEAMWIWJ', 15, 2);
# INSERT INTO exercise_muscle (exercise_id, muscle_id, intensity) VALUES (2040, 6, 10);
#
# -- Exercise ID: 2041
# INSERT INTO Exercise (id, title, description, link, equipment_id, training_type_id) VALUES (2041, 'Alternating Double Dumbbell Thruster', 'Target: Quadriceps', 'https://youtu.be/NDA72gV21vM?si=nr1ibCzWJfLIYTXz', 6, 2);
# INSERT INTO exercise_muscle (exercise_id, muscle_id, intensity) VALUES (2041, 13, 10);
# INSERT INTO exercise_muscle (exercise_id, muscle_id, intensity) VALUES (2041, 2, 7);
#
# -- Exercise ID: 2042
# INSERT INTO Exercise (id, title, description, link, equipment_id, training_type_id) VALUES (2042, 'Single Arm Dumbbell Floor Press', 'Target: Chest', 'https://youtu.be/0S0pPgQXWNk?si=sd5taBTsE1Qux9Er', 6, 2);
# INSERT INTO exercise_muscle (exercise_id, muscle_id, intensity) VALUES (2042, 7, 10);
# INSERT INTO exercise_muscle (exercise_id, muscle_id, intensity) VALUES (2042, 4, 7);
# INSERT INTO exercise_muscle (exercise_id, muscle_id, intensity) VALUES (2042, 2, 4);
#
# -- Exercise ID: 2043
# INSERT INTO Exercise (id, title, description, link, equipment_id, training_type_id) VALUES (2043, 'Single Arm Macebell Inside Circle', 'Target: Abdominals', 'https://youtu.be/MSt1cYAiLzI?si=tzz_-RCN5C_q8Zk5', 24, 10);
# INSERT INTO exercise_muscle (exercise_id, muscle_id, intensity) VALUES (2043, 11, 10);
# INSERT INTO exercise_muscle (exercise_id, muscle_id, intensity) VALUES (2043, 21, 7);
# INSERT INTO exercise_muscle (exercise_id, muscle_id, intensity) VALUES (2043, 10, 4);
#
# -- Exercise ID: 2044
# INSERT INTO Exercise (id, title, description, link, equipment_id, training_type_id) VALUES (2044, 'Single Arm Macebell Outside Circle', 'Target: Abdominals', 'https://youtu.be/ZuaKcM41dP4?si=jhfiB9Rsa8B6eQv2', 24, 10);
# INSERT INTO exercise_muscle (exercise_id, muscle_id, intensity) VALUES (2044, 11, 10);
# INSERT INTO exercise_muscle (exercise_id, muscle_id, intensity) VALUES (2044, 21, 7);
# INSERT INTO exercise_muscle (exercise_id, muscle_id, intensity) VALUES (2044, 10, 4);
#
# -- Exercise ID: 2045
# INSERT INTO Exercise (id, title, description, link, equipment_id, training_type_id) VALUES (2045, 'Single Arm Macebell Inside Circle to Outside Circle', 'Target: Abdominals', 'https://youtu.be/XWIFyifqSr8?si=VCcBN4FzzFmcTjSf', 24, 10);
# INSERT INTO exercise_muscle (exercise_id, muscle_id, intensity) VALUES (2045, 11, 10);
# INSERT INTO exercise_muscle (exercise_id, muscle_id, intensity) VALUES (2045, 21, 7);
# INSERT INTO exercise_muscle (exercise_id, muscle_id, intensity) VALUES (2045, 10, 4);
#
# -- Exercise ID: 2046
# INSERT INTO Exercise (id, title, description, link, equipment_id, training_type_id) VALUES (2046, 'Macebell Inside Circle', 'Target: Abdominals', NULL, 24, 10);
# INSERT INTO exercise_muscle (exercise_id, muscle_id, intensity) VALUES (2046, 11, 10);
# INSERT INTO exercise_muscle (exercise_id, muscle_id, intensity) VALUES (2046, 21, 7);
# INSERT INTO exercise_muscle (exercise_id, muscle_id, intensity) VALUES (2046, 10, 4);
#
# -- Exercise ID: 2047
# INSERT INTO Exercise (id, title, description, link, equipment_id, training_type_id) VALUES (2047, 'Macebell Outside Circle', 'Target: Abdominals', NULL, 24, 10);
# INSERT INTO exercise_muscle (exercise_id, muscle_id, intensity) VALUES (2047, 11, 10);
# INSERT INTO exercise_muscle (exercise_id, muscle_id, intensity) VALUES (2047, 21, 7);
# INSERT INTO exercise_muscle (exercise_id, muscle_id, intensity) VALUES (2047, 10, 4);
#
# -- Exercise ID: 2048
# INSERT INTO Exercise (id, title, description, link, equipment_id, training_type_id) VALUES (2048, 'Macebell Inside Circle to Outside Circle', 'Target: Abdominals', NULL, 24, 10);
# INSERT INTO exercise_muscle (exercise_id, muscle_id, intensity) VALUES (2048, 11, 10);
# INSERT INTO exercise_muscle (exercise_id, muscle_id, intensity) VALUES (2048, 21, 7);
# INSERT INTO exercise_muscle (exercise_id, muscle_id, intensity) VALUES (2048, 10, 4);
#
# -- Exercise ID: 2049
# INSERT INTO Exercise (id, title, description, link, equipment_id, training_type_id) VALUES (2049, 'Battle Rope Clap', 'Target: Shoulders', 'https://youtu.be/KTcHetEk8Vw?si=xFuh3rDHIThNVEbK', 32, 3);
# INSERT INTO exercise_muscle (exercise_id, muscle_id, intensity) VALUES (2049, 3, 10);
# INSERT INTO exercise_muscle (exercise_id, muscle_id, intensity) VALUES (2049, 8, 7);
# INSERT INTO exercise_muscle (exercise_id, muscle_id, intensity) VALUES (2049, 11, 4);
#
# -- Exercise ID: 2050
# INSERT INTO Exercise (id, title, description, link, equipment_id, training_type_id) VALUES (2050, 'Battle Rope Inward Circle', 'Target: Shoulders', 'https://youtu.be/WH4rwFZoce8?si=Yt1fEhmIXXEAa1s1', 32, 3);
# INSERT INTO exercise_muscle (exercise_id, muscle_id, intensity) VALUES (2050, 2, 10);
# INSERT INTO exercise_muscle (exercise_id, muscle_id, intensity) VALUES (2050, 8, 7);
#
# -- Exercise ID: 2051
# INSERT INTO Exercise (id, title, description, link, equipment_id, training_type_id) VALUES (2051, 'Battle Rope Outward Circle', 'Target: Shoulders', 'https://youtu.be/ta0cdvQmADs?si=B6OcdshuVkMO34iV', 32, 3);
# INSERT INTO exercise_muscle (exercise_id, muscle_id, intensity) VALUES (2051, 2, 10);
# INSERT INTO exercise_muscle (exercise_id, muscle_id, intensity) VALUES (2051, 8, 7);
#
# -- Exercise ID: 2052
# INSERT INTO Exercise (id, title, description, link, equipment_id, training_type_id) VALUES (2052, 'Double Kettlebell Tall Kneeling Shrug', 'Target: Trapezius', NULL, 15, 2);
# INSERT INTO exercise_muscle (exercise_id, muscle_id, intensity) VALUES (2052, 9, 10);
# INSERT INTO exercise_muscle (exercise_id, muscle_id, intensity) VALUES (2052, 18, 4);
#
# -- Exercise ID: 2053
# INSERT INTO Exercise (id, title, description, link, equipment_id, training_type_id) VALUES (2053, 'Alternating Double Dumbbell Bent Over Row', 'Target: Back', 'https://youtu.be/UKjQMYiQnS0?si=Lg6kuQMDGFaxi6X7', 6, 2);
# INSERT INTO exercise_muscle (exercise_id, muscle_id, intensity) VALUES (2053, 17, 10);
# INSERT INTO exercise_muscle (exercise_id, muscle_id, intensity) VALUES (2053, 18, 7);
# INSERT INTO exercise_muscle (exercise_id, muscle_id, intensity) VALUES (2053, 19, 4);
#
# -- Exercise ID: 2054
# INSERT INTO Exercise (id, title, description, link, equipment_id, training_type_id) VALUES (2054, 'Battle Rope Alternating Cossack Squat Alternating Wave', 'Target: Quadriceps', NULL, 32, 3);
# INSERT INTO exercise_muscle (exercise_id, muscle_id, intensity) VALUES (2054, 13, 10);
# INSERT INTO exercise_muscle (exercise_id, muscle_id, intensity) VALUES (2054, 14, 7);
# INSERT INTO exercise_muscle (exercise_id, muscle_id, intensity) VALUES (2054, 8, 4);
#
# -- Exercise ID: 2055
# INSERT INTO Exercise (id, title, description, link, equipment_id, training_type_id) VALUES (2055, 'Bodyweight Low Switch Cossack Squat', 'Target: Quadriceps', 'https://youtu.be/sj_bFtL9Oy4?si=osmoYlG_O5Fs6lPE', 2, 2);
# INSERT INTO exercise_muscle (exercise_id, muscle_id, intensity) VALUES (2055, 13, 10);
# INSERT INTO exercise_muscle (exercise_id, muscle_id, intensity) VALUES (2055, 14, 7);
# INSERT INTO exercise_muscle (exercise_id, muscle_id, intensity) VALUES (2055, 21, 4);
#
# -- Exercise ID: 2056
# INSERT INTO Exercise (id, title, description, link, equipment_id, training_type_id) VALUES (2056, 'Barbell Zercher Alternating Cossack Squat', 'Target: Quadriceps', 'https://youtu.be/mPyE_hQolbs?si=0ulL0aaE23nJ0OiJ', 12, 2);
# INSERT INTO exercise_muscle (exercise_id, muscle_id, intensity) VALUES (2056, 13, 10);
# INSERT INTO exercise_muscle (exercise_id, muscle_id, intensity) VALUES (2056, 14, 7);
# INSERT INTO exercise_muscle (exercise_id, muscle_id, intensity) VALUES (2056, 21, 4);
#
# -- Exercise ID: 2057
# INSERT INTO Exercise (id, title, description, link, equipment_id, training_type_id) VALUES (2057, 'Barbell Zercher Cossack Squat', 'Target: Quadriceps', NULL, 12, 2);
# INSERT INTO exercise_muscle (exercise_id, muscle_id, intensity) VALUES (2057, 13, 10);
# INSERT INTO exercise_muscle (exercise_id, muscle_id, intensity) VALUES (2057, 14, 7);
# INSERT INTO exercise_muscle (exercise_id, muscle_id, intensity) VALUES (2057, 21, 4);
#
# -- Exercise ID: 2058
# INSERT INTO Exercise (id, title, description, link, equipment_id, training_type_id) VALUES (2058, 'Barbell Zercher Low Switch Cossack Squat', 'Target: Quadriceps', NULL, 12, 2);
# INSERT INTO exercise_muscle (exercise_id, muscle_id, intensity) VALUES (2058, 13, 10);
# INSERT INTO exercise_muscle (exercise_id, muscle_id, intensity) VALUES (2058, 14, 7);
# INSERT INTO exercise_muscle (exercise_id, muscle_id, intensity) VALUES (2058, 21, 4);
#
# -- Exercise ID: 2059
# INSERT INTO Exercise (id, title, description, link, equipment_id, training_type_id) VALUES (2059, 'Barbell Zercher Foot Elevated Cossack Squat', 'Target: Quadriceps', NULL, 12, 2);
# INSERT INTO exercise_muscle (exercise_id, muscle_id, intensity) VALUES (2059, 13, 10);
# INSERT INTO exercise_muscle (exercise_id, muscle_id, intensity) VALUES (2059, 14, 7);
# INSERT INTO exercise_muscle (exercise_id, muscle_id, intensity) VALUES (2059, 21, 4);
#
# -- Exercise ID: 2060
# INSERT INTO Exercise (id, title, description, link, equipment_id, training_type_id) VALUES (2060, 'Barbell Zombie Squat', 'Target: Quadriceps', 'https://youtu.be/Siwj8KDU5zI?si=qiHYnyo8qzTOwk1L', 12, 2);
# INSERT INTO exercise_muscle (exercise_id, muscle_id, intensity) VALUES (2060, 13, 10);
# INSERT INTO exercise_muscle (exercise_id, muscle_id, intensity) VALUES (2060, 21, 7);
#
# -- Exercise ID: 2061
# INSERT INTO Exercise (id, title, description, link, equipment_id, training_type_id) VALUES (2061, 'Barbell Zombie Split Squat', 'Target: Quadriceps', 'https://youtu.be/KRkgAJe8Uo4?si=0wdpF0mE1yM7kNjz', 12, 2);
# INSERT INTO exercise_muscle (exercise_id, muscle_id, intensity) VALUES (2061, 13, 10);
# INSERT INTO exercise_muscle (exercise_id, muscle_id, intensity) VALUES (2061, 21, 7);
# INSERT INTO exercise_muscle (exercise_id, muscle_id, intensity) VALUES (2061, 22, 4);
#
# -- Exercise ID: 2062
# INSERT INTO Exercise (id, title, description, link, equipment_id, training_type_id) VALUES (2062, 'Heavy Sandbag Bear Hug Cossack Squat', 'Target: Quadriceps', 'https://youtu.be/G5gCl5b0E-4?feature=shared', 35, 3);
# INSERT INTO exercise_muscle (exercise_id, muscle_id, intensity) VALUES (2062, 13, 10);
# INSERT INTO exercise_muscle (exercise_id, muscle_id, intensity) VALUES (2062, 21, 7);
#
# -- Exercise ID: 2063
# INSERT INTO Exercise (id, title, description, link, equipment_id, training_type_id) VALUES (2063, 'Heavy Sandbag Bear Hug Alternating Cossack Squat', 'Target: Quadriceps', NULL, 35, 3);
# INSERT INTO exercise_muscle (exercise_id, muscle_id, intensity) VALUES (2063, 13, 10);
# INSERT INTO exercise_muscle (exercise_id, muscle_id, intensity) VALUES (2063, 21, 7);
#
# -- Exercise ID: 2064
# INSERT INTO Exercise (id, title, description, link, equipment_id, training_type_id) VALUES (2064, 'Heavy Sandbag Shoulder Contralateral Cossack Squat', 'Target: Quadriceps', NULL, 35, 3);
# INSERT INTO exercise_muscle (exercise_id, muscle_id, intensity) VALUES (2064, 13, 10);
# INSERT INTO exercise_muscle (exercise_id, muscle_id, intensity) VALUES (2064, 21, 7);
#
# -- Exercise ID: 2065
# INSERT INTO Exercise (id, title, description, link, equipment_id, training_type_id) VALUES (2065, 'Heavy Sandbag Shoulder Alternating Cossack Squat', 'Target: Quadriceps', NULL, 35, 3);
# INSERT INTO exercise_muscle (exercise_id, muscle_id, intensity) VALUES (2065, 13, 10);
# INSERT INTO exercise_muscle (exercise_id, muscle_id, intensity) VALUES (2065, 21, 7);
#
# -- Exercise ID: 2066
# INSERT INTO Exercise (id, title, description, link, equipment_id, training_type_id) VALUES (2066, 'Heavy Sandbag Shoulder Ipsilateral Cossack Squat', 'Target: Quadriceps', NULL, 35, 3);
# INSERT INTO exercise_muscle (exercise_id, muscle_id, intensity) VALUES (2066, 13, 10);
# INSERT INTO exercise_muscle (exercise_id, muscle_id, intensity) VALUES (2066, 21, 7);
#
# -- Exercise ID: 2067
# INSERT INTO Exercise (id, title, description, link, equipment_id, training_type_id) VALUES (2067, 'Barbell Zombie Cyclist Squat', 'Target: Quadriceps', NULL, 12, 2);
# INSERT INTO exercise_muscle (exercise_id, muscle_id, intensity) VALUES (2067, 13, 10);
# INSERT INTO exercise_muscle (exercise_id, muscle_id, intensity) VALUES (2067, 21, 7);
# INSERT INTO exercise_muscle (exercise_id, muscle_id, intensity) VALUES (2067, 6, 4);
#
# -- Exercise ID: 2068
# INSERT INTO Exercise (id, title, description, link, equipment_id, training_type_id) VALUES (2068, 'Single Arm Suspension Foot Elevated Ipsilateral Cossack Squat', 'Target: Quadriceps', NULL, 11, 2);
# INSERT INTO exercise_muscle (exercise_id, muscle_id, intensity) VALUES (2068, 13, 10);
# INSERT INTO exercise_muscle (exercise_id, muscle_id, intensity) VALUES (2068, 14, 7);
# INSERT INTO exercise_muscle (exercise_id, muscle_id, intensity) VALUES (2068, 21, 4);
#
# -- Exercise ID: 2069
# INSERT INTO Exercise (id, title, description, link, equipment_id, training_type_id) VALUES (2069, 'Single Arm Suspension Ipsilateral Cossack Squat', 'Target: Quadriceps', 'https://youtu.be/8xX1a7o6bKU?si=rLYvcvZkeDzk1KV5', 11, 2);
# INSERT INTO exercise_muscle (exercise_id, muscle_id, intensity) VALUES (2069, 13, 10);
# INSERT INTO exercise_muscle (exercise_id, muscle_id, intensity) VALUES (2069, 14, 7);
# INSERT INTO exercise_muscle (exercise_id, muscle_id, intensity) VALUES (2069, 21, 4);
#
# -- Exercise ID: 2070
# INSERT INTO Exercise (id, title, description, link, equipment_id, training_type_id) VALUES (2070, 'Battle Rope Low Switch Cossack Squat Alternating Wave', 'Target: Quadriceps', NULL, 32, 3);
# INSERT INTO exercise_muscle (exercise_id, muscle_id, intensity) VALUES (2070, 13, 10);
# INSERT INTO exercise_muscle (exercise_id, muscle_id, intensity) VALUES (2070, 14, 7);
# INSERT INTO exercise_muscle (exercise_id, muscle_id, intensity) VALUES (2070, 8, 4);
#
# -- Exercise ID: 2071
# INSERT INTO Exercise (id, title, description, link, equipment_id, training_type_id) VALUES (2071, 'Plate Overhead Cossack Squat', 'Target: Quadriceps', NULL, 22, 2);
# INSERT INTO exercise_muscle (exercise_id, muscle_id, intensity) VALUES (2071, 13, 10);
# INSERT INTO exercise_muscle (exercise_id, muscle_id, intensity) VALUES (2071, 14, 7);
# INSERT INTO exercise_muscle (exercise_id, muscle_id, intensity) VALUES (2071, 21, 4);
#
# -- Exercise ID: 2072
# INSERT INTO Exercise (id, title, description, link, equipment_id, training_type_id) VALUES (2072, 'Plate Overhead Alternating Cossack Squat', 'Target: Quadriceps', NULL, 22, 2);
# INSERT INTO exercise_muscle (exercise_id, muscle_id, intensity) VALUES (2072, 13, 10);
# INSERT INTO exercise_muscle (exercise_id, muscle_id, intensity) VALUES (2072, 14, 7);
# INSERT INTO exercise_muscle (exercise_id, muscle_id, intensity) VALUES (2072, 21, 4);
#
# -- Exercise ID: 2073
# INSERT INTO Exercise (id, title, description, link, equipment_id, training_type_id) VALUES (2073, 'Plate Overhead Low Switch Cossack Squat', 'Target: Quadriceps', NULL, 22, 2);
# INSERT INTO exercise_muscle (exercise_id, muscle_id, intensity) VALUES (2073, 13, 10);
# INSERT INTO exercise_muscle (exercise_id, muscle_id, intensity) VALUES (2073, 14, 7);
# INSERT INTO exercise_muscle (exercise_id, muscle_id, intensity) VALUES (2073, 21, 4);
#
# -- Exercise ID: 2074
# INSERT INTO Exercise (id, title, description, link, equipment_id, training_type_id) VALUES (2074, 'Plate Overhead Foot Elevated Cossack Squat', 'Target: Quadriceps', NULL, 22, 2);
# INSERT INTO exercise_muscle (exercise_id, muscle_id, intensity) VALUES (2074, 13, 10);
# INSERT INTO exercise_muscle (exercise_id, muscle_id, intensity) VALUES (2074, 14, 7);
# INSERT INTO exercise_muscle (exercise_id, muscle_id, intensity) VALUES (2074, 21, 4);
#
# -- Exercise ID: 2075
# INSERT INTO Exercise (id, title, description, link, equipment_id, training_type_id) VALUES (2075, 'Bulgarian Bag Back Rack Cossack Squat', 'Target: Quadriceps', NULL, 34, 2);
# INSERT INTO exercise_muscle (exercise_id, muscle_id, intensity) VALUES (2075, 13, 10);
# INSERT INTO exercise_muscle (exercise_id, muscle_id, intensity) VALUES (2075, 14, 7);
# INSERT INTO exercise_muscle (exercise_id, muscle_id, intensity) VALUES (2075, 21, 4);
#
# -- Exercise ID: 2076
# INSERT INTO Exercise (id, title, description, link, equipment_id, training_type_id) VALUES (2076, 'Bulgarian Bag Back Rack Alternating Cossack Squat', 'Target: Quadriceps', 'https://youtu.be/wqXP71ooU44?si=oje6--5yoC_aZeha', 34, 2);
# INSERT INTO exercise_muscle (exercise_id, muscle_id, intensity) VALUES (2076, 13, 10);
# INSERT INTO exercise_muscle (exercise_id, muscle_id, intensity) VALUES (2076, 14, 7);
# INSERT INTO exercise_muscle (exercise_id, muscle_id, intensity) VALUES (2076, 21, 4);
#
# -- Exercise ID: 2077
# INSERT INTO Exercise (id, title, description, link, equipment_id, training_type_id) VALUES (2077, 'Bulgarian Bag Back Rack Low Switch Cossack Squat', 'Target: Quadriceps', NULL, 34, 2);
# INSERT INTO exercise_muscle (exercise_id, muscle_id, intensity) VALUES (2077, 13, 10);
# INSERT INTO exercise_muscle (exercise_id, muscle_id, intensity) VALUES (2077, 14, 7);
# INSERT INTO exercise_muscle (exercise_id, muscle_id, intensity) VALUES (2077, 21, 4);
#
# -- Exercise ID: 2078
# INSERT INTO Exercise (id, title, description, link, equipment_id, training_type_id) VALUES (2078, 'Bulgarian Bag Back Rack Foot Elevated Cossack Squat', 'Target: Quadriceps', NULL, 34, 2);
# INSERT INTO exercise_muscle (exercise_id, muscle_id, intensity) VALUES (2078, 13, 10);
# INSERT INTO exercise_muscle (exercise_id, muscle_id, intensity) VALUES (2078, 14, 7);
# INSERT INTO exercise_muscle (exercise_id, muscle_id, intensity) VALUES (2078, 21, 4);
#
# -- Exercise ID: 2079
# INSERT INTO Exercise (id, title, description, link, equipment_id, training_type_id) VALUES (2079, 'Sandbag Front Rack Cossack Squat', 'Target: Quadriceps', NULL, 36, 2);
# INSERT INTO exercise_muscle (exercise_id, muscle_id, intensity) VALUES (2079, 13, 10);
# INSERT INTO exercise_muscle (exercise_id, muscle_id, intensity) VALUES (2079, 14, 7);
# INSERT INTO exercise_muscle (exercise_id, muscle_id, intensity) VALUES (2079, 21, 4);
#
# -- Exercise ID: 2080
# INSERT INTO Exercise (id, title, description, link, equipment_id, training_type_id) VALUES (2080, 'Sandbag Front Rack Alternating Cossack Squat', 'Target: Quadriceps', 'https://youtu.be/XOCZvsIB-ys?si=icJ1C2ots-yLy5_7', 36, 2);
# INSERT INTO exercise_muscle (exercise_id, muscle_id, intensity) VALUES (2080, 13, 10);
# INSERT INTO exercise_muscle (exercise_id, muscle_id, intensity) VALUES (2080, 14, 7);
# INSERT INTO exercise_muscle (exercise_id, muscle_id, intensity) VALUES (2080, 21, 4);
#
# -- Exercise ID: 2081
# INSERT INTO Exercise (id, title, description, link, equipment_id, training_type_id) VALUES (2081, 'Sandbag Front Rack Low Switch Cossack Squat', 'Target: Quadriceps', NULL, 36, 2);
# INSERT INTO exercise_muscle (exercise_id, muscle_id, intensity) VALUES (2081, 13, 10);
# INSERT INTO exercise_muscle (exercise_id, muscle_id, intensity) VALUES (2081, 14, 7);
# INSERT INTO exercise_muscle (exercise_id, muscle_id, intensity) VALUES (2081, 21, 4);
#
# -- Exercise ID: 2082
# INSERT INTO Exercise (id, title, description, link, equipment_id, training_type_id) VALUES (2082, 'Sandbag Front Rack Foot Elevated Cossack Squat', 'Target: Quadriceps', NULL, 36, 2);
# INSERT INTO exercise_muscle (exercise_id, muscle_id, intensity) VALUES (2082, 13, 10);
# INSERT INTO exercise_muscle (exercise_id, muscle_id, intensity) VALUES (2082, 14, 7);
# INSERT INTO exercise_muscle (exercise_id, muscle_id, intensity) VALUES (2082, 21, 4);
#
# -- Exercise ID: 2083
# INSERT INTO Exercise (id, title, description, link, equipment_id, training_type_id) VALUES (2083, 'Bulgarian Bag Back Rack Bulgarian Split Squat', 'Target: Quadriceps', NULL, 34, 2);
# INSERT INTO exercise_muscle (exercise_id, muscle_id, intensity) VALUES (2083, 13, 10);
# INSERT INTO exercise_muscle (exercise_id, muscle_id, intensity) VALUES (2083, 21, 7);
# INSERT INTO exercise_muscle (exercise_id, muscle_id, intensity) VALUES (2083, 22, 4);
#
# -- Exercise ID: 2084
# INSERT INTO Exercise (id, title, description, link, equipment_id, training_type_id) VALUES (2084, 'Plate Dead Bug', 'Target: Abdominals', 'https://youtu.be/DPNDaQoxjsQ?si=KOvphYYrIaszuK1F', 22, 3);
# INSERT INTO exercise_muscle (exercise_id, muscle_id, intensity) VALUES (2084, 11, 10);
# INSERT INTO exercise_muscle (exercise_id, muscle_id, intensity) VALUES (2084, 12, 7);
# INSERT INTO exercise_muscle (exercise_id, muscle_id, intensity) VALUES (2084, 13, 4);
#
# -- Exercise ID: 2085
# INSERT INTO Exercise (id, title, description, link, equipment_id, training_type_id) VALUES (2085, 'Sandbag Front Rack Bulgarian Split Squat', 'Target: Quadriceps', 'https://youtu.be/41RTZolbtPk?si=HjTttPYPllgpQXeT', 36, 2);
# INSERT INTO exercise_muscle (exercise_id, muscle_id, intensity) VALUES (2085, 13, 10);
# INSERT INTO exercise_muscle (exercise_id, muscle_id, intensity) VALUES (2085, 21, 7);
# INSERT INTO exercise_muscle (exercise_id, muscle_id, intensity) VALUES (2085, 22, 4);
#
# -- Exercise ID: 2086
# INSERT INTO Exercise (id, title, description, link, equipment_id, training_type_id) VALUES (2086, 'Sandbag Back Rack Bulgarian Split Squat', 'Target: Quadriceps', 'https://youtu.be/uuVkmAJd-y0?si=JvCPYFXj-MAzRMAF', 36, 2);
# INSERT INTO exercise_muscle (exercise_id, muscle_id, intensity) VALUES (2086, 13, 10);
# INSERT INTO exercise_muscle (exercise_id, muscle_id, intensity) VALUES (2086, 21, 7);
# INSERT INTO exercise_muscle (exercise_id, muscle_id, intensity) VALUES (2086, 22, 4);
#
# -- Exercise ID: 2087
# INSERT INTO Exercise (id, title, description, link, equipment_id, training_type_id) VALUES (2087, 'Plate Russian Twist', 'Target: Abdominals', 'https://youtu.be/JYftrLVWUD8?si=WwaPZ7K8HUnsrnqN', 22, 3);
# INSERT INTO exercise_muscle (exercise_id, muscle_id, intensity) VALUES (2087, 12, 10);
# INSERT INTO exercise_muscle (exercise_id, muscle_id, intensity) VALUES (2087, 11, 7);
#
# -- Exercise ID: 2088
# INSERT INTO Exercise (id, title, description, link, equipment_id, training_type_id) VALUES (2088, 'Plate Feet Elevated Russian Twist', 'Target: Abdominals', 'https://youtu.be/4p5jWyz-YRQ?si=A80S2QY5Wu5Lql2-', 22, 3);
# INSERT INTO exercise_muscle (exercise_id, muscle_id, intensity) VALUES (2088, 12, 10);
# INSERT INTO exercise_muscle (exercise_id, muscle_id, intensity) VALUES (2088, 11, 7);
#
# -- Exercise ID: 2089
# INSERT INTO Exercise (id, title, description, link, equipment_id, training_type_id) VALUES (2089, 'Bodyweight Feet Elevated Russian Twist', 'Target: Abdominals', 'https://youtu.be/WT9UCB_1Y8Q?si=dmkzRkM-dzlFe1ux', 2, 3);
# INSERT INTO exercise_muscle (exercise_id, muscle_id, intensity) VALUES (2089, 12, 10);
# INSERT INTO exercise_muscle (exercise_id, muscle_id, intensity) VALUES (2089, 11, 7);
#
# -- Exercise ID: 2090
# INSERT INTO Exercise (id, title, description, link, equipment_id, training_type_id) VALUES (2090, 'Bodyweight Russian Twist', 'Target: Abdominals', 'https://youtu.be/m-dlg3v8SkY?si=KI1hgOAtTqI0ty6r', 2, 3);
# INSERT INTO exercise_muscle (exercise_id, muscle_id, intensity) VALUES (2090, 12, 10);
# INSERT INTO exercise_muscle (exercise_id, muscle_id, intensity) VALUES (2090, 11, 7);
#
# -- Exercise ID: 2091
# INSERT INTO Exercise (id, title, description, link, equipment_id, training_type_id) VALUES (2091, 'Landmine Russian Twist', 'Target: Abdominals', 'https://youtu.be/OyKu-DvXxAc?feature=shared', 19, 3);
# INSERT INTO exercise_muscle (exercise_id, muscle_id, intensity) VALUES (2091, 12, 10);
# INSERT INTO exercise_muscle (exercise_id, muscle_id, intensity) VALUES (2091, 11, 7);
#
# -- Exercise ID: 2092
# INSERT INTO Exercise (id, title, description, link, equipment_id, training_type_id) VALUES (2092, 'Bodyweight Alternating Hawaiian Squat', 'Target: Quadriceps', 'https://youtu.be/_nfx1aDx87o?si=T4Vw1FKJpAnHEuV6', 2, 4);
# INSERT INTO exercise_muscle (exercise_id, muscle_id, intensity) VALUES (2092, 13, 10);
# INSERT INTO exercise_muscle (exercise_id, muscle_id, intensity) VALUES (2092, 21, 7);
#
# -- Exercise ID: 2093
# INSERT INTO Exercise (id, title, description, link, equipment_id, training_type_id) VALUES (2093, 'Bodyweight Hawaiian Squat', 'Target: Quadriceps', 'https://youtu.be/6mefiFE8CVM?si=KyPC_eM0qqnT8F_x', 2, 4);
# INSERT INTO exercise_muscle (exercise_id, muscle_id, intensity) VALUES (2093, 13, 10);
# INSERT INTO exercise_muscle (exercise_id, muscle_id, intensity) VALUES (2093, 21, 7);
#
# -- Exercise ID: 2094
# INSERT INTO Exercise (id, title, description, link, equipment_id, training_type_id) VALUES (2094, 'Suspension Hawaiian Squat', 'Target: Quadriceps', NULL, 11, 3);
# INSERT INTO exercise_muscle (exercise_id, muscle_id, intensity) VALUES (2094, 13, 10);
# INSERT INTO exercise_muscle (exercise_id, muscle_id, intensity) VALUES (2094, 21, 7);
#
# -- Exercise ID: 2095
# INSERT INTO Exercise (id, title, description, link, equipment_id, training_type_id) VALUES (2095, 'Bodyweight Hand Assisted Hawaiian Squat', 'Target: Quadriceps', 'https://youtu.be/qnw_7_U_fJU?si=0CZNhyLC07DBXGKk', 2, 4);
# INSERT INTO exercise_muscle (exercise_id, muscle_id, intensity) VALUES (2095, 13, 10);
# INSERT INTO exercise_muscle (exercise_id, muscle_id, intensity) VALUES (2095, 21, 7);
#
# -- Exercise ID: 2096
# INSERT INTO Exercise (id, title, description, link, equipment_id, training_type_id) VALUES (2096, 'Double Kettlebell Incline Bench Press', 'Target: Chest', 'https://youtu.be/Co5EWd-aiVk?si=NBvXIzNsQ1egWtQz', 15, 2);
# INSERT INTO exercise_muscle (exercise_id, muscle_id, intensity) VALUES (2096, 7, 10);
# INSERT INTO exercise_muscle (exercise_id, muscle_id, intensity) VALUES (2096, 4, 7);
#
# -- Exercise ID: 2097
# INSERT INTO Exercise (id, title, description, link, equipment_id, training_type_id) VALUES (2097, 'Single Arm Kettlebell Incline Bench Press', 'Target: Chest', 'https://youtu.be/ifEMtPwfvV0?si=_xR4TF-oMs8-LVSH', 15, 2);
# INSERT INTO exercise_muscle (exercise_id, muscle_id, intensity) VALUES (2097, 7, 10);
# INSERT INTO exercise_muscle (exercise_id, muscle_id, intensity) VALUES (2097, 4, 7);
#
# -- Exercise ID: 2098
# INSERT INTO Exercise (id, title, description, link, equipment_id, training_type_id) VALUES (2098, 'Alternating Double Kettlebell Incline Bench Press', 'Target: Chest', 'https://youtu.be/R3_u3kg7Ioo?si=ekSihU-Mge0xIWxv', 15, 2);
# INSERT INTO exercise_muscle (exercise_id, muscle_id, intensity) VALUES (2098, 7, 10);
# INSERT INTO exercise_muscle (exercise_id, muscle_id, intensity) VALUES (2098, 4, 7);
#
# -- Exercise ID: 2099
# INSERT INTO Exercise (id, title, description, link, equipment_id, training_type_id) VALUES (2099, 'Single Arm Kettlebell Seated Overhead Press', 'Target: Shoulders', 'https://youtu.be/LcVh7l7WyJo', 15, 2);
# INSERT INTO exercise_muscle (exercise_id, muscle_id, intensity) VALUES (2099, 2, 10);
# INSERT INTO exercise_muscle (exercise_id, muscle_id, intensity) VALUES (2099, 4, 7);
#
# -- Exercise ID: 2100
# INSERT INTO Exercise (id, title, description, link, equipment_id, training_type_id) VALUES (2100, 'Single Arm Kettlebell Knee Supported Row', 'Target: Back', 'https://youtu.be/JdXRG8B3N8E?si=uO1aFa0IBUO3nVqz', 15, 2);
# INSERT INTO exercise_muscle (exercise_id, muscle_id, intensity) VALUES (2100, 17, 10);
#
# -- Exercise ID: 2101
# INSERT INTO Exercise (id, title, description, link, equipment_id, training_type_id) VALUES (2101, 'Macebell Offset Thruster', 'Target: Quadriceps', 'https://youtu.be/yeaFdnu5pls?si=N1yYEQFwZfUlKLMg', 24, 2);
# INSERT INTO exercise_muscle (exercise_id, muscle_id, intensity) VALUES (2101, 13, 10);
# INSERT INTO exercise_muscle (exercise_id, muscle_id, intensity) VALUES (2101, 2, 7);
#
# -- Exercise ID: 2102
# INSERT INTO Exercise (id, title, description, link, equipment_id, training_type_id) VALUES (2102, 'Single Arm Dummbell Overhead Foot Elevated Contralateral Cossack Squat', 'Target: Quadriceps', NULL, 6, 2);
# INSERT INTO exercise_muscle (exercise_id, muscle_id, intensity) VALUES (2102, 13, 10);
# INSERT INTO exercise_muscle (exercise_id, muscle_id, intensity) VALUES (2102, 14, 7);
# INSERT INTO exercise_muscle (exercise_id, muscle_id, intensity) VALUES (2102, 21, 4);
#
# -- Exercise ID: 2103
# INSERT INTO Exercise (id, title, description, link, equipment_id, training_type_id) VALUES (2103, 'Single Arm Dummbell Overhead Foot Elevated Ipsilateral Cossack Squat', 'Target: Quadriceps', NULL, 6, 2);
# INSERT INTO exercise_muscle (exercise_id, muscle_id, intensity) VALUES (2103, 13, 10);
# INSERT INTO exercise_muscle (exercise_id, muscle_id, intensity) VALUES (2103, 14, 7);
# INSERT INTO exercise_muscle (exercise_id, muscle_id, intensity) VALUES (2103, 21, 4);
#
# -- Exercise ID: 2104
# INSERT INTO Exercise (id, title, description, link, equipment_id, training_type_id) VALUES (2104, 'Double Kettlebell Seated Overhead Press', 'Target: Shoulders', 'https://youtu.be/vSjthx8vHNs?si=HUKI9YcVXeNdFeVx', 15, 2);
# INSERT INTO exercise_muscle (exercise_id, muscle_id, intensity) VALUES (2104, 2, 10);
# INSERT INTO exercise_muscle (exercise_id, muscle_id, intensity) VALUES (2104, 4, 7);
#
# -- Exercise ID: 2105
# INSERT INTO Exercise (id, title, description, link, equipment_id, training_type_id) VALUES (2105, 'Double Dumbbell Suitcase Cyclist Squat', 'Target: Quadriceps', 'https://youtu.be/1ij5SfH4PMo?si=HuKVOjAkOpK16kCi', 6, 2);
# INSERT INTO exercise_muscle (exercise_id, muscle_id, intensity) VALUES (2105, 13, 10);
# INSERT INTO exercise_muscle (exercise_id, muscle_id, intensity) VALUES (2105, 21, 7);
# INSERT INTO exercise_muscle (exercise_id, muscle_id, intensity) VALUES (2105, 6, 4);
#
# -- Exercise ID: 2106
# INSERT INTO Exercise (id, title, description, link, equipment_id, training_type_id) VALUES (2106, 'Single Arm Dumbbell Suitcase Cyclist Squat', 'Target: Quadriceps', NULL, 6, 2);
# INSERT INTO exercise_muscle (exercise_id, muscle_id, intensity) VALUES (2106, 13, 10);
# INSERT INTO exercise_muscle (exercise_id, muscle_id, intensity) VALUES (2106, 21, 7);
# INSERT INTO exercise_muscle (exercise_id, muscle_id, intensity) VALUES (2106, 6, 4);
#
# -- Exercise ID: 2107
# INSERT INTO Exercise (id, title, description, link, equipment_id, training_type_id) VALUES (2107, 'Alternating Double Kettlebell Seated Overhead Press', 'Target: Shoulders', 'https://youtu.be/AlwLsoYSZo8?si=vd7o72xnaBnjH3gj', 15, 2);
# INSERT INTO exercise_muscle (exercise_id, muscle_id, intensity) VALUES (2107, 2, 10);
# INSERT INTO exercise_muscle (exercise_id, muscle_id, intensity) VALUES (2107, 4, 7);
#
# -- Exercise ID: 2108
# INSERT INTO Exercise (id, title, description, link, equipment_id, training_type_id) VALUES (2108, 'Double Kettlebell Bench Press', 'Target: Chest', 'https://youtu.be/R2LOc0ZTcLI?si=0ry8ntEThAk2l6WI', 15, 2);
# INSERT INTO exercise_muscle (exercise_id, muscle_id, intensity) VALUES (2108, 7, 10);
# INSERT INTO exercise_muscle (exercise_id, muscle_id, intensity) VALUES (2108, 4, 7);
#
# -- Exercise ID: 2109
# INSERT INTO Exercise (id, title, description, link, equipment_id, training_type_id) VALUES (2109, 'Single Arm Macebell Order Cyclist Squat', 'Target: Quadriceps', NULL, 24, 2);
# INSERT INTO exercise_muscle (exercise_id, muscle_id, intensity) VALUES (2109, 13, 10);
# INSERT INTO exercise_muscle (exercise_id, muscle_id, intensity) VALUES (2109, 21, 7);
# INSERT INTO exercise_muscle (exercise_id, muscle_id, intensity) VALUES (2109, 6, 4);
#
# -- Exercise ID: 2110
# INSERT INTO Exercise (id, title, description, link, equipment_id, training_type_id) VALUES (2110, 'Plate Overhead Cyclist Squat', 'Target: Quadriceps', NULL, 22, 2);
# INSERT INTO exercise_muscle (exercise_id, muscle_id, intensity) VALUES (2110, 13, 10);
# INSERT INTO exercise_muscle (exercise_id, muscle_id, intensity) VALUES (2110, 21, 7);
# INSERT INTO exercise_muscle (exercise_id, muscle_id, intensity) VALUES (2110, 6, 4);
#
# -- Exercise ID: 2111
# INSERT INTO Exercise (id, title, description, link, equipment_id, training_type_id) VALUES (2111, 'Bulgarian Bag Back Rack Cyclist Squat', 'Target: Quadriceps', NULL, 34, 2);
# INSERT INTO exercise_muscle (exercise_id, muscle_id, intensity) VALUES (2111, 13, 10);
# INSERT INTO exercise_muscle (exercise_id, muscle_id, intensity) VALUES (2111, 21, 7);
# INSERT INTO exercise_muscle (exercise_id, muscle_id, intensity) VALUES (2111, 6, 4);
#
# -- Exercise ID: 2112
# INSERT INTO Exercise (id, title, description, link, equipment_id, training_type_id) VALUES (2112, 'Sandbag Front Rack Cyclist Squat', 'Target: Quadriceps', NULL, 36, 2);
# INSERT INTO exercise_muscle (exercise_id, muscle_id, intensity) VALUES (2112, 13, 10);
# INSERT INTO exercise_muscle (exercise_id, muscle_id, intensity) VALUES (2112, 21, 7);
# INSERT INTO exercise_muscle (exercise_id, muscle_id, intensity) VALUES (2112, 6, 4);
#
# -- Exercise ID: 2113
# INSERT INTO Exercise (id, title, description, link, equipment_id, training_type_id) VALUES (2113, 'Heavy Sandbag Bear Hug Cyclist Squat', 'Target: Quadriceps', NULL, 35, 3);
# INSERT INTO exercise_muscle (exercise_id, muscle_id, intensity) VALUES (2113, 13, 10);
# INSERT INTO exercise_muscle (exercise_id, muscle_id, intensity) VALUES (2113, 21, 7);
# INSERT INTO exercise_muscle (exercise_id, muscle_id, intensity) VALUES (2113, 6, 4);
#
# -- Exercise ID: 2114
# INSERT INTO Exercise (id, title, description, link, equipment_id, training_type_id) VALUES (2114, 'Heavy Sandbag Shoulder Cyclist Squat', 'Target: Quadriceps', NULL, 35, 3);
# INSERT INTO exercise_muscle (exercise_id, muscle_id, intensity) VALUES (2114, 13, 10);
# INSERT INTO exercise_muscle (exercise_id, muscle_id, intensity) VALUES (2114, 21, 7);
# INSERT INTO exercise_muscle (exercise_id, muscle_id, intensity) VALUES (2114, 6, 4);
#
# -- Exercise ID: 2115
# INSERT INTO Exercise (id, title, description, link, equipment_id, training_type_id) VALUES (2115, 'Landmine Goblet Cyclist Squat', 'Target: Quadriceps', 'https://youtu.be/MeBEmS3QRjE?si=lZ0o-kYlVdKtkDqe', 19, 2);
# INSERT INTO exercise_muscle (exercise_id, muscle_id, intensity) VALUES (2115, 13, 10);
# INSERT INTO exercise_muscle (exercise_id, muscle_id, intensity) VALUES (2115, 21, 7);
# INSERT INTO exercise_muscle (exercise_id, muscle_id, intensity) VALUES (2115, 6, 4);
#
# -- Exercise ID: 2116
# INSERT INTO Exercise (id, title, description, link, equipment_id, training_type_id) VALUES (2116, 'Double Dumbbell Tall Kneeling Shrug', 'Target: Trapezius', 'https://youtu.be/-E9IilV53AI?si=3376PVeqdmgVn2AJ', 6, 2);
# INSERT INTO exercise_muscle (exercise_id, muscle_id, intensity) VALUES (2116, 9, 10);
# INSERT INTO exercise_muscle (exercise_id, muscle_id, intensity) VALUES (2116, 18, 4);
#
# -- Exercise ID: 2117
# INSERT INTO Exercise (id, title, description, link, equipment_id, training_type_id) VALUES (2117, 'Single Arm Kettlebell Bench Press', 'Target: Chest', 'https://youtu.be/jme7uJ99oI4?si=zSBDr4Bv5l6vINmf', 15, 2);
# INSERT INTO exercise_muscle (exercise_id, muscle_id, intensity) VALUES (2117, 7, 10);
# INSERT INTO exercise_muscle (exercise_id, muscle_id, intensity) VALUES (2117, 4, 7);
#
# -- Exercise ID: 2118
# INSERT INTO Exercise (id, title, description, link, equipment_id, training_type_id) VALUES (2118, 'Dumbbell Goblet Pistol Squat', 'Target: Quadriceps', 'https://youtu.be/QPzYCYVpsFA?si=Kc9-HoWbiLTj997Y', 6, 12);
# INSERT INTO exercise_muscle (exercise_id, muscle_id, intensity) VALUES (2118, 13, 10);
# INSERT INTO exercise_muscle (exercise_id, muscle_id, intensity) VALUES (2118, 21, 7);
#
# -- Exercise ID: 2119
# INSERT INTO Exercise (id, title, description, link, equipment_id, training_type_id) VALUES (2119, 'Dumbbell Goblet Alternating Pistol Squat', 'Target: Quadriceps', NULL, 6, 12);
# INSERT INTO exercise_muscle (exercise_id, muscle_id, intensity) VALUES (2119, 13, 10);
# INSERT INTO exercise_muscle (exercise_id, muscle_id, intensity) VALUES (2119, 21, 7);
#
# -- Exercise ID: 2120
# INSERT INTO Exercise (id, title, description, link, equipment_id, training_type_id) VALUES (2120, 'Alternating Double Kettlebell Bench Press', 'Target: Chest', 'https://youtu.be/nE9UnkFqPMg?si=uhDy9WDlpMa_ogud', 15, 2);
# INSERT INTO exercise_muscle (exercise_id, muscle_id, intensity) VALUES (2120, 7, 10);
# INSERT INTO exercise_muscle (exercise_id, muscle_id, intensity) VALUES (2120, 4, 7);
#
# -- Exercise ID: 2121
# INSERT INTO Exercise (id, title, description, link, equipment_id, training_type_id) VALUES (2121, 'Bodyweight Alternating Pistol Squat', 'Target: Quadriceps', 'https://youtu.be/uqIMqZmyyH8?si=J2AzvjdNfcenC6Jm', 2, 4);
# INSERT INTO exercise_muscle (exercise_id, muscle_id, intensity) VALUES (2121, 13, 10);
# INSERT INTO exercise_muscle (exercise_id, muscle_id, intensity) VALUES (2121, 21, 7);
#
# -- Exercise ID: 2122
# INSERT INTO Exercise (id, title, description, link, equipment_id, training_type_id) VALUES (2122, 'Barbell Zombie Pistol Squat', 'Target: Quadriceps', 'https://youtu.be/G-neztXXSCA?si=txR7W1HSVUCckbMc', 12, 12);
# INSERT INTO exercise_muscle (exercise_id, muscle_id, intensity) VALUES (2122, 13, 10);
# INSERT INTO exercise_muscle (exercise_id, muscle_id, intensity) VALUES (2122, 21, 7);
#
# -- Exercise ID: 2123
# INSERT INTO Exercise (id, title, description, link, equipment_id, training_type_id) VALUES (2123, 'Barbell Front Rack Pistol Squat', 'Target: Quadriceps', NULL, 12, 12);
# INSERT INTO exercise_muscle (exercise_id, muscle_id, intensity) VALUES (2123, 13, 10);
# INSERT INTO exercise_muscle (exercise_id, muscle_id, intensity) VALUES (2123, 21, 7);
#
# -- Exercise ID: 2124
# INSERT INTO Exercise (id, title, description, link, equipment_id, training_type_id) VALUES (2124, 'Barbell Back Rack Pistol Squat', 'Target: Quadriceps', NULL, 12, 12);
# INSERT INTO exercise_muscle (exercise_id, muscle_id, intensity) VALUES (2124, 13, 10);
# INSERT INTO exercise_muscle (exercise_id, muscle_id, intensity) VALUES (2124, 21, 7);
#
# -- Exercise ID: 2125
# INSERT INTO Exercise (id, title, description, link, equipment_id, training_type_id) VALUES (2125, 'Barbell Zercher Pistol Squat', 'Target: Quadriceps', NULL, 12, 12);
# INSERT INTO exercise_muscle (exercise_id, muscle_id, intensity) VALUES (2125, 13, 10);
# INSERT INTO exercise_muscle (exercise_id, muscle_id, intensity) VALUES (2125, 21, 7);
#
# -- Exercise ID: 2126
# INSERT INTO Exercise (id, title, description, link, equipment_id, training_type_id) VALUES (2126, 'Dumbbell Crush Grip Front Rack Squat', 'Target: Quadriceps', 'https://youtu.be/00Dc5QnwzGI?feature=shared', 6, 2);
# INSERT INTO exercise_muscle (exercise_id, muscle_id, intensity) VALUES (2126, 13, 10);
# INSERT INTO exercise_muscle (exercise_id, muscle_id, intensity) VALUES (2126, 21, 7);
#
# -- Exercise ID: 2127
# INSERT INTO Exercise (id, title, description, link, equipment_id, training_type_id) VALUES (2127, 'Double Kettlebell Decline Bench Press', 'Target: Chest', 'https://youtu.be/bKh4C0xyCRw?si=hRBvxJouDXj8MfIL', 15, 2);
# INSERT INTO exercise_muscle (exercise_id, muscle_id, intensity) VALUES (2127, 7, 10);
# INSERT INTO exercise_muscle (exercise_id, muscle_id, intensity) VALUES (2127, 4, 7);
#
# -- Exercise ID: 2128
# INSERT INTO Exercise (id, title, description, link, equipment_id, training_type_id) VALUES (2128, 'Single Arm Kettlebell Decline Bench Press', 'Target: Chest', NULL, 15, 2);
# INSERT INTO exercise_muscle (exercise_id, muscle_id, intensity) VALUES (2128, 7, 10);
# INSERT INTO exercise_muscle (exercise_id, muscle_id, intensity) VALUES (2128, 4, 7);
#
# -- Exercise ID: 2129
# INSERT INTO Exercise (id, title, description, link, equipment_id, training_type_id) VALUES (2129, 'Single Arm Macebell Order Squat', 'Target: Quadriceps', NULL, 24, 3);
# INSERT INTO exercise_muscle (exercise_id, muscle_id, intensity) VALUES (2129, 13, 10);
# INSERT INTO exercise_muscle (exercise_id, muscle_id, intensity) VALUES (2129, 21, 7);
#
# -- Exercise ID: 2130
# INSERT INTO Exercise (id, title, description, link, equipment_id, training_type_id) VALUES (2130, 'Sandbag Front Rack Squat', 'Target: Quadriceps', 'https://youtu.be/-TTZd1lASkw?si=T4OTaFzbqRaGAc3m', 36, 2);
# INSERT INTO exercise_muscle (exercise_id, muscle_id, intensity) VALUES (2130, 13, 10);
# INSERT INTO exercise_muscle (exercise_id, muscle_id, intensity) VALUES (2130, 21, 7);
#
# -- Exercise ID: 2131
# INSERT INTO Exercise (id, title, description, link, equipment_id, training_type_id) VALUES (2131, 'Sandbag Back Rack Squat', 'Target: Quadriceps', 'https://youtu.be/TTZlek-Jeec?si=nJsuOnJws7uylodj', 36, 2);
# INSERT INTO exercise_muscle (exercise_id, muscle_id, intensity) VALUES (2131, 13, 10);
# INSERT INTO exercise_muscle (exercise_id, muscle_id, intensity) VALUES (2131, 21, 7);
#
# -- Exercise ID: 2132
# INSERT INTO Exercise (id, title, description, link, equipment_id, training_type_id) VALUES (2132, 'Sandbag Back Rack Alternating Cossack Squat', 'Target: Quadriceps', 'https://youtu.be/V-CvLcQhsPk?feature=shared', 36, 2);
# INSERT INTO exercise_muscle (exercise_id, muscle_id, intensity) VALUES (2132, 13, 10);
# INSERT INTO exercise_muscle (exercise_id, muscle_id, intensity) VALUES (2132, 14, 7);
# INSERT INTO exercise_muscle (exercise_id, muscle_id, intensity) VALUES (2132, 21, 4);
#
# -- Exercise ID: 2133
# INSERT INTO Exercise (id, title, description, link, equipment_id, training_type_id) VALUES (2133, 'Sandbag Back Rack Cossack Squat', 'Target: Quadriceps', NULL, 36, 2);
# INSERT INTO exercise_muscle (exercise_id, muscle_id, intensity) VALUES (2133, 13, 10);
# INSERT INTO exercise_muscle (exercise_id, muscle_id, intensity) VALUES (2133, 14, 7);
# INSERT INTO exercise_muscle (exercise_id, muscle_id, intensity) VALUES (2133, 21, 4);
#
# -- Exercise ID: 2134
# INSERT INTO Exercise (id, title, description, link, equipment_id, training_type_id) VALUES (2134, 'Sandbag Back Rack Low Switch Cossack Squat', 'Target: Quadriceps', NULL, 36, 2);
# INSERT INTO exercise_muscle (exercise_id, muscle_id, intensity) VALUES (2134, 13, 10);
# INSERT INTO exercise_muscle (exercise_id, muscle_id, intensity) VALUES (2134, 14, 7);
# INSERT INTO exercise_muscle (exercise_id, muscle_id, intensity) VALUES (2134, 21, 4);
#
# -- Exercise ID: 2135
# INSERT INTO Exercise (id, title, description, link, equipment_id, training_type_id) VALUES (2135, 'Sandbag Back Rack Foot Elevated Cossack Squat', 'Target: Quadriceps', NULL, 36, 2);
# INSERT INTO exercise_muscle (exercise_id, muscle_id, intensity) VALUES (2135, 13, 10);
# INSERT INTO exercise_muscle (exercise_id, muscle_id, intensity) VALUES (2135, 14, 7);
# INSERT INTO exercise_muscle (exercise_id, muscle_id, intensity) VALUES (2135, 21, 4);
#
# -- Exercise ID: 2136
# INSERT INTO Exercise (id, title, description, link, equipment_id, training_type_id) VALUES (2136, 'Bulgarian Bag Back Rack Curtsy Lunge', 'Target: Quadriceps', 'https://youtu.be/6Y7jLhsURck?si=ZI60iuhlYRh4x0Ul', 34, 2);
# INSERT INTO exercise_muscle (exercise_id, muscle_id, intensity) VALUES (2136, 13, 10);
# INSERT INTO exercise_muscle (exercise_id, muscle_id, intensity) VALUES (2136, 21, 7);
# INSERT INTO exercise_muscle (exercise_id, muscle_id, intensity) VALUES (2136, 14, 4);
#
# -- Exercise ID: 2137
# INSERT INTO Exercise (id, title, description, link, equipment_id, training_type_id) VALUES (2137, 'Bulgarian Bag Back Rack Alternating Curtsy Lunge', 'Target: Quadriceps', NULL, 34, 2);
# INSERT INTO exercise_muscle (exercise_id, muscle_id, intensity) VALUES (2137, 13, 10);
# INSERT INTO exercise_muscle (exercise_id, muscle_id, intensity) VALUES (2137, 21, 7);
# INSERT INTO exercise_muscle (exercise_id, muscle_id, intensity) VALUES (2137, 14, 4);
#
# -- Exercise ID: 2138
# INSERT INTO Exercise (id, title, description, link, equipment_id, training_type_id) VALUES (2138, 'Alternating Double Kettlebell Decline Bench Press', 'Target: Chest', NULL, 15, 2);
# INSERT INTO exercise_muscle (exercise_id, muscle_id, intensity) VALUES (2138, 7, 10);
# INSERT INTO exercise_muscle (exercise_id, muscle_id, intensity) VALUES (2138, 4, 7);
#
# -- Exercise ID: 2139
# INSERT INTO Exercise (id, title, description, link, equipment_id, training_type_id) VALUES (2139, 'Single Arm Suspension Ipsilateral Skater Squat', 'Target: Quadriceps', NULL, 11, 12);
# INSERT INTO exercise_muscle (exercise_id, muscle_id, intensity) VALUES (2139, 13, 10);
# INSERT INTO exercise_muscle (exercise_id, muscle_id, intensity) VALUES (2139, 21, 7);
#
# -- Exercise ID: 2140
# INSERT INTO Exercise (id, title, description, link, equipment_id, training_type_id) VALUES (2140, 'Sandbag Back Rack Walking Lunge', 'Target: Quadriceps', 'https://youtu.be/LUESjt8b2vY?si=vYksLJ6mIw7_F_DZ', 36, 2);
# INSERT INTO exercise_muscle (exercise_id, muscle_id, intensity) VALUES (2140, 13, 10);
# INSERT INTO exercise_muscle (exercise_id, muscle_id, intensity) VALUES (2140, 21, 7);
# INSERT INTO exercise_muscle (exercise_id, muscle_id, intensity) VALUES (2140, 22, 4);
#
# -- Exercise ID: 2141
# INSERT INTO Exercise (id, title, description, link, equipment_id, training_type_id) VALUES (2141, 'Resistance Band Pull Apart', 'Target: Shoulders', 'https://youtu.be/Z9Bryd2XtwY?si=13MbA6khrvgobwKt', 21, 8);
# INSERT INTO exercise_muscle (exercise_id, muscle_id, intensity) VALUES (2141, 19, 10);
#
# -- Exercise ID: 2142
# INSERT INTO Exercise (id, title, description, link, equipment_id, training_type_id) VALUES (2142, 'Sandbag Bent Over Row', 'Target: Back', 'https://youtu.be/QWniDREaQVY?si=nOmYsg0t5nXPcb0Q', 36, 2);
# INSERT INTO exercise_muscle (exercise_id, muscle_id, intensity) VALUES (2142, 17, 10);
# INSERT INTO exercise_muscle (exercise_id, muscle_id, intensity) VALUES (2142, 18, 7);
# INSERT INTO exercise_muscle (exercise_id, muscle_id, intensity) VALUES (2142, 19, 4);
#
# -- Exercise ID: 2143
# INSERT INTO Exercise (id, title, description, link, equipment_id, training_type_id) VALUES (2143, 'Double Dumbbell Bent Over Reverse Fly', 'Target: Shoulders', 'https://youtu.be/hf7jnF45N_I?si=1OHNa_B7yazQ9w4L', 6, 2);
# INSERT INTO exercise_muscle (exercise_id, muscle_id, intensity) VALUES (2143, 19, 10);
#
# -- Exercise ID: 2144
# INSERT INTO Exercise (id, title, description, link, equipment_id, training_type_id) VALUES (2144, 'Single Arm Dumbbell Knee Supported Tricep Kickback', 'Target: Triceps', 'https://youtu.be/om2bTuwKGes?si=nJJaeiJglypyQD_G', 6, 2);
# INSERT INTO exercise_muscle (exercise_id, muscle_id, intensity) VALUES (2144, 4, 10);
#
# -- Exercise ID: 2145
# INSERT INTO Exercise (id, title, description, link, equipment_id, training_type_id) VALUES (2145, 'Double Dumbbell Incline Bench Prone Tricep Kickback', 'Target: Triceps', 'https://youtu.be/kR9mqN6rxpQ?si=1GxxxZw4G3kFbAi0', 6, 2);
# INSERT INTO exercise_muscle (exercise_id, muscle_id, intensity) VALUES (2145, 4, 10);
#
# -- Exercise ID: 2146
# INSERT INTO Exercise (id, title, description, link, equipment_id, training_type_id) VALUES (2146, 'Single Arm Cable Tricep Kickback', 'Target: Triceps', 'https://youtu.be/DYsQWSbj7UM?si=XUOYSUKOaqGmOCQP', 8, 2);
# INSERT INTO exercise_muscle (exercise_id, muscle_id, intensity) VALUES (2146, 4, 10);
#
# -- Exercise ID: 2147
# INSERT INTO Exercise (id, title, description, link, equipment_id, training_type_id) VALUES (2147, 'Single Arm Dumbbell Tricep Kickback', 'Target: Triceps', 'https://youtu.be/MQOnCts9N9c?si=0NLgrLb84fi_4vxZ', 6, 2);
# INSERT INTO exercise_muscle (exercise_id, muscle_id, intensity) VALUES (2147, 4, 10);
#
# -- Exercise ID: 2148
# INSERT INTO Exercise (id, title, description, link, equipment_id, training_type_id) VALUES (2148, 'Slider Dumbbell Goblet Lateral Lunge', 'Target: Quadriceps', 'https://youtu.be/bN9sXaI7tdg?si=W3RoLGE6wUeZ8kQg', 14, 2);
# INSERT INTO exercise_muscle (exercise_id, muscle_id, intensity) VALUES (2148, 13, 10);
# INSERT INTO exercise_muscle (exercise_id, muscle_id, intensity) VALUES (2148, 21, 7);
# INSERT INTO exercise_muscle (exercise_id, muscle_id, intensity) VALUES (2148, 14, 4);
#
# -- Exercise ID: 2149
# INSERT INTO Exercise (id, title, description, link, equipment_id, training_type_id) VALUES (2149, 'Slider Single Arm Dumbbell Front Rack Contralateral Lateral Lunge', 'Target: Quadriceps', NULL, 14, 2);
# INSERT INTO exercise_muscle (exercise_id, muscle_id, intensity) VALUES (2149, 13, 10);
# INSERT INTO exercise_muscle (exercise_id, muscle_id, intensity) VALUES (2149, 21, 7);
# INSERT INTO exercise_muscle (exercise_id, muscle_id, intensity) VALUES (2149, 14, 4);
#
# -- Exercise ID: 2150
# INSERT INTO Exercise (id, title, description, link, equipment_id, training_type_id) VALUES (2150, 'Slider Single Arm Dumbbell Front Rack Ipsilateral Lateral Lunge', 'Target: Quadriceps', NULL, 14, 2);
# INSERT INTO exercise_muscle (exercise_id, muscle_id, intensity) VALUES (2150, 13, 10);
# INSERT INTO exercise_muscle (exercise_id, muscle_id, intensity) VALUES (2150, 21, 7);
# INSERT INTO exercise_muscle (exercise_id, muscle_id, intensity) VALUES (2150, 14, 4);
#
# -- Exercise ID: 2151
# INSERT INTO Exercise (id, title, description, link, equipment_id, training_type_id) VALUES (2151, 'Slider Single Arm Dumbbell Overhead Contralateral Lateral Lunge', 'Target: Quadriceps', NULL, 14, 2);
# INSERT INTO exercise_muscle (exercise_id, muscle_id, intensity) VALUES (2151, 13, 10);
# INSERT INTO exercise_muscle (exercise_id, muscle_id, intensity) VALUES (2151, 21, 7);
# INSERT INTO exercise_muscle (exercise_id, muscle_id, intensity) VALUES (2151, 14, 4);
#
# -- Exercise ID: 2152
# INSERT INTO Exercise (id, title, description, link, equipment_id, training_type_id) VALUES (2152, 'Slider Single Arm Dumbbell Overhead Ipsilateral Lateral Lunge', 'Target: Quadriceps', NULL, 14, 2);
# INSERT INTO exercise_muscle (exercise_id, muscle_id, intensity) VALUES (2152, 13, 10);
# INSERT INTO exercise_muscle (exercise_id, muscle_id, intensity) VALUES (2152, 21, 7);
# INSERT INTO exercise_muscle (exercise_id, muscle_id, intensity) VALUES (2152, 14, 4);
#
# -- Exercise ID: 2153
# INSERT INTO Exercise (id, title, description, link, equipment_id, training_type_id) VALUES (2153, 'Slider Single Arm Dumbbell Low Hold Contralateral Lateral Lunge', 'Target: Quadriceps', 'https://youtu.be/QJ_WNRYaM-s?feature=shared', 14, 2);
# INSERT INTO exercise_muscle (exercise_id, muscle_id, intensity) VALUES (2153, 13, 10);
# INSERT INTO exercise_muscle (exercise_id, muscle_id, intensity) VALUES (2153, 21, 7);
# INSERT INTO exercise_muscle (exercise_id, muscle_id, intensity) VALUES (2153, 14, 4);
#
# -- Exercise ID: 2154
# INSERT INTO Exercise (id, title, description, link, equipment_id, training_type_id) VALUES (2154, 'Double Dumbbell Low Hold Alternating Lateral Lunge', 'Target: Quadriceps', NULL, 6, 2);
# INSERT INTO exercise_muscle (exercise_id, muscle_id, intensity) VALUES (2154, 13, 10);
# INSERT INTO exercise_muscle (exercise_id, muscle_id, intensity) VALUES (2154, 21, 7);
# INSERT INTO exercise_muscle (exercise_id, muscle_id, intensity) VALUES (2154, 14, 4);
#
# -- Exercise ID: 2155
# INSERT INTO Exercise (id, title, description, link, equipment_id, training_type_id) VALUES (2155, 'Double Dumbbell Seated Shrug', 'Target: Trapezius', 'https://youtu.be/9IGbUVfZan8?si=FGf_5wCGLmr8DVD_', 6, 2);
# INSERT INTO exercise_muscle (exercise_id, muscle_id, intensity) VALUES (2155, 9, 10);
# INSERT INTO exercise_muscle (exercise_id, muscle_id, intensity) VALUES (2155, 18, 4);
#
# -- Exercise ID: 2156
# INSERT INTO Exercise (id, title, description, link, equipment_id, training_type_id) VALUES (2156, 'Double Kettlebell Seated Shrug', 'Target: Trapezius', NULL, 15, 2);
# INSERT INTO exercise_muscle (exercise_id, muscle_id, intensity) VALUES (2156, 9, 10);
# INSERT INTO exercise_muscle (exercise_id, muscle_id, intensity) VALUES (2156, 18, 4);
#
# -- Exercise ID: 2157
# INSERT INTO Exercise (id, title, description, link, equipment_id, training_type_id) VALUES (2157, 'Slider Clubbell Order Lateral Lunge', 'Target: Quadriceps', NULL, 14, 2);
# INSERT INTO exercise_muscle (exercise_id, muscle_id, intensity) VALUES (2157, 13, 10);
# INSERT INTO exercise_muscle (exercise_id, muscle_id, intensity) VALUES (2157, 21, 7);
# INSERT INTO exercise_muscle (exercise_id, muscle_id, intensity) VALUES (2157, 14, 4);
#
# -- Exercise ID: 2158
# INSERT INTO Exercise (id, title, description, link, equipment_id, training_type_id) VALUES (2158, 'Slider Double Clubbell Order Lateral Lunge', 'Target: Quadriceps', NULL, 14, 2);
# INSERT INTO exercise_muscle (exercise_id, muscle_id, intensity) VALUES (2158, 13, 10);
# INSERT INTO exercise_muscle (exercise_id, muscle_id, intensity) VALUES (2158, 21, 7);
# INSERT INTO exercise_muscle (exercise_id, muscle_id, intensity) VALUES (2158, 14, 4);
#
# -- Exercise ID: 2159
# INSERT INTO Exercise (id, title, description, link, equipment_id, training_type_id) VALUES (2159, 'Slider Single Arm Clubbell Order Contralateral Lateral Lunge', 'Target: Quadriceps', NULL, 14, 2);
# INSERT INTO exercise_muscle (exercise_id, muscle_id, intensity) VALUES (2159, 13, 10);
# INSERT INTO exercise_muscle (exercise_id, muscle_id, intensity) VALUES (2159, 21, 7);
# INSERT INTO exercise_muscle (exercise_id, muscle_id, intensity) VALUES (2159, 14, 4);
#
# -- Exercise ID: 2160
# INSERT INTO Exercise (id, title, description, link, equipment_id, training_type_id) VALUES (2160, 'Slider Single Arm Clubbell Order Ipsilateral Lateral Lunge', 'Target: Quadriceps', NULL, 14, 2);
# INSERT INTO exercise_muscle (exercise_id, muscle_id, intensity) VALUES (2160, 13, 10);
# INSERT INTO exercise_muscle (exercise_id, muscle_id, intensity) VALUES (2160, 21, 7);
# INSERT INTO exercise_muscle (exercise_id, muscle_id, intensity) VALUES (2160, 14, 4);
#
# -- Exercise ID: 2161
# INSERT INTO Exercise (id, title, description, link, equipment_id, training_type_id) VALUES (2161, 'Slider Macebell Order Lateral Lunge', 'Target: Quadriceps', NULL, 14, 2);
# INSERT INTO exercise_muscle (exercise_id, muscle_id, intensity) VALUES (2161, 13, 10);
# INSERT INTO exercise_muscle (exercise_id, muscle_id, intensity) VALUES (2161, 21, 7);
# INSERT INTO exercise_muscle (exercise_id, muscle_id, intensity) VALUES (2161, 14, 4);
#
# -- Exercise ID: 2162
# INSERT INTO Exercise (id, title, description, link, equipment_id, training_type_id) VALUES (2162, 'Slider Single Arm Macebell Order Contralateral Lateral Lunge', 'Target: Quadriceps', NULL, 14, 2);
# INSERT INTO exercise_muscle (exercise_id, muscle_id, intensity) VALUES (2162, 13, 10);
# INSERT INTO exercise_muscle (exercise_id, muscle_id, intensity) VALUES (2162, 21, 7);
# INSERT INTO exercise_muscle (exercise_id, muscle_id, intensity) VALUES (2162, 14, 4);
#
# -- Exercise ID: 2163
# INSERT INTO Exercise (id, title, description, link, equipment_id, training_type_id) VALUES (2163, 'Slider Single Arm Macebell Order Ipsilateral Lateral Lunge', 'Target: Quadriceps', NULL, 14, 2);
# INSERT INTO exercise_muscle (exercise_id, muscle_id, intensity) VALUES (2163, 13, 10);
# INSERT INTO exercise_muscle (exercise_id, muscle_id, intensity) VALUES (2163, 21, 7);
# INSERT INTO exercise_muscle (exercise_id, muscle_id, intensity) VALUES (2163, 14, 4);
#
# -- Exercise ID: 2164
# INSERT INTO Exercise (id, title, description, link, equipment_id, training_type_id) VALUES (2164, 'Stability Ball Miniband Feet Elevated Glute Bridge', 'Target: Glutes', NULL, 1, 2);
# INSERT INTO exercise_muscle (exercise_id, muscle_id, intensity) VALUES (2164, 21, 10);
# INSERT INTO exercise_muscle (exercise_id, muscle_id, intensity) VALUES (2164, 22, 7);
# INSERT INTO exercise_muscle (exercise_id, muscle_id, intensity) VALUES (2164, 20, 4);
#
# -- Exercise ID: 2165
# INSERT INTO Exercise (id, title, description, link, equipment_id, training_type_id) VALUES (2165, 'Stability Ball Frog Reverse Hyperextension', 'Target: Glutes', 'https://youtu.be/iiQueNJKmVQ?si=Ty5Dh9uswMacl2Jd', 1, 2);
# INSERT INTO exercise_muscle (exercise_id, muscle_id, intensity) VALUES (2165, 21, 10);
#
# -- Exercise ID: 2166
# INSERT INTO Exercise (id, title, description, link, equipment_id, training_type_id) VALUES (2166, 'Stability Ball Bulgarian Split Squat', 'Target: Quadriceps', 'https://youtu.be/NqNgdW_cvIg?si=KoSk_5f75bTzur4R', 1, 2);
# INSERT INTO exercise_muscle (exercise_id, muscle_id, intensity) VALUES (2166, 13, 10);
# INSERT INTO exercise_muscle (exercise_id, muscle_id, intensity) VALUES (2166, 21, 7);
# INSERT INTO exercise_muscle (exercise_id, muscle_id, intensity) VALUES (2166, 22, 4);
#
# -- Exercise ID: 2167
# INSERT INTO Exercise (id, title, description, link, equipment_id, training_type_id) VALUES (2167, 'Double Dumbbell Suitcase Bulgarian Split Squat Jump', 'Target: Quadriceps', 'https://youtu.be/SFj46t9F1OQ?si=_kzqwXcEvJtP-gv1', 6, 9);
# INSERT INTO exercise_muscle (exercise_id, muscle_id, intensity) VALUES (2167, 13, 10);
# INSERT INTO exercise_muscle (exercise_id, muscle_id, intensity) VALUES (2167, 21, 7);
# INSERT INTO exercise_muscle (exercise_id, muscle_id, intensity) VALUES (2167, 22, 4);
#
# -- Exercise ID: 2168
# INSERT INTO Exercise (id, title, description, link, equipment_id, training_type_id) VALUES (2168, 'Slider Suspension Reverse Lunge', 'Target: Quadriceps', NULL, 14, 2);
# INSERT INTO exercise_muscle (exercise_id, muscle_id, intensity) VALUES (2168, 13, 10);
# INSERT INTO exercise_muscle (exercise_id, muscle_id, intensity) VALUES (2168, 21, 7);
# INSERT INTO exercise_muscle (exercise_id, muscle_id, intensity) VALUES (2168, 22, 4);
#
# -- Exercise ID: 2169
# INSERT INTO Exercise (id, title, description, link, equipment_id, training_type_id) VALUES (2169, 'Slider Bulgarian Bag Back Rack Lateral Lunge', 'Target: Quadriceps', NULL, 14, 2);
# INSERT INTO exercise_muscle (exercise_id, muscle_id, intensity) VALUES (2169, 13, 10);
# INSERT INTO exercise_muscle (exercise_id, muscle_id, intensity) VALUES (2169, 21, 7);
# INSERT INTO exercise_muscle (exercise_id, muscle_id, intensity) VALUES (2169, 14, 4);
#
# -- Exercise ID: 2170
# INSERT INTO Exercise (id, title, description, link, equipment_id, training_type_id) VALUES (2170, 'Slider Sandbag Front Rack Lateral Lunge', 'Target: Quadriceps', NULL, 14, 2);
# INSERT INTO exercise_muscle (exercise_id, muscle_id, intensity) VALUES (2170, 13, 10);
# INSERT INTO exercise_muscle (exercise_id, muscle_id, intensity) VALUES (2170, 21, 7);
# INSERT INTO exercise_muscle (exercise_id, muscle_id, intensity) VALUES (2170, 14, 4);
#
# -- Exercise ID: 2171
# INSERT INTO Exercise (id, title, description, link, equipment_id, training_type_id) VALUES (2171, 'Slider Sandbag Back Rack Lateral Lunge', 'Target: Quadriceps', 'https://youtu.be/GkANtw3THOg?si=LWzQCihOFKfrRvJz', 14, 2);
# INSERT INTO exercise_muscle (exercise_id, muscle_id, intensity) VALUES (2171, 13, 10);
# INSERT INTO exercise_muscle (exercise_id, muscle_id, intensity) VALUES (2171, 21, 7);
# INSERT INTO exercise_muscle (exercise_id, muscle_id, intensity) VALUES (2171, 14, 4);
#
# -- Exercise ID: 2172
# INSERT INTO Exercise (id, title, description, link, equipment_id, training_type_id) VALUES (2172, 'Miniband Ankle Monster Walk', 'Target: Abductors', 'https://youtu.be/PlktrKgFcT0?si=O4YEDtcE-rMg5fLn', 13, 2);
# INSERT INTO exercise_muscle (exercise_id, muscle_id, intensity) VALUES (2172, 15, 10);
#
# -- Exercise ID: 2173
# INSERT INTO Exercise (id, title, description, link, equipment_id, training_type_id) VALUES (2173, 'Slider Landmine Goblet Lateral Lunge', 'Target: Quadriceps', NULL, 14, 2);
# INSERT INTO exercise_muscle (exercise_id, muscle_id, intensity) VALUES (2173, 13, 10);
# INSERT INTO exercise_muscle (exercise_id, muscle_id, intensity) VALUES (2173, 21, 7);
# INSERT INTO exercise_muscle (exercise_id, muscle_id, intensity) VALUES (2173, 14, 4);
#
# -- Exercise ID: 2174
# INSERT INTO Exercise (id, title, description, link, equipment_id, training_type_id) VALUES (2174, 'Slider Landmine Low Hold Lateral Lunge', 'Target: Quadriceps', NULL, 14, 2);
# INSERT INTO exercise_muscle (exercise_id, muscle_id, intensity) VALUES (2174, 13, 10);
# INSERT INTO exercise_muscle (exercise_id, muscle_id, intensity) VALUES (2174, 21, 7);
# INSERT INTO exercise_muscle (exercise_id, muscle_id, intensity) VALUES (2174, 14, 4);
#
# -- Exercise ID: 2175
# INSERT INTO Exercise (id, title, description, link, equipment_id, training_type_id) VALUES (2175, 'Slider Single Arm Kettlebell Front Rack Contralateral Lateral Lunge', 'Target: Quadriceps', NULL, 14, 2);
# INSERT INTO exercise_muscle (exercise_id, muscle_id, intensity) VALUES (2175, 13, 10);
# INSERT INTO exercise_muscle (exercise_id, muscle_id, intensity) VALUES (2175, 21, 7);
# INSERT INTO exercise_muscle (exercise_id, muscle_id, intensity) VALUES (2175, 14, 4);
#
# -- Exercise ID: 2176
# INSERT INTO Exercise (id, title, description, link, equipment_id, training_type_id) VALUES (2176, 'Slider Single Arm Kettlebell Front Rack Ipsilateral Lateral Lunge', 'Target: Quadriceps', 'https://youtu.be/q56KJzFPbz4?si=QBb7bgZdSeYK7Q0i', 14, 2);
# INSERT INTO exercise_muscle (exercise_id, muscle_id, intensity) VALUES (2176, 13, 10);
# INSERT INTO exercise_muscle (exercise_id, muscle_id, intensity) VALUES (2176, 21, 7);
# INSERT INTO exercise_muscle (exercise_id, muscle_id, intensity) VALUES (2176, 14, 4);
#
# -- Exercise ID: 2177
# INSERT INTO Exercise (id, title, description, link, equipment_id, training_type_id) VALUES (2177, 'Slider Single Arm Kettlebell Bottoms Up Front Rack Contralateral Lateral Lunge', 'Target: Quadriceps', NULL, 14, 2);
# INSERT INTO exercise_muscle (exercise_id, muscle_id, intensity) VALUES (2177, 13, 10);
# INSERT INTO exercise_muscle (exercise_id, muscle_id, intensity) VALUES (2177, 21, 7);
# INSERT INTO exercise_muscle (exercise_id, muscle_id, intensity) VALUES (2177, 14, 4);
#
# -- Exercise ID: 2178
# INSERT INTO Exercise (id, title, description, link, equipment_id, training_type_id) VALUES (2178, 'Slider Single Arm Kettlebell Bottoms Up Front Rack Ipsilateral Lateral Lunge', 'Target: Quadriceps', NULL, 14, 2);
# INSERT INTO exercise_muscle (exercise_id, muscle_id, intensity) VALUES (2178, 13, 10);
# INSERT INTO exercise_muscle (exercise_id, muscle_id, intensity) VALUES (2178, 21, 7);
# INSERT INTO exercise_muscle (exercise_id, muscle_id, intensity) VALUES (2178, 14, 4);
#
# -- Exercise ID: 2179
# INSERT INTO Exercise (id, title, description, link, equipment_id, training_type_id) VALUES (2179, 'Slider Single Arm Kettlebell Overhead Contralateral Lateral Lunge', 'Target: Quadriceps', NULL, 14, 2);
# INSERT INTO exercise_muscle (exercise_id, muscle_id, intensity) VALUES (2179, 13, 10);
# INSERT INTO exercise_muscle (exercise_id, muscle_id, intensity) VALUES (2179, 21, 7);
# INSERT INTO exercise_muscle (exercise_id, muscle_id, intensity) VALUES (2179, 14, 4);
#
# -- Exercise ID: 2180
# INSERT INTO Exercise (id, title, description, link, equipment_id, training_type_id) VALUES (2180, 'Slider Single Arm Kettlebell Overhead Ipsilateral Lateral Lunge', 'Target: Quadriceps', NULL, 14, 2);
# INSERT INTO exercise_muscle (exercise_id, muscle_id, intensity) VALUES (2180, 13, 10);
# INSERT INTO exercise_muscle (exercise_id, muscle_id, intensity) VALUES (2180, 21, 7);
# INSERT INTO exercise_muscle (exercise_id, muscle_id, intensity) VALUES (2180, 14, 4);
#
# -- Exercise ID: 2181
# INSERT INTO Exercise (id, title, description, link, equipment_id, training_type_id) VALUES (2181, 'Slider Single Arm Kettlebell Bottoms Up Overhead Contralateral Lateral Lunge', 'Target: Quadriceps', NULL, 14, 2);
# INSERT INTO exercise_muscle (exercise_id, muscle_id, intensity) VALUES (2181, 13, 10);
# INSERT INTO exercise_muscle (exercise_id, muscle_id, intensity) VALUES (2181, 21, 7);
# INSERT INTO exercise_muscle (exercise_id, muscle_id, intensity) VALUES (2181, 14, 4);
#
# -- Exercise ID: 2182
# INSERT INTO Exercise (id, title, description, link, equipment_id, training_type_id) VALUES (2182, 'Slider Single Arm Kettlebell Bottoms Up Overhead Ipsilateral Lateral Lunge', 'Target: Quadriceps', NULL, 14, 2);
# INSERT INTO exercise_muscle (exercise_id, muscle_id, intensity) VALUES (2182, 13, 10);
# INSERT INTO exercise_muscle (exercise_id, muscle_id, intensity) VALUES (2182, 21, 7);
# INSERT INTO exercise_muscle (exercise_id, muscle_id, intensity) VALUES (2182, 14, 4);
#
# -- Exercise ID: 2183
# INSERT INTO Exercise (id, title, description, link, equipment_id, training_type_id) VALUES (2183, 'Slider Single Arm Kettlebell Low Hold Contralateral Lateral Lunge', 'Target: Quadriceps', 'https://youtu.be/W22ESpzYHdY?si=Vh4542ktziwY39x1', 14, 2);
# INSERT INTO exercise_muscle (exercise_id, muscle_id, intensity) VALUES (2183, 13, 10);
# INSERT INTO exercise_muscle (exercise_id, muscle_id, intensity) VALUES (2183, 21, 7);
# INSERT INTO exercise_muscle (exercise_id, muscle_id, intensity) VALUES (2183, 14, 4);
#
# -- Exercise ID: 2184
# INSERT INTO Exercise (id, title, description, link, equipment_id, training_type_id) VALUES (2184, 'Slider Plate Overhead Lateral Lunge', 'Target: Quadriceps', NULL, 14, 2);
# INSERT INTO exercise_muscle (exercise_id, muscle_id, intensity) VALUES (2184, 13, 10);
# INSERT INTO exercise_muscle (exercise_id, muscle_id, intensity) VALUES (2184, 21, 7);
# INSERT INTO exercise_muscle (exercise_id, muscle_id, intensity) VALUES (2184, 14, 4);
#
# -- Exercise ID: 2185
# INSERT INTO Exercise (id, title, description, link, equipment_id, training_type_id) VALUES (2185, 'Slider Plate Overhead Reverse Lunge', 'Target: Quadriceps', NULL, 14, 2);
# INSERT INTO exercise_muscle (exercise_id, muscle_id, intensity) VALUES (2185, 13, 10);
# INSERT INTO exercise_muscle (exercise_id, muscle_id, intensity) VALUES (2185, 21, 7);
# INSERT INTO exercise_muscle (exercise_id, muscle_id, intensity) VALUES (2185, 22, 4);
#
# -- Exercise ID: 2186
# INSERT INTO Exercise (id, title, description, link, equipment_id, training_type_id) VALUES (2186, 'Barbell Reverse Grip Incline Push Up', 'Target: Chest', 'https://youtu.be/obc23NwC-3c?si=NHdYgvLBQoFpvdLm', 12, 4);
# INSERT INTO exercise_muscle (exercise_id, muscle_id, intensity) VALUES (2186, 7, 10);
#
# -- Exercise ID: 2187
# INSERT INTO Exercise (id, title, description, link, equipment_id, training_type_id) VALUES (2187, 'Single Arm Dumbbell Shrug', 'Target: Trapezius', 'https://youtu.be/neQw53mbivA?si=4di6VUfOBarrAAWQ', 6, 2);
# INSERT INTO exercise_muscle (exercise_id, muscle_id, intensity) VALUES (2187, 9, 10);
# INSERT INTO exercise_muscle (exercise_id, muscle_id, intensity) VALUES (2187, 18, 4);
#
# -- Exercise ID: 2188
# INSERT INTO Exercise (id, title, description, link, equipment_id, training_type_id) VALUES (2188, 'Single Arm Dumbbell Tall Kneeling Shrug', 'Target: Trapezius', NULL, 6, 2);
# INSERT INTO exercise_muscle (exercise_id, muscle_id, intensity) VALUES (2188, 9, 10);
# INSERT INTO exercise_muscle (exercise_id, muscle_id, intensity) VALUES (2188, 18, 4);
#
# -- Exercise ID: 2189
# INSERT INTO Exercise (id, title, description, link, equipment_id, training_type_id) VALUES (2189, 'Single Arm Dumbbell Seated Shrug', 'Target: Trapezius', 'https://youtu.be/L15snvTU1qY?si=MYRw1-yq79vC87vm', 6, 2);
# INSERT INTO exercise_muscle (exercise_id, muscle_id, intensity) VALUES (2189, 9, 10);
# INSERT INTO exercise_muscle (exercise_id, muscle_id, intensity) VALUES (2189, 18, 4);
#
# -- Exercise ID: 2190
# INSERT INTO Exercise (id, title, description, link, equipment_id, training_type_id) VALUES (2190, 'Single Arm Kettlebell Shrug', 'Target: Trapezius ', 'https://youtu.be/iJmHIt3pq5U?si=O6Skib3fQIO2I526', 15, 2);
# INSERT INTO exercise_muscle (exercise_id, muscle_id, intensity) VALUES (2190, 9, 10);
# INSERT INTO exercise_muscle (exercise_id, muscle_id, intensity) VALUES (2190, 18, 4);
#
# -- Exercise ID: 2191
# INSERT INTO Exercise (id, title, description, link, equipment_id, training_type_id) VALUES (2191, 'Double Dumbbell Hang Snatch', 'Target: Glutes', 'https://youtu.be/cSmvSLAiJUM?si=h-chBAq-PsufLIrW', 6, 10);
# INSERT INTO exercise_muscle (exercise_id, muscle_id, intensity) VALUES (2191, 21, 10);
# INSERT INTO exercise_muscle (exercise_id, muscle_id, intensity) VALUES (2191, 2, 7);
#
# -- Exercise ID: 2192
# INSERT INTO Exercise (id, title, description, link, equipment_id, training_type_id) VALUES (2192, 'Single Arm Dumbbell Hang Snatch', 'Target: Glutes', 'https://youtu.be/VpZwBT07DR4?si=07HCrANRza3gU5O3', 6, 10);
# INSERT INTO exercise_muscle (exercise_id, muscle_id, intensity) VALUES (2192, 21, 10);
# INSERT INTO exercise_muscle (exercise_id, muscle_id, intensity) VALUES (2192, 2, 7);
#
# -- Exercise ID: 2193
# INSERT INTO Exercise (id, title, description, link, equipment_id, training_type_id) VALUES (2193, 'Alternating Single Arm Dumbbell Hang Snatch', 'Target: Glutes', 'https://youtu.be/BNyymHJvcJc?si=Fwbl__UOgmJahIO5', 6, 10);
# INSERT INTO exercise_muscle (exercise_id, muscle_id, intensity) VALUES (2193, 21, 10);
# INSERT INTO exercise_muscle (exercise_id, muscle_id, intensity) VALUES (2193, 2, 7);
#
# -- Exercise ID: 2194
# INSERT INTO Exercise (id, title, description, link, equipment_id, training_type_id) VALUES (2194, 'Miniband Kneeling Side Plank Clamshell', 'Target: Glutes', 'https://youtu.be/DD2ntrZLoEQ?feature=shared', 13, 2);
# INSERT INTO exercise_muscle (exercise_id, muscle_id, intensity) VALUES (2194, 21, 10);
# INSERT INTO exercise_muscle (exercise_id, muscle_id, intensity) VALUES (2194, 15, 7);
#
# -- Exercise ID: 2195
# INSERT INTO Exercise (id, title, description, link, equipment_id, training_type_id) VALUES (2195, 'Miniband Thigh Side Plank Hip Abduction', 'Target: Abductors', 'https://youtu.be/TBYwwlojtvE?si=QWpnXUtKvTpFNuv_', 13, 2);
# INSERT INTO exercise_muscle (exercise_id, muscle_id, intensity) VALUES (2195, 15, 10);
#
# -- Exercise ID: 2196
# INSERT INTO Exercise (id, title, description, link, equipment_id, training_type_id) VALUES (2196, 'Stability Ball Feet Elevated Russian Twist', 'Target: Abdominals', 'https://youtu.be/gyTX0ttszBs?si=mR6_J7SkVOuRHrQN', 1, 3);
# INSERT INTO exercise_muscle (exercise_id, muscle_id, intensity) VALUES (2196, 12, 10);
# INSERT INTO exercise_muscle (exercise_id, muscle_id, intensity) VALUES (2196, 11, 7);
#
# -- Exercise ID: 2197
# INSERT INTO Exercise (id, title, description, link, equipment_id, training_type_id) VALUES (2197, 'Bodyweight Alternating Single Leg V Up', 'Target: Abdominals', 'https://youtu.be/0EIDVDbzVNo?si=B73itVIXJWWYaH0C', 2, 3);
# INSERT INTO exercise_muscle (exercise_id, muscle_id, intensity) VALUES (2197, 11, 10);
# INSERT INTO exercise_muscle (exercise_id, muscle_id, intensity) VALUES (2197, 12, 4);
#
# -- Exercise ID: 2198
# INSERT INTO Exercise (id, title, description, link, equipment_id, training_type_id) VALUES (2198, 'Battle Rope Alternating Lateral Lunge Alternating Wave', 'Target: Quadriceps', 'https://youtu.be/XVLaBw4NWe8?si=tFm4FlWxePeCRyh7', 32, 3);
# INSERT INTO exercise_muscle (exercise_id, muscle_id, intensity) VALUES (2198, 13, 10);
# INSERT INTO exercise_muscle (exercise_id, muscle_id, intensity) VALUES (2198, 8, 7);
# INSERT INTO exercise_muscle (exercise_id, muscle_id, intensity) VALUES (2198, 14, 4);
#
# -- Exercise ID: 2199
# INSERT INTO Exercise (id, title, description, link, equipment_id, training_type_id) VALUES (2199, 'Single Arm Kettlebell Tall Kneeling Shrug', 'Target: Trapezius', NULL, 15, 2);
# INSERT INTO exercise_muscle (exercise_id, muscle_id, intensity) VALUES (2199, 9, 10);
# INSERT INTO exercise_muscle (exercise_id, muscle_id, intensity) VALUES (2199, 18, 4);
#
# -- Exercise ID: 2200
# INSERT INTO Exercise (id, title, description, link, equipment_id, training_type_id) VALUES (2200, 'Single Arm Kettlebell Seated Shrug', 'Target: Trapezius', 'https://youtu.be/LaywjdRLK3c?si=nTMNGy0BPyxW6WR3', 15, 2);
# INSERT INTO exercise_muscle (exercise_id, muscle_id, intensity) VALUES (2200, 9, 10);
# INSERT INTO exercise_muscle (exercise_id, muscle_id, intensity) VALUES (2200, 18, 4);
#
# -- Exercise ID: 2201
# INSERT INTO Exercise (id, title, description, link, equipment_id, training_type_id) VALUES (2201, 'Plate Hip Thrust', 'Target: Glutes', 'https://youtu.be/k_HORfTCsi0?si=-RDu4SzCjbkXl4P5', 22, 2);
# INSERT INTO exercise_muscle (exercise_id, muscle_id, intensity) VALUES (2201, 21, 10);
# INSERT INTO exercise_muscle (exercise_id, muscle_id, intensity) VALUES (2201, 22, 7);
# INSERT INTO exercise_muscle (exercise_id, muscle_id, intensity) VALUES (2201, 13, 4);
#
# -- Exercise ID: 2202
# INSERT INTO Exercise (id, title, description, link, equipment_id, training_type_id) VALUES (2202, 'Double Dumbbell Incline Bench Prone Shrug', 'Target: Trapezius', 'https://youtu.be/Cm4HfYm9w3A?si=iRKP7u31KGlnfQZt', 6, 2);
# INSERT INTO exercise_muscle (exercise_id, muscle_id, intensity) VALUES (2202, 9, 10);
# INSERT INTO exercise_muscle (exercise_id, muscle_id, intensity) VALUES (2202, 18, 4);
#
# -- Exercise ID: 2203
# INSERT INTO Exercise (id, title, description, link, equipment_id, training_type_id) VALUES (2203, 'Suspension Single Leg Foot Elevated Glute Bridge', 'Target: Glutes', 'https://youtu.be/TiPDApTAJu0?si=dVw4o9DCHCZrIteK', 11, 2);
# INSERT INTO exercise_muscle (exercise_id, muscle_id, intensity) VALUES (2203, 21, 10);
# INSERT INTO exercise_muscle (exercise_id, muscle_id, intensity) VALUES (2203, 22, 7);
# INSERT INTO exercise_muscle (exercise_id, muscle_id, intensity) VALUES (2203, 12, 4);
#
# -- Exercise ID: 2204
# INSERT INTO Exercise (id, title, description, link, equipment_id, training_type_id) VALUES (2204, 'Tire Single Leg Foot Elevated Glute Bridge', 'Target: Glutes', NULL, 29, 2);
# INSERT INTO exercise_muscle (exercise_id, muscle_id, intensity) VALUES (2204, 21, 10);
# INSERT INTO exercise_muscle (exercise_id, muscle_id, intensity) VALUES (2204, 22, 7);
# INSERT INTO exercise_muscle (exercise_id, muscle_id, intensity) VALUES (2204, 12, 4);
#
# -- Exercise ID: 2205
# INSERT INTO Exercise (id, title, description, link, equipment_id, training_type_id) VALUES (2205, 'Double Kettlebell Incline Bench Prone Shrug', 'Target: Trapezius', NULL, 15, 2);
# INSERT INTO exercise_muscle (exercise_id, muscle_id, intensity) VALUES (2205, 9, 10);
# INSERT INTO exercise_muscle (exercise_id, muscle_id, intensity) VALUES (2205, 18, 4);
#
# -- Exercise ID: 2206
# INSERT INTO Exercise (id, title, description, link, equipment_id, training_type_id) VALUES (2206, 'Suspension Sissy Squat', 'Target: Quadriceps', 'https://youtu.be/YedqbteiWoU?si=rMl_RLv88kcBcMUR', 11, 2);
# INSERT INTO exercise_muscle (exercise_id, muscle_id, intensity) VALUES (2206, 13, 10);
# INSERT INTO exercise_muscle (exercise_id, muscle_id, intensity) VALUES (2206, 21, 7);
#
# -- Exercise ID: 2207
# INSERT INTO Exercise (id, title, description, link, equipment_id, training_type_id) VALUES (2207, 'Single Arm Dumbbell Incline Bench Prone Shrug', 'Target: Trapezius', NULL, 6, 2);
# INSERT INTO exercise_muscle (exercise_id, muscle_id, intensity) VALUES (2207, 9, 10);
# INSERT INTO exercise_muscle (exercise_id, muscle_id, intensity) VALUES (2207, 18, 4);
#
# -- Exercise ID: 2208
# INSERT INTO Exercise (id, title, description, link, equipment_id, training_type_id) VALUES (2208, 'Single Arm Kettlebell Incline Bench Prone Shrug', 'Target: Trapezius', NULL, 15, 2);
# INSERT INTO exercise_muscle (exercise_id, muscle_id, intensity) VALUES (2208, 9, 10);
# INSERT INTO exercise_muscle (exercise_id, muscle_id, intensity) VALUES (2208, 18, 4);
#
# -- Exercise ID: 2209
# INSERT INTO Exercise (id, title, description, link, equipment_id, training_type_id) VALUES (2209, 'Double Dumbbell Seesaw Bench Press', 'Target: Chest', 'https://youtu.be/fv3jtm7zP1I?si=Vx6jxC1bB20dsahE', 6, 2);
# INSERT INTO exercise_muscle (exercise_id, muscle_id, intensity) VALUES (2209, 7, 10);
# INSERT INTO exercise_muscle (exercise_id, muscle_id, intensity) VALUES (2209, 4, 7);
#
# -- Exercise ID: 2210
# INSERT INTO Exercise (id, title, description, link, equipment_id, training_type_id) VALUES (2210, 'Bulgarian Bag Dead Squat Clean', 'Target: Quadriceps', 'https://youtu.be/xeUVzgEapmQ?si=ieR0dXu6Bem56sNy', 34, 3);
# INSERT INTO exercise_muscle (exercise_id, muscle_id, intensity) VALUES (2210, 13, 10);
# INSERT INTO exercise_muscle (exercise_id, muscle_id, intensity) VALUES (2210, 21, 7);
#
# -- Exercise ID: 2211
# INSERT INTO Exercise (id, title, description, link, equipment_id, training_type_id) VALUES (2211, 'Double Dumbbell Seesaw Incline Bench Press', 'Target: Chest', 'https://youtu.be/82ZJhsIOF8w?si=uigPvHNUp-5ce1jQ', 6, 2);
# INSERT INTO exercise_muscle (exercise_id, muscle_id, intensity) VALUES (2211, 7, 10);
# INSERT INTO exercise_muscle (exercise_id, muscle_id, intensity) VALUES (2211, 4, 7);
#
# -- Exercise ID: 2212
# INSERT INTO Exercise (id, title, description, link, equipment_id, training_type_id) VALUES (2212, 'Double Dumbbell Seesaw Decline Bench Press', 'Target: Chest', NULL, 6, 2);
# INSERT INTO exercise_muscle (exercise_id, muscle_id, intensity) VALUES (2212, 7, 10);
# INSERT INTO exercise_muscle (exercise_id, muscle_id, intensity) VALUES (2212, 4, 7);
#
# -- Exercise ID: 2213
# INSERT INTO Exercise (id, title, description, link, equipment_id, training_type_id) VALUES (2213, 'Bodyweight Hand Assisted Pistol Squat', 'Target: Quadriceps', 'https://youtu.be/tiA23NSUm7A?si=_N2Va66rdUdrcMpD', 2, 4);
# INSERT INTO exercise_muscle (exercise_id, muscle_id, intensity) VALUES (2213, 13, 10);
# INSERT INTO exercise_muscle (exercise_id, muscle_id, intensity) VALUES (2213, 21, 7);
#
# -- Exercise ID: 2214
# INSERT INTO Exercise (id, title, description, link, equipment_id, training_type_id) VALUES (2214, 'Double Kettlebell Suitcase Alternating Curtsy Lunge', 'Target: Quadriceps', 'https://youtu.be/XE7MrZADkr4?si=F2dW-lk_yYLoGHjE', 15, 2);
# INSERT INTO exercise_muscle (exercise_id, muscle_id, intensity) VALUES (2214, 13, 10);
# INSERT INTO exercise_muscle (exercise_id, muscle_id, intensity) VALUES (2214, 21, 7);
# INSERT INTO exercise_muscle (exercise_id, muscle_id, intensity) VALUES (2214, 14, 4);
#
# -- Exercise ID: 2215
# INSERT INTO Exercise (id, title, description, link, equipment_id, training_type_id) VALUES (2215, 'Double Kettlebell Overhead Alternating Curtsy Lunge', 'Target: Quadriceps', NULL, 15, 2);
# INSERT INTO exercise_muscle (exercise_id, muscle_id, intensity) VALUES (2215, 13, 10);
# INSERT INTO exercise_muscle (exercise_id, muscle_id, intensity) VALUES (2215, 21, 7);
# INSERT INTO exercise_muscle (exercise_id, muscle_id, intensity) VALUES (2215, 14, 4);
#
# -- Exercise ID: 2216
# INSERT INTO Exercise (id, title, description, link, equipment_id, training_type_id) VALUES (2216, 'Double Kettlebell Bottoms Up Front Rack Alternating Curtsy Lunge', 'Target: Quadriceps', NULL, 15, 2);
# INSERT INTO exercise_muscle (exercise_id, muscle_id, intensity) VALUES (2216, 13, 10);
# INSERT INTO exercise_muscle (exercise_id, muscle_id, intensity) VALUES (2216, 21, 7);
# INSERT INTO exercise_muscle (exercise_id, muscle_id, intensity) VALUES (2216, 14, 4);
#
# -- Exercise ID: 2217
# INSERT INTO Exercise (id, title, description, link, equipment_id, training_type_id) VALUES (2217, 'Double Kettlebell Bottoms Up Overhead Alternating Curtsy Lunge', 'Target: Quadriceps', NULL, 15, 2);
# INSERT INTO exercise_muscle (exercise_id, muscle_id, intensity) VALUES (2217, 13, 10);
# INSERT INTO exercise_muscle (exercise_id, muscle_id, intensity) VALUES (2217, 21, 7);
# INSERT INTO exercise_muscle (exercise_id, muscle_id, intensity) VALUES (2217, 14, 4);
#
# -- Exercise ID: 2218
# INSERT INTO Exercise (id, title, description, link, equipment_id, training_type_id) VALUES (2218, 'Single Arm Kettlebell Front Rack Alternating Curtsy Lunge', 'Target: Quadriceps', NULL, 15, 2);
# INSERT INTO exercise_muscle (exercise_id, muscle_id, intensity) VALUES (2218, 13, 10);
# INSERT INTO exercise_muscle (exercise_id, muscle_id, intensity) VALUES (2218, 21, 7);
# INSERT INTO exercise_muscle (exercise_id, muscle_id, intensity) VALUES (2218, 14, 4);
#
# -- Exercise ID: 2219
# INSERT INTO Exercise (id, title, description, link, equipment_id, training_type_id) VALUES (2219, 'Single Arm Kettlebell Suitcase Alternating Curtsy Lunge', 'Target: Quadriceps', NULL, 15, 2);
# INSERT INTO exercise_muscle (exercise_id, muscle_id, intensity) VALUES (2219, 13, 10);
# INSERT INTO exercise_muscle (exercise_id, muscle_id, intensity) VALUES (2219, 21, 7);
# INSERT INTO exercise_muscle (exercise_id, muscle_id, intensity) VALUES (2219, 14, 4);
#
# -- Exercise ID: 2220
# INSERT INTO Exercise (id, title, description, link, equipment_id, training_type_id) VALUES (2220, 'Single Arm Kettlebell Overhead Alternating Curtsy Lunge', 'Target: Quadriceps', NULL, 15, 2);
# INSERT INTO exercise_muscle (exercise_id, muscle_id, intensity) VALUES (2220, 13, 10);
# INSERT INTO exercise_muscle (exercise_id, muscle_id, intensity) VALUES (2220, 21, 7);
# INSERT INTO exercise_muscle (exercise_id, muscle_id, intensity) VALUES (2220, 14, 4);
#
# -- Exercise ID: 2221
# INSERT INTO Exercise (id, title, description, link, equipment_id, training_type_id) VALUES (2221, 'Single Arm Kettlebell Bottoms Up Overhead Alternating Curtsy Lunge', 'Target: Quadriceps', NULL, 15, 2);
# INSERT INTO exercise_muscle (exercise_id, muscle_id, intensity) VALUES (2221, 13, 10);
# INSERT INTO exercise_muscle (exercise_id, muscle_id, intensity) VALUES (2221, 21, 7);
# INSERT INTO exercise_muscle (exercise_id, muscle_id, intensity) VALUES (2221, 14, 4);
#
# -- Exercise ID: 2222
# INSERT INTO Exercise (id, title, description, link, equipment_id, training_type_id) VALUES (2222, 'Single Arm Kettlebell Bottoms Up Front Rack Alternating Curtsy Lunge', 'Target: Quadriceps', NULL, 15, 2);
# INSERT INTO exercise_muscle (exercise_id, muscle_id, intensity) VALUES (2222, 13, 10);
# INSERT INTO exercise_muscle (exercise_id, muscle_id, intensity) VALUES (2222, 21, 7);
# INSERT INTO exercise_muscle (exercise_id, muscle_id, intensity) VALUES (2222, 14, 4);
#
# -- Exercise ID: 2223
# INSERT INTO Exercise (id, title, description, link, equipment_id, training_type_id) VALUES (2223, 'Double Dumbbell Front Rack Alternating Curtsy Lunge', 'Target: Quadriceps', 'https://youtu.be/1VkEZirajQQ?si=4EJltD-xdvd_ifWT', 6, 2);
# INSERT INTO exercise_muscle (exercise_id, muscle_id, intensity) VALUES (2223, 13, 10);
# INSERT INTO exercise_muscle (exercise_id, muscle_id, intensity) VALUES (2223, 21, 7);
# INSERT INTO exercise_muscle (exercise_id, muscle_id, intensity) VALUES (2223, 14, 4);
#
# -- Exercise ID: 2224
# INSERT INTO Exercise (id, title, description, link, equipment_id, training_type_id) VALUES (2224, 'Double Dumbbell Suitcase Alternating Curtsy Lunge', 'Target: Quadriceps', 'https://youtu.be/SQHyEoZLd1o?si=_TJYUJVzm_zR7ZxZ', 6, 2);
# INSERT INTO exercise_muscle (exercise_id, muscle_id, intensity) VALUES (2224, 13, 10);
# INSERT INTO exercise_muscle (exercise_id, muscle_id, intensity) VALUES (2224, 21, 7);
# INSERT INTO exercise_muscle (exercise_id, muscle_id, intensity) VALUES (2224, 14, 4);
#
# -- Exercise ID: 2225
# INSERT INTO Exercise (id, title, description, link, equipment_id, training_type_id) VALUES (2225, 'Double Dumbbell Overhead Alternating Curtsy Lunge', 'Target: Quadriceps', NULL, 6, 2);
# INSERT INTO exercise_muscle (exercise_id, muscle_id, intensity) VALUES (2225, 13, 10);
# INSERT INTO exercise_muscle (exercise_id, muscle_id, intensity) VALUES (2225, 21, 7);
# INSERT INTO exercise_muscle (exercise_id, muscle_id, intensity) VALUES (2225, 14, 4);
#
# -- Exercise ID: 2226
# INSERT INTO Exercise (id, title, description, link, equipment_id, training_type_id) VALUES (2226, 'Single Arm Dumbbell Front Rack Alternating Curtsy Lunge', 'Target: Quadriceps', 'https://youtu.be/lJyMP5H-_pw?feature=shared', 6, 2);
# INSERT INTO exercise_muscle (exercise_id, muscle_id, intensity) VALUES (2226, 13, 10);
# INSERT INTO exercise_muscle (exercise_id, muscle_id, intensity) VALUES (2226, 21, 7);
# INSERT INTO exercise_muscle (exercise_id, muscle_id, intensity) VALUES (2226, 14, 4);
#
# -- Exercise ID: 2227
# INSERT INTO Exercise (id, title, description, link, equipment_id, training_type_id) VALUES (2227, 'Single Arm Dumbbell Suitcase Alternating Curtsy Lunge', 'Target: Quadriceps', NULL, 6, 2);
# INSERT INTO exercise_muscle (exercise_id, muscle_id, intensity) VALUES (2227, 13, 10);
# INSERT INTO exercise_muscle (exercise_id, muscle_id, intensity) VALUES (2227, 21, 7);
# INSERT INTO exercise_muscle (exercise_id, muscle_id, intensity) VALUES (2227, 14, 4);
#
# -- Exercise ID: 2228
# INSERT INTO Exercise (id, title, description, link, equipment_id, training_type_id) VALUES (2228, 'Single Arm Dumbbell Overhead Alternating Curtsy Lunge', 'Target: Quadriceps', NULL, 6, 2);
# INSERT INTO exercise_muscle (exercise_id, muscle_id, intensity) VALUES (2228, 13, 10);
# INSERT INTO exercise_muscle (exercise_id, muscle_id, intensity) VALUES (2228, 21, 7);
# INSERT INTO exercise_muscle (exercise_id, muscle_id, intensity) VALUES (2228, 14, 4);
#
# -- Exercise ID: 2229
# INSERT INTO Exercise (id, title, description, link, equipment_id, training_type_id) VALUES (2229, 'Dumbbell Goblet Alternating Curtsy Lunge', 'Target: Quadriceps', 'https://youtu.be/rzwJACyQNas?si=VKxH9lJuYtpzFxQo', 6, 2);
# INSERT INTO exercise_muscle (exercise_id, muscle_id, intensity) VALUES (2229, 13, 10);
# INSERT INTO exercise_muscle (exercise_id, muscle_id, intensity) VALUES (2229, 21, 7);
# INSERT INTO exercise_muscle (exercise_id, muscle_id, intensity) VALUES (2229, 14, 4);
#
# -- Exercise ID: 2230
# INSERT INTO Exercise (id, title, description, link, equipment_id, training_type_id) VALUES (2230, 'Kettlebell Horn Grip Alternating Curtsy Lunge', 'Target: Quadriceps', 'https://youtu.be/0xnBB7_WBpQ?si=DNO9eiIOlnVvq62-', 15, 2);
# INSERT INTO exercise_muscle (exercise_id, muscle_id, intensity) VALUES (2230, 13, 10);
# INSERT INTO exercise_muscle (exercise_id, muscle_id, intensity) VALUES (2230, 21, 7);
# INSERT INTO exercise_muscle (exercise_id, muscle_id, intensity) VALUES (2230, 14, 4);
#
# -- Exercise ID: 2231
# INSERT INTO Exercise (id, title, description, link, equipment_id, training_type_id) VALUES (2231, 'Kettlebell Goblet Alternating Curtsy Lunge', 'Target: Quadriceps', 'https://youtu.be/dj2zCtnlZEM?si=zXmmDlSwlhudznYC', 15, 2);
# INSERT INTO exercise_muscle (exercise_id, muscle_id, intensity) VALUES (2231, 13, 10);
# INSERT INTO exercise_muscle (exercise_id, muscle_id, intensity) VALUES (2231, 21, 7);
# INSERT INTO exercise_muscle (exercise_id, muscle_id, intensity) VALUES (2231, 14, 4);
#
# -- Exercise ID: 2232
# INSERT INTO Exercise (id, title, description, link, equipment_id, training_type_id) VALUES (2232, 'Clubbell Order Alternating Curtsy Lunge', 'Target: Quadriceps', NULL, 26, 2);
# INSERT INTO exercise_muscle (exercise_id, muscle_id, intensity) VALUES (2232, 13, 10);
# INSERT INTO exercise_muscle (exercise_id, muscle_id, intensity) VALUES (2232, 21, 7);
# INSERT INTO exercise_muscle (exercise_id, muscle_id, intensity) VALUES (2232, 14, 4);
#
# -- Exercise ID: 2233
# INSERT INTO Exercise (id, title, description, link, equipment_id, training_type_id) VALUES (2233, 'Double Clubbell Order Alternating Curtsy Lunge', 'Target: Quadriceps', NULL, 26, 2);
# INSERT INTO exercise_muscle (exercise_id, muscle_id, intensity) VALUES (2233, 13, 10);
# INSERT INTO exercise_muscle (exercise_id, muscle_id, intensity) VALUES (2233, 21, 7);
# INSERT INTO exercise_muscle (exercise_id, muscle_id, intensity) VALUES (2233, 14, 4);
#
# -- Exercise ID: 2234
# INSERT INTO Exercise (id, title, description, link, equipment_id, training_type_id) VALUES (2234, 'Single Arm Clubbell Order Alternating Curtsy Lunge', 'Target: Quadriceps', NULL, 26, 2);
# INSERT INTO exercise_muscle (exercise_id, muscle_id, intensity) VALUES (2234, 13, 10);
# INSERT INTO exercise_muscle (exercise_id, muscle_id, intensity) VALUES (2234, 21, 7);
# INSERT INTO exercise_muscle (exercise_id, muscle_id, intensity) VALUES (2234, 14, 4);
#
# -- Exercise ID: 2235
# INSERT INTO Exercise (id, title, description, link, equipment_id, training_type_id) VALUES (2235, 'Macebell Order Alternating Curtsy Lunge', 'Target: Quadriceps', NULL, 24, 2);
# INSERT INTO exercise_muscle (exercise_id, muscle_id, intensity) VALUES (2235, 13, 10);
# INSERT INTO exercise_muscle (exercise_id, muscle_id, intensity) VALUES (2235, 21, 7);
# INSERT INTO exercise_muscle (exercise_id, muscle_id, intensity) VALUES (2235, 14, 4);
#
# -- Exercise ID: 2236
# INSERT INTO Exercise (id, title, description, link, equipment_id, training_type_id) VALUES (2236, 'Bodyweight Alternating Curtsy Lunge', 'Target: Quadriceps', 'https://youtu.be/SNtgnXpolPY?si=RQdshbRrgML5pKNu', 2, 4);
# INSERT INTO exercise_muscle (exercise_id, muscle_id, intensity) VALUES (2236, 13, 10);
# INSERT INTO exercise_muscle (exercise_id, muscle_id, intensity) VALUES (2236, 21, 7);
# INSERT INTO exercise_muscle (exercise_id, muscle_id, intensity) VALUES (2236, 14, 4);
#
# -- Exercise ID: 2237
# INSERT INTO Exercise (id, title, description, link, equipment_id, training_type_id) VALUES (2237, 'Heavy Sandbag Bear Hug Alternating Curtsy Lunge', 'Target: Quadriceps', NULL, 35, 3);
# INSERT INTO exercise_muscle (exercise_id, muscle_id, intensity) VALUES (2237, 13, 10);
# INSERT INTO exercise_muscle (exercise_id, muscle_id, intensity) VALUES (2237, 21, 7);
# INSERT INTO exercise_muscle (exercise_id, muscle_id, intensity) VALUES (2237, 14, 4);
#
# -- Exercise ID: 2238
# INSERT INTO Exercise (id, title, description, link, equipment_id, training_type_id) VALUES (2238, 'Heavy Sandbag Shoulder Alternating Curtsy Lunge', 'Target: Quadriceps', NULL, 35, 3);
# INSERT INTO exercise_muscle (exercise_id, muscle_id, intensity) VALUES (2238, 13, 10);
# INSERT INTO exercise_muscle (exercise_id, muscle_id, intensity) VALUES (2238, 21, 7);
# INSERT INTO exercise_muscle (exercise_id, muscle_id, intensity) VALUES (2238, 14, 4);
#
# -- Exercise ID: 2239
# INSERT INTO Exercise (id, title, description, link, equipment_id, training_type_id) VALUES (2239, 'Plate Overhead Alternating Curtsy Lunge', 'Target: Quadriceps', 'https://youtu.be/aETd5ebI3NU?si=vTA4pe6vXlRyhpd4', 22, 2);
# INSERT INTO exercise_muscle (exercise_id, muscle_id, intensity) VALUES (2239, 13, 10);
# INSERT INTO exercise_muscle (exercise_id, muscle_id, intensity) VALUES (2239, 21, 7);
# INSERT INTO exercise_muscle (exercise_id, muscle_id, intensity) VALUES (2239, 14, 4);
#
# -- Exercise ID: 2240
# INSERT INTO Exercise (id, title, description, link, equipment_id, training_type_id) VALUES (2240, 'Sandbag Front Rack Alternating Curtsy Lunge', 'Target: Quadriceps', NULL, 36, 2);
# INSERT INTO exercise_muscle (exercise_id, muscle_id, intensity) VALUES (2240, 13, 10);
# INSERT INTO exercise_muscle (exercise_id, muscle_id, intensity) VALUES (2240, 21, 7);
# INSERT INTO exercise_muscle (exercise_id, muscle_id, intensity) VALUES (2240, 14, 4);
#
# -- Exercise ID: 2241
# INSERT INTO Exercise (id, title, description, link, equipment_id, training_type_id) VALUES (2241, 'Sandbag Back Rack Alternating Curtsy Lunge', 'Target: Quadriceps', 'https://youtu.be/L6KZyggcDjE?feature=shared', 36, 2);
# INSERT INTO exercise_muscle (exercise_id, muscle_id, intensity) VALUES (2241, 13, 10);
# INSERT INTO exercise_muscle (exercise_id, muscle_id, intensity) VALUES (2241, 21, 7);
# INSERT INTO exercise_muscle (exercise_id, muscle_id, intensity) VALUES (2241, 14, 4);
#
# -- Exercise ID: 2242
# INSERT INTO Exercise (id, title, description, link, equipment_id, training_type_id) VALUES (2242, 'Plate Hollow Body Hold', 'Target: Abdominals', 'https://youtu.be/Qiu_qPGaGYM?feature=shared', 22, 3);
# INSERT INTO exercise_muscle (exercise_id, muscle_id, intensity) VALUES (2242, 11, 10);
#
# -- Exercise ID: 2243
# INSERT INTO Exercise (id, title, description, link, equipment_id, training_type_id) VALUES (2243, 'Double Dumbbell Seesaw Floor Press', 'Target: Chest', 'https://youtu.be/xxUSV06CkFM?si=I4ywyVcTwGhyUwsk', 6, 2);
# INSERT INTO exercise_muscle (exercise_id, muscle_id, intensity) VALUES (2243, 7, 10);
# INSERT INTO exercise_muscle (exercise_id, muscle_id, intensity) VALUES (2243, 4, 7);
# INSERT INTO exercise_muscle (exercise_id, muscle_id, intensity) VALUES (2243, 2, 4);
#
# -- Exercise ID: 2244
# INSERT INTO Exercise (id, title, description, link, equipment_id, training_type_id) VALUES (2244, 'Double Kettlebell Seesaw Bench Press', 'Target: Chest', 'https://youtu.be/CpQIh8MxCCQ?si=UvCgYzi5mZCUTXaX', 15, 2);
# INSERT INTO exercise_muscle (exercise_id, muscle_id, intensity) VALUES (2244, 7, 10);
# INSERT INTO exercise_muscle (exercise_id, muscle_id, intensity) VALUES (2244, 4, 7);
#
# -- Exercise ID: 2245
# INSERT INTO Exercise (id, title, description, link, equipment_id, training_type_id) VALUES (2245, 'Double Kettlebell Seesaw Incline Bench Press', 'Target: Chest', NULL, 15, 2);
# INSERT INTO exercise_muscle (exercise_id, muscle_id, intensity) VALUES (2245, 7, 10);
# INSERT INTO exercise_muscle (exercise_id, muscle_id, intensity) VALUES (2245, 4, 7);
#
# -- Exercise ID: 2246
# INSERT INTO Exercise (id, title, description, link, equipment_id, training_type_id) VALUES (2246, 'Double Kettlebell Tuck L Sit', 'Target: Abdominals', 'https://youtu.be/4_7EUMcoYYY?si=s_ew72Z5lyKk18Er', 15, 4);
# INSERT INTO exercise_muscle (exercise_id, muscle_id, intensity) VALUES (2246, 11, 10);
#
# -- Exercise ID: 2247
# INSERT INTO Exercise (id, title, description, link, equipment_id, training_type_id) VALUES (2247, 'Double Kettlebell Seesaw Decline Bench Press', 'Target: Chest', NULL, 15, 2);
# INSERT INTO exercise_muscle (exercise_id, muscle_id, intensity) VALUES (2247, 7, 10);
# INSERT INTO exercise_muscle (exercise_id, muscle_id, intensity) VALUES (2247, 4, 7);
#
# -- Exercise ID: 2248
# INSERT INTO Exercise (id, title, description, link, equipment_id, training_type_id) VALUES (2248, 'Bodyweight Hollow Body Hold with Flutter Kicks', 'Target: Abdominals', 'https://youtu.be/-UVAa92y1r4?si=CIm_rryJMtDs0TPj', 2, 3);
# INSERT INTO exercise_muscle (exercise_id, muscle_id, intensity) VALUES (2248, 11, 10);
#
# -- Exercise ID: 2249
# INSERT INTO Exercise (id, title, description, link, equipment_id, training_type_id) VALUES (2249, 'Double Kettlebell Seesaw Floor Press', 'Target: Chest', 'https://youtu.be/h_L7Ntxcgtk?si=g04F5mBJSHow1QbI', 15, 2);
# INSERT INTO exercise_muscle (exercise_id, muscle_id, intensity) VALUES (2249, 7, 10);
# INSERT INTO exercise_muscle (exercise_id, muscle_id, intensity) VALUES (2249, 4, 7);
# INSERT INTO exercise_muscle (exercise_id, muscle_id, intensity) VALUES (2249, 2, 4);
#
# -- Exercise ID: 2250
# INSERT INTO Exercise (id, title, description, link, equipment_id, training_type_id) VALUES (2250, 'Double Dumbbell Seesaw Overhead Press', 'Target: Shoulders', 'https://youtu.be/N4Y5hWOwDBY?si=TDvtFSl9MGsAg0L6', 6, 2);
# INSERT INTO exercise_muscle (exercise_id, muscle_id, intensity) VALUES (2250, 2, 10);
# INSERT INTO exercise_muscle (exercise_id, muscle_id, intensity) VALUES (2250, 4, 7);
#
# -- Exercise ID: 2251
# INSERT INTO Exercise (id, title, description, link, equipment_id, training_type_id) VALUES (2251, 'Double Dumbbell Arnold Press', 'Target: Shoulders', 'https://youtu.be/sbGP9VjnjEg?si=QtatKrbr2B5FgS6F', 6, 2);
# INSERT INTO exercise_muscle (exercise_id, muscle_id, intensity) VALUES (2251, 2, 10);
# INSERT INTO exercise_muscle (exercise_id, muscle_id, intensity) VALUES (2251, 4, 7);
#
# -- Exercise ID: 2252
# INSERT INTO Exercise (id, title, description, link, equipment_id, training_type_id) VALUES (2252, 'Alternating Double Dumbbell Arnold Press', 'Target: Shoulders', 'https://youtu.be/9ZxNf7ZyXNA?si=RYR75ThTJf8rKwxi', 6, 2);
# INSERT INTO exercise_muscle (exercise_id, muscle_id, intensity) VALUES (2252, 2, 10);
# INSERT INTO exercise_muscle (exercise_id, muscle_id, intensity) VALUES (2252, 4, 7);
#
# -- Exercise ID: 2253
# INSERT INTO Exercise (id, title, description, link, equipment_id, training_type_id) VALUES (2253, 'Double Dumbbell Seated Arnold Press', 'Target: Shoulders', 'https://youtu.be/EtPb646Va9s?si=J7PWxe7OwlEdfLZW', 6, 2);
# INSERT INTO exercise_muscle (exercise_id, muscle_id, intensity) VALUES (2253, 2, 10);
# INSERT INTO exercise_muscle (exercise_id, muscle_id, intensity) VALUES (2253, 4, 7);
#
# -- Exercise ID: 2254
# INSERT INTO Exercise (id, title, description, link, equipment_id, training_type_id) VALUES (2254, 'Alternating Double Dumbbell Seated Arnold Press', 'Target: Shoulders', 'https://youtu.be/2dw6SwEJlH4?si=UCaE7pKKJDaRm0lz', 6, 2);
# INSERT INTO exercise_muscle (exercise_id, muscle_id, intensity) VALUES (2254, 2, 10);
# INSERT INTO exercise_muscle (exercise_id, muscle_id, intensity) VALUES (2254, 4, 7);
#
# -- Exercise ID: 2255
# INSERT INTO Exercise (id, title, description, link, equipment_id, training_type_id) VALUES (2255, 'Bodyweight Feet Elevated Frog Pump', 'Target: Glutes', 'https://youtu.be/K2AvS_4hjd4?si=WeXgOnAQd6Db4L-d', 2, 3);
# INSERT INTO exercise_muscle (exercise_id, muscle_id, intensity) VALUES (2255, 21, 10);
# INSERT INTO exercise_muscle (exercise_id, muscle_id, intensity) VALUES (2255, 22, 7);
# INSERT INTO exercise_muscle (exercise_id, muscle_id, intensity) VALUES (2255, 14, 4);
#
# -- Exercise ID: 2256
# INSERT INTO Exercise (id, title, description, link, equipment_id, training_type_id) VALUES (2256, 'Miniband Feet Elevated Frog Pump', 'Target: Glutes', 'https://youtu.be/B1brbzxGCqM?si=OdHzF3vTHn2YmADJ', 13, 2);
# INSERT INTO exercise_muscle (exercise_id, muscle_id, intensity) VALUES (2256, 21, 10);
# INSERT INTO exercise_muscle (exercise_id, muscle_id, intensity) VALUES (2256, 22, 7);
# INSERT INTO exercise_muscle (exercise_id, muscle_id, intensity) VALUES (2256, 14, 4);
#
# -- Exercise ID: 2257
# INSERT INTO Exercise (id, title, description, link, equipment_id, training_type_id) VALUES (2257, 'Miniband Feet Elevated Glute Bridge', 'Target: Glutes', 'https://youtu.be/hKUOvDXVREw?si=RIjR5zIo0hOuYfY0', 13, 2);
# INSERT INTO exercise_muscle (exercise_id, muscle_id, intensity) VALUES (2257, 21, 10);
# INSERT INTO exercise_muscle (exercise_id, muscle_id, intensity) VALUES (2257, 22, 7);
# INSERT INTO exercise_muscle (exercise_id, muscle_id, intensity) VALUES (2257, 20, 4);
#
# -- Exercise ID: 2258
# INSERT INTO Exercise (id, title, description, link, equipment_id, training_type_id) VALUES (2258, 'Bodyweight Reverse Plank', 'Target: Abdominals', 'https://youtu.be/_oFQ3G5iwtc?si=3F2p69DpOKAmGXoE', 2, 4);
# INSERT INTO exercise_muscle (exercise_id, muscle_id, intensity) VALUES (2258, 11, 10);
# INSERT INTO exercise_muscle (exercise_id, muscle_id, intensity) VALUES (2258, 21, 7);
# INSERT INTO exercise_muscle (exercise_id, muscle_id, intensity) VALUES (2258, 20, 4);
#
# -- Exercise ID: 2259
# INSERT INTO Exercise (id, title, description, link, equipment_id, training_type_id) VALUES (2259, 'Wall Ball Toss', 'Target: Quadriceps', 'https://youtu.be/fpUD0mcFp_0?si=Ymlmi7cDC_sfB1zE', 37, 3);
# INSERT INTO exercise_muscle (exercise_id, muscle_id, intensity) VALUES (2259, 13, 10);
# INSERT INTO exercise_muscle (exercise_id, muscle_id, intensity) VALUES (2259, 21, 7);
# INSERT INTO exercise_muscle (exercise_id, muscle_id, intensity) VALUES (2259, 2, 4);
#
# -- Exercise ID: 2260
# INSERT INTO Exercise (id, title, description, link, equipment_id, training_type_id) VALUES (2260, 'Wall Ball Feet Elevated Russian Twist Lateral Toss', 'Target: Abdominals', 'https://youtu.be/Bio87vFoJW8?si=NJ1qbIlIwQxlLPYE', 37, 3);
# INSERT INTO exercise_muscle (exercise_id, muscle_id, intensity) VALUES (2260, 12, 10);
# INSERT INTO exercise_muscle (exercise_id, muscle_id, intensity) VALUES (2260, 11, 7);
#
# -- Exercise ID: 2261
# INSERT INTO Exercise (id, title, description, link, equipment_id, training_type_id) VALUES (2261, 'Wall Ball Russian Twist Lateral Toss', 'Target: Abdominals', 'https://youtu.be/A7Gs9U3l_bM?si=gYbFmn76YoyxmFzn', 37, 3);
# INSERT INTO exercise_muscle (exercise_id, muscle_id, intensity) VALUES (2261, 12, 10);
# INSERT INTO exercise_muscle (exercise_id, muscle_id, intensity) VALUES (2261, 11, 7);
#
# -- Exercise ID: 2262
# INSERT INTO Exercise (id, title, description, link, equipment_id, training_type_id) VALUES (2262, 'Wall Ball Lateral Toss', 'Target: Abdominals', 'https://youtu.be/R87xzEuBmlY?si=tsszJ0gQHwdhFaFH', 37, 3);
# INSERT INTO exercise_muscle (exercise_id, muscle_id, intensity) VALUES (2262, 12, 10);
# INSERT INTO exercise_muscle (exercise_id, muscle_id, intensity) VALUES (2262, 11, 7);
#
# -- Exercise ID: 2263
# INSERT INTO Exercise (id, title, description, link, equipment_id, training_type_id) VALUES (2263, 'Wall Ball Sit Up Toss', 'Target: Abdominals', 'https://youtu.be/mSSReQ1b9NQ?si=XbGTmB14_eldcuBz', 37, 3);
# INSERT INTO exercise_muscle (exercise_id, muscle_id, intensity) VALUES (2263, 11, 10);
#
# -- Exercise ID: 2264
# INSERT INTO Exercise (id, title, description, link, equipment_id, training_type_id) VALUES (2264, 'Double Kettlebell Suitcase Bulgarian Split Squat Jump', 'Target: Quadriceps', NULL, 15, 9);
# INSERT INTO exercise_muscle (exercise_id, muscle_id, intensity) VALUES (2264, 13, 10);
# INSERT INTO exercise_muscle (exercise_id, muscle_id, intensity) VALUES (2264, 21, 7);
# INSERT INTO exercise_muscle (exercise_id, muscle_id, intensity) VALUES (2264, 22, 4);
#
# -- Exercise ID: 2265
# INSERT INTO Exercise (id, title, description, link, equipment_id, training_type_id) VALUES (2265, 'Double Dumbbell Tall Kneeling Arnold Press', 'Target: Shoulders', 'https://youtu.be/Rd3pRGf7fyQ?si=E19yq3x4ySAePC_i', 6, 2);
# INSERT INTO exercise_muscle (exercise_id, muscle_id, intensity) VALUES (2265, 2, 10);
# INSERT INTO exercise_muscle (exercise_id, muscle_id, intensity) VALUES (2265, 4, 7);
#
# -- Exercise ID: 2266
# INSERT INTO Exercise (id, title, description, link, equipment_id, training_type_id) VALUES (2266, 'Barbell Zercher Bulgarian Split Squat', 'Target: Quadriceps', 'https://youtu.be/15EmaPxPbe4?si=K_IYnXhJNu1WAP8c', 12, 2);
# INSERT INTO exercise_muscle (exercise_id, muscle_id, intensity) VALUES (2266, 13, 10);
# INSERT INTO exercise_muscle (exercise_id, muscle_id, intensity) VALUES (2266, 21, 7);
# INSERT INTO exercise_muscle (exercise_id, muscle_id, intensity) VALUES (2266, 22, 4);
#
# -- Exercise ID: 2267
# INSERT INTO Exercise (id, title, description, link, equipment_id, training_type_id) VALUES (2267, 'Dumbbell Goblet Bulgarian Split Squat', 'Target: Quadriceps', 'https://youtu.be/EeNk8sLr9z8?si=kN5JtBlDa5WiKxzK', 6, 2);
# INSERT INTO exercise_muscle (exercise_id, muscle_id, intensity) VALUES (2267, 13, 10);
# INSERT INTO exercise_muscle (exercise_id, muscle_id, intensity) VALUES (2267, 21, 7);
# INSERT INTO exercise_muscle (exercise_id, muscle_id, intensity) VALUES (2267, 22, 4);
#
# -- Exercise ID: 2268
# INSERT INTO Exercise (id, title, description, link, equipment_id, training_type_id) VALUES (2268, 'Single Arm Kettlebell Bottoms Up Overhead Ipsilateral Bulgarian Split Squat', 'Target: Quadriceps', NULL, 15, 2);
# INSERT INTO exercise_muscle (exercise_id, muscle_id, intensity) VALUES (2268, 13, 10);
# INSERT INTO exercise_muscle (exercise_id, muscle_id, intensity) VALUES (2268, 21, 7);
# INSERT INTO exercise_muscle (exercise_id, muscle_id, intensity) VALUES (2268, 22, 4);
#
# -- Exercise ID: 2269
# INSERT INTO Exercise (id, title, description, link, equipment_id, training_type_id) VALUES (2269, 'Kettlebell Goblet Bulgarian Split Squat', 'Target: Quadriceps', 'https://youtu.be/o_M9wYTtIBA?si=BXIV9tiqPcpzzreB', 15, 2);
# INSERT INTO exercise_muscle (exercise_id, muscle_id, intensity) VALUES (2269, 13, 10);
# INSERT INTO exercise_muscle (exercise_id, muscle_id, intensity) VALUES (2269, 21, 7);
# INSERT INTO exercise_muscle (exercise_id, muscle_id, intensity) VALUES (2269, 22, 4);
#
# -- Exercise ID: 2270
# INSERT INTO Exercise (id, title, description, link, equipment_id, training_type_id) VALUES (2270, 'Landmine Goblet Bulgarian Split Squat', 'Target: Quadriceps', 'https://youtu.be/Xv7xtX-iHXw?si=Tr0jv2-w6qpFctJh', 19, 2);
# INSERT INTO exercise_muscle (exercise_id, muscle_id, intensity) VALUES (2270, 13, 10);
# INSERT INTO exercise_muscle (exercise_id, muscle_id, intensity) VALUES (2270, 21, 7);
# INSERT INTO exercise_muscle (exercise_id, muscle_id, intensity) VALUES (2270, 22, 4);
#
# -- Exercise ID: 2271
# INSERT INTO Exercise (id, title, description, link, equipment_id, training_type_id) VALUES (2271, 'Macebell Order Bulgarian Split Squat', 'Target: Quadriceps', NULL, 24, 2);
# INSERT INTO exercise_muscle (exercise_id, muscle_id, intensity) VALUES (2271, 13, 10);
# INSERT INTO exercise_muscle (exercise_id, muscle_id, intensity) VALUES (2271, 21, 7);
# INSERT INTO exercise_muscle (exercise_id, muscle_id, intensity) VALUES (2271, 22, 4);
#
# -- Exercise ID: 2272
# INSERT INTO Exercise (id, title, description, link, equipment_id, training_type_id) VALUES (2272, 'Single Arm Macebell Order Contralateral Bulgarian Split Squat', 'Target: Quadriceps', NULL, 24, 2);
# INSERT INTO exercise_muscle (exercise_id, muscle_id, intensity) VALUES (2272, 13, 10);
# INSERT INTO exercise_muscle (exercise_id, muscle_id, intensity) VALUES (2272, 21, 7);
# INSERT INTO exercise_muscle (exercise_id, muscle_id, intensity) VALUES (2272, 22, 4);
#
# -- Exercise ID: 2273
# INSERT INTO Exercise (id, title, description, link, equipment_id, training_type_id) VALUES (2273, 'Single Arm Macebell Order Ipsilateral Bulgarian Split Squat', 'Target: Quadriceps', NULL, 24, 2);
# INSERT INTO exercise_muscle (exercise_id, muscle_id, intensity) VALUES (2273, 13, 10);
# INSERT INTO exercise_muscle (exercise_id, muscle_id, intensity) VALUES (2273, 21, 7);
# INSERT INTO exercise_muscle (exercise_id, muscle_id, intensity) VALUES (2273, 22, 4);
#
# -- Exercise ID: 2274
# INSERT INTO Exercise (id, title, description, link, equipment_id, training_type_id) VALUES (2274, 'Clubbell Order Bulgarian Split Squat', 'Target: Quadriceps', NULL, 26, 2);
# INSERT INTO exercise_muscle (exercise_id, muscle_id, intensity) VALUES (2274, 13, 10);
# INSERT INTO exercise_muscle (exercise_id, muscle_id, intensity) VALUES (2274, 21, 7);
# INSERT INTO exercise_muscle (exercise_id, muscle_id, intensity) VALUES (2274, 22, 4);
#
# -- Exercise ID: 2275
# INSERT INTO Exercise (id, title, description, link, equipment_id, training_type_id) VALUES (2275, 'Plate Overhead Bulgarian Split Squat', 'Target: Quadriceps', NULL, 22, 2);
# INSERT INTO exercise_muscle (exercise_id, muscle_id, intensity) VALUES (2275, 13, 10);
# INSERT INTO exercise_muscle (exercise_id, muscle_id, intensity) VALUES (2275, 21, 7);
# INSERT INTO exercise_muscle (exercise_id, muscle_id, intensity) VALUES (2275, 22, 4);
#
# -- Exercise ID: 2276
# INSERT INTO Exercise (id, title, description, link, equipment_id, training_type_id) VALUES (2276, 'Tire Bulgarian Split Squat', 'Target: Quadriceps', NULL, 29, 2);
# INSERT INTO exercise_muscle (exercise_id, muscle_id, intensity) VALUES (2276, 13, 10);
# INSERT INTO exercise_muscle (exercise_id, muscle_id, intensity) VALUES (2276, 21, 7);
# INSERT INTO exercise_muscle (exercise_id, muscle_id, intensity) VALUES (2276, 22, 4);
#
# -- Exercise ID: 2277
# INSERT INTO Exercise (id, title, description, link, equipment_id, training_type_id) VALUES (2277, 'Tire Bulgarian Split Squat Jump', 'Target: Quadriceps', NULL, 29, 9);
# INSERT INTO exercise_muscle (exercise_id, muscle_id, intensity) VALUES (2277, 13, 10);
# INSERT INTO exercise_muscle (exercise_id, muscle_id, intensity) VALUES (2277, 21, 7);
# INSERT INTO exercise_muscle (exercise_id, muscle_id, intensity) VALUES (2277, 22, 4);
#
# -- Exercise ID: 2278
# INSERT INTO Exercise (id, title, description, link, equipment_id, training_type_id) VALUES (2278, 'Double Dumbbell Front Rack Knee Over Toe Split Squat', 'Target: Quadriceps', 'https://youtu.be/WQUXh0Zk1XU?si=nWvh_443nHiOu2bH', 6, 2);
# INSERT INTO exercise_muscle (exercise_id, muscle_id, intensity) VALUES (2278, 13, 10);
# INSERT INTO exercise_muscle (exercise_id, muscle_id, intensity) VALUES (2278, 21, 7);
# INSERT INTO exercise_muscle (exercise_id, muscle_id, intensity) VALUES (2278, 6, 4);
#
# -- Exercise ID: 2279
# INSERT INTO Exercise (id, title, description, link, equipment_id, training_type_id) VALUES (2279, 'Double Dumbbell Front Rack Foot Elevated Knee Over Toe Split Squat', 'Target: Quadriceps', 'https://youtu.be/7obV55SSiaw?si=S805NWBkc0FbMt7c', 6, 2);
# INSERT INTO exercise_muscle (exercise_id, muscle_id, intensity) VALUES (2279, 13, 10);
# INSERT INTO exercise_muscle (exercise_id, muscle_id, intensity) VALUES (2279, 21, 7);
# INSERT INTO exercise_muscle (exercise_id, muscle_id, intensity) VALUES (2279, 6, 4);
#
# -- Exercise ID: 2280
# INSERT INTO Exercise (id, title, description, link, equipment_id, training_type_id) VALUES (2280, 'Double Dumbbell Overhead Knee Over Toe Split Squat', 'Target: Quadriceps', NULL, 6, 2);
# INSERT INTO exercise_muscle (exercise_id, muscle_id, intensity) VALUES (2280, 13, 10);
# INSERT INTO exercise_muscle (exercise_id, muscle_id, intensity) VALUES (2280, 21, 7);
# INSERT INTO exercise_muscle (exercise_id, muscle_id, intensity) VALUES (2280, 6, 4);
#
# -- Exercise ID: 2281
# INSERT INTO Exercise (id, title, description, link, equipment_id, training_type_id) VALUES (2281, 'Double Dumbbell Overhead Foot Elevated Knee Over Toe Split Squat', 'Target: Quadriceps', NULL, 6, 2);
# INSERT INTO exercise_muscle (exercise_id, muscle_id, intensity) VALUES (2281, 13, 10);
# INSERT INTO exercise_muscle (exercise_id, muscle_id, intensity) VALUES (2281, 21, 7);
# INSERT INTO exercise_muscle (exercise_id, muscle_id, intensity) VALUES (2281, 6, 4);
#
# -- Exercise ID: 2282
# INSERT INTO Exercise (id, title, description, link, equipment_id, training_type_id) VALUES (2282, 'Double Dumbbell Suitcase Foot Elevated Knee Over Toe Split Squat', 'Target: Quadriceps', 'https://youtu.be/h_S_Bb9rWCE?si=Dr_V3tDtxcRysPGX', 6, 2);
# INSERT INTO exercise_muscle (exercise_id, muscle_id, intensity) VALUES (2282, 13, 10);
# INSERT INTO exercise_muscle (exercise_id, muscle_id, intensity) VALUES (2282, 21, 7);
# INSERT INTO exercise_muscle (exercise_id, muscle_id, intensity) VALUES (2282, 6, 4);
#
# -- Exercise ID: 2283
# INSERT INTO Exercise (id, title, description, link, equipment_id, training_type_id) VALUES (2283, 'Single Arm Dumbbell Overhead Ipsilateral Knee Over Toe Split Squat', 'Target: Quadriceps', NULL, 6, 2);
# INSERT INTO exercise_muscle (exercise_id, muscle_id, intensity) VALUES (2283, 13, 10);
# INSERT INTO exercise_muscle (exercise_id, muscle_id, intensity) VALUES (2283, 21, 7);
# INSERT INTO exercise_muscle (exercise_id, muscle_id, intensity) VALUES (2283, 6, 4);
#
# -- Exercise ID: 2284
# INSERT INTO Exercise (id, title, description, link, equipment_id, training_type_id) VALUES (2284, 'Single Arm Dumbbell Front Rack Contralateral Knee Over Toe Split Squat', 'Target: Quadriceps', NULL, 6, 2);
# INSERT INTO exercise_muscle (exercise_id, muscle_id, intensity) VALUES (2284, 13, 10);
# INSERT INTO exercise_muscle (exercise_id, muscle_id, intensity) VALUES (2284, 21, 7);
# INSERT INTO exercise_muscle (exercise_id, muscle_id, intensity) VALUES (2284, 6, 4);
#
# -- Exercise ID: 2285
# INSERT INTO Exercise (id, title, description, link, equipment_id, training_type_id) VALUES (2285, 'Single Arm Dumbbell Front Rack Ipsilateral Knee Over Toe Split Squat', 'Target: Quadriceps', NULL, 6, 2);
# INSERT INTO exercise_muscle (exercise_id, muscle_id, intensity) VALUES (2285, 13, 10);
# INSERT INTO exercise_muscle (exercise_id, muscle_id, intensity) VALUES (2285, 21, 7);
# INSERT INTO exercise_muscle (exercise_id, muscle_id, intensity) VALUES (2285, 6, 4);
#
# -- Exercise ID: 2286
# INSERT INTO Exercise (id, title, description, link, equipment_id, training_type_id) VALUES (2286, 'Single Arm Dumbbell Suitcase Contralateral Knee Over Toe Split Squat', 'Target: Quadriceps', NULL, 6, 2);
# INSERT INTO exercise_muscle (exercise_id, muscle_id, intensity) VALUES (2286, 13, 10);
# INSERT INTO exercise_muscle (exercise_id, muscle_id, intensity) VALUES (2286, 21, 7);
# INSERT INTO exercise_muscle (exercise_id, muscle_id, intensity) VALUES (2286, 6, 4);
#
# -- Exercise ID: 2287
# INSERT INTO Exercise (id, title, description, link, equipment_id, training_type_id) VALUES (2287, 'Single Arm Dumbbell Suitcase Ipsilateral Knee Over Toe Split Squat', 'Target: Quadriceps', NULL, 6, 2);
# INSERT INTO exercise_muscle (exercise_id, muscle_id, intensity) VALUES (2287, 13, 10);
# INSERT INTO exercise_muscle (exercise_id, muscle_id, intensity) VALUES (2287, 21, 7);
# INSERT INTO exercise_muscle (exercise_id, muscle_id, intensity) VALUES (2287, 6, 4);
#
# -- Exercise ID: 2288
# INSERT INTO Exercise (id, title, description, link, equipment_id, training_type_id) VALUES (2288, 'Dumbbell Goblet Knee Over Toe Split Squat', 'Target: Quadriceps', 'https://youtu.be/JlcQSTjIpk8?feature=shared', 6, 2);
# INSERT INTO exercise_muscle (exercise_id, muscle_id, intensity) VALUES (2288, 13, 10);
# INSERT INTO exercise_muscle (exercise_id, muscle_id, intensity) VALUES (2288, 21, 7);
# INSERT INTO exercise_muscle (exercise_id, muscle_id, intensity) VALUES (2288, 6, 4);
#
# -- Exercise ID: 2289
# INSERT INTO Exercise (id, title, description, link, equipment_id, training_type_id) VALUES (2289, 'Dumbbell Goblet Foot Elevated Knee Over Toe Split Squat', 'Target: Quadriceps', 'https://youtu.be/H5KGoSK1TMw?si=wfO6lfzcy7AhIt-M', 6, 2);
# INSERT INTO exercise_muscle (exercise_id, muscle_id, intensity) VALUES (2289, 13, 10);
# INSERT INTO exercise_muscle (exercise_id, muscle_id, intensity) VALUES (2289, 21, 7);
# INSERT INTO exercise_muscle (exercise_id, muscle_id, intensity) VALUES (2289, 6, 4);
#
# -- Exercise ID: 2290
# INSERT INTO Exercise (id, title, description, link, equipment_id, training_type_id) VALUES (2290, 'Single Arm Dumbbell Suitcase Foot Elevated Contralateral Knee Over Toe Split Squat', 'Target: Quadriceps', 'https://youtu.be/FpwomyrCcCk?si=JJyauhDa3bMzRSkq', 6, 2);
# INSERT INTO exercise_muscle (exercise_id, muscle_id, intensity) VALUES (2290, 13, 10);
# INSERT INTO exercise_muscle (exercise_id, muscle_id, intensity) VALUES (2290, 21, 7);
# INSERT INTO exercise_muscle (exercise_id, muscle_id, intensity) VALUES (2290, 6, 4);
#
# -- Exercise ID: 2291
# INSERT INTO Exercise (id, title, description, link, equipment_id, training_type_id) VALUES (2291, 'Single Arm Dumbbell Suitcase Foot Elevated Ipsilateral Knee Over Toe Split Squat', 'Target: Quadriceps', NULL, 6, 2);
# INSERT INTO exercise_muscle (exercise_id, muscle_id, intensity) VALUES (2291, 13, 10);
# INSERT INTO exercise_muscle (exercise_id, muscle_id, intensity) VALUES (2291, 21, 7);
# INSERT INTO exercise_muscle (exercise_id, muscle_id, intensity) VALUES (2291, 6, 4);
#
# -- Exercise ID: 2292
# INSERT INTO Exercise (id, title, description, link, equipment_id, training_type_id) VALUES (2292, 'Single Arm Dumbbell Overhead Foot Elevated Contralateral Knee Over Toe Split Squat', 'Target: Quadriceps', NULL, 6, 2);
# INSERT INTO exercise_muscle (exercise_id, muscle_id, intensity) VALUES (2292, 13, 10);
# INSERT INTO exercise_muscle (exercise_id, muscle_id, intensity) VALUES (2292, 21, 7);
# INSERT INTO exercise_muscle (exercise_id, muscle_id, intensity) VALUES (2292, 6, 4);
#
# -- Exercise ID: 2293
# INSERT INTO Exercise (id, title, description, link, equipment_id, training_type_id) VALUES (2293, 'Single Arm Dumbbell Overhead Foot Elevated Ipsilateral Knee Over Toe Split Squat', 'Target: Quadriceps', NULL, 6, 2);
# INSERT INTO exercise_muscle (exercise_id, muscle_id, intensity) VALUES (2293, 13, 10);
# INSERT INTO exercise_muscle (exercise_id, muscle_id, intensity) VALUES (2293, 21, 7);
# INSERT INTO exercise_muscle (exercise_id, muscle_id, intensity) VALUES (2293, 6, 4);
#
# -- Exercise ID: 2294
# INSERT INTO Exercise (id, title, description, link, equipment_id, training_type_id) VALUES (2294, 'Single Arm Dumbbell Front Rack Foot Elevated Contralateral Knee Over Toe Split Squat', 'Target: Quadriceps', NULL, 6, 2);
# INSERT INTO exercise_muscle (exercise_id, muscle_id, intensity) VALUES (2294, 13, 10);
# INSERT INTO exercise_muscle (exercise_id, muscle_id, intensity) VALUES (2294, 21, 7);
# INSERT INTO exercise_muscle (exercise_id, muscle_id, intensity) VALUES (2294, 6, 4);
#
# -- Exercise ID: 2295
# INSERT INTO Exercise (id, title, description, link, equipment_id, training_type_id) VALUES (2295, 'Single Arm Dumbbell Front Rack Foot Elevated Ipsilateral Knee Over Toe Split Squat', 'Target: Quadriceps', NULL, 6, 2);
# INSERT INTO exercise_muscle (exercise_id, muscle_id, intensity) VALUES (2295, 13, 10);
# INSERT INTO exercise_muscle (exercise_id, muscle_id, intensity) VALUES (2295, 21, 7);
# INSERT INTO exercise_muscle (exercise_id, muscle_id, intensity) VALUES (2295, 6, 4);
#
# -- Exercise ID: 2296
# INSERT INTO Exercise (id, title, description, link, equipment_id, training_type_id) VALUES (2296, 'Barbell Zercher Knee Over Toe Split Squat', 'Target: Quadriceps', NULL, 12, 2);
# INSERT INTO exercise_muscle (exercise_id, muscle_id, intensity) VALUES (2296, 13, 10);
# INSERT INTO exercise_muscle (exercise_id, muscle_id, intensity) VALUES (2296, 21, 7);
# INSERT INTO exercise_muscle (exercise_id, muscle_id, intensity) VALUES (2296, 6, 4);
#
# -- Exercise ID: 2297
# INSERT INTO Exercise (id, title, description, link, equipment_id, training_type_id) VALUES (2297, 'Barbell Zercher Foot Elevated Knee Over Toe Split Squat', 'Target: Quadriceps', NULL, 12, 2);
# INSERT INTO exercise_muscle (exercise_id, muscle_id, intensity) VALUES (2297, 13, 10);
# INSERT INTO exercise_muscle (exercise_id, muscle_id, intensity) VALUES (2297, 21, 7);
# INSERT INTO exercise_muscle (exercise_id, muscle_id, intensity) VALUES (2297, 6, 4);
#
# -- Exercise ID: 2298
# INSERT INTO Exercise (id, title, description, link, equipment_id, training_type_id) VALUES (2298, 'Barbell Back Rack Foot Elevated Knee Over Toe Split Squat', 'Target: Quadriceps', 'https://youtu.be/yw2PSqN1ELo?si=2h_po3eQI5bN1T8l', 12, 2);
# INSERT INTO exercise_muscle (exercise_id, muscle_id, intensity) VALUES (2298, 13, 10);
# INSERT INTO exercise_muscle (exercise_id, muscle_id, intensity) VALUES (2298, 21, 7);
# INSERT INTO exercise_muscle (exercise_id, muscle_id, intensity) VALUES (2298, 6, 4);
#
# -- Exercise ID: 2299
# INSERT INTO Exercise (id, title, description, link, equipment_id, training_type_id) VALUES (2299, 'Barbell Front Rack Foot Elevated Knee Over Toe Split Squat', 'Target: Quadriceps', 'https://youtu.be/Z-9VnaY1F7k?si=NW_jj2yOwfUGesC3', 12, 2);
# INSERT INTO exercise_muscle (exercise_id, muscle_id, intensity) VALUES (2299, 13, 10);
# INSERT INTO exercise_muscle (exercise_id, muscle_id, intensity) VALUES (2299, 21, 7);
# INSERT INTO exercise_muscle (exercise_id, muscle_id, intensity) VALUES (2299, 6, 4);
#
# -- Exercise ID: 2300
# INSERT INTO Exercise (id, title, description, link, equipment_id, training_type_id) VALUES (2300, 'Barbell Overhead Foot Elevated Knee Over Toe Split Squat', 'Target: Quadriceps', NULL, 12, 2);
# INSERT INTO exercise_muscle (exercise_id, muscle_id, intensity) VALUES (2300, 13, 10);
# INSERT INTO exercise_muscle (exercise_id, muscle_id, intensity) VALUES (2300, 21, 7);
# INSERT INTO exercise_muscle (exercise_id, muscle_id, intensity) VALUES (2300, 6, 4);
#
# -- Exercise ID: 2301
# INSERT INTO Exercise (id, title, description, link, equipment_id, training_type_id) VALUES (2301, 'Single Arm Barbell Overhead Foot Elevated Knee Over Toe Split Squat', 'Target: Quadriceps', NULL, 12, 2);
# INSERT INTO exercise_muscle (exercise_id, muscle_id, intensity) VALUES (2301, 13, 10);
# INSERT INTO exercise_muscle (exercise_id, muscle_id, intensity) VALUES (2301, 21, 7);
# INSERT INTO exercise_muscle (exercise_id, muscle_id, intensity) VALUES (2301, 6, 4);
#
# -- Exercise ID: 2302
# INSERT INTO Exercise (id, title, description, link, equipment_id, training_type_id) VALUES (2302, 'Bulgarian Bag Back Rack Knee Over Toe Split Squat', 'Target: Quadriceps', NULL, 34, 2);
# INSERT INTO exercise_muscle (exercise_id, muscle_id, intensity) VALUES (2302, 13, 10);
# INSERT INTO exercise_muscle (exercise_id, muscle_id, intensity) VALUES (2302, 21, 7);
# INSERT INTO exercise_muscle (exercise_id, muscle_id, intensity) VALUES (2302, 6, 4);
#
# -- Exercise ID: 2303
# INSERT INTO Exercise (id, title, description, link, equipment_id, training_type_id) VALUES (2303, 'Bulgarian Bag Back Rack Foot Elevated Knee Over Toe Split Squat', 'Target: Quadriceps', NULL, 34, 2);
# INSERT INTO exercise_muscle (exercise_id, muscle_id, intensity) VALUES (2303, 13, 10);
# INSERT INTO exercise_muscle (exercise_id, muscle_id, intensity) VALUES (2303, 21, 7);
# INSERT INTO exercise_muscle (exercise_id, muscle_id, intensity) VALUES (2303, 6, 4);
#
# -- Exercise ID: 2304
# INSERT INTO Exercise (id, title, description, link, equipment_id, training_type_id) VALUES (2304, 'Plate Overhead Knee Over Toe Split Squat', 'Target: Quadriceps', NULL, 22, 2);
# INSERT INTO exercise_muscle (exercise_id, muscle_id, intensity) VALUES (2304, 13, 10);
# INSERT INTO exercise_muscle (exercise_id, muscle_id, intensity) VALUES (2304, 21, 7);
# INSERT INTO exercise_muscle (exercise_id, muscle_id, intensity) VALUES (2304, 6, 4);
#
# -- Exercise ID: 2305
# INSERT INTO Exercise (id, title, description, link, equipment_id, training_type_id) VALUES (2305, 'Plate Overhead Foot Elevated Knee Over Toe Split Squat', 'Target: Quadriceps', NULL, 22, 2);
# INSERT INTO exercise_muscle (exercise_id, muscle_id, intensity) VALUES (2305, 13, 10);
# INSERT INTO exercise_muscle (exercise_id, muscle_id, intensity) VALUES (2305, 21, 7);
# INSERT INTO exercise_muscle (exercise_id, muscle_id, intensity) VALUES (2305, 6, 4);
#
# -- Exercise ID: 2306
# INSERT INTO Exercise (id, title, description, link, equipment_id, training_type_id) VALUES (2306, 'Double Clubbell Order Knee Over Toe Split Squat', 'Target: Quadriceps', NULL, 26, 2);
# INSERT INTO exercise_muscle (exercise_id, muscle_id, intensity) VALUES (2306, 13, 10);
# INSERT INTO exercise_muscle (exercise_id, muscle_id, intensity) VALUES (2306, 21, 7);
# INSERT INTO exercise_muscle (exercise_id, muscle_id, intensity) VALUES (2306, 6, 4);
#
# -- Exercise ID: 2307
# INSERT INTO Exercise (id, title, description, link, equipment_id, training_type_id) VALUES (2307, 'Double Clubbell Order Foot Elevated Knee Over Toe Split Squat', 'Target: Quadriceps', NULL, 26, 2);
# INSERT INTO exercise_muscle (exercise_id, muscle_id, intensity) VALUES (2307, 13, 10);
# INSERT INTO exercise_muscle (exercise_id, muscle_id, intensity) VALUES (2307, 21, 7);
# INSERT INTO exercise_muscle (exercise_id, muscle_id, intensity) VALUES (2307, 6, 4);
#
# -- Exercise ID: 2308
# INSERT INTO Exercise (id, title, description, link, equipment_id, training_type_id) VALUES (2308, 'Clubbell Order Knee Over Toe Split Squat', 'Target: Quadriceps', NULL, 26, 2);
# INSERT INTO exercise_muscle (exercise_id, muscle_id, intensity) VALUES (2308, 13, 10);
# INSERT INTO exercise_muscle (exercise_id, muscle_id, intensity) VALUES (2308, 21, 7);
# INSERT INTO exercise_muscle (exercise_id, muscle_id, intensity) VALUES (2308, 6, 4);
#
# -- Exercise ID: 2309
# INSERT INTO Exercise (id, title, description, link, equipment_id, training_type_id) VALUES (2309, 'Clubbell Order Foot Elevated Knee Over Toe Split Squat', 'Target: Quadriceps', NULL, 26, 2);
# INSERT INTO exercise_muscle (exercise_id, muscle_id, intensity) VALUES (2309, 13, 10);
# INSERT INTO exercise_muscle (exercise_id, muscle_id, intensity) VALUES (2309, 21, 7);
# INSERT INTO exercise_muscle (exercise_id, muscle_id, intensity) VALUES (2309, 6, 4);
#
# -- Exercise ID: 2310
# INSERT INTO Exercise (id, title, description, link, equipment_id, training_type_id) VALUES (2310, 'Single Arm Clubbell Order Contralateral Knee Over Toe Split Squat', 'Target: Quadriceps', NULL, 26, 2);
# INSERT INTO exercise_muscle (exercise_id, muscle_id, intensity) VALUES (2310, 13, 10);
# INSERT INTO exercise_muscle (exercise_id, muscle_id, intensity) VALUES (2310, 21, 7);
# INSERT INTO exercise_muscle (exercise_id, muscle_id, intensity) VALUES (2310, 6, 4);
#
# -- Exercise ID: 2311
# INSERT INTO Exercise (id, title, description, link, equipment_id, training_type_id) VALUES (2311, 'Single Arm Clubbell Order Foot Elevated Contralateral Knee Over Toe Split Squat', 'Target: Quadriceps', NULL, 26, 2);
# INSERT INTO exercise_muscle (exercise_id, muscle_id, intensity) VALUES (2311, 13, 10);
# INSERT INTO exercise_muscle (exercise_id, muscle_id, intensity) VALUES (2311, 21, 7);
# INSERT INTO exercise_muscle (exercise_id, muscle_id, intensity) VALUES (2311, 6, 4);
#
# -- Exercise ID: 2312
# INSERT INTO Exercise (id, title, description, link, equipment_id, training_type_id) VALUES (2312, 'Single Arm Clubbell Order Ipsilateral Knee Over Toe Split Squat', 'Target: Quadriceps', NULL, 26, 2);
# INSERT INTO exercise_muscle (exercise_id, muscle_id, intensity) VALUES (2312, 13, 10);
# INSERT INTO exercise_muscle (exercise_id, muscle_id, intensity) VALUES (2312, 21, 7);
# INSERT INTO exercise_muscle (exercise_id, muscle_id, intensity) VALUES (2312, 6, 4);
#
# -- Exercise ID: 2313
# INSERT INTO Exercise (id, title, description, link, equipment_id, training_type_id) VALUES (2313, 'Single Arm Clubbell Order Foot Elevated Ipsilateral Knee Over Toe Split Squat', 'Target: Quadriceps', NULL, 26, 2);
# INSERT INTO exercise_muscle (exercise_id, muscle_id, intensity) VALUES (2313, 13, 10);
# INSERT INTO exercise_muscle (exercise_id, muscle_id, intensity) VALUES (2313, 21, 7);
# INSERT INTO exercise_muscle (exercise_id, muscle_id, intensity) VALUES (2313, 6, 4);
#
# -- Exercise ID: 2314
# INSERT INTO Exercise (id, title, description, link, equipment_id, training_type_id) VALUES (2314, 'Macebell Order Knee Over Toe Split Squat', 'Target: Quadriceps', NULL, 24, 2);
# INSERT INTO exercise_muscle (exercise_id, muscle_id, intensity) VALUES (2314, 13, 10);
# INSERT INTO exercise_muscle (exercise_id, muscle_id, intensity) VALUES (2314, 21, 7);
# INSERT INTO exercise_muscle (exercise_id, muscle_id, intensity) VALUES (2314, 6, 4);
#
# -- Exercise ID: 2315
# INSERT INTO Exercise (id, title, description, link, equipment_id, training_type_id) VALUES (2315, 'Macebell Order Foot Elevated Knee Over Toe Split Squat', 'Target: Quadriceps', NULL, 24, 2);
# INSERT INTO exercise_muscle (exercise_id, muscle_id, intensity) VALUES (2315, 13, 10);
# INSERT INTO exercise_muscle (exercise_id, muscle_id, intensity) VALUES (2315, 21, 7);
# INSERT INTO exercise_muscle (exercise_id, muscle_id, intensity) VALUES (2315, 6, 4);
#
# -- Exercise ID: 2316
# INSERT INTO Exercise (id, title, description, link, equipment_id, training_type_id) VALUES (2316, 'Single Arm Macebell Order Contralateral Knee Over Toe Split Squat', 'Target: Quadriceps', NULL, 24, 2);
# INSERT INTO exercise_muscle (exercise_id, muscle_id, intensity) VALUES (2316, 13, 10);
# INSERT INTO exercise_muscle (exercise_id, muscle_id, intensity) VALUES (2316, 21, 7);
# INSERT INTO exercise_muscle (exercise_id, muscle_id, intensity) VALUES (2316, 6, 4);
#
# -- Exercise ID: 2317
# INSERT INTO Exercise (id, title, description, link, equipment_id, training_type_id) VALUES (2317, 'Single Arm Macebell Order Foot Elevated Contralateral Knee Over Toe Split Squat', 'Target: Quadriceps', NULL, 24, 2);
# INSERT INTO exercise_muscle (exercise_id, muscle_id, intensity) VALUES (2317, 13, 10);
# INSERT INTO exercise_muscle (exercise_id, muscle_id, intensity) VALUES (2317, 21, 7);
# INSERT INTO exercise_muscle (exercise_id, muscle_id, intensity) VALUES (2317, 6, 4);
#
# -- Exercise ID: 2318
# INSERT INTO Exercise (id, title, description, link, equipment_id, training_type_id) VALUES (2318, 'Single Arm Macebell Order Ipsilateral Knee Over Toe Split Squat', 'Target: Quadriceps', NULL, 24, 2);
# INSERT INTO exercise_muscle (exercise_id, muscle_id, intensity) VALUES (2318, 13, 10);
# INSERT INTO exercise_muscle (exercise_id, muscle_id, intensity) VALUES (2318, 21, 7);
# INSERT INTO exercise_muscle (exercise_id, muscle_id, intensity) VALUES (2318, 6, 4);
#
# -- Exercise ID: 2319
# INSERT INTO Exercise (id, title, description, link, equipment_id, training_type_id) VALUES (2319, 'Single Arm Macebell Order Foot Elevated Ipsilateral Knee Over Toe Split Squat', 'Target: Quadriceps', NULL, 24, 2);
# INSERT INTO exercise_muscle (exercise_id, muscle_id, intensity) VALUES (2319, 13, 10);
# INSERT INTO exercise_muscle (exercise_id, muscle_id, intensity) VALUES (2319, 21, 7);
# INSERT INTO exercise_muscle (exercise_id, muscle_id, intensity) VALUES (2319, 6, 4);
#
# -- Exercise ID: 2320
# INSERT INTO Exercise (id, title, description, link, equipment_id, training_type_id) VALUES (2320, 'Sandbag Front Rack Knee Over Toe Split Squat', 'Target: Quadriceps', NULL, 36, 2);
# INSERT INTO exercise_muscle (exercise_id, muscle_id, intensity) VALUES (2320, 13, 10);
# INSERT INTO exercise_muscle (exercise_id, muscle_id, intensity) VALUES (2320, 21, 7);
# INSERT INTO exercise_muscle (exercise_id, muscle_id, intensity) VALUES (2320, 6, 4);
#
# -- Exercise ID: 2321
# INSERT INTO Exercise (id, title, description, link, equipment_id, training_type_id) VALUES (2321, 'Sandbag Front Rack Foot Elevated Knee Over Toe Split Squat', 'Target: Quadriceps', NULL, 36, 2);
# INSERT INTO exercise_muscle (exercise_id, muscle_id, intensity) VALUES (2321, 13, 10);
# INSERT INTO exercise_muscle (exercise_id, muscle_id, intensity) VALUES (2321, 21, 7);
# INSERT INTO exercise_muscle (exercise_id, muscle_id, intensity) VALUES (2321, 6, 4);
#
# -- Exercise ID: 2322
# INSERT INTO Exercise (id, title, description, link, equipment_id, training_type_id) VALUES (2322, 'Single Arm Kettlebell Suitcase Foot Elevated Ipsilateral Knee Over Toe Split Squat', 'Target: Quadriceps', NULL, 15, 2);
# INSERT INTO exercise_muscle (exercise_id, muscle_id, intensity) VALUES (2322, 13, 10);
# INSERT INTO exercise_muscle (exercise_id, muscle_id, intensity) VALUES (2322, 21, 7);
# INSERT INTO exercise_muscle (exercise_id, muscle_id, intensity) VALUES (2322, 6, 4);
#
# -- Exercise ID: 2323
# INSERT INTO Exercise (id, title, description, link, equipment_id, training_type_id) VALUES (2323, 'Single Arm Kettlebell Suitcase Ipsilateral Knee Over Toe Split Squat', 'Target: Quadriceps', NULL, 15, 2);
# INSERT INTO exercise_muscle (exercise_id, muscle_id, intensity) VALUES (2323, 13, 10);
# INSERT INTO exercise_muscle (exercise_id, muscle_id, intensity) VALUES (2323, 21, 7);
# INSERT INTO exercise_muscle (exercise_id, muscle_id, intensity) VALUES (2323, 6, 4);
#
# -- Exercise ID: 2324
# INSERT INTO Exercise (id, title, description, link, equipment_id, training_type_id) VALUES (2324, 'Double Kettlebell Front Rack Foot Elevated Knee Over Toe Split Squat', 'Target: Quadriceps', NULL, 15, 2);
# INSERT INTO exercise_muscle (exercise_id, muscle_id, intensity) VALUES (2324, 13, 10);
# INSERT INTO exercise_muscle (exercise_id, muscle_id, intensity) VALUES (2324, 21, 7);
# INSERT INTO exercise_muscle (exercise_id, muscle_id, intensity) VALUES (2324, 6, 4);
#
# -- Exercise ID: 2325
# INSERT INTO Exercise (id, title, description, link, equipment_id, training_type_id) VALUES (2325, 'Single Arm Kettlebell Front Rack Foot Elevated Contralateral Knee Over Toe Split Squat', 'Target: Quadriceps', NULL, 15, 2);
# INSERT INTO exercise_muscle (exercise_id, muscle_id, intensity) VALUES (2325, 13, 10);
# INSERT INTO exercise_muscle (exercise_id, muscle_id, intensity) VALUES (2325, 21, 7);
# INSERT INTO exercise_muscle (exercise_id, muscle_id, intensity) VALUES (2325, 6, 4);
#
# -- Exercise ID: 2326
# INSERT INTO Exercise (id, title, description, link, equipment_id, training_type_id) VALUES (2326, 'Single Arm Kettlebell Front Rack Ipsilateral Knee Over Toe Split Squat', 'Target: Quadriceps', NULL, 15, 2);
# INSERT INTO exercise_muscle (exercise_id, muscle_id, intensity) VALUES (2326, 13, 10);
# INSERT INTO exercise_muscle (exercise_id, muscle_id, intensity) VALUES (2326, 21, 7);
# INSERT INTO exercise_muscle (exercise_id, muscle_id, intensity) VALUES (2326, 6, 4);
#
# -- Exercise ID: 2327
# INSERT INTO Exercise (id, title, description, link, equipment_id, training_type_id) VALUES (2327, 'Single Arm Kettlebell Front Rack Foot Elevated Ipsilateral Knee Over Toe Split Squat', 'Target: Quadriceps', NULL, 15, 2);
# INSERT INTO exercise_muscle (exercise_id, muscle_id, intensity) VALUES (2327, 13, 10);
# INSERT INTO exercise_muscle (exercise_id, muscle_id, intensity) VALUES (2327, 21, 7);
# INSERT INTO exercise_muscle (exercise_id, muscle_id, intensity) VALUES (2327, 6, 4);
#
# -- Exercise ID: 2328
# INSERT INTO Exercise (id, title, description, link, equipment_id, training_type_id) VALUES (2328, 'Double Kettlebell Bottoms Up Front Rack Knee Over Toe Split Squat', 'Target: Quadriceps', NULL, 15, 2);
# INSERT INTO exercise_muscle (exercise_id, muscle_id, intensity) VALUES (2328, 13, 10);
# INSERT INTO exercise_muscle (exercise_id, muscle_id, intensity) VALUES (2328, 21, 7);
# INSERT INTO exercise_muscle (exercise_id, muscle_id, intensity) VALUES (2328, 6, 4);
#
# -- Exercise ID: 2329
# INSERT INTO Exercise (id, title, description, link, equipment_id, training_type_id) VALUES (2329, 'Double Kettlebell Bottoms Up Front Rack Foot Elevated Knee Over Toe Split Squat', 'Target: Quadriceps', NULL, 15, 2);
# INSERT INTO exercise_muscle (exercise_id, muscle_id, intensity) VALUES (2329, 13, 10);
# INSERT INTO exercise_muscle (exercise_id, muscle_id, intensity) VALUES (2329, 21, 7);
# INSERT INTO exercise_muscle (exercise_id, muscle_id, intensity) VALUES (2329, 6, 4);
#
# -- Exercise ID: 2330
# INSERT INTO Exercise (id, title, description, link, equipment_id, training_type_id) VALUES (2330, 'Single Arm Kettlebell Bottoms Up Front Rack Contralateral Knee Over Toe Split Squat', 'Target: Quadriceps', NULL, 15, 2);
# INSERT INTO exercise_muscle (exercise_id, muscle_id, intensity) VALUES (2330, 13, 10);
# INSERT INTO exercise_muscle (exercise_id, muscle_id, intensity) VALUES (2330, 21, 7);
# INSERT INTO exercise_muscle (exercise_id, muscle_id, intensity) VALUES (2330, 6, 4);
#
# -- Exercise ID: 2331
# INSERT INTO Exercise (id, title, description, link, equipment_id, training_type_id) VALUES (2331, 'Single Arm Kettlebell Bottoms Up Front Rack Foot Elevated Contralateral Knee Over Toe Split Squat', 'Target: Quadriceps', NULL, 15, 2);
# INSERT INTO exercise_muscle (exercise_id, muscle_id, intensity) VALUES (2331, 13, 10);
# INSERT INTO exercise_muscle (exercise_id, muscle_id, intensity) VALUES (2331, 21, 7);
# INSERT INTO exercise_muscle (exercise_id, muscle_id, intensity) VALUES (2331, 6, 4);
#
# -- Exercise ID: 2332
# INSERT INTO Exercise (id, title, description, link, equipment_id, training_type_id) VALUES (2332, 'Single Arm Kettlebell Bottoms Up Front Rack Ipsilateral Knee Over Toe Split Squat', 'Target: Quadriceps', NULL, 15, 2);
# INSERT INTO exercise_muscle (exercise_id, muscle_id, intensity) VALUES (2332, 13, 10);
# INSERT INTO exercise_muscle (exercise_id, muscle_id, intensity) VALUES (2332, 21, 7);
# INSERT INTO exercise_muscle (exercise_id, muscle_id, intensity) VALUES (2332, 6, 4);
#
# -- Exercise ID: 2333
# INSERT INTO Exercise (id, title, description, link, equipment_id, training_type_id) VALUES (2333, 'Single Arm Kettlebell Bottoms Up Front Rack Foot Elevated Ipsilateral Knee Over Toe Split Squat', 'Target: Quadriceps', NULL, 15, 2);
# INSERT INTO exercise_muscle (exercise_id, muscle_id, intensity) VALUES (2333, 13, 10);
# INSERT INTO exercise_muscle (exercise_id, muscle_id, intensity) VALUES (2333, 21, 7);
# INSERT INTO exercise_muscle (exercise_id, muscle_id, intensity) VALUES (2333, 6, 4);
#
# -- Exercise ID: 2334
# INSERT INTO Exercise (id, title, description, link, equipment_id, training_type_id) VALUES (2334, 'Single Arm Kettlebell Overhead Ipsilateral Knee Over Toe Split Squat', 'Target: Quadriceps', NULL, 15, 2);
# INSERT INTO exercise_muscle (exercise_id, muscle_id, intensity) VALUES (2334, 13, 10);
# INSERT INTO exercise_muscle (exercise_id, muscle_id, intensity) VALUES (2334, 21, 7);
# INSERT INTO exercise_muscle (exercise_id, muscle_id, intensity) VALUES (2334, 6, 4);
#
# -- Exercise ID: 2335
# INSERT INTO Exercise (id, title, description, link, equipment_id, training_type_id) VALUES (2335, 'Single Arm Kettlebell Bottoms Up Overhead Ipsilateral Knee Over Toe Split Squat', 'Target: Quadriceps', NULL, 15, 2);
# INSERT INTO exercise_muscle (exercise_id, muscle_id, intensity) VALUES (2335, 13, 10);
# INSERT INTO exercise_muscle (exercise_id, muscle_id, intensity) VALUES (2335, 21, 7);
# INSERT INTO exercise_muscle (exercise_id, muscle_id, intensity) VALUES (2335, 6, 4);
#
# -- Exercise ID: 2336
# INSERT INTO Exercise (id, title, description, link, equipment_id, training_type_id) VALUES (2336, 'Double Kettlebell Overhead Foot Elevated Knee Over Toe Split Squat', 'Target: Quadriceps', NULL, 15, 2);
# INSERT INTO exercise_muscle (exercise_id, muscle_id, intensity) VALUES (2336, 13, 10);
# INSERT INTO exercise_muscle (exercise_id, muscle_id, intensity) VALUES (2336, 21, 7);
# INSERT INTO exercise_muscle (exercise_id, muscle_id, intensity) VALUES (2336, 6, 4);
#
# -- Exercise ID: 2337
# INSERT INTO Exercise (id, title, description, link, equipment_id, training_type_id) VALUES (2337, 'Single Arm Kettlebell Overhead Foot Elevated Contralateral Knee Over Toe Split Squat', 'Target: Quadriceps', NULL, 15, 2);
# INSERT INTO exercise_muscle (exercise_id, muscle_id, intensity) VALUES (2337, 13, 10);
# INSERT INTO exercise_muscle (exercise_id, muscle_id, intensity) VALUES (2337, 21, 7);
# INSERT INTO exercise_muscle (exercise_id, muscle_id, intensity) VALUES (2337, 6, 4);
#
# -- Exercise ID: 2338
# INSERT INTO Exercise (id, title, description, link, equipment_id, training_type_id) VALUES (2338, 'Single Arm Kettlebell Bottoms Up Overhead Foot Elevated Contralateral Knee Over Toe Split Squat', 'Target: Quadriceps', NULL, 15, 2);
# INSERT INTO exercise_muscle (exercise_id, muscle_id, intensity) VALUES (2338, 13, 10);
# INSERT INTO exercise_muscle (exercise_id, muscle_id, intensity) VALUES (2338, 21, 7);
# INSERT INTO exercise_muscle (exercise_id, muscle_id, intensity) VALUES (2338, 6, 4);
#
# -- Exercise ID: 2339
# INSERT INTO Exercise (id, title, description, link, equipment_id, training_type_id) VALUES (2339, 'Double Kettlebell Bottoms Up Overhead Foot Elevated Knee Over Toe Split Squat', 'Target: Quadriceps', NULL, 15, 2);
# INSERT INTO exercise_muscle (exercise_id, muscle_id, intensity) VALUES (2339, 13, 10);
# INSERT INTO exercise_muscle (exercise_id, muscle_id, intensity) VALUES (2339, 21, 7);
# INSERT INTO exercise_muscle (exercise_id, muscle_id, intensity) VALUES (2339, 6, 4);
#
# -- Exercise ID: 2340
# INSERT INTO Exercise (id, title, description, link, equipment_id, training_type_id) VALUES (2340, 'Single Arm Kettlebell Overhead Foot Elevated Ipsilateral Knee Over Toe Split Squat', 'Target: Quadriceps', NULL, 15, 2);
# INSERT INTO exercise_muscle (exercise_id, muscle_id, intensity) VALUES (2340, 13, 10);
# INSERT INTO exercise_muscle (exercise_id, muscle_id, intensity) VALUES (2340, 21, 7);
# INSERT INTO exercise_muscle (exercise_id, muscle_id, intensity) VALUES (2340, 6, 4);
#
# -- Exercise ID: 2341
# INSERT INTO Exercise (id, title, description, link, equipment_id, training_type_id) VALUES (2341, 'Single Arm Kettlebell Bottoms Up Overhead Foot Elevated Ipsilateral Knee Over Toe Split Squat', 'Target: Quadriceps', NULL, 15, 2);
# INSERT INTO exercise_muscle (exercise_id, muscle_id, intensity) VALUES (2341, 13, 10);
# INSERT INTO exercise_muscle (exercise_id, muscle_id, intensity) VALUES (2341, 21, 7);
# INSERT INTO exercise_muscle (exercise_id, muscle_id, intensity) VALUES (2341, 6, 4);
#
# -- Exercise ID: 2342
# INSERT INTO Exercise (id, title, description, link, equipment_id, training_type_id) VALUES (2342, 'Double Kettlebell Suitcase Foot Elevated Knee Over Toe Split Squat', 'Target: Quadriceps', NULL, 15, 2);
# INSERT INTO exercise_muscle (exercise_id, muscle_id, intensity) VALUES (2342, 13, 10);
# INSERT INTO exercise_muscle (exercise_id, muscle_id, intensity) VALUES (2342, 21, 7);
# INSERT INTO exercise_muscle (exercise_id, muscle_id, intensity) VALUES (2342, 6, 4);
#
# -- Exercise ID: 2343
# INSERT INTO Exercise (id, title, description, link, equipment_id, training_type_id) VALUES (2343, 'Barbell Zercher Split Squat', 'Target: Quadriceps', 'https://youtu.be/IgatQ8Mh6nM?feature=shared', 12, 2);
# INSERT INTO exercise_muscle (exercise_id, muscle_id, intensity) VALUES (2343, 13, 10);
# INSERT INTO exercise_muscle (exercise_id, muscle_id, intensity) VALUES (2343, 21, 7);
# INSERT INTO exercise_muscle (exercise_id, muscle_id, intensity) VALUES (2343, 22, 4);
#
# -- Exercise ID: 2344
# INSERT INTO Exercise (id, title, description, link, equipment_id, training_type_id) VALUES (2344, 'Suspension Alternating Split Squat Jump', 'Target: Quadriceps', 'https://youtu.be/Vl3Gb37CyMI?si=claxpb93HZUyctUA', 11, 9);
# INSERT INTO exercise_muscle (exercise_id, muscle_id, intensity) VALUES (2344, 13, 10);
# INSERT INTO exercise_muscle (exercise_id, muscle_id, intensity) VALUES (2344, 21, 7);
# INSERT INTO exercise_muscle (exercise_id, muscle_id, intensity) VALUES (2344, 22, 4);
#
# -- Exercise ID: 2345
# INSERT INTO Exercise (id, title, description, link, equipment_id, training_type_id) VALUES (2345, 'Single Arm Dumbbell Suitcase Contralateral Split Squat', 'Target: Quadriceps', 'https://youtu.be/eT5ol-m5gQU?si=1yRDnXPgi913NC1Q', 6, 2);
# INSERT INTO exercise_muscle (exercise_id, muscle_id, intensity) VALUES (2345, 13, 10);
# INSERT INTO exercise_muscle (exercise_id, muscle_id, intensity) VALUES (2345, 21, 7);
# INSERT INTO exercise_muscle (exercise_id, muscle_id, intensity) VALUES (2345, 22, 4);
#
# -- Exercise ID: 2346
# INSERT INTO Exercise (id, title, description, link, equipment_id, training_type_id) VALUES (2346, 'Single Arm Dumbbell Suitcase Ipsilateral Split Squat', 'Target: Quadriceps', 'https://youtu.be/PL3rLZbBgZQ?si=NevvL1vzasNBOgVT', 6, 2);
# INSERT INTO exercise_muscle (exercise_id, muscle_id, intensity) VALUES (2346, 13, 10);
# INSERT INTO exercise_muscle (exercise_id, muscle_id, intensity) VALUES (2346, 21, 7);
# INSERT INTO exercise_muscle (exercise_id, muscle_id, intensity) VALUES (2346, 22, 4);
#
# -- Exercise ID: 2347
# INSERT INTO Exercise (id, title, description, link, equipment_id, training_type_id) VALUES (2347, 'Double Dumbbell Front Rack Split Squat', 'Target: Quadriceps', 'https://youtu.be/Bf4HVTwMjkc?si=j0OgjVc5PW-T2bs6', 6, 2);
# INSERT INTO exercise_muscle (exercise_id, muscle_id, intensity) VALUES (2347, 13, 10);
# INSERT INTO exercise_muscle (exercise_id, muscle_id, intensity) VALUES (2347, 21, 7);
# INSERT INTO exercise_muscle (exercise_id, muscle_id, intensity) VALUES (2347, 22, 4);
#
# -- Exercise ID: 2348
# INSERT INTO Exercise (id, title, description, link, equipment_id, training_type_id) VALUES (2348, 'Single Arm Dumbbell Front Rack Contralateral Split Squat', 'Target: Quadriceps', 'https://youtu.be/nogkCbiduHI?si=5gA5NaZqt_y4a8ir', 6, 2);
# INSERT INTO exercise_muscle (exercise_id, muscle_id, intensity) VALUES (2348, 13, 10);
# INSERT INTO exercise_muscle (exercise_id, muscle_id, intensity) VALUES (2348, 21, 7);
# INSERT INTO exercise_muscle (exercise_id, muscle_id, intensity) VALUES (2348, 22, 4);
#
# -- Exercise ID: 2349
# INSERT INTO Exercise (id, title, description, link, equipment_id, training_type_id) VALUES (2349, 'Single Arm Dumbbell Front Rack Ipsilateral Split Squat', 'Target: Quadriceps', 'https://youtu.be/Fc6I5y692zE?si=WC2rmdrASF2eyb71', 6, 2);
# INSERT INTO exercise_muscle (exercise_id, muscle_id, intensity) VALUES (2349, 13, 10);
# INSERT INTO exercise_muscle (exercise_id, muscle_id, intensity) VALUES (2349, 21, 7);
# INSERT INTO exercise_muscle (exercise_id, muscle_id, intensity) VALUES (2349, 22, 4);
#
# -- Exercise ID: 2350
# INSERT INTO Exercise (id, title, description, link, equipment_id, training_type_id) VALUES (2350, 'Double Dumbbell Overhead Split Squat', 'Target: Quadriceps', 'https://youtu.be/c9SSkKRR_fc?si=MOjZ2orbxCB5hdiO', 6, 2);
# INSERT INTO exercise_muscle (exercise_id, muscle_id, intensity) VALUES (2350, 13, 10);
# INSERT INTO exercise_muscle (exercise_id, muscle_id, intensity) VALUES (2350, 21, 7);
# INSERT INTO exercise_muscle (exercise_id, muscle_id, intensity) VALUES (2350, 22, 4);
#
# -- Exercise ID: 2351
# INSERT INTO Exercise (id, title, description, link, equipment_id, training_type_id) VALUES (2351, 'Single Arm Dumbbell Overhead Contralateral Split Squat', 'Target: Quadriceps', 'https://youtu.be/jmgelOGoxE8?si=dRdbKJvwm7kJy_Fs', 6, 2);
# INSERT INTO exercise_muscle (exercise_id, muscle_id, intensity) VALUES (2351, 13, 10);
# INSERT INTO exercise_muscle (exercise_id, muscle_id, intensity) VALUES (2351, 21, 7);
# INSERT INTO exercise_muscle (exercise_id, muscle_id, intensity) VALUES (2351, 22, 4);
#
# -- Exercise ID: 2352
# INSERT INTO Exercise (id, title, description, link, equipment_id, training_type_id) VALUES (2352, 'Single Arm Dumbbell Overhead Ipsilateral Split Squat', 'Target: Quadriceps', 'https://youtu.be/XpcDH-_hkD8?si=ZolNMoUBWOAc0Xms', 6, 2);
# INSERT INTO exercise_muscle (exercise_id, muscle_id, intensity) VALUES (2352, 13, 10);
# INSERT INTO exercise_muscle (exercise_id, muscle_id, intensity) VALUES (2352, 21, 7);
# INSERT INTO exercise_muscle (exercise_id, muscle_id, intensity) VALUES (2352, 22, 4);
#
# -- Exercise ID: 2353
# INSERT INTO Exercise (id, title, description, link, equipment_id, training_type_id) VALUES (2353, 'Dumbbell Goblet Split Squat', 'Target: Quadriceps', 'https://youtu.be/EUHaKY3aA1Q?si=H2a-9iB71twMingb', 6, 2);
# INSERT INTO exercise_muscle (exercise_id, muscle_id, intensity) VALUES (2353, 13, 10);
# INSERT INTO exercise_muscle (exercise_id, muscle_id, intensity) VALUES (2353, 21, 7);
# INSERT INTO exercise_muscle (exercise_id, muscle_id, intensity) VALUES (2353, 22, 4);
#
# -- Exercise ID: 2354
# INSERT INTO Exercise (id, title, description, link, equipment_id, training_type_id) VALUES (2354, 'Wall Ball Feet Elevated Russian Twist', 'Target: Abdominals', 'https://youtu.be/w0CTy_eIIcM?si=RtrXOHk6gyF6NsFi', 37, 3);
# INSERT INTO exercise_muscle (exercise_id, muscle_id, intensity) VALUES (2354, 12, 10);
# INSERT INTO exercise_muscle (exercise_id, muscle_id, intensity) VALUES (2354, 11, 7);
#
# -- Exercise ID: 2355
# INSERT INTO Exercise (id, title, description, link, equipment_id, training_type_id) VALUES (2355, 'Wall Ball Russian Twist', 'Target: Abdominals', 'https://youtu.be/0DwFec0Aeog?si=bohJ8yWsahjfyyVf', 37, 3);
# INSERT INTO exercise_muscle (exercise_id, muscle_id, intensity) VALUES (2355, 12, 10);
# INSERT INTO exercise_muscle (exercise_id, muscle_id, intensity) VALUES (2355, 11, 7);
#
# -- Exercise ID: 2356
# INSERT INTO Exercise (id, title, description, link, equipment_id, training_type_id) VALUES (2356, 'Bulgarian Bag Back Rack Split Squat', 'Target: Quadriceps', 'https://youtu.be/VI6qhpokyPI?si=vlQYMvQBOEZ4sjof', 34, 2);
# INSERT INTO exercise_muscle (exercise_id, muscle_id, intensity) VALUES (2356, 13, 10);
# INSERT INTO exercise_muscle (exercise_id, muscle_id, intensity) VALUES (2356, 21, 7);
# INSERT INTO exercise_muscle (exercise_id, muscle_id, intensity) VALUES (2356, 22, 4);
#
# -- Exercise ID: 2357
# INSERT INTO Exercise (id, title, description, link, equipment_id, training_type_id) VALUES (2357, 'Double Clubbell Order Split Squat', 'Target: Quadriceps', NULL, 26, 2);
# INSERT INTO exercise_muscle (exercise_id, muscle_id, intensity) VALUES (2357, 13, 10);
# INSERT INTO exercise_muscle (exercise_id, muscle_id, intensity) VALUES (2357, 21, 7);
# INSERT INTO exercise_muscle (exercise_id, muscle_id, intensity) VALUES (2357, 22, 4);
#
# -- Exercise ID: 2358
# INSERT INTO Exercise (id, title, description, link, equipment_id, training_type_id) VALUES (2358, 'Clubbell Order Split Squat', 'Target: Quadriceps', NULL, 26, 2);
# INSERT INTO exercise_muscle (exercise_id, muscle_id, intensity) VALUES (2358, 13, 10);
# INSERT INTO exercise_muscle (exercise_id, muscle_id, intensity) VALUES (2358, 21, 7);
# INSERT INTO exercise_muscle (exercise_id, muscle_id, intensity) VALUES (2358, 22, 4);
#
# -- Exercise ID: 2359
# INSERT INTO Exercise (id, title, description, link, equipment_id, training_type_id) VALUES (2359, 'Single Arm Clubbell Order Contralateral Split Squat', 'Target: Quadriceps', NULL, 26, 2);
# INSERT INTO exercise_muscle (exercise_id, muscle_id, intensity) VALUES (2359, 13, 10);
# INSERT INTO exercise_muscle (exercise_id, muscle_id, intensity) VALUES (2359, 21, 7);
# INSERT INTO exercise_muscle (exercise_id, muscle_id, intensity) VALUES (2359, 22, 4);
#
# -- Exercise ID: 2360
# INSERT INTO Exercise (id, title, description, link, equipment_id, training_type_id) VALUES (2360, 'Single Arm Clubbell Order Ipsilateral Split Squat', 'Target: Quadriceps', NULL, 26, 2);
# INSERT INTO exercise_muscle (exercise_id, muscle_id, intensity) VALUES (2360, 13, 10);
# INSERT INTO exercise_muscle (exercise_id, muscle_id, intensity) VALUES (2360, 21, 7);
# INSERT INTO exercise_muscle (exercise_id, muscle_id, intensity) VALUES (2360, 22, 4);
#
# -- Exercise ID: 2361
# INSERT INTO Exercise (id, title, description, link, equipment_id, training_type_id) VALUES (2361, 'Macebell Order Split Squat', 'Target: Quadriceps', NULL, 24, 2);
# INSERT INTO exercise_muscle (exercise_id, muscle_id, intensity) VALUES (2361, 13, 10);
# INSERT INTO exercise_muscle (exercise_id, muscle_id, intensity) VALUES (2361, 21, 7);
# INSERT INTO exercise_muscle (exercise_id, muscle_id, intensity) VALUES (2361, 22, 4);
#
# -- Exercise ID: 2362
# INSERT INTO Exercise (id, title, description, link, equipment_id, training_type_id) VALUES (2362, 'Single Arm Macebell Order Contralateral Split Squat', 'Target: Quadriceps', NULL, 24, 2);
# INSERT INTO exercise_muscle (exercise_id, muscle_id, intensity) VALUES (2362, 13, 10);
# INSERT INTO exercise_muscle (exercise_id, muscle_id, intensity) VALUES (2362, 21, 7);
# INSERT INTO exercise_muscle (exercise_id, muscle_id, intensity) VALUES (2362, 22, 4);
#
# -- Exercise ID: 2363
# INSERT INTO Exercise (id, title, description, link, equipment_id, training_type_id) VALUES (2363, 'Single Arm Macebell Order Ipsilateral Split Squat', 'Target: Quadriceps', NULL, 24, 2);
# INSERT INTO exercise_muscle (exercise_id, muscle_id, intensity) VALUES (2363, 13, 10);
# INSERT INTO exercise_muscle (exercise_id, muscle_id, intensity) VALUES (2363, 21, 7);
# INSERT INTO exercise_muscle (exercise_id, muscle_id, intensity) VALUES (2363, 22, 4);
#
# -- Exercise ID: 2364
# INSERT INTO Exercise (id, title, description, link, equipment_id, training_type_id) VALUES (2364, 'Plate Overhead Split Squat', 'Target: Quadriceps', 'https://youtu.be/p3aoeo0dbZg?feature=shared', 22, 2);
# INSERT INTO exercise_muscle (exercise_id, muscle_id, intensity) VALUES (2364, 13, 10);
# INSERT INTO exercise_muscle (exercise_id, muscle_id, intensity) VALUES (2364, 21, 7);
# INSERT INTO exercise_muscle (exercise_id, muscle_id, intensity) VALUES (2364, 22, 4);
#
# -- Exercise ID: 2365
# INSERT INTO Exercise (id, title, description, link, equipment_id, training_type_id) VALUES (2365, 'Heavy Sandbag Bear Hug Split Squat', 'Target: Quadriceps', 'https://youtu.be/EDEgJ8gSJHo?si=tuk25VgOk61zTjT4', 35, 3);
# INSERT INTO exercise_muscle (exercise_id, muscle_id, intensity) VALUES (2365, 13, 10);
# INSERT INTO exercise_muscle (exercise_id, muscle_id, intensity) VALUES (2365, 21, 7);
# INSERT INTO exercise_muscle (exercise_id, muscle_id, intensity) VALUES (2365, 22, 4);
#
# -- Exercise ID: 2366
# INSERT INTO Exercise (id, title, description, link, equipment_id, training_type_id) VALUES (2366, 'Heavy Sandbag Shoulder Contralateral Split Squat', 'Target: Quadriceps', 'https://youtu.be/ayWcRkvxO-I?si=AtCYmB8SJA-QD071', 35, 3);
# INSERT INTO exercise_muscle (exercise_id, muscle_id, intensity) VALUES (2366, 13, 10);
# INSERT INTO exercise_muscle (exercise_id, muscle_id, intensity) VALUES (2366, 21, 7);
#
# -- Exercise ID: 2367
# INSERT INTO Exercise (id, title, description, link, equipment_id, training_type_id) VALUES (2367, 'Heavy Sandbag Shoulder Ipsilateral Split Squat', 'Target: Quadriceps', NULL, 35, 3);
# INSERT INTO exercise_muscle (exercise_id, muscle_id, intensity) VALUES (2367, 13, 10);
# INSERT INTO exercise_muscle (exercise_id, muscle_id, intensity) VALUES (2367, 21, 7);
#
# -- Exercise ID: 2368
# INSERT INTO Exercise (id, title, description, link, equipment_id, training_type_id) VALUES (2368, 'Sandbag Back Rack Split Squat', 'Target: Quadriceps', 'https://youtu.be/h1IDfUy9JCg?si=8aLbq-QZwId9tfAE', 36, 2);
# INSERT INTO exercise_muscle (exercise_id, muscle_id, intensity) VALUES (2368, 13, 10);
# INSERT INTO exercise_muscle (exercise_id, muscle_id, intensity) VALUES (2368, 21, 7);
# INSERT INTO exercise_muscle (exercise_id, muscle_id, intensity) VALUES (2368, 22, 4);
#
# -- Exercise ID: 2369
# INSERT INTO Exercise (id, title, description, link, equipment_id, training_type_id) VALUES (2369, 'Sandbag Front Rack Split Squat', 'Target: Quadriceps', 'https://youtu.be/b0rzm8OUjAc?si=Rz4zXBOgcisU6tEb', 36, 2);
# INSERT INTO exercise_muscle (exercise_id, muscle_id, intensity) VALUES (2369, 13, 10);
# INSERT INTO exercise_muscle (exercise_id, muscle_id, intensity) VALUES (2369, 21, 7);
# INSERT INTO exercise_muscle (exercise_id, muscle_id, intensity) VALUES (2369, 22, 4);
#
# -- Exercise ID: 2370
# INSERT INTO Exercise (id, title, description, link, equipment_id, training_type_id) VALUES (2370, 'Alternating Double Dumbbell Tall Kneeling Arnold Press', 'Target: Shoulders', 'https://youtu.be/oMbi7Tppy-Y?si=xztRuodoUOeyiGKn', 6, 2);
# INSERT INTO exercise_muscle (exercise_id, muscle_id, intensity) VALUES (2370, 2, 10);
# INSERT INTO exercise_muscle (exercise_id, muscle_id, intensity) VALUES (2370, 4, 7);
#
# -- Exercise ID: 2371
# INSERT INTO Exercise (id, title, description, link, equipment_id, training_type_id) VALUES (2371, 'Landmine Goblet Split Squat', 'Target: Quadriceps', 'https://youtu.be/IfR7ezW6Oxc?si=-Zb29PMa_gZ8yJr9', 19, 2);
# INSERT INTO exercise_muscle (exercise_id, muscle_id, intensity) VALUES (2371, 13, 10);
# INSERT INTO exercise_muscle (exercise_id, muscle_id, intensity) VALUES (2371, 21, 7);
# INSERT INTO exercise_muscle (exercise_id, muscle_id, intensity) VALUES (2371, 22, 4);
#
# -- Exercise ID: 2372
# INSERT INTO Exercise (id, title, description, link, equipment_id, training_type_id) VALUES (2372, 'Single Arm Landmine Front Rack Contralateral Split Squat', 'Target: Quadriceps', 'https://youtu.be/kZKDLL-1IXw?si=wnx7XbsDFO37wHb3', 19, 2);
# INSERT INTO exercise_muscle (exercise_id, muscle_id, intensity) VALUES (2372, 13, 10);
# INSERT INTO exercise_muscle (exercise_id, muscle_id, intensity) VALUES (2372, 21, 7);
# INSERT INTO exercise_muscle (exercise_id, muscle_id, intensity) VALUES (2372, 22, 4);
#
# -- Exercise ID: 2373
# INSERT INTO Exercise (id, title, description, link, equipment_id, training_type_id) VALUES (2373, 'Single Arm Landmine Front Rack Ipsilateral Split Squat', 'Target: Quadriceps', NULL, 19, 2);
# INSERT INTO exercise_muscle (exercise_id, muscle_id, intensity) VALUES (2373, 13, 10);
# INSERT INTO exercise_muscle (exercise_id, muscle_id, intensity) VALUES (2373, 21, 7);
# INSERT INTO exercise_muscle (exercise_id, muscle_id, intensity) VALUES (2373, 22, 4);
#
# -- Exercise ID: 2374
# INSERT INTO Exercise (id, title, description, link, equipment_id, training_type_id) VALUES (2374, 'Single Arm Landmine Suitcase Contralateral Split Squat', 'Target: Quadriceps', 'https://youtu.be/rD7QCqe4g0k?si=13maugTiL5P1XI6m', 19, 2);
# INSERT INTO exercise_muscle (exercise_id, muscle_id, intensity) VALUES (2374, 13, 10);
# INSERT INTO exercise_muscle (exercise_id, muscle_id, intensity) VALUES (2374, 21, 7);
# INSERT INTO exercise_muscle (exercise_id, muscle_id, intensity) VALUES (2374, 22, 4);
#
# -- Exercise ID: 2375
# INSERT INTO Exercise (id, title, description, link, equipment_id, training_type_id) VALUES (2375, 'Double Kettlebell Gunslinger', 'Target: Back', 'https://youtu.be/spmQS--R39Q?si=CXJgE_ppmc8oU7i4', 15, 10);
# INSERT INTO exercise_muscle (exercise_id, muscle_id, intensity) VALUES (2375, 17, 10);
# INSERT INTO exercise_muscle (exercise_id, muscle_id, intensity) VALUES (2375, 8, 7);
# INSERT INTO exercise_muscle (exercise_id, muscle_id, intensity) VALUES (2375, 21, 4);
#
# -- Exercise ID: 2376
# INSERT INTO Exercise (id, title, description, link, equipment_id, training_type_id) VALUES (2376, 'Single Arm Kettlebell Front Rack Ipsilateral Split Squat', 'Target: Quadriceps', 'https://youtu.be/Xy9DrXmYIdw?si=e3qLZQjQ9a0RnC4q', 15, 2);
# INSERT INTO exercise_muscle (exercise_id, muscle_id, intensity) VALUES (2376, 13, 10);
# INSERT INTO exercise_muscle (exercise_id, muscle_id, intensity) VALUES (2376, 21, 7);
# INSERT INTO exercise_muscle (exercise_id, muscle_id, intensity) VALUES (2376, 22, 4);
#
# -- Exercise ID: 2377
# INSERT INTO Exercise (id, title, description, link, equipment_id, training_type_id) VALUES (2377, 'Double Kettlebell Bottoms Up Front Rack Split Squat', 'Target: Quadriceps', 'https://youtu.be/NH32TQinW94?si=UfgmRs54Foklrrlw', 15, 2);
# INSERT INTO exercise_muscle (exercise_id, muscle_id, intensity) VALUES (2377, 13, 10);
# INSERT INTO exercise_muscle (exercise_id, muscle_id, intensity) VALUES (2377, 21, 7);
# INSERT INTO exercise_muscle (exercise_id, muscle_id, intensity) VALUES (2377, 22, 4);
#
# -- Exercise ID: 2378
# INSERT INTO Exercise (id, title, description, link, equipment_id, training_type_id) VALUES (2378, 'Single Arm Kettlebell Bottoms Up Front Rack Contralateral Split Squat', 'Target: Quadriceps', 'https://youtu.be/kTJfy28oNFE?si=SfdE8XDz_tYT0vyI', 15, 2);
# INSERT INTO exercise_muscle (exercise_id, muscle_id, intensity) VALUES (2378, 13, 10);
# INSERT INTO exercise_muscle (exercise_id, muscle_id, intensity) VALUES (2378, 21, 7);
# INSERT INTO exercise_muscle (exercise_id, muscle_id, intensity) VALUES (2378, 22, 4);
#
# -- Exercise ID: 2379
# INSERT INTO Exercise (id, title, description, link, equipment_id, training_type_id) VALUES (2379, 'Single Arm Kettlebell Bottoms Up Front Rack Ipsilateral Split Squat', 'Target: Quadriceps', NULL, 15, 2);
# INSERT INTO exercise_muscle (exercise_id, muscle_id, intensity) VALUES (2379, 13, 10);
# INSERT INTO exercise_muscle (exercise_id, muscle_id, intensity) VALUES (2379, 21, 7);
# INSERT INTO exercise_muscle (exercise_id, muscle_id, intensity) VALUES (2379, 22, 4);
#
# -- Exercise ID: 2380
# INSERT INTO Exercise (id, title, description, link, equipment_id, training_type_id) VALUES (2380, 'Double Kettlebell Overhead Split Squat', 'Target: Quadriceps', 'https://youtu.be/Q_NVo7MW61E?si=3xxOUWjsx7Th2Acq', 15, 2);
# INSERT INTO exercise_muscle (exercise_id, muscle_id, intensity) VALUES (2380, 13, 10);
# INSERT INTO exercise_muscle (exercise_id, muscle_id, intensity) VALUES (2380, 21, 7);
# INSERT INTO exercise_muscle (exercise_id, muscle_id, intensity) VALUES (2380, 22, 4);
#
# -- Exercise ID: 2381
# INSERT INTO Exercise (id, title, description, link, equipment_id, training_type_id) VALUES (2381, 'Single Arm Kettlebell Overhead Contralateral Split Squat', 'Target: Quadriceps', 'https://youtu.be/3HxbM0lO3a8?si=7zxP4xa8ZMIRdBAW', 15, 2);
# INSERT INTO exercise_muscle (exercise_id, muscle_id, intensity) VALUES (2381, 13, 10);
# INSERT INTO exercise_muscle (exercise_id, muscle_id, intensity) VALUES (2381, 21, 7);
# INSERT INTO exercise_muscle (exercise_id, muscle_id, intensity) VALUES (2381, 22, 4);
#
# -- Exercise ID: 2382
# INSERT INTO Exercise (id, title, description, link, equipment_id, training_type_id) VALUES (2382, 'Single Arm Kettlebell Overhead Ipsilateral Split Squat', 'Target: Quadriceps', 'https://youtu.be/7TXfixD6LwA?si=ZgzyV23h1nt4RVQQ', 15, 2);
# INSERT INTO exercise_muscle (exercise_id, muscle_id, intensity) VALUES (2382, 13, 10);
# INSERT INTO exercise_muscle (exercise_id, muscle_id, intensity) VALUES (2382, 21, 7);
# INSERT INTO exercise_muscle (exercise_id, muscle_id, intensity) VALUES (2382, 22, 4);
#
# -- Exercise ID: 2383
# INSERT INTO Exercise (id, title, description, link, equipment_id, training_type_id) VALUES (2383, 'Single Arm Kettlebell Bottoms Up Overhead Contralateral Split Squat', 'Target: Quadriceps', NULL, 15, 2);
# INSERT INTO exercise_muscle (exercise_id, muscle_id, intensity) VALUES (2383, 13, 10);
# INSERT INTO exercise_muscle (exercise_id, muscle_id, intensity) VALUES (2383, 21, 7);
# INSERT INTO exercise_muscle (exercise_id, muscle_id, intensity) VALUES (2383, 22, 4);
#
# -- Exercise ID: 2384
# INSERT INTO Exercise (id, title, description, link, equipment_id, training_type_id) VALUES (2384, 'Single Arm Kettlebell Bottoms Up Overhead Ipsilateral Split Squat', 'Target: Quadriceps', NULL, 15, 2);
# INSERT INTO exercise_muscle (exercise_id, muscle_id, intensity) VALUES (2384, 13, 10);
# INSERT INTO exercise_muscle (exercise_id, muscle_id, intensity) VALUES (2384, 21, 7);
# INSERT INTO exercise_muscle (exercise_id, muscle_id, intensity) VALUES (2384, 22, 4);
#
# -- Exercise ID: 2385
# INSERT INTO Exercise (id, title, description, link, equipment_id, training_type_id) VALUES (2385, 'Double Kettlebell Suitcase Split Squat', 'Target: Quadriceps', 'https://youtu.be/lQH6gx3-q8E?si=ySQAsX-z8SQ9haRk', 15, 2);
# INSERT INTO exercise_muscle (exercise_id, muscle_id, intensity) VALUES (2385, 13, 10);
# INSERT INTO exercise_muscle (exercise_id, muscle_id, intensity) VALUES (2385, 21, 7);
# INSERT INTO exercise_muscle (exercise_id, muscle_id, intensity) VALUES (2385, 22, 4);
#
# -- Exercise ID: 2386
# INSERT INTO Exercise (id, title, description, link, equipment_id, training_type_id) VALUES (2386, 'Single Arm Kettlebell Suitcase Contralateral Split Squat', 'Target: Quadriceps', 'https://youtu.be/JLyFg72CCrk?si=dyii9fe_jm4Th1O8', 15, 2);
# INSERT INTO exercise_muscle (exercise_id, muscle_id, intensity) VALUES (2386, 13, 10);
# INSERT INTO exercise_muscle (exercise_id, muscle_id, intensity) VALUES (2386, 21, 7);
# INSERT INTO exercise_muscle (exercise_id, muscle_id, intensity) VALUES (2386, 22, 4);
#
# -- Exercise ID: 2387
# INSERT INTO Exercise (id, title, description, link, equipment_id, training_type_id) VALUES (2387, 'Single Arm Kettlebell Suitcase Ipsilateral Split Squat', 'Target: Quadriceps', 'https://youtu.be/ZqPQvlALHlw?si=B7EklAroPtpJvXvc', 15, 2);
# INSERT INTO exercise_muscle (exercise_id, muscle_id, intensity) VALUES (2387, 13, 10);
# INSERT INTO exercise_muscle (exercise_id, muscle_id, intensity) VALUES (2387, 21, 7);
# INSERT INTO exercise_muscle (exercise_id, muscle_id, intensity) VALUES (2387, 22, 4);
#
# -- Exercise ID: 2388
# INSERT INTO Exercise (id, title, description, link, equipment_id, training_type_id) VALUES (2388, 'Kettlebell Goblet Split Squat', 'Target: Quadriceps', 'https://youtu.be/X13mW_a88Hw?si=bAwJPsrYMO6xCJWC', 15, 2);
# INSERT INTO exercise_muscle (exercise_id, muscle_id, intensity) VALUES (2388, 13, 10);
# INSERT INTO exercise_muscle (exercise_id, muscle_id, intensity) VALUES (2388, 21, 7);
# INSERT INTO exercise_muscle (exercise_id, muscle_id, intensity) VALUES (2388, 22, 4);
#
# -- Exercise ID: 2389
# INSERT INTO Exercise (id, title, description, link, equipment_id, training_type_id) VALUES (2389, 'Kettlebell Horn Grip March', 'Target: Hip Flexors', 'https://youtu.be/sd6bu56nO9A?feature=shared', 15, 12);
# INSERT INTO exercise_muscle (exercise_id, muscle_id, intensity) VALUES (2389, 11, 10);
# INSERT INTO exercise_muscle (exercise_id, muscle_id, intensity) VALUES (2389, 15, 4);
#
# -- Exercise ID: 2390
# INSERT INTO Exercise (id, title, description, link, equipment_id, training_type_id) VALUES (2390, 'Single Arm Dumbbell Front Raise', 'Target: Shoulders', 'https://youtu.be/B6e5b8SY64g?si=OFbYwa08fPFsxurs', 6, 2);
# INSERT INTO exercise_muscle (exercise_id, muscle_id, intensity) VALUES (2390, 2, 10);
# INSERT INTO exercise_muscle (exercise_id, muscle_id, intensity) VALUES (2390, 7, 7);
# INSERT INTO exercise_muscle (exercise_id, muscle_id, intensity) VALUES (2390, 8, 4);
#
# -- Exercise ID: 2391
# INSERT INTO Exercise (id, title, description, link, equipment_id, training_type_id) VALUES (2391, 'Single Arm Dumbbell Cross Body Hammer Curl', 'Target: Biceps', 'https://youtu.be/_aiZoy57VFI?si=skTwggqvw_kxkno5', 6, 2);
# INSERT INTO exercise_muscle (exercise_id, muscle_id, intensity) VALUES (2391, 8, 10);
# INSERT INTO exercise_muscle (exercise_id, muscle_id, intensity) VALUES (2391, 10, 4);
#
# -- Exercise ID: 2392
# INSERT INTO Exercise (id, title, description, link, equipment_id, training_type_id) VALUES (2392, 'Suspension Hamstring Curl', 'Target: Hamstrings', 'https://youtu.be/xh13VO9_qEA?si=lzogbMJOWGILmMX3', 11, 3);
# INSERT INTO exercise_muscle (exercise_id, muscle_id, intensity) VALUES (2392, 22, 10);
# INSERT INTO exercise_muscle (exercise_id, muscle_id, intensity) VALUES (2392, 21, 7);
#
# -- Exercise ID: 2393
# INSERT INTO Exercise (id, title, description, link, equipment_id, training_type_id) VALUES (2393, 'Suspension Single Leg Hamstring Curl', 'Target: Hamstrings', 'https://youtu.be/xHvXPam-ZBQ?si=8jfCw-5i-zrJ9hUd', 11, 2);
# INSERT INTO exercise_muscle (exercise_id, muscle_id, intensity) VALUES (2393, 22, 10);
# INSERT INTO exercise_muscle (exercise_id, muscle_id, intensity) VALUES (2393, 21, 7);
#
# -- Exercise ID: 2394
# INSERT INTO Exercise (id, title, description, link, equipment_id, training_type_id) VALUES (2394, 'Superband Prone Hamstring Curl', 'Target: Hamstrings', 'https://youtu.be/LtTcXXgeRYo?si=80zdQRqZ21dGBf6n', 20, 2);
# INSERT INTO exercise_muscle (exercise_id, muscle_id, intensity) VALUES (2394, 22, 10);
# INSERT INTO exercise_muscle (exercise_id, muscle_id, intensity) VALUES (2394, 21, 7);
#
# -- Exercise ID: 2395
# INSERT INTO Exercise (id, title, description, link, equipment_id, training_type_id) VALUES (2395, 'Cable Prone Hamstring Curl', 'Target: Hamstrings', 'https://youtu.be/qOu-89KQsIg?si=NzRrmfpYz9Rwpoy8', 8, 2);
# INSERT INTO exercise_muscle (exercise_id, muscle_id, intensity) VALUES (2395, 22, 10);
# INSERT INTO exercise_muscle (exercise_id, muscle_id, intensity) VALUES (2395, 21, 7);
#
# -- Exercise ID: 2396
# INSERT INTO Exercise (id, title, description, link, equipment_id, training_type_id) VALUES (2396, 'Superband Prone Bench Hamstring Curl', 'Target: Hamstrings', 'https://youtu.be/e5TRSsFNeug?feature=shared', 20, 2);
# INSERT INTO exercise_muscle (exercise_id, muscle_id, intensity) VALUES (2396, 22, 10);
# INSERT INTO exercise_muscle (exercise_id, muscle_id, intensity) VALUES (2396, 21, 7);
#
# -- Exercise ID: 2397
# INSERT INTO Exercise (id, title, description, link, equipment_id, training_type_id) VALUES (2397, 'Single Arm Dumbbell Bicep Curl', 'Target: Biceps', 'https://youtu.be/DE6BcaMCwJA?si=Q1Lbpg92nykSCfEE', 6, 2);
# INSERT INTO exercise_muscle (exercise_id, muscle_id, intensity) VALUES (2397, 8, 10);
# INSERT INTO exercise_muscle (exercise_id, muscle_id, intensity) VALUES (2397, 10, 4);
#
# -- Exercise ID: 2398
# INSERT INTO Exercise (id, title, description, link, equipment_id, training_type_id) VALUES (2398, 'Single Arm Dumbbell Hammer Curl', 'Target: Biceps', 'https://youtu.be/yCDJmfP1Tr8?si=UDCf5aMfQvMiW-69', 6, 2);
# INSERT INTO exercise_muscle (exercise_id, muscle_id, intensity) VALUES (2398, 8, 10);
# INSERT INTO exercise_muscle (exercise_id, muscle_id, intensity) VALUES (2398, 10, 4);
#
# -- Exercise ID: 2399
# INSERT INTO Exercise (id, title, description, link, equipment_id, training_type_id) VALUES (2399, 'Ring Dips', 'Target: Triceps', 'https://youtu.be/EznLCDBAPIU', 3, 4);
# INSERT INTO exercise_muscle (exercise_id, muscle_id, intensity) VALUES (2399, 4, 10);
# INSERT INTO exercise_muscle (exercise_id, muscle_id, intensity) VALUES (2399, 7, 7);
# INSERT INTO exercise_muscle (exercise_id, muscle_id, intensity) VALUES (2399, 2, 4);
#
# -- Exercise ID: 2400
# INSERT INTO Exercise (id, title, description, link, equipment_id, training_type_id) VALUES (2400, 'Bodyweight Single Arm Push Up', 'Target: Chest', 'https://youtu.be/CQ6VEzQAI7w?si=_nTW1Yq_iP18uBgt', 2, 4);
# INSERT INTO exercise_muscle (exercise_id, muscle_id, intensity) VALUES (2400, 7, 10);
# INSERT INTO exercise_muscle (exercise_id, muscle_id, intensity) VALUES (2400, 4, 7);
# INSERT INTO exercise_muscle (exercise_id, muscle_id, intensity) VALUES (2400, 2, 4);
#
# -- Exercise ID: 2401
# INSERT INTO Exercise (id, title, description, link, equipment_id, training_type_id) VALUES (2401, 'Bodyweight Aztec Push Up', 'Target: Chest', 'https://youtu.be/MeunnPVySSI?si=wuDGH7XuHo-e8M5X', 2, 9);
# INSERT INTO exercise_muscle (exercise_id, muscle_id, intensity) VALUES (2401, 7, 10);
# INSERT INTO exercise_muscle (exercise_id, muscle_id, intensity) VALUES (2401, 4, 7);
# INSERT INTO exercise_muscle (exercise_id, muscle_id, intensity) VALUES (2401, 2, 4);
#
# -- Exercise ID: 2402
# INSERT INTO Exercise (id, title, description, link, equipment_id, training_type_id) VALUES (2402, 'Slider Barbell Front Rack Curtsy Lunge', 'Target: Quadriceps', NULL, 14, 2);
# INSERT INTO exercise_muscle (exercise_id, muscle_id, intensity) VALUES (2402, 13, 10);
# INSERT INTO exercise_muscle (exercise_id, muscle_id, intensity) VALUES (2402, 21, 7);
# INSERT INTO exercise_muscle (exercise_id, muscle_id, intensity) VALUES (2402, 14, 4);
#
# -- Exercise ID: 2403
# INSERT INTO Exercise (id, title, description, link, equipment_id, training_type_id) VALUES (2403, 'Slider Double Kettlebell Front Rack Curtsy Lunge', 'Target: Quadriceps', NULL, 14, 2);
# INSERT INTO exercise_muscle (exercise_id, muscle_id, intensity) VALUES (2403, 13, 10);
# INSERT INTO exercise_muscle (exercise_id, muscle_id, intensity) VALUES (2403, 21, 7);
# INSERT INTO exercise_muscle (exercise_id, muscle_id, intensity) VALUES (2403, 14, 4);
#
# -- Exercise ID: 2404
# INSERT INTO Exercise (id, title, description, link, equipment_id, training_type_id) VALUES (2404, 'Slider Suspension Curtsy Lunge', 'Target: Quadriceps', NULL, 14, 2);
# INSERT INTO exercise_muscle (exercise_id, muscle_id, intensity) VALUES (2404, 13, 10);
# INSERT INTO exercise_muscle (exercise_id, muscle_id, intensity) VALUES (2404, 21, 7);
# INSERT INTO exercise_muscle (exercise_id, muscle_id, intensity) VALUES (2404, 14, 4);
#
# -- Exercise ID: 2405
# INSERT INTO Exercise (id, title, description, link, equipment_id, training_type_id) VALUES (2405, 'Slider Landmine Goblet Curtsy Lunge', 'Target: Quadriceps', NULL, 14, 2);
# INSERT INTO exercise_muscle (exercise_id, muscle_id, intensity) VALUES (2405, 13, 10);
# INSERT INTO exercise_muscle (exercise_id, muscle_id, intensity) VALUES (2405, 21, 7);
# INSERT INTO exercise_muscle (exercise_id, muscle_id, intensity) VALUES (2405, 14, 4);
#
# -- Exercise ID: 2406
# INSERT INTO Exercise (id, title, description, link, equipment_id, training_type_id) VALUES (2406, 'Slider Barbell Overhead Curtsy Lunge', 'Target: Quadriceps', NULL, 14, 2);
# INSERT INTO exercise_muscle (exercise_id, muscle_id, intensity) VALUES (2406, 13, 10);
# INSERT INTO exercise_muscle (exercise_id, muscle_id, intensity) VALUES (2406, 21, 7);
# INSERT INTO exercise_muscle (exercise_id, muscle_id, intensity) VALUES (2406, 14, 4);
#
# -- Exercise ID: 2407
# INSERT INTO Exercise (id, title, description, link, equipment_id, training_type_id) VALUES (2407, 'Slider Barbell Back Rack Curtsy Lunge', 'Target: Quadriceps', NULL, 14, 2);
# INSERT INTO exercise_muscle (exercise_id, muscle_id, intensity) VALUES (2407, 13, 10);
# INSERT INTO exercise_muscle (exercise_id, muscle_id, intensity) VALUES (2407, 21, 7);
# INSERT INTO exercise_muscle (exercise_id, muscle_id, intensity) VALUES (2407, 14, 4);
#
# -- Exercise ID: 2408
# INSERT INTO Exercise (id, title, description, link, equipment_id, training_type_id) VALUES (2408, 'Slider Barbell Zercher Curtsy Lunge', 'Target: Quadriceps', NULL, 14, 2);
# INSERT INTO exercise_muscle (exercise_id, muscle_id, intensity) VALUES (2408, 13, 10);
# INSERT INTO exercise_muscle (exercise_id, muscle_id, intensity) VALUES (2408, 21, 7);
# INSERT INTO exercise_muscle (exercise_id, muscle_id, intensity) VALUES (2408, 14, 4);
#
# -- Exercise ID: 2409
# INSERT INTO Exercise (id, title, description, link, equipment_id, training_type_id) VALUES (2409, 'Slider Bulgarian Bag Back Rack Curtsy Lunge', 'Target: Quadriceps', NULL, 14, 2);
# INSERT INTO exercise_muscle (exercise_id, muscle_id, intensity) VALUES (2409, 13, 10);
# INSERT INTO exercise_muscle (exercise_id, muscle_id, intensity) VALUES (2409, 21, 7);
# INSERT INTO exercise_muscle (exercise_id, muscle_id, intensity) VALUES (2409, 14, 4);
#
# -- Exercise ID: 2410
# INSERT INTO Exercise (id, title, description, link, equipment_id, training_type_id) VALUES (2410, 'Slider Double Kettlebell Suitcase Curtsy Lunge', 'Target: Quadriceps', NULL, 14, 2);
# INSERT INTO exercise_muscle (exercise_id, muscle_id, intensity) VALUES (2410, 13, 10);
# INSERT INTO exercise_muscle (exercise_id, muscle_id, intensity) VALUES (2410, 21, 7);
# INSERT INTO exercise_muscle (exercise_id, muscle_id, intensity) VALUES (2410, 14, 4);
#
# -- Exercise ID: 2411
# INSERT INTO Exercise (id, title, description, link, equipment_id, training_type_id) VALUES (2411, 'Slider Double Kettlebell Overhead Curtsy Lunge', 'Target: Quadriceps', NULL, 14, 2);
# INSERT INTO exercise_muscle (exercise_id, muscle_id, intensity) VALUES (2411, 13, 10);
# INSERT INTO exercise_muscle (exercise_id, muscle_id, intensity) VALUES (2411, 21, 7);
# INSERT INTO exercise_muscle (exercise_id, muscle_id, intensity) VALUES (2411, 14, 4);
#
# -- Exercise ID: 2412
# INSERT INTO Exercise (id, title, description, link, equipment_id, training_type_id) VALUES (2412, 'Slider Double Kettlebell Bottoms Up Front Rack Curtsy Lunge', 'Target: Quadriceps', NULL, 14, 2);
# INSERT INTO exercise_muscle (exercise_id, muscle_id, intensity) VALUES (2412, 13, 10);
# INSERT INTO exercise_muscle (exercise_id, muscle_id, intensity) VALUES (2412, 21, 7);
# INSERT INTO exercise_muscle (exercise_id, muscle_id, intensity) VALUES (2412, 14, 4);
#
# -- Exercise ID: 2413
# INSERT INTO Exercise (id, title, description, link, equipment_id, training_type_id) VALUES (2413, 'Slider Double Kettlebell Bottoms Up Overhead Curtsy Lunge', 'Target: Quadriceps', NULL, 14, 2);
# INSERT INTO exercise_muscle (exercise_id, muscle_id, intensity) VALUES (2413, 13, 10);
# INSERT INTO exercise_muscle (exercise_id, muscle_id, intensity) VALUES (2413, 21, 7);
# INSERT INTO exercise_muscle (exercise_id, muscle_id, intensity) VALUES (2413, 14, 4);
#
# -- Exercise ID: 2414
# INSERT INTO Exercise (id, title, description, link, equipment_id, training_type_id) VALUES (2414, 'Slider Single Arm Kettlebell Front Rack Contralateral Curtsy Lunge', 'Target: Quadriceps', NULL, 14, 2);
# INSERT INTO exercise_muscle (exercise_id, muscle_id, intensity) VALUES (2414, 13, 10);
# INSERT INTO exercise_muscle (exercise_id, muscle_id, intensity) VALUES (2414, 21, 7);
# INSERT INTO exercise_muscle (exercise_id, muscle_id, intensity) VALUES (2414, 14, 4);
#
# -- Exercise ID: 2415
# INSERT INTO Exercise (id, title, description, link, equipment_id, training_type_id) VALUES (2415, 'Slider Single Arm Kettlebell Suitcase Contralateral Curtsy Lunge', 'Target: Quadriceps', 'https://youtu.be/Bu50PXycHv8?si=SlReQTpVRUbKnVsC', 14, 2);
# INSERT INTO exercise_muscle (exercise_id, muscle_id, intensity) VALUES (2415, 13, 10);
# INSERT INTO exercise_muscle (exercise_id, muscle_id, intensity) VALUES (2415, 21, 7);
# INSERT INTO exercise_muscle (exercise_id, muscle_id, intensity) VALUES (2415, 14, 4);
#
# -- Exercise ID: 2416
# INSERT INTO Exercise (id, title, description, link, equipment_id, training_type_id) VALUES (2416, 'Slider Single Arm Kettlebell Overhead Contralateral Curtsy Lunge', 'Target: Quadriceps', NULL, 14, 2);
# INSERT INTO exercise_muscle (exercise_id, muscle_id, intensity) VALUES (2416, 13, 10);
# INSERT INTO exercise_muscle (exercise_id, muscle_id, intensity) VALUES (2416, 21, 7);
# INSERT INTO exercise_muscle (exercise_id, muscle_id, intensity) VALUES (2416, 14, 4);
#
# -- Exercise ID: 2417
# INSERT INTO Exercise (id, title, description, link, equipment_id, training_type_id) VALUES (2417, 'Slider Single Arm Kettlebell Bottoms Up Overhead Contralateral Curtsy Lunge', 'Target: Quadriceps', NULL, 14, 2);
# INSERT INTO exercise_muscle (exercise_id, muscle_id, intensity) VALUES (2417, 13, 10);
# INSERT INTO exercise_muscle (exercise_id, muscle_id, intensity) VALUES (2417, 21, 7);
# INSERT INTO exercise_muscle (exercise_id, muscle_id, intensity) VALUES (2417, 14, 4);
#
# -- Exercise ID: 2418
# INSERT INTO Exercise (id, title, description, link, equipment_id, training_type_id) VALUES (2418, 'Slider Single Arm Kettlebell Bottoms Up Front Rack Contralateral Curtsy Lunge', 'Target: Quadriceps', NULL, 14, 2);
# INSERT INTO exercise_muscle (exercise_id, muscle_id, intensity) VALUES (2418, 13, 10);
# INSERT INTO exercise_muscle (exercise_id, muscle_id, intensity) VALUES (2418, 21, 7);
# INSERT INTO exercise_muscle (exercise_id, muscle_id, intensity) VALUES (2418, 14, 4);
#
# -- Exercise ID: 2419
# INSERT INTO Exercise (id, title, description, link, equipment_id, training_type_id) VALUES (2419, 'Slider Double Dumbbell Front Rack Curtsy Lunge', 'Target: Quadriceps', NULL, 14, 2);
# INSERT INTO exercise_muscle (exercise_id, muscle_id, intensity) VALUES (2419, 13, 10);
# INSERT INTO exercise_muscle (exercise_id, muscle_id, intensity) VALUES (2419, 21, 7);
# INSERT INTO exercise_muscle (exercise_id, muscle_id, intensity) VALUES (2419, 14, 4);
#
# -- Exercise ID: 2420
# INSERT INTO Exercise (id, title, description, link, equipment_id, training_type_id) VALUES (2420, 'Slider Double Dumbbell Suitcase Curtsy Lunge', 'Target: Quadriceps', NULL, 14, 2);
# INSERT INTO exercise_muscle (exercise_id, muscle_id, intensity) VALUES (2420, 13, 10);
# INSERT INTO exercise_muscle (exercise_id, muscle_id, intensity) VALUES (2420, 21, 7);
# INSERT INTO exercise_muscle (exercise_id, muscle_id, intensity) VALUES (2420, 14, 4);
#
# -- Exercise ID: 2421
# INSERT INTO Exercise (id, title, description, link, equipment_id, training_type_id) VALUES (2421, 'Slider Double Dumbbell Overhead Curtsy Lunge', 'Target: Quadriceps', NULL, 14, 2);
# INSERT INTO exercise_muscle (exercise_id, muscle_id, intensity) VALUES (2421, 13, 10);
# INSERT INTO exercise_muscle (exercise_id, muscle_id, intensity) VALUES (2421, 21, 7);
# INSERT INTO exercise_muscle (exercise_id, muscle_id, intensity) VALUES (2421, 14, 4);
#
# -- Exercise ID: 2422
# INSERT INTO Exercise (id, title, description, link, equipment_id, training_type_id) VALUES (2422, 'Slider Single Arm Dumbbell Front Rack Contralateral Curtsy Lunge', 'Target: Quadriceps', NULL, 14, 2);
# INSERT INTO exercise_muscle (exercise_id, muscle_id, intensity) VALUES (2422, 13, 10);
# INSERT INTO exercise_muscle (exercise_id, muscle_id, intensity) VALUES (2422, 21, 7);
# INSERT INTO exercise_muscle (exercise_id, muscle_id, intensity) VALUES (2422, 14, 4);
#
# -- Exercise ID: 2423
# INSERT INTO Exercise (id, title, description, link, equipment_id, training_type_id) VALUES (2423, 'Slider Single Arm Dumbbell Suitcase Contralateral Curtsy Lunge', 'Target: Quadriceps', NULL, 14, 2);
# INSERT INTO exercise_muscle (exercise_id, muscle_id, intensity) VALUES (2423, 13, 10);
# INSERT INTO exercise_muscle (exercise_id, muscle_id, intensity) VALUES (2423, 21, 7);
# INSERT INTO exercise_muscle (exercise_id, muscle_id, intensity) VALUES (2423, 14, 4);
#
# -- Exercise ID: 2424
# INSERT INTO Exercise (id, title, description, link, equipment_id, training_type_id) VALUES (2424, 'Slider Single Arm Dumbbell Overhead Contralateral Curtsy Lunge', 'Target: Quadriceps', NULL, 14, 2);
# INSERT INTO exercise_muscle (exercise_id, muscle_id, intensity) VALUES (2424, 13, 10);
# INSERT INTO exercise_muscle (exercise_id, muscle_id, intensity) VALUES (2424, 21, 7);
# INSERT INTO exercise_muscle (exercise_id, muscle_id, intensity) VALUES (2424, 14, 4);
#
# -- Exercise ID: 2425
# INSERT INTO Exercise (id, title, description, link, equipment_id, training_type_id) VALUES (2425, 'Slider Dumbbell Goblet Curtsy Lunge', 'Target: Quadriceps', 'https://youtu.be/lyYXfpCV5ys?si=iACRC6Vlz_wbm5zc', 14, 2);
# INSERT INTO exercise_muscle (exercise_id, muscle_id, intensity) VALUES (2425, 13, 10);
# INSERT INTO exercise_muscle (exercise_id, muscle_id, intensity) VALUES (2425, 21, 7);
# INSERT INTO exercise_muscle (exercise_id, muscle_id, intensity) VALUES (2425, 14, 4);
#
# -- Exercise ID: 2426
# INSERT INTO Exercise (id, title, description, link, equipment_id, training_type_id) VALUES (2426, 'Slider Kettlebell Horn Grip Curtsy Lunge', 'Target: Quadriceps', NULL, 14, 2);
# INSERT INTO exercise_muscle (exercise_id, muscle_id, intensity) VALUES (2426, 13, 10);
# INSERT INTO exercise_muscle (exercise_id, muscle_id, intensity) VALUES (2426, 21, 7);
# INSERT INTO exercise_muscle (exercise_id, muscle_id, intensity) VALUES (2426, 14, 4);
#
# -- Exercise ID: 2427
# INSERT INTO Exercise (id, title, description, link, equipment_id, training_type_id) VALUES (2427, 'Slider Kettlebell Goblet Curtsy Lunge', 'Target: Quadriceps', NULL, 14, 2);
# INSERT INTO exercise_muscle (exercise_id, muscle_id, intensity) VALUES (2427, 13, 10);
# INSERT INTO exercise_muscle (exercise_id, muscle_id, intensity) VALUES (2427, 21, 7);
# INSERT INTO exercise_muscle (exercise_id, muscle_id, intensity) VALUES (2427, 14, 4);
#
# -- Exercise ID: 2428
# INSERT INTO Exercise (id, title, description, link, equipment_id, training_type_id) VALUES (2428, 'Slider Clubbell Order Curtsy Lunge', 'Target: Quadriceps', NULL, 14, 2);
# INSERT INTO exercise_muscle (exercise_id, muscle_id, intensity) VALUES (2428, 13, 10);
# INSERT INTO exercise_muscle (exercise_id, muscle_id, intensity) VALUES (2428, 21, 7);
# INSERT INTO exercise_muscle (exercise_id, muscle_id, intensity) VALUES (2428, 14, 4);
#
# -- Exercise ID: 2429
# INSERT INTO Exercise (id, title, description, link, equipment_id, training_type_id) VALUES (2429, 'Slider Double Clubbell Order Curtsy Lunge', 'Target: Quadriceps', NULL, 14, 2);
# INSERT INTO exercise_muscle (exercise_id, muscle_id, intensity) VALUES (2429, 13, 10);
# INSERT INTO exercise_muscle (exercise_id, muscle_id, intensity) VALUES (2429, 21, 7);
# INSERT INTO exercise_muscle (exercise_id, muscle_id, intensity) VALUES (2429, 14, 4);
#
# -- Exercise ID: 2430
# INSERT INTO Exercise (id, title, description, link, equipment_id, training_type_id) VALUES (2430, 'Slider Single Arm Clubbell Order Contralateral Curtsy Lunge', 'Target: Quadriceps', NULL, 14, 2);
# INSERT INTO exercise_muscle (exercise_id, muscle_id, intensity) VALUES (2430, 13, 10);
# INSERT INTO exercise_muscle (exercise_id, muscle_id, intensity) VALUES (2430, 21, 7);
# INSERT INTO exercise_muscle (exercise_id, muscle_id, intensity) VALUES (2430, 14, 4);
#
# -- Exercise ID: 2431
# INSERT INTO Exercise (id, title, description, link, equipment_id, training_type_id) VALUES (2431, 'Slider Macebell Order Curtsy Lunge', 'Target: Quadriceps', NULL, 14, 2);
# INSERT INTO exercise_muscle (exercise_id, muscle_id, intensity) VALUES (2431, 13, 10);
# INSERT INTO exercise_muscle (exercise_id, muscle_id, intensity) VALUES (2431, 21, 7);
# INSERT INTO exercise_muscle (exercise_id, muscle_id, intensity) VALUES (2431, 14, 4);
#
# -- Exercise ID: 2432
# INSERT INTO Exercise (id, title, description, link, equipment_id, training_type_id) VALUES (2432, 'Slider Single Arm Macebell Order Contralateral Curtsy Lunge', 'Target: Quadriceps', NULL, 14, 2);
# INSERT INTO exercise_muscle (exercise_id, muscle_id, intensity) VALUES (2432, 13, 10);
# INSERT INTO exercise_muscle (exercise_id, muscle_id, intensity) VALUES (2432, 21, 7);
# INSERT INTO exercise_muscle (exercise_id, muscle_id, intensity) VALUES (2432, 14, 4);
#
# -- Exercise ID: 2433
# INSERT INTO Exercise (id, title, description, link, equipment_id, training_type_id) VALUES (2433, 'Slider Curtsy Lunge', 'Target: Quadriceps', 'https://youtu.be/3psxN3YA0wg?si=BW-ePbc5Pg6OJ8z6', 14, 4);
# INSERT INTO exercise_muscle (exercise_id, muscle_id, intensity) VALUES (2433, 13, 10);
# INSERT INTO exercise_muscle (exercise_id, muscle_id, intensity) VALUES (2433, 21, 7);
# INSERT INTO exercise_muscle (exercise_id, muscle_id, intensity) VALUES (2433, 14, 4);
#
# -- Exercise ID: 2434
# INSERT INTO Exercise (id, title, description, link, equipment_id, training_type_id) VALUES (2434, 'Slider Plate Overhead Curtsy Lunge', 'Target: Quadriceps', NULL, 14, 2);
# INSERT INTO exercise_muscle (exercise_id, muscle_id, intensity) VALUES (2434, 13, 10);
# INSERT INTO exercise_muscle (exercise_id, muscle_id, intensity) VALUES (2434, 21, 7);
# INSERT INTO exercise_muscle (exercise_id, muscle_id, intensity) VALUES (2434, 14, 4);
#
# -- Exercise ID: 2435
# INSERT INTO Exercise (id, title, description, link, equipment_id, training_type_id) VALUES (2435, 'Slider Sandbag Front Rack Curtsy Lunge', 'Target: Quadriceps', NULL, 14, 2);
# INSERT INTO exercise_muscle (exercise_id, muscle_id, intensity) VALUES (2435, 13, 10);
# INSERT INTO exercise_muscle (exercise_id, muscle_id, intensity) VALUES (2435, 21, 7);
# INSERT INTO exercise_muscle (exercise_id, muscle_id, intensity) VALUES (2435, 14, 4);
#
# -- Exercise ID: 2436
# INSERT INTO Exercise (id, title, description, link, equipment_id, training_type_id) VALUES (2436, 'Slider Sandbag Back Rack Curtsy Lunge', 'Target: Quadriceps', NULL, 14, 2);
# INSERT INTO exercise_muscle (exercise_id, muscle_id, intensity) VALUES (2436, 13, 10);
# INSERT INTO exercise_muscle (exercise_id, muscle_id, intensity) VALUES (2436, 21, 7);
# INSERT INTO exercise_muscle (exercise_id, muscle_id, intensity) VALUES (2436, 14, 4);
#
# -- Exercise ID: 2437
# INSERT INTO Exercise (id, title, description, link, equipment_id, training_type_id) VALUES (2437, 'Slider Single Arm Kettlebell Front Rack Ipsilateral Curtsy Lunge', 'Target: Quadriceps', NULL, 14, 2);
# INSERT INTO exercise_muscle (exercise_id, muscle_id, intensity) VALUES (2437, 13, 10);
# INSERT INTO exercise_muscle (exercise_id, muscle_id, intensity) VALUES (2437, 21, 7);
# INSERT INTO exercise_muscle (exercise_id, muscle_id, intensity) VALUES (2437, 14, 4);
#
# -- Exercise ID: 2438
# INSERT INTO Exercise (id, title, description, link, equipment_id, training_type_id) VALUES (2438, 'Slider Single Arm Kettlebell Suitcase Ipsilateral Curtsy Lunge', 'Target: Quadriceps', NULL, 14, 2);
# INSERT INTO exercise_muscle (exercise_id, muscle_id, intensity) VALUES (2438, 13, 10);
# INSERT INTO exercise_muscle (exercise_id, muscle_id, intensity) VALUES (2438, 21, 7);
# INSERT INTO exercise_muscle (exercise_id, muscle_id, intensity) VALUES (2438, 14, 4);
#
# -- Exercise ID: 2439
# INSERT INTO Exercise (id, title, description, link, equipment_id, training_type_id) VALUES (2439, 'Slider Single Arm Kettlebell Overhead Ipsilateral Curtsy Lunge', 'Target: Quadriceps', NULL, 14, 2);
# INSERT INTO exercise_muscle (exercise_id, muscle_id, intensity) VALUES (2439, 13, 10);
# INSERT INTO exercise_muscle (exercise_id, muscle_id, intensity) VALUES (2439, 21, 7);
# INSERT INTO exercise_muscle (exercise_id, muscle_id, intensity) VALUES (2439, 14, 4);
#
# -- Exercise ID: 2440
# INSERT INTO Exercise (id, title, description, link, equipment_id, training_type_id) VALUES (2440, 'Slider Single Arm Kettlebell Bottoms Up Overhead Ipsilateral Curtsy Lunge', 'Target: Quadriceps', NULL, 14, 2);
# INSERT INTO exercise_muscle (exercise_id, muscle_id, intensity) VALUES (2440, 13, 10);
# INSERT INTO exercise_muscle (exercise_id, muscle_id, intensity) VALUES (2440, 21, 7);
# INSERT INTO exercise_muscle (exercise_id, muscle_id, intensity) VALUES (2440, 14, 4);
#
# -- Exercise ID: 2441
# INSERT INTO Exercise (id, title, description, link, equipment_id, training_type_id) VALUES (2441, 'Slider Single Arm Kettlebell Bottoms Up Front Rack Ipsilateral Curtsy Lunge', 'Target: Quadriceps', NULL, 14, 2);
# INSERT INTO exercise_muscle (exercise_id, muscle_id, intensity) VALUES (2441, 13, 10);
# INSERT INTO exercise_muscle (exercise_id, muscle_id, intensity) VALUES (2441, 21, 7);
# INSERT INTO exercise_muscle (exercise_id, muscle_id, intensity) VALUES (2441, 14, 4);
#
# -- Exercise ID: 2442
# INSERT INTO Exercise (id, title, description, link, equipment_id, training_type_id) VALUES (2442, 'Slider Single Arm Dumbbell Front Rack Ipsilateral Curtsy Lunge', 'Target: Quadriceps', NULL, 14, 2);
# INSERT INTO exercise_muscle (exercise_id, muscle_id, intensity) VALUES (2442, 13, 10);
# INSERT INTO exercise_muscle (exercise_id, muscle_id, intensity) VALUES (2442, 21, 7);
# INSERT INTO exercise_muscle (exercise_id, muscle_id, intensity) VALUES (2442, 14, 4);
#
# -- Exercise ID: 2443
# INSERT INTO Exercise (id, title, description, link, equipment_id, training_type_id) VALUES (2443, 'Slider Single Arm Dumbbell Suitcase Ipsilateral Curtsy Lunge', 'Target: Quadriceps', NULL, 14, 2);
# INSERT INTO exercise_muscle (exercise_id, muscle_id, intensity) VALUES (2443, 13, 10);
# INSERT INTO exercise_muscle (exercise_id, muscle_id, intensity) VALUES (2443, 21, 7);
# INSERT INTO exercise_muscle (exercise_id, muscle_id, intensity) VALUES (2443, 14, 4);
#
# -- Exercise ID: 2444
# INSERT INTO Exercise (id, title, description, link, equipment_id, training_type_id) VALUES (2444, 'Slider Single Arm Dumbbell Overhead Ipsilateral Curtsy Lunge', 'Target: Quadriceps', NULL, 14, 2);
# INSERT INTO exercise_muscle (exercise_id, muscle_id, intensity) VALUES (2444, 13, 10);
# INSERT INTO exercise_muscle (exercise_id, muscle_id, intensity) VALUES (2444, 21, 7);
# INSERT INTO exercise_muscle (exercise_id, muscle_id, intensity) VALUES (2444, 14, 4);
#
# -- Exercise ID: 2445
# INSERT INTO Exercise (id, title, description, link, equipment_id, training_type_id) VALUES (2445, 'Slider Single Arm Clubbell Order Ipsilateral Curtsy Lunge', 'Target: Quadriceps', NULL, 14, 2);
# INSERT INTO exercise_muscle (exercise_id, muscle_id, intensity) VALUES (2445, 13, 10);
# INSERT INTO exercise_muscle (exercise_id, muscle_id, intensity) VALUES (2445, 21, 7);
# INSERT INTO exercise_muscle (exercise_id, muscle_id, intensity) VALUES (2445, 14, 4);
#
# -- Exercise ID: 2446
# INSERT INTO Exercise (id, title, description, link, equipment_id, training_type_id) VALUES (2446, 'Slider Single Arm Macebell Order Ipsilateral Curtsy Lunge', 'Target: Quadriceps', NULL, 14, 2);
# INSERT INTO exercise_muscle (exercise_id, muscle_id, intensity) VALUES (2446, 13, 10);
# INSERT INTO exercise_muscle (exercise_id, muscle_id, intensity) VALUES (2446, 21, 7);
# INSERT INTO exercise_muscle (exercise_id, muscle_id, intensity) VALUES (2446, 14, 4);
#
# -- Exercise ID: 2447
# INSERT INTO Exercise (id, title, description, link, equipment_id, training_type_id) VALUES (2447, 'Kettlebell Goblet Cyclist Squat', 'Target: Quadriceps', 'https://youtu.be/JMGY7iOxEd8?si=VQLmn1jf71I47o_a', 15, 2);
# INSERT INTO exercise_muscle (exercise_id, muscle_id, intensity) VALUES (2447, 13, 10);
# INSERT INTO exercise_muscle (exercise_id, muscle_id, intensity) VALUES (2447, 21, 7);
# INSERT INTO exercise_muscle (exercise_id, muscle_id, intensity) VALUES (2447, 6, 4);
#
# -- Exercise ID: 2448
# INSERT INTO Exercise (id, title, description, link, equipment_id, training_type_id) VALUES (2448, 'Kettlebell Goblet Knee Over Toe Split Squat', 'Target: Quadriceps', 'https://youtu.be/9b4Aatm0Wvo?si=35ADJVaHZbeshP13', 15, 2);
# INSERT INTO exercise_muscle (exercise_id, muscle_id, intensity) VALUES (2448, 13, 10);
# INSERT INTO exercise_muscle (exercise_id, muscle_id, intensity) VALUES (2448, 21, 7);
# INSERT INTO exercise_muscle (exercise_id, muscle_id, intensity) VALUES (2448, 6, 4);
#
# -- Exercise ID: 2449
# INSERT INTO Exercise (id, title, description, link, equipment_id, training_type_id) VALUES (2449, 'Kettlebell Goblet Foot Elevated Knee Over Toe Split Squat', 'Target: Quadriceps', 'https://youtu.be/JGpJCYbDefo?si=NOFTsBroAKhZtrMl', 15, 2);
# INSERT INTO exercise_muscle (exercise_id, muscle_id, intensity) VALUES (2449, 13, 10);
# INSERT INTO exercise_muscle (exercise_id, muscle_id, intensity) VALUES (2449, 21, 7);
# INSERT INTO exercise_muscle (exercise_id, muscle_id, intensity) VALUES (2449, 6, 4);
#
# -- Exercise ID: 2450
# INSERT INTO Exercise (id, title, description, link, equipment_id, training_type_id) VALUES (2450, 'Dumbbell Goblet Walking Lunge', 'Target: Quadriceps', 'https://youtu.be/gA6gJS2ePGU?si=Ug9x4DfIITtyX9FE', 6, 2);
# INSERT INTO exercise_muscle (exercise_id, muscle_id, intensity) VALUES (2450, 13, 10);
# INSERT INTO exercise_muscle (exercise_id, muscle_id, intensity) VALUES (2450, 21, 7);
# INSERT INTO exercise_muscle (exercise_id, muscle_id, intensity) VALUES (2450, 22, 4);
#
# -- Exercise ID: 2451
# INSERT INTO Exercise (id, title, description, link, equipment_id, training_type_id) VALUES (2451, 'Ring Maltese', 'Target: Abdominals', 'https://youtu.be/CvVSQjBGdxY?si=NNbbzDLa-chZFz3I', 3, 4);
# INSERT INTO exercise_muscle (exercise_id, muscle_id, intensity) VALUES (2451, 11, 10);
#
# -- Exercise ID: 2452
# INSERT INTO Exercise (id, title, description, link, equipment_id, training_type_id) VALUES (2452, 'Barbell Front Rack Curtsy Lunge', 'Target: Quadriceps', 'https://youtu.be/oZCa8oh_YVI?si=rPzLwq3xpBKREAf7', 12, 2);
# INSERT INTO exercise_muscle (exercise_id, muscle_id, intensity) VALUES (2452, 13, 10);
# INSERT INTO exercise_muscle (exercise_id, muscle_id, intensity) VALUES (2452, 21, 7);
# INSERT INTO exercise_muscle (exercise_id, muscle_id, intensity) VALUES (2452, 14, 4);
#
# -- Exercise ID: 2453
# INSERT INTO Exercise (id, title, description, link, equipment_id, training_type_id) VALUES (2453, 'Double Kettlebell Front Rack Curtsy Lunge', 'Target: Quadriceps', 'https://youtu.be/b10GH56Feuc?si=DTF4gfUaKajgDIEP', 15, 2);
# INSERT INTO exercise_muscle (exercise_id, muscle_id, intensity) VALUES (2453, 13, 10);
# INSERT INTO exercise_muscle (exercise_id, muscle_id, intensity) VALUES (2453, 21, 7);
# INSERT INTO exercise_muscle (exercise_id, muscle_id, intensity) VALUES (2453, 14, 4);
#
# -- Exercise ID: 2454
# INSERT INTO Exercise (id, title, description, link, equipment_id, training_type_id) VALUES (2454, 'Suspension Curtsy Lunge', 'Target: Quadriceps', 'https://youtu.be/tiuw2sbuhl0?si=TK4HTHPYjPWelq8-', 11, 2);
# INSERT INTO exercise_muscle (exercise_id, muscle_id, intensity) VALUES (2454, 13, 10);
# INSERT INTO exercise_muscle (exercise_id, muscle_id, intensity) VALUES (2454, 21, 7);
# INSERT INTO exercise_muscle (exercise_id, muscle_id, intensity) VALUES (2454, 14, 4);
#
# -- Exercise ID: 2455
# INSERT INTO Exercise (id, title, description, link, equipment_id, training_type_id) VALUES (2455, 'Barbell Overhead Curtsy Lunge', 'Target: Quadriceps', NULL, 12, 2);
# INSERT INTO exercise_muscle (exercise_id, muscle_id, intensity) VALUES (2455, 13, 10);
# INSERT INTO exercise_muscle (exercise_id, muscle_id, intensity) VALUES (2455, 21, 7);
# INSERT INTO exercise_muscle (exercise_id, muscle_id, intensity) VALUES (2455, 14, 4);
#
# -- Exercise ID: 2456
# INSERT INTO Exercise (id, title, description, link, equipment_id, training_type_id) VALUES (2456, 'Barbell Back Rack Curtsy Lunge', 'Target: Quadriceps', 'https://youtu.be/msvF1e9w2aQ?si=ZGUO8zKtN0DMjqex', 12, 2);
# INSERT INTO exercise_muscle (exercise_id, muscle_id, intensity) VALUES (2456, 13, 10);
# INSERT INTO exercise_muscle (exercise_id, muscle_id, intensity) VALUES (2456, 21, 7);
# INSERT INTO exercise_muscle (exercise_id, muscle_id, intensity) VALUES (2456, 14, 4);
#
# -- Exercise ID: 2457
# INSERT INTO Exercise (id, title, description, link, equipment_id, training_type_id) VALUES (2457, 'Barbell Zercher Curtsy Lunge', 'Target: Quadriceps', NULL, 12, 2);
# INSERT INTO exercise_muscle (exercise_id, muscle_id, intensity) VALUES (2457, 13, 10);
# INSERT INTO exercise_muscle (exercise_id, muscle_id, intensity) VALUES (2457, 21, 7);
# INSERT INTO exercise_muscle (exercise_id, muscle_id, intensity) VALUES (2457, 14, 4);
#
# -- Exercise ID: 2458
# INSERT INTO Exercise (id, title, description, link, equipment_id, training_type_id) VALUES (2458, 'Double Kettlebell Suitcase Curtsy Lunge', 'Target: Quadriceps', 'https://youtu.be/DEE806Xr4V4?si=Bi_n7QfcYh1KpvBP', 15, 2);
# INSERT INTO exercise_muscle (exercise_id, muscle_id, intensity) VALUES (2458, 13, 10);
# INSERT INTO exercise_muscle (exercise_id, muscle_id, intensity) VALUES (2458, 21, 7);
# INSERT INTO exercise_muscle (exercise_id, muscle_id, intensity) VALUES (2458, 14, 4);
#
# -- Exercise ID: 2459
# INSERT INTO Exercise (id, title, description, link, equipment_id, training_type_id) VALUES (2459, 'Double Kettlebell Overhead Curtsy Lunge', 'Target: Quadriceps', 'https://youtu.be/u_cHR3_1IZw?si=oVJaTI9hNpMcfVFW', 15, 2);
# INSERT INTO exercise_muscle (exercise_id, muscle_id, intensity) VALUES (2459, 13, 10);
# INSERT INTO exercise_muscle (exercise_id, muscle_id, intensity) VALUES (2459, 21, 7);
# INSERT INTO exercise_muscle (exercise_id, muscle_id, intensity) VALUES (2459, 14, 4);
#
# -- Exercise ID: 2460
# INSERT INTO Exercise (id, title, description, link, equipment_id, training_type_id) VALUES (2460, 'Double Kettlebell Bottoms Up Front Rack Curtsy Lunge', 'Target: Quadriceps', NULL, 15, 2);
# INSERT INTO exercise_muscle (exercise_id, muscle_id, intensity) VALUES (2460, 13, 10);
# INSERT INTO exercise_muscle (exercise_id, muscle_id, intensity) VALUES (2460, 21, 7);
# INSERT INTO exercise_muscle (exercise_id, muscle_id, intensity) VALUES (2460, 14, 4);
#
# -- Exercise ID: 2461
# INSERT INTO Exercise (id, title, description, link, equipment_id, training_type_id) VALUES (2461, 'Double Kettlebell Bottoms Up Overhead Curtsy Lunge', 'Target: Quadriceps', NULL, 15, 2);
# INSERT INTO exercise_muscle (exercise_id, muscle_id, intensity) VALUES (2461, 13, 10);
# INSERT INTO exercise_muscle (exercise_id, muscle_id, intensity) VALUES (2461, 21, 7);
# INSERT INTO exercise_muscle (exercise_id, muscle_id, intensity) VALUES (2461, 14, 4);
#
# -- Exercise ID: 2462
# INSERT INTO Exercise (id, title, description, link, equipment_id, training_type_id) VALUES (2462, 'Single Arm Kettlebell Front Rack Contralateral Curtsy Lunge', 'Target: Quadriceps', 'https://youtu.be/XVsdDBiLk2I?si=yYz392PvLdjJCOy5', 15, 2);
# INSERT INTO exercise_muscle (exercise_id, muscle_id, intensity) VALUES (2462, 13, 10);
# INSERT INTO exercise_muscle (exercise_id, muscle_id, intensity) VALUES (2462, 21, 7);
# INSERT INTO exercise_muscle (exercise_id, muscle_id, intensity) VALUES (2462, 14, 4);
#
# -- Exercise ID: 2463
# INSERT INTO Exercise (id, title, description, link, equipment_id, training_type_id) VALUES (2463, 'Single Arm Kettlebell Suitcase Contralateral Curtsy Lunge', 'Target: Quadriceps', 'https://youtu.be/IlABYRygo3w?si=LYId2yiYvpqxybEC', 15, 2);
# INSERT INTO exercise_muscle (exercise_id, muscle_id, intensity) VALUES (2463, 13, 10);
# INSERT INTO exercise_muscle (exercise_id, muscle_id, intensity) VALUES (2463, 21, 7);
# INSERT INTO exercise_muscle (exercise_id, muscle_id, intensity) VALUES (2463, 14, 4);
#
# -- Exercise ID: 2464
# INSERT INTO Exercise (id, title, description, link, equipment_id, training_type_id) VALUES (2464, 'Single Arm Kettlebell Overhead Contralateral Curtsy Lunge', 'Target: Quadriceps', NULL, 15, 2);
# INSERT INTO exercise_muscle (exercise_id, muscle_id, intensity) VALUES (2464, 13, 10);
# INSERT INTO exercise_muscle (exercise_id, muscle_id, intensity) VALUES (2464, 21, 7);
# INSERT INTO exercise_muscle (exercise_id, muscle_id, intensity) VALUES (2464, 14, 4);
#
# -- Exercise ID: 2465
# INSERT INTO Exercise (id, title, description, link, equipment_id, training_type_id) VALUES (2465, 'Single Arm Kettlebell Bottoms Up Overhead Contralateral Curtsy Lunge', 'Target: Quadriceps', NULL, 15, 2);
# INSERT INTO exercise_muscle (exercise_id, muscle_id, intensity) VALUES (2465, 13, 10);
# INSERT INTO exercise_muscle (exercise_id, muscle_id, intensity) VALUES (2465, 21, 7);
# INSERT INTO exercise_muscle (exercise_id, muscle_id, intensity) VALUES (2465, 14, 4);
#
# -- Exercise ID: 2466
# INSERT INTO Exercise (id, title, description, link, equipment_id, training_type_id) VALUES (2466, 'Single Arm Kettlebell Bottoms Up Front Rack Contralateral Curtsy Lunge', 'Target: Quadriceps', NULL, 15, 2);
# INSERT INTO exercise_muscle (exercise_id, muscle_id, intensity) VALUES (2466, 13, 10);
# INSERT INTO exercise_muscle (exercise_id, muscle_id, intensity) VALUES (2466, 21, 7);
# INSERT INTO exercise_muscle (exercise_id, muscle_id, intensity) VALUES (2466, 14, 4);
#
# -- Exercise ID: 2467
# INSERT INTO Exercise (id, title, description, link, equipment_id, training_type_id) VALUES (2467, 'Double Dumbbell Front Rack Curtsy Lunge', 'Target: Quadriceps', 'https://youtu.be/ORgVFXTysI8?si=F2L2x6t0lsu7RXmy', 6, 2);
# INSERT INTO exercise_muscle (exercise_id, muscle_id, intensity) VALUES (2467, 13, 10);
# INSERT INTO exercise_muscle (exercise_id, muscle_id, intensity) VALUES (2467, 21, 7);
# INSERT INTO exercise_muscle (exercise_id, muscle_id, intensity) VALUES (2467, 14, 4);
#
# -- Exercise ID: 2468
# INSERT INTO Exercise (id, title, description, link, equipment_id, training_type_id) VALUES (2468, 'Double Dumbbell Suitcase Curtsy Lunge', 'Target: Quadriceps', 'https://youtu.be/tKQAKx25kyk?si=CVIu5jUCBGlS-CU4', 6, 2);
# INSERT INTO exercise_muscle (exercise_id, muscle_id, intensity) VALUES (2468, 13, 10);
# INSERT INTO exercise_muscle (exercise_id, muscle_id, intensity) VALUES (2468, 21, 7);
# INSERT INTO exercise_muscle (exercise_id, muscle_id, intensity) VALUES (2468, 14, 4);
#
# -- Exercise ID: 2469
# INSERT INTO Exercise (id, title, description, link, equipment_id, training_type_id) VALUES (2469, 'Double Dumbbell Overhead Curtsy Lunge', 'Target: Quadriceps', NULL, 6, 2);
# INSERT INTO exercise_muscle (exercise_id, muscle_id, intensity) VALUES (2469, 13, 10);
# INSERT INTO exercise_muscle (exercise_id, muscle_id, intensity) VALUES (2469, 21, 7);
# INSERT INTO exercise_muscle (exercise_id, muscle_id, intensity) VALUES (2469, 14, 4);
#
# -- Exercise ID: 2470
# INSERT INTO Exercise (id, title, description, link, equipment_id, training_type_id) VALUES (2470, 'Single Arm Dumbbell Front Rack Contralateral Curtsy Lunge', 'Target: Quadriceps', 'https://youtu.be/6-K9hgU8YUI?si=eubdVXn2jNhff_kr', 6, 2);
# INSERT INTO exercise_muscle (exercise_id, muscle_id, intensity) VALUES (2470, 13, 10);
# INSERT INTO exercise_muscle (exercise_id, muscle_id, intensity) VALUES (2470, 21, 7);
# INSERT INTO exercise_muscle (exercise_id, muscle_id, intensity) VALUES (2470, 14, 4);
#
# -- Exercise ID: 2471
# INSERT INTO Exercise (id, title, description, link, equipment_id, training_type_id) VALUES (2471, 'Single Arm Dumbbell Suitcase Contralateral Curtsy Lunge', 'Target: Quadriceps', 'https://youtu.be/XSvx131FZ_s?feature=shared', 6, 2);
# INSERT INTO exercise_muscle (exercise_id, muscle_id, intensity) VALUES (2471, 13, 10);
# INSERT INTO exercise_muscle (exercise_id, muscle_id, intensity) VALUES (2471, 21, 7);
# INSERT INTO exercise_muscle (exercise_id, muscle_id, intensity) VALUES (2471, 14, 4);
#
# -- Exercise ID: 2472
# INSERT INTO Exercise (id, title, description, link, equipment_id, training_type_id) VALUES (2472, 'Single Arm Dumbbell Overhead Contralateral Curtsy Lunge', 'Target: Quadriceps', NULL, 6, 2);
# INSERT INTO exercise_muscle (exercise_id, muscle_id, intensity) VALUES (2472, 13, 10);
# INSERT INTO exercise_muscle (exercise_id, muscle_id, intensity) VALUES (2472, 21, 7);
# INSERT INTO exercise_muscle (exercise_id, muscle_id, intensity) VALUES (2472, 14, 4);
#
# -- Exercise ID: 2473
# INSERT INTO Exercise (id, title, description, link, equipment_id, training_type_id) VALUES (2473, 'Dumbbell Goblet Curtsy Lunge', 'Target: Quadriceps', 'https://youtu.be/sMUQOGVrmQM?si=shRczfTH98OihNfr', 6, 2);
# INSERT INTO exercise_muscle (exercise_id, muscle_id, intensity) VALUES (2473, 13, 10);
# INSERT INTO exercise_muscle (exercise_id, muscle_id, intensity) VALUES (2473, 21, 7);
# INSERT INTO exercise_muscle (exercise_id, muscle_id, intensity) VALUES (2473, 14, 4);
#
# -- Exercise ID: 2474
# INSERT INTO Exercise (id, title, description, link, equipment_id, training_type_id) VALUES (2474, 'Kettlebell Horn Grip Curtsy Lunge', 'Target: Quadriceps', 'https://youtu.be/sb9anlSqH6w?feature=shared', 15, 2);
# INSERT INTO exercise_muscle (exercise_id, muscle_id, intensity) VALUES (2474, 13, 10);
# INSERT INTO exercise_muscle (exercise_id, muscle_id, intensity) VALUES (2474, 21, 7);
# INSERT INTO exercise_muscle (exercise_id, muscle_id, intensity) VALUES (2474, 14, 4);
#
# -- Exercise ID: 2475
# INSERT INTO Exercise (id, title, description, link, equipment_id, training_type_id) VALUES (2475, 'Kettlebell Goblet Curtsy Lunge', 'Target: Quadriceps', 'https://youtu.be/863JuZlLiA4?si=Zj6W2E1ana1MwTBv', 15, 2);
# INSERT INTO exercise_muscle (exercise_id, muscle_id, intensity) VALUES (2475, 13, 10);
# INSERT INTO exercise_muscle (exercise_id, muscle_id, intensity) VALUES (2475, 21, 7);
# INSERT INTO exercise_muscle (exercise_id, muscle_id, intensity) VALUES (2475, 14, 4);
#
# -- Exercise ID: 2476
# INSERT INTO Exercise (id, title, description, link, equipment_id, training_type_id) VALUES (2476, 'Clubbell Order Curtsy Lunge', 'Target: Quadriceps', NULL, 26, 2);
# INSERT INTO exercise_muscle (exercise_id, muscle_id, intensity) VALUES (2476, 13, 10);
# INSERT INTO exercise_muscle (exercise_id, muscle_id, intensity) VALUES (2476, 21, 7);
# INSERT INTO exercise_muscle (exercise_id, muscle_id, intensity) VALUES (2476, 14, 4);
#
# -- Exercise ID: 2477
# INSERT INTO Exercise (id, title, description, link, equipment_id, training_type_id) VALUES (2477, 'Double Clubbell Order Curtsy Lunge', 'Target: Quadriceps', NULL, 26, 2);
# INSERT INTO exercise_muscle (exercise_id, muscle_id, intensity) VALUES (2477, 13, 10);
# INSERT INTO exercise_muscle (exercise_id, muscle_id, intensity) VALUES (2477, 21, 7);
# INSERT INTO exercise_muscle (exercise_id, muscle_id, intensity) VALUES (2477, 14, 4);
#
# -- Exercise ID: 2478
# INSERT INTO Exercise (id, title, description, link, equipment_id, training_type_id) VALUES (2478, 'Single Arm Clubbell Order Contralateral Curtsy Lunge', 'Target: Quadriceps', NULL, 26, 2);
# INSERT INTO exercise_muscle (exercise_id, muscle_id, intensity) VALUES (2478, 13, 10);
# INSERT INTO exercise_muscle (exercise_id, muscle_id, intensity) VALUES (2478, 21, 7);
# INSERT INTO exercise_muscle (exercise_id, muscle_id, intensity) VALUES (2478, 14, 4);
#
# -- Exercise ID: 2479
# INSERT INTO Exercise (id, title, description, link, equipment_id, training_type_id) VALUES (2479, 'Macebell Order Curtsy Lunge', 'Target: Quadriceps', NULL, 24, 2);
# INSERT INTO exercise_muscle (exercise_id, muscle_id, intensity) VALUES (2479, 13, 10);
# INSERT INTO exercise_muscle (exercise_id, muscle_id, intensity) VALUES (2479, 21, 7);
# INSERT INTO exercise_muscle (exercise_id, muscle_id, intensity) VALUES (2479, 14, 4);
#
# -- Exercise ID: 2480
# INSERT INTO Exercise (id, title, description, link, equipment_id, training_type_id) VALUES (2480, 'Bodyweight Curtsy Lunge', 'Target: Quadriceps', 'https://youtu.be/cXHnXTR79Kw?si=HidnQgZQ02ZN6GNc', 2, 4);
# INSERT INTO exercise_muscle (exercise_id, muscle_id, intensity) VALUES (2480, 13, 10);
# INSERT INTO exercise_muscle (exercise_id, muscle_id, intensity) VALUES (2480, 21, 7);
# INSERT INTO exercise_muscle (exercise_id, muscle_id, intensity) VALUES (2480, 14, 4);
#
# -- Exercise ID: 2481
# INSERT INTO Exercise (id, title, description, link, equipment_id, training_type_id) VALUES (2481, 'Plate Overhead Curtsy Lunge', 'Target: Quadriceps', 'https://youtu.be/fdt3gkMNv0Y?si=Wmdlb79kZmS0oZof', 22, 2);
# INSERT INTO exercise_muscle (exercise_id, muscle_id, intensity) VALUES (2481, 13, 10);
# INSERT INTO exercise_muscle (exercise_id, muscle_id, intensity) VALUES (2481, 21, 7);
# INSERT INTO exercise_muscle (exercise_id, muscle_id, intensity) VALUES (2481, 14, 4);
#
# -- Exercise ID: 2482
# INSERT INTO Exercise (id, title, description, link, equipment_id, training_type_id) VALUES (2482, 'Sandbag Front Rack Curtsy Lunge', 'Target: Quadriceps', 'https://youtu.be/2DiU1YRLDQE?si=klXwkCZb6RsZjZl5', 36, 2);
# INSERT INTO exercise_muscle (exercise_id, muscle_id, intensity) VALUES (2482, 13, 10);
# INSERT INTO exercise_muscle (exercise_id, muscle_id, intensity) VALUES (2482, 21, 7);
# INSERT INTO exercise_muscle (exercise_id, muscle_id, intensity) VALUES (2482, 14, 4);
#
# -- Exercise ID: 2483
# INSERT INTO Exercise (id, title, description, link, equipment_id, training_type_id) VALUES (2483, 'Sandbag Back Rack Curtsy Lunge', 'Target: Quadriceps', NULL, 36, 2);
# INSERT INTO exercise_muscle (exercise_id, muscle_id, intensity) VALUES (2483, 13, 10);
# INSERT INTO exercise_muscle (exercise_id, muscle_id, intensity) VALUES (2483, 21, 7);
# INSERT INTO exercise_muscle (exercise_id, muscle_id, intensity) VALUES (2483, 14, 4);
#
# -- Exercise ID: 2484
# INSERT INTO Exercise (id, title, description, link, equipment_id, training_type_id) VALUES (2484, 'Single Arm Kettlebell Front Rack Ipsilateral Curtsy Lunge', 'Target: Quadriceps', 'https://youtu.be/dwL1uWmadTI?si=6anEQDI0eEoOuB0Q', 15, 2);
# INSERT INTO exercise_muscle (exercise_id, muscle_id, intensity) VALUES (2484, 13, 10);
# INSERT INTO exercise_muscle (exercise_id, muscle_id, intensity) VALUES (2484, 21, 7);
# INSERT INTO exercise_muscle (exercise_id, muscle_id, intensity) VALUES (2484, 14, 4);
#
# -- Exercise ID: 2485
# INSERT INTO Exercise (id, title, description, link, equipment_id, training_type_id) VALUES (2485, 'Single Arm Kettlebell Suitcase Ipsilateral Curtsy Lunge', 'Target: Quadriceps', NULL, 15, 2);
# INSERT INTO exercise_muscle (exercise_id, muscle_id, intensity) VALUES (2485, 13, 10);
# INSERT INTO exercise_muscle (exercise_id, muscle_id, intensity) VALUES (2485, 21, 7);
# INSERT INTO exercise_muscle (exercise_id, muscle_id, intensity) VALUES (2485, 14, 4);
#
# -- Exercise ID: 2486
# INSERT INTO Exercise (id, title, description, link, equipment_id, training_type_id) VALUES (2486, 'Single Arm Kettlebell Overhead Ipsilateral Curtsy Lunge', 'Target: Quadriceps', NULL, 15, 2);
# INSERT INTO exercise_muscle (exercise_id, muscle_id, intensity) VALUES (2486, 13, 10);
# INSERT INTO exercise_muscle (exercise_id, muscle_id, intensity) VALUES (2486, 21, 7);
# INSERT INTO exercise_muscle (exercise_id, muscle_id, intensity) VALUES (2486, 14, 4);
#
# -- Exercise ID: 2487
# INSERT INTO Exercise (id, title, description, link, equipment_id, training_type_id) VALUES (2487, 'Single Arm Kettlebell Bottoms Up Overhead Ipsilateral Curtsy Lunge', 'Target: Quadriceps', NULL, 15, 2);
# INSERT INTO exercise_muscle (exercise_id, muscle_id, intensity) VALUES (2487, 13, 10);
# INSERT INTO exercise_muscle (exercise_id, muscle_id, intensity) VALUES (2487, 21, 7);
# INSERT INTO exercise_muscle (exercise_id, muscle_id, intensity) VALUES (2487, 14, 4);
#
# -- Exercise ID: 2488
# INSERT INTO Exercise (id, title, description, link, equipment_id, training_type_id) VALUES (2488, 'Single Arm Kettlebell Bottoms Up Front Rack Ipsilateral Curtsy Lunge', 'Target: Quadriceps', NULL, 15, 2);
# INSERT INTO exercise_muscle (exercise_id, muscle_id, intensity) VALUES (2488, 13, 10);
# INSERT INTO exercise_muscle (exercise_id, muscle_id, intensity) VALUES (2488, 21, 7);
# INSERT INTO exercise_muscle (exercise_id, muscle_id, intensity) VALUES (2488, 14, 4);
#
# -- Exercise ID: 2489
# INSERT INTO Exercise (id, title, description, link, equipment_id, training_type_id) VALUES (2489, 'Single Arm Dumbbell Front Rack Ipsilateral Curtsy Lunge', 'Target: Quadriceps', 'https://youtu.be/yswpCMZ98OI?si=xOcXSLCrJIH3odmK', 6, 2);
# INSERT INTO exercise_muscle (exercise_id, muscle_id, intensity) VALUES (2489, 13, 10);
# INSERT INTO exercise_muscle (exercise_id, muscle_id, intensity) VALUES (2489, 21, 7);
# INSERT INTO exercise_muscle (exercise_id, muscle_id, intensity) VALUES (2489, 14, 4);
#
# -- Exercise ID: 2490
# INSERT INTO Exercise (id, title, description, link, equipment_id, training_type_id) VALUES (2490, 'Single Arm Dumbbell Suitcase Ipsilateral Curtsy Lunge', 'Target: Quadriceps', 'https://youtu.be/8lACiuIcv_0?feature=shared', 6, 2);
# INSERT INTO exercise_muscle (exercise_id, muscle_id, intensity) VALUES (2490, 13, 10);
# INSERT INTO exercise_muscle (exercise_id, muscle_id, intensity) VALUES (2490, 21, 7);
# INSERT INTO exercise_muscle (exercise_id, muscle_id, intensity) VALUES (2490, 14, 4);
#
# -- Exercise ID: 2491
# INSERT INTO Exercise (id, title, description, link, equipment_id, training_type_id) VALUES (2491, 'Single Arm Dumbbell Overhead Ipsilateral Curtsy Lunge', 'Target: Quadriceps', NULL, 6, 2);
# INSERT INTO exercise_muscle (exercise_id, muscle_id, intensity) VALUES (2491, 13, 10);
# INSERT INTO exercise_muscle (exercise_id, muscle_id, intensity) VALUES (2491, 21, 7);
# INSERT INTO exercise_muscle (exercise_id, muscle_id, intensity) VALUES (2491, 14, 4);
#
# -- Exercise ID: 2492
# INSERT INTO Exercise (id, title, description, link, equipment_id, training_type_id) VALUES (2492, 'Single Arm Clubbell Order Ipsilateral Curtsy Lunge', 'Target: Quadriceps', NULL, 26, 2);
# INSERT INTO exercise_muscle (exercise_id, muscle_id, intensity) VALUES (2492, 13, 10);
# INSERT INTO exercise_muscle (exercise_id, muscle_id, intensity) VALUES (2492, 21, 7);
# INSERT INTO exercise_muscle (exercise_id, muscle_id, intensity) VALUES (2492, 14, 4);
#
# -- Exercise ID: 2493
# INSERT INTO Exercise (id, title, description, link, equipment_id, training_type_id) VALUES (2493, 'Ring Archer Pull Up', 'Target: Back', 'https://youtu.be/aFrdGmSHqFI?si=RfqnoOy6-Ppa73et', 3, 4);
# INSERT INTO exercise_muscle (exercise_id, muscle_id, intensity) VALUES (2493, 17, 10);
#
# -- Exercise ID: 2494
# INSERT INTO Exercise (id, title, description, link, equipment_id, training_type_id) VALUES (2494, 'Barbell Single Leg Bent Knee Bicep Curl', 'Target: Biceps', NULL, 12, 2);
# INSERT INTO exercise_muscle (exercise_id, muscle_id, intensity) VALUES (2494, 8, 10);
# INSERT INTO exercise_muscle (exercise_id, muscle_id, intensity) VALUES (2494, 10, 4);
#
# -- Exercise ID: 2495
# INSERT INTO Exercise (id, title, description, link, equipment_id, training_type_id) VALUES (2495, 'Bodyweight Freestanding Handstand', 'Target: Shoulders', 'https://youtu.be/E2s-D009x6E', 2, 4);
# INSERT INTO exercise_muscle (exercise_id, muscle_id, intensity) VALUES (2495, 2, 10);
# INSERT INTO exercise_muscle (exercise_id, muscle_id, intensity) VALUES (2495, 4, 7);
#
# -- Exercise ID: 2496
# INSERT INTO Exercise (id, title, description, link, equipment_id, training_type_id) VALUES (2496, 'Bodyweight Wall Eccentric Straddle Press Handstand', 'Target: Shoulders', 'https://youtu.be/VVan0yoinV8', 2, 4);
# INSERT INTO exercise_muscle (exercise_id, muscle_id, intensity) VALUES (2496, 2, 10);
# INSERT INTO exercise_muscle (exercise_id, muscle_id, intensity) VALUES (2496, 4, 7);
#
# -- Exercise ID: 2497
# INSERT INTO Exercise (id, title, description, link, equipment_id, training_type_id) VALUES (2497, 'Kettlebell Horn Grip Carry', 'Target: Abdominals', 'https://youtu.be/LcF_derN9KA?si=U_Cqiq6zxtQlpRhf', 15, 3);
# INSERT INTO exercise_muscle (exercise_id, muscle_id, intensity) VALUES (2497, 11, 10);
#
# -- Exercise ID: 2498
# INSERT INTO Exercise (id, title, description, link, equipment_id, training_type_id) VALUES (2498, 'Kettlebell Goblet Carry', 'Target: Abdominals', 'https://youtu.be/PN8ATPtOYEE?si=zcjMbUMXIWHgX7E_', 15, 3);
# INSERT INTO exercise_muscle (exercise_id, muscle_id, intensity) VALUES (2498, 11, 10);
#
# -- Exercise ID: 2499
# INSERT INTO Exercise (id, title, description, link, equipment_id, training_type_id) VALUES (2499, 'Dumbbell Goblet Carry', 'Target: Abdominals', 'https://youtu.be/qa-CYBhvSDA?si=qbgdCK6xq_Ftfez0', 6, 3);
# INSERT INTO exercise_muscle (exercise_id, muscle_id, intensity) VALUES (2499, 11, 10);
#
# -- Exercise ID: 2500
# INSERT INTO Exercise (id, title, description, link, equipment_id, training_type_id) VALUES (2500, 'Single Arm Ring Feet Elevated Row', 'Target: Back', NULL, 3, 4);
# INSERT INTO exercise_muscle (exercise_id, muscle_id, intensity) VALUES (2500, 17, 10);
# INSERT INTO exercise_muscle (exercise_id, muscle_id, intensity) VALUES (2500, 8, 7);
#
# -- Exercise ID: 2501
# INSERT INTO Exercise (id, title, description, link, equipment_id, training_type_id) VALUES (2501, 'Double Kettlebell Dead Snatch', 'Target: Glutes', 'https://youtu.be/7KN_RrCS_EU?si=seR_4LNmjEtTdXfj', 15, 10);
# INSERT INTO exercise_muscle (exercise_id, muscle_id, intensity) VALUES (2501, 21, 10);
# INSERT INTO exercise_muscle (exercise_id, muscle_id, intensity) VALUES (2501, 2, 7);
#
# -- Exercise ID: 2502
# INSERT INTO Exercise (id, title, description, link, equipment_id, training_type_id) VALUES (2502, 'Single Arm Kettlebell Dead Half Snatch', 'Target: Glutes', 'https://youtu.be/Afjg2rDHJ9Y?si=h7MYMycB-dIjcHL5', 15, 10);
# INSERT INTO exercise_muscle (exercise_id, muscle_id, intensity) VALUES (2502, 21, 10);
# INSERT INTO exercise_muscle (exercise_id, muscle_id, intensity) VALUES (2502, 22, 7);
# INSERT INTO exercise_muscle (exercise_id, muscle_id, intensity) VALUES (2502, 2, 4);
#
# -- Exercise ID: 2503
# INSERT INTO Exercise (id, title, description, link, equipment_id, training_type_id) VALUES (2503, 'Alternating Single Arm Kettlebell Dead Half Snatch', 'Target: Glutes', NULL, 15, 10);
# INSERT INTO exercise_muscle (exercise_id, muscle_id, intensity) VALUES (2503, 21, 10);
# INSERT INTO exercise_muscle (exercise_id, muscle_id, intensity) VALUES (2503, 22, 7);
# INSERT INTO exercise_muscle (exercise_id, muscle_id, intensity) VALUES (2503, 2, 4);
#
# -- Exercise ID: 2504
# INSERT INTO Exercise (id, title, description, link, equipment_id, training_type_id) VALUES (2504, 'Alternating Single Arm Kettlebell Start Stop Snatch', 'Target: Glutes', 'https://youtu.be/GwxzBGhm6ac?si=vrTFU3w6T1NGn8DM', 15, 10);
# INSERT INTO exercise_muscle (exercise_id, muscle_id, intensity) VALUES (2504, 21, 10);
# INSERT INTO exercise_muscle (exercise_id, muscle_id, intensity) VALUES (2504, 2, 7);
#
# -- Exercise ID: 2505
# INSERT INTO Exercise (id, title, description, link, equipment_id, training_type_id) VALUES (2505, 'Single Arm Kettlebell Start Stop Snatch', 'Target: Glutes', 'https://youtu.be/BpwgvVjQXiw?si=SPwizx5lirRdfFmX', 15, 10);
# INSERT INTO exercise_muscle (exercise_id, muscle_id, intensity) VALUES (2505, 21, 10);
# INSERT INTO exercise_muscle (exercise_id, muscle_id, intensity) VALUES (2505, 2, 7);
#
# -- Exercise ID: 2506
# INSERT INTO Exercise (id, title, description, link, equipment_id, training_type_id) VALUES (2506, 'Double Kettlebell Start Stop Snatch', 'Target: Glutes', NULL, 15, 10);
# INSERT INTO exercise_muscle (exercise_id, muscle_id, intensity) VALUES (2506, 21, 10);
# INSERT INTO exercise_muscle (exercise_id, muscle_id, intensity) VALUES (2506, 2, 7);
#
# -- Exercise ID: 2507
# INSERT INTO Exercise (id, title, description, link, equipment_id, training_type_id) VALUES (2507, 'Single Arm Kettlebell Start Stop Swing', 'Target: Glutes', 'https://youtu.be/djCYBs70KLE?si=JiYJei8Eqv-UiCG7', 15, 10);
# INSERT INTO exercise_muscle (exercise_id, muscle_id, intensity) VALUES (2507, 21, 10);
#
# -- Exercise ID: 2508
# INSERT INTO Exercise (id, title, description, link, equipment_id, training_type_id) VALUES (2508, 'Alternating Single Arm Kettlebell Start Stop Swing', 'Target: Glutes', 'https://youtu.be/3Xhy3dz61to?si=8lmx3c2FvDHq6Zy5', 15, 10);
# INSERT INTO exercise_muscle (exercise_id, muscle_id, intensity) VALUES (2508, 21, 10);
#
# -- Exercise ID: 2509
# INSERT INTO Exercise (id, title, description, link, equipment_id, training_type_id) VALUES (2509, 'Double Kettlebell Start Stop Swing', 'Target: Glutes', 'https://youtu.be/sS-bxWAoPWk?si=zgyeJNYUfOuTOFyj', 15, 10);
# INSERT INTO exercise_muscle (exercise_id, muscle_id, intensity) VALUES (2509, 21, 10);
#
# -- Exercise ID: 2510
# INSERT INTO Exercise (id, title, description, link, equipment_id, training_type_id) VALUES (2510, 'Ring L Sit Pull Up', 'Target: Back', 'https://youtu.be/Aa9U0XNNBfU', 3, 4);
# INSERT INTO exercise_muscle (exercise_id, muscle_id, intensity) VALUES (2510, 17, 10);
# INSERT INTO exercise_muscle (exercise_id, muscle_id, intensity) VALUES (2510, 8, 7);
# INSERT INTO exercise_muscle (exercise_id, muscle_id, intensity) VALUES (2510, 11, 4);
#
# -- Exercise ID: 2511
# INSERT INTO Exercise (id, title, description, link, equipment_id, training_type_id) VALUES (2511, 'Suspension Skater Jump', 'Target: Abductors', 'https://youtu.be/Y8Wn_vTZFFg?si=AtpqJfd4OVnOo7ZO', 11, 9);
# INSERT INTO exercise_muscle (exercise_id, muscle_id, intensity) VALUES (2511, 15, 10);
# INSERT INTO exercise_muscle (exercise_id, muscle_id, intensity) VALUES (2511, 14, 7);
#
# -- Exercise ID: 2512
# INSERT INTO Exercise (id, title, description, link, equipment_id, training_type_id) VALUES (2512, 'Double Kettlebell Start Stop Clean', 'Target: Glutes', 'https://youtu.be/SaBcgeWdynY?si=VUGBebh0ht8z7ISy', 15, 10);
# INSERT INTO exercise_muscle (exercise_id, muscle_id, intensity) VALUES (2512, 21, 10);
#
# -- Exercise ID: 2513
# INSERT INTO Exercise (id, title, description, link, equipment_id, training_type_id) VALUES (2513, 'Single Arm Kettlebell Start Stop Clean', 'Target: Glutes', 'https://youtu.be/SLm1ou6-SLM?feature=shared', 15, 10);
# INSERT INTO exercise_muscle (exercise_id, muscle_id, intensity) VALUES (2513, 21, 10);
#
# -- Exercise ID: 2514
# INSERT INTO Exercise (id, title, description, link, equipment_id, training_type_id) VALUES (2514, 'Alternating Single Arm Kettlebell Start Stop Clean', 'Target: Glutes', 'https://youtu.be/_OtZfks5rfU?si=iwf-Hc6P6vZ3ke6I', 15, 10);
# INSERT INTO exercise_muscle (exercise_id, muscle_id, intensity) VALUES (2514, 21, 10);
#
# -- Exercise ID: 2515
# INSERT INTO Exercise (id, title, description, link, equipment_id, training_type_id) VALUES (2515, 'Clubbell Staggered Stance Rotational Swing', 'Target: Abdominals', NULL, 26, 3);
# INSERT INTO exercise_muscle (exercise_id, muscle_id, intensity) VALUES (2515, 12, 10);
# INSERT INTO exercise_muscle (exercise_id, muscle_id, intensity) VALUES (2515, 11, 7);
# INSERT INTO exercise_muscle (exercise_id, muscle_id, intensity) VALUES (2515, 21, 4);
#
# -- Exercise ID: 2516
# INSERT INTO Exercise (id, title, description, link, equipment_id, training_type_id) VALUES (2516, 'Clubbell Staggered Stance Rotational Clean', 'Target: Abdominals', NULL, 26, 3);
# INSERT INTO exercise_muscle (exercise_id, muscle_id, intensity) VALUES (2516, 12, 10);
# INSERT INTO exercise_muscle (exercise_id, muscle_id, intensity) VALUES (2516, 11, 7);
# INSERT INTO exercise_muscle (exercise_id, muscle_id, intensity) VALUES (2516, 21, 4);
#
# -- Exercise ID: 2517
# INSERT INTO Exercise (id, title, description, link, equipment_id, training_type_id) VALUES (2517, 'Clubbell Staggered Stance Rotational Clean to Forward Lunge', 'Target: Quadriceps', NULL, 26, 3);
# INSERT INTO exercise_muscle (exercise_id, muscle_id, intensity) VALUES (2517, 13, 10);
# INSERT INTO exercise_muscle (exercise_id, muscle_id, intensity) VALUES (2517, 21, 7);
# INSERT INTO exercise_muscle (exercise_id, muscle_id, intensity) VALUES (2517, 12, 4);
#
# -- Exercise ID: 2518
# INSERT INTO Exercise (id, title, description, link, equipment_id, training_type_id) VALUES (2518, 'Ring Bulgarian Pull Up', 'Target: Back', 'https://youtu.be/Xk0GovwG8Go', 3, 4);
# INSERT INTO exercise_muscle (exercise_id, muscle_id, intensity) VALUES (2518, 17, 10);
# INSERT INTO exercise_muscle (exercise_id, muscle_id, intensity) VALUES (2518, 8, 7);
#
# -- Exercise ID: 2519
# INSERT INTO Exercise (id, title, description, link, equipment_id, training_type_id) VALUES (2519, 'Ring Bulgarian L Sit Pull Up', 'Target: Back', 'https://youtu.be/3U86aaJuyRs', 3, 4);
# INSERT INTO exercise_muscle (exercise_id, muscle_id, intensity) VALUES (2519, 17, 10);
# INSERT INTO exercise_muscle (exercise_id, muscle_id, intensity) VALUES (2519, 8, 7);
#
# -- Exercise ID: 2520
# INSERT INTO Exercise (id, title, description, link, equipment_id, training_type_id) VALUES (2520, 'Single Arm Landmine Split Snatch', 'Target: Shoulders', 'https://youtu.be/RzeAb6wnMsk?si=aedjaQmoWjF7IB75', 19, 3);
# INSERT INTO exercise_muscle (exercise_id, muscle_id, intensity) VALUES (2520, 2, 10);
# INSERT INTO exercise_muscle (exercise_id, muscle_id, intensity) VALUES (2520, 21, 7);
#
# -- Exercise ID: 2521
# INSERT INTO Exercise (id, title, description, link, equipment_id, training_type_id) VALUES (2521, 'Double Dumbbell Hang Power Clean', 'Target: Glutes', 'https://youtu.be/_1Tp01g9ciU?si=NTgkT4x59EZyPH9T', 6, 10);
# INSERT INTO exercise_muscle (exercise_id, muscle_id, intensity) VALUES (2521, 21, 10);
#
# -- Exercise ID: 2522
# INSERT INTO Exercise (id, title, description, link, equipment_id, training_type_id) VALUES (2522, 'Single Arm Barbell Bicep Curl', 'Target: Biceps', 'https://youtu.be/NQ53MadCtW0', 12, 2);
# INSERT INTO exercise_muscle (exercise_id, muscle_id, intensity) VALUES (2522, 8, 10);
# INSERT INTO exercise_muscle (exercise_id, muscle_id, intensity) VALUES (2522, 10, 4);
#
# -- Exercise ID: 2523
# INSERT INTO Exercise (id, title, description, link, equipment_id, training_type_id) VALUES (2523, 'Ring False Grip Pull Up', 'Target: Back', 'https://youtu.be/7zn_K1omwQs', 3, 4);
# INSERT INTO exercise_muscle (exercise_id, muscle_id, intensity) VALUES (2523, 17, 10);
#
# -- Exercise ID: 2524
# INSERT INTO Exercise (id, title, description, link, equipment_id, training_type_id) VALUES (2524, 'Slider Kettlebell Goblet Lateral Lunge', 'Target: Quadriceps', NULL, 14, 2);
# INSERT INTO exercise_muscle (exercise_id, muscle_id, intensity) VALUES (2524, 13, 10);
# INSERT INTO exercise_muscle (exercise_id, muscle_id, intensity) VALUES (2524, 21, 7);
# INSERT INTO exercise_muscle (exercise_id, muscle_id, intensity) VALUES (2524, 14, 4);
#
# -- Exercise ID: 2525
# INSERT INTO Exercise (id, title, description, link, equipment_id, training_type_id) VALUES (2525, 'Ring Feet Elevated Pike Push Up', 'Target: Shoulders', 'https://youtu.be/T7F6-FEmvrs', 3, 4);
# INSERT INTO exercise_muscle (exercise_id, muscle_id, intensity) VALUES (2525, 2, 10);
# INSERT INTO exercise_muscle (exercise_id, muscle_id, intensity) VALUES (2525, 4, 7);
#
# -- Exercise ID: 2526
# INSERT INTO Exercise (id, title, description, link, equipment_id, training_type_id) VALUES (2526, 'Single Arm Landmine Split Clean', 'Target: Quadriceps', 'https://youtu.be/tDKju5qmxOM?si=j82cBg7j8A8GUsiV', 19, 3);
# INSERT INTO exercise_muscle (exercise_id, muscle_id, intensity) VALUES (2526, 13, 10);
# INSERT INTO exercise_muscle (exercise_id, muscle_id, intensity) VALUES (2526, 21, 7);
# INSERT INTO exercise_muscle (exercise_id, muscle_id, intensity) VALUES (2526, 12, 4);
#
# -- Exercise ID: 2527
# INSERT INTO Exercise (id, title, description, link, equipment_id, training_type_id) VALUES (2527, 'Double Dumbbell Squat Clean', 'Target: Quadriceps', 'https://youtu.be/SYxObzJ3gn0?si=MxNFujZbMP9ff4gw', 6, 10);
# INSERT INTO exercise_muscle (exercise_id, muscle_id, intensity) VALUES (2527, 13, 10);
# INSERT INTO exercise_muscle (exercise_id, muscle_id, intensity) VALUES (2527, 21, 7);
#
# -- Exercise ID: 2528
# INSERT INTO Exercise (id, title, description, link, equipment_id, training_type_id) VALUES (2528, 'Double Dumbbell Hang Squat Clean', 'Target: Quadriceps', 'https://youtu.be/lYo3ofjjUKI?si=6bwkgshNWDvWIlQc', 6, 10);
# INSERT INTO exercise_muscle (exercise_id, muscle_id, intensity) VALUES (2528, 13, 10);
# INSERT INTO exercise_muscle (exercise_id, muscle_id, intensity) VALUES (2528, 21, 7);
#
# -- Exercise ID: 2529
# INSERT INTO Exercise (id, title, description, link, equipment_id, training_type_id) VALUES (2529, 'Single Arm Landmine Split Jerk', 'Target: Shoulders', 'https://youtu.be/J4MJUcilrmo?si=4cbvgzB0vHx2Gb3e', 19, 3);
# INSERT INTO exercise_muscle (exercise_id, muscle_id, intensity) VALUES (2529, 2, 10);
#
# -- Exercise ID: 2530
# INSERT INTO Exercise (id, title, description, link, equipment_id, training_type_id) VALUES (2530, 'Single Arm Kettlebell Ipsilateral Forward Lunge Snatch', 'Target: Quadriceps', NULL, 15, 10);
# INSERT INTO exercise_muscle (exercise_id, muscle_id, intensity) VALUES (2530, 13, 10);
# INSERT INTO exercise_muscle (exercise_id, muscle_id, intensity) VALUES (2530, 21, 7);
# INSERT INTO exercise_muscle (exercise_id, muscle_id, intensity) VALUES (2530, 2, 4);
#
# -- Exercise ID: 2531
# INSERT INTO Exercise (id, title, description, link, equipment_id, training_type_id) VALUES (2531, 'Clubbell Hammer Swing', 'Target: Abdominals', 'https://youtu.be/8gLU9bNm4TE?si=4FnpId_WJCijmDqW', 26, 10);
# INSERT INTO exercise_muscle (exercise_id, muscle_id, intensity) VALUES (2531, 12, 10);
# INSERT INTO exercise_muscle (exercise_id, muscle_id, intensity) VALUES (2531, 2, 7);
#
# -- Exercise ID: 2532
# INSERT INTO Exercise (id, title, description, link, equipment_id, training_type_id) VALUES (2532, 'Single Arm Clubbell Hammer Swing', 'Target: Abdominals', NULL, 26, 10);
# INSERT INTO exercise_muscle (exercise_id, muscle_id, intensity) VALUES (2532, 12, 10);
# INSERT INTO exercise_muscle (exercise_id, muscle_id, intensity) VALUES (2532, 2, 7);
#
# -- Exercise ID: 2533
# INSERT INTO Exercise (id, title, description, link, equipment_id, training_type_id) VALUES (2533, 'Double Clubbell Hammer Swing', 'Target: Abdominals', NULL, 26, 10);
# INSERT INTO exercise_muscle (exercise_id, muscle_id, intensity) VALUES (2533, 12, 10);
# INSERT INTO exercise_muscle (exercise_id, muscle_id, intensity) VALUES (2533, 2, 7);
#
# -- Exercise ID: 2534
# INSERT INTO Exercise (id, title, description, link, equipment_id, training_type_id) VALUES (2534, 'Ring Tuck Back Lever with Alternating Single Leg Extensions', 'Target: Abdominals', 'https://youtu.be/DB63aMHSfX8', 3, 4);
# INSERT INTO exercise_muscle (exercise_id, muscle_id, intensity) VALUES (2534, 11, 10);
#
# -- Exercise ID: 2535
# INSERT INTO Exercise (id, title, description, link, equipment_id, training_type_id) VALUES (2535, 'Ring Tuck Front Lever with Alternating Single Leg Extensions', 'Target: Abdominals', 'https://youtu.be/iK78Q6NwH-Q', 3, 4);
# INSERT INTO exercise_muscle (exercise_id, muscle_id, intensity) VALUES (2535, 11, 10);
#
# -- Exercise ID: 2536
# INSERT INTO Exercise (id, title, description, link, equipment_id, training_type_id) VALUES (2536, 'Barbell Split Clean', 'Target: Glutes', 'https://youtu.be/a5CR3Bi2Gc8?si=fy5lJhtOGwem51y_', 12, 11);
# INSERT INTO exercise_muscle (exercise_id, muscle_id, intensity) VALUES (2536, 21, 10);
# INSERT INTO exercise_muscle (exercise_id, muscle_id, intensity) VALUES (2536, 22, 7);
# INSERT INTO exercise_muscle (exercise_id, muscle_id, intensity) VALUES (2536, 13, 4);
#
# -- Exercise ID: 2537
# INSERT INTO Exercise (id, title, description, link, equipment_id, training_type_id) VALUES (2537, 'Double Dumbbell Hang Split Clean', 'Target: Quadriceps', 'https://youtu.be/ILaWpcO0NdQ?si=wZ59jqUF1LZLoldu', 6, 10);
# INSERT INTO exercise_muscle (exercise_id, muscle_id, intensity) VALUES (2537, 13, 10);
# INSERT INTO exercise_muscle (exercise_id, muscle_id, intensity) VALUES (2537, 21, 7);
#
# -- Exercise ID: 2538
# INSERT INTO Exercise (id, title, description, link, equipment_id, training_type_id) VALUES (2538, 'Ring Archer Push Up', 'Target: Chest', 'https://youtu.be/Go96FtKDQIA', 3, 4);
# INSERT INTO exercise_muscle (exercise_id, muscle_id, intensity) VALUES (2538, 7, 10);
#
# -- Exercise ID: 2539
# INSERT INTO Exercise (id, title, description, link, equipment_id, training_type_id) VALUES (2539, 'Wall Ball Half Kneeling Lateral Toss', 'Target: Abdominals', 'https://youtu.be/OE8VmAtG3iw?feature=shared', 37, 3);
# INSERT INTO exercise_muscle (exercise_id, muscle_id, intensity) VALUES (2539, 12, 10);
# INSERT INTO exercise_muscle (exercise_id, muscle_id, intensity) VALUES (2539, 11, 7);
#
# -- Exercise ID: 2540
# INSERT INTO Exercise (id, title, description, link, equipment_id, training_type_id) VALUES (2540, 'Wall Ball Split Squat Isometric Lateral Toss', 'Target: Abdominals', 'https://youtu.be/vEI0fyG4150?si=H1RJwNd1aUDk0Xh7', 37, 3);
# INSERT INTO exercise_muscle (exercise_id, muscle_id, intensity) VALUES (2540, 12, 10);
# INSERT INTO exercise_muscle (exercise_id, muscle_id, intensity) VALUES (2540, 11, 7);
# INSERT INTO exercise_muscle (exercise_id, muscle_id, intensity) VALUES (2540, 13, 4);
#
# -- Exercise ID: 2541
# INSERT INTO Exercise (id, title, description, link, equipment_id, training_type_id) VALUES (2541, 'Superband Assisted Bar Muscle Up', 'Target: Back', 'https://youtu.be/tkhmiyJiZ2E', 20, 4);
# INSERT INTO exercise_muscle (exercise_id, muscle_id, intensity) VALUES (2541, 17, 10);
# INSERT INTO exercise_muscle (exercise_id, muscle_id, intensity) VALUES (2541, 4, 7);
#
# -- Exercise ID: 2542
# INSERT INTO Exercise (id, title, description, link, equipment_id, training_type_id) VALUES (2542, 'Parallette Push Up to L Sit', 'Target: Chest', 'https://youtu.be/VmLIr9_YfAs?si=auhUGS9WeZfuzEj-', 4, 4);
# INSERT INTO exercise_muscle (exercise_id, muscle_id, intensity) VALUES (2542, 7, 10);
# INSERT INTO exercise_muscle (exercise_id, muscle_id, intensity) VALUES (2542, 11, 7);
#
# -- Exercise ID: 2543
# INSERT INTO Exercise (id, title, description, link, equipment_id, training_type_id) VALUES (2543, 'Single Arm Barbell Bent Press', 'Target: Shoulders', 'https://youtu.be/6i_nBZ282mI', 12, 6);
# INSERT INTO exercise_muscle (exercise_id, muscle_id, intensity) VALUES (2543, 2, 10);
# INSERT INTO exercise_muscle (exercise_id, muscle_id, intensity) VALUES (2543, 4, 7);
#
# -- Exercise ID: 2544
# INSERT INTO Exercise (id, title, description, link, equipment_id, training_type_id) VALUES (2544, 'Single Arm Kettlebell Bottoms Up Sots Press', 'Target: Shoulders', NULL, 15, 2);
# INSERT INTO exercise_muscle (exercise_id, muscle_id, intensity) VALUES (2544, 2, 10);
# INSERT INTO exercise_muscle (exercise_id, muscle_id, intensity) VALUES (2544, 4, 7);
# INSERT INTO exercise_muscle (exercise_id, muscle_id, intensity) VALUES (2544, 13, 4);
#
# -- Exercise ID: 2545
# INSERT INTO Exercise (id, title, description, link, equipment_id, training_type_id) VALUES (2545, 'Double Kettlebell Bottoms Up Sots Press', 'Target: Shoulders', NULL, 15, 2);
# INSERT INTO exercise_muscle (exercise_id, muscle_id, intensity) VALUES (2545, 2, 10);
# INSERT INTO exercise_muscle (exercise_id, muscle_id, intensity) VALUES (2545, 4, 7);
# INSERT INTO exercise_muscle (exercise_id, muscle_id, intensity) VALUES (2545, 13, 4);
#
# -- Exercise ID: 2546
# INSERT INTO Exercise (id, title, description, link, equipment_id, training_type_id) VALUES (2546, 'Alternating Double Kettlebell Bottoms Up Sots Press', 'Target: Shoulders', NULL, 15, 2);
# INSERT INTO exercise_muscle (exercise_id, muscle_id, intensity) VALUES (2546, 2, 10);
# INSERT INTO exercise_muscle (exercise_id, muscle_id, intensity) VALUES (2546, 4, 7);
# INSERT INTO exercise_muscle (exercise_id, muscle_id, intensity) VALUES (2546, 13, 4);
#
# -- Exercise ID: 2547
# INSERT INTO Exercise (id, title, description, link, equipment_id, training_type_id) VALUES (2547, 'Double Kettlebell Bottoms Up Seesaw Sots Press', 'Target: Shoulders', NULL, 15, 2);
# INSERT INTO exercise_muscle (exercise_id, muscle_id, intensity) VALUES (2547, 2, 10);
# INSERT INTO exercise_muscle (exercise_id, muscle_id, intensity) VALUES (2547, 4, 7);
# INSERT INTO exercise_muscle (exercise_id, muscle_id, intensity) VALUES (2547, 13, 4);
#
# -- Exercise ID: 2548
# INSERT INTO Exercise (id, title, description, link, equipment_id, training_type_id) VALUES (2548, 'Single Arm Kettlebell Half Kneeling Half Snatch', 'Target: Glutes', 'https://youtu.be/1_UrK5SopL4?si=GzXlC6ZMcCPP4sYK', 15, 10);
# INSERT INTO exercise_muscle (exercise_id, muscle_id, intensity) VALUES (2548, 21, 10);
# INSERT INTO exercise_muscle (exercise_id, muscle_id, intensity) VALUES (2548, 22, 7);
# INSERT INTO exercise_muscle (exercise_id, muscle_id, intensity) VALUES (2548, 2, 4);
#
# -- Exercise ID: 2549
# INSERT INTO Exercise (id, title, description, link, equipment_id, training_type_id) VALUES (2549, 'Ring Alternating Reach Push Up', 'Target: Chest', NULL, 3, 4);
# INSERT INTO exercise_muscle (exercise_id, muscle_id, intensity) VALUES (2549, 7, 10);
# INSERT INTO exercise_muscle (exercise_id, muscle_id, intensity) VALUES (2549, 11, 7);
#
# -- Exercise ID: 2550
# INSERT INTO Exercise (id, title, description, link, equipment_id, training_type_id) VALUES (2550, 'Double Kettlebell Outside Snatch', 'Target: Glutes', 'https://youtu.be/ck0Uf4NygPw?si=zoQyaxx1x__QjKbd', 15, 10);
# INSERT INTO exercise_muscle (exercise_id, muscle_id, intensity) VALUES (2550, 21, 10);
# INSERT INTO exercise_muscle (exercise_id, muscle_id, intensity) VALUES (2550, 2, 7);
#
# -- Exercise ID: 2551
# INSERT INTO Exercise (id, title, description, link, equipment_id, training_type_id) VALUES (2551, 'Single Arm Kettlebell Outside Half Snatch', 'Target: Glutes', NULL, 15, 10);
# INSERT INTO exercise_muscle (exercise_id, muscle_id, intensity) VALUES (2551, 21, 10);
# INSERT INTO exercise_muscle (exercise_id, muscle_id, intensity) VALUES (2551, 22, 7);
# INSERT INTO exercise_muscle (exercise_id, muscle_id, intensity) VALUES (2551, 2, 4);
#
# -- Exercise ID: 2552
# INSERT INTO Exercise (id, title, description, link, equipment_id, training_type_id) VALUES (2552, 'Single Arm Kettlebell Outside Snatch', 'Target: Glutes', NULL, 15, 10);
# INSERT INTO exercise_muscle (exercise_id, muscle_id, intensity) VALUES (2552, 21, 10);
# INSERT INTO exercise_muscle (exercise_id, muscle_id, intensity) VALUES (2552, 2, 7);
#
# -- Exercise ID: 2553
# INSERT INTO Exercise (id, title, description, link, equipment_id, training_type_id) VALUES (2553, 'Ring L Sit Dips', 'Target: Triceps', 'https://youtu.be/zMJpC7y-6SE', 3, 4);
# INSERT INTO exercise_muscle (exercise_id, muscle_id, intensity) VALUES (2553, 4, 10);
# INSERT INTO exercise_muscle (exercise_id, muscle_id, intensity) VALUES (2553, 7, 7);
# INSERT INTO exercise_muscle (exercise_id, muscle_id, intensity) VALUES (2553, 2, 4);
#
# -- Exercise ID: 2554
# INSERT INTO Exercise (id, title, description, link, equipment_id, training_type_id) VALUES (2554, 'Double Kettlebell Bottoms Up Single Leg Standing Bent Knee Overhead Press', 'Target: Shoulders', NULL, 15, 12);
# INSERT INTO exercise_muscle (exercise_id, muscle_id, intensity) VALUES (2554, 2, 10);
# INSERT INTO exercise_muscle (exercise_id, muscle_id, intensity) VALUES (2554, 4, 7);
#
# -- Exercise ID: 2555
# INSERT INTO Exercise (id, title, description, link, equipment_id, training_type_id) VALUES (2555, 'Single Arm Kettlebell Bottoms Up Single Leg Standing Bent Knee Contralateral Overhead Press', 'Target: Shoulders', 'https://youtu.be/8sJtCQgvc4Y?si=DkWjEgV5brDYcPXM', 15, 12);
# INSERT INTO exercise_muscle (exercise_id, muscle_id, intensity) VALUES (2555, 2, 10);
# INSERT INTO exercise_muscle (exercise_id, muscle_id, intensity) VALUES (2555, 4, 7);
#
# -- Exercise ID: 2556
# INSERT INTO Exercise (id, title, description, link, equipment_id, training_type_id) VALUES (2556, 'Single Ring Chin Up', 'Target: Biceps', 'https://youtu.be/cBuy7xDJZN0', 3, 4);
# INSERT INTO exercise_muscle (exercise_id, muscle_id, intensity) VALUES (2556, 8, 10);
# INSERT INTO exercise_muscle (exercise_id, muscle_id, intensity) VALUES (2556, 17, 7);
#
# -- Exercise ID: 2557
# INSERT INTO Exercise (id, title, description, link, equipment_id, training_type_id) VALUES (2557, 'Single Arm Suspension Single Leg Standing Bent Knee Contralateral Low Row', 'Target: Back', NULL, 11, 12);
# INSERT INTO exercise_muscle (exercise_id, muscle_id, intensity) VALUES (2557, 17, 10);
# INSERT INTO exercise_muscle (exercise_id, muscle_id, intensity) VALUES (2557, 8, 7);
#
# -- Exercise ID: 2558
# INSERT INTO Exercise (id, title, description, link, equipment_id, training_type_id) VALUES (2558, 'Single Arm Suspension Single Leg Standing Bent Knee Ipsilateral Low Row', 'Target: Back', NULL, 11, 12);
# INSERT INTO exercise_muscle (exercise_id, muscle_id, intensity) VALUES (2558, 17, 10);
# INSERT INTO exercise_muscle (exercise_id, muscle_id, intensity) VALUES (2558, 8, 7);
#
# -- Exercise ID: 2559
# INSERT INTO Exercise (id, title, description, link, equipment_id, training_type_id) VALUES (2559, 'Single Arm Suspension Single Leg Standing Bent Knee Contralateral Bicep Curl', 'Target: Biceps', NULL, 11, 12);
# INSERT INTO exercise_muscle (exercise_id, muscle_id, intensity) VALUES (2559, 8, 10);
# INSERT INTO exercise_muscle (exercise_id, muscle_id, intensity) VALUES (2559, 10, 4);
#
# -- Exercise ID: 2560
# INSERT INTO Exercise (id, title, description, link, equipment_id, training_type_id) VALUES (2560, 'Single Arm Suspension Single Leg Standing Bent Knee Ipsilateral Bicep Curl', 'Target: Biceps', NULL, 11, 12);
# INSERT INTO exercise_muscle (exercise_id, muscle_id, intensity) VALUES (2560, 8, 10);
# INSERT INTO exercise_muscle (exercise_id, muscle_id, intensity) VALUES (2560, 10, 4);
#
# -- Exercise ID: 2561
# INSERT INTO Exercise (id, title, description, link, equipment_id, training_type_id) VALUES (2561, 'Ring L Sit Chin Up', 'Target: Biceps', 'https://youtu.be/SnBGaBxK3T0', 3, 4);
# INSERT INTO exercise_muscle (exercise_id, muscle_id, intensity) VALUES (2561, 8, 10);
# INSERT INTO exercise_muscle (exercise_id, muscle_id, intensity) VALUES (2561, 17, 7);
# INSERT INTO exercise_muscle (exercise_id, muscle_id, intensity) VALUES (2561, 11, 4);
#
# -- Exercise ID: 2562
# INSERT INTO Exercise (id, title, description, link, equipment_id, training_type_id) VALUES (2562, 'Single Ring L Sit Chin Up', 'Target: Biceps', 'https://youtu.be/Ha9sM7H6Prk', 3, 4);
# INSERT INTO exercise_muscle (exercise_id, muscle_id, intensity) VALUES (2562, 8, 10);
# INSERT INTO exercise_muscle (exercise_id, muscle_id, intensity) VALUES (2562, 17, 7);
# INSERT INTO exercise_muscle (exercise_id, muscle_id, intensity) VALUES (2562, 11, 4);
#
# -- Exercise ID: 2563
# INSERT INTO Exercise (id, title, description, link, equipment_id, training_type_id) VALUES (2563, 'Single Arm Kettlebell Bottoms Up Single Leg Standing Bent Knee Ipsilateral Overhead Press', 'Target: Shoulders', NULL, 15, 12);
# INSERT INTO exercise_muscle (exercise_id, muscle_id, intensity) VALUES (2563, 2, 10);
# INSERT INTO exercise_muscle (exercise_id, muscle_id, intensity) VALUES (2563, 4, 7);
#
# -- Exercise ID: 2564
# INSERT INTO Exercise (id, title, description, link, equipment_id, training_type_id) VALUES (2564, 'Ring Pelican Curl', 'Target: Biceps', 'https://youtu.be/GCU9MgR78go?si=9_MfbrIFqCoJ9wnJ', 3, 4);
# INSERT INTO exercise_muscle (exercise_id, muscle_id, intensity) VALUES (2564, 8, 10);
# INSERT INTO exercise_muscle (exercise_id, muscle_id, intensity) VALUES (2564, 7, 7);
#
# -- Exercise ID: 2565
# INSERT INTO Exercise (id, title, description, link, equipment_id, training_type_id) VALUES (2565, 'Ring Two Finger Chin Up', 'Target: Biceps', NULL, 3, 4);
# INSERT INTO exercise_muscle (exercise_id, muscle_id, intensity) VALUES (2565, 8, 10);
# INSERT INTO exercise_muscle (exercise_id, muscle_id, intensity) VALUES (2565, 17, 7);
#
# -- Exercise ID: 2566
# INSERT INTO Exercise (id, title, description, link, equipment_id, training_type_id) VALUES (2566, 'Bodyweight Pseudo Planche Push Up', 'Target: Chest', 'https://youtu.be/lpZUsYQVwuE', 2, 4);
# INSERT INTO exercise_muscle (exercise_id, muscle_id, intensity) VALUES (2566, 7, 10);
# INSERT INTO exercise_muscle (exercise_id, muscle_id, intensity) VALUES (2566, 2, 7);
#
# -- Exercise ID: 2567
# INSERT INTO Exercise (id, title, description, link, equipment_id, training_type_id) VALUES (2567, 'Parallette Pseudo Planche Push Up', 'Target: Chest', 'https://youtu.be/YDO8UmA9lr8', 4, 4);
# INSERT INTO exercise_muscle (exercise_id, muscle_id, intensity) VALUES (2567, 7, 10);
# INSERT INTO exercise_muscle (exercise_id, muscle_id, intensity) VALUES (2567, 2, 7);
#
# -- Exercise ID: 2568
# INSERT INTO Exercise (id, title, description, link, equipment_id, training_type_id) VALUES (2568, 'Parallette Single Leg Close Grip Push Up', 'Target: Triceps', NULL, 4, 4);
# INSERT INTO exercise_muscle (exercise_id, muscle_id, intensity) VALUES (2568, 4, 10);
# INSERT INTO exercise_muscle (exercise_id, muscle_id, intensity) VALUES (2568, 7, 7);
#
# -- Exercise ID: 2569
# INSERT INTO Exercise (id, title, description, link, equipment_id, training_type_id) VALUES (2569, 'Single Arm Macebell Single Leg Standing Bent Knee Contralateral 360', 'Target: Shoulders', NULL, 24, 12);
# INSERT INTO exercise_muscle (exercise_id, muscle_id, intensity) VALUES (2569, 19, 10);
# INSERT INTO exercise_muscle (exercise_id, muscle_id, intensity) VALUES (2569, 11, 7);
#
# -- Exercise ID: 2570
# INSERT INTO Exercise (id, title, description, link, equipment_id, training_type_id) VALUES (2570, 'Macebell Inside Circle to 360', 'Target: Shoulders', 'https://youtu.be/Rw_GVfopiMw?si=66BUG4kURKCCTyJH', 24, 10);
# INSERT INTO exercise_muscle (exercise_id, muscle_id, intensity) VALUES (2570, 19, 10);
# INSERT INTO exercise_muscle (exercise_id, muscle_id, intensity) VALUES (2570, 11, 7);
#
# -- Exercise ID: 2571
# INSERT INTO Exercise (id, title, description, link, equipment_id, training_type_id) VALUES (2571, 'Single Arm Landmine Single Leg Standing Bent Knee Ipsilateral Shoulder Press', 'Target: Shoulders', NULL, 19, 12);
# INSERT INTO exercise_muscle (exercise_id, muscle_id, intensity) VALUES (2571, 2, 10);
#
# -- Exercise ID: 2572
# INSERT INTO Exercise (id, title, description, link, equipment_id, training_type_id) VALUES (2572, 'Single Arm Landmine Single Leg Standing Bent Knee Contralateral Shoulder Press', 'Target: Shoulders', NULL, 19, 12);
# INSERT INTO exercise_muscle (exercise_id, muscle_id, intensity) VALUES (2572, 2, 10);
#
# -- Exercise ID: 2573
# INSERT INTO Exercise (id, title, description, link, equipment_id, training_type_id) VALUES (2573, 'Alternating Single Arm Landmine Single Leg Standing Bent Knee Shoulder Press', 'Target: Shoulders', NULL, 19, 12);
# INSERT INTO exercise_muscle (exercise_id, muscle_id, intensity) VALUES (2573, 2, 10);
#
# -- Exercise ID: 2574
# INSERT INTO Exercise (id, title, description, link, equipment_id, training_type_id) VALUES (2574, 'Macebell Alternating 360 to Pivot Split Squat Uppercut', 'Target: Shoulders', 'https://youtu.be/zbJBaxCypSQ?si=93h4TqDxZreFns6w', 24, 10);
# INSERT INTO exercise_muscle (exercise_id, muscle_id, intensity) VALUES (2574, 19, 10);
# INSERT INTO exercise_muscle (exercise_id, muscle_id, intensity) VALUES (2574, 13, 7);
# INSERT INTO exercise_muscle (exercise_id, muscle_id, intensity) VALUES (2574, 21, 4);
#
# -- Exercise ID: 2575
# INSERT INTO Exercise (id, title, description, link, equipment_id, training_type_id) VALUES (2575, 'Double Clubbell Single Leg Standing Bent Knee Side Shoulder Cast to Side Flag Press', 'Target: Shoulders', NULL, 26, 3);
# INSERT INTO exercise_muscle (exercise_id, muscle_id, intensity) VALUES (2575, 19, 10);
#
# -- Exercise ID: 2576
# INSERT INTO Exercise (id, title, description, link, equipment_id, training_type_id) VALUES (2576, 'Macebell Alternating 360 to Front Flag Press', 'Target: Shoulders', NULL, 24, 10);
# INSERT INTO exercise_muscle (exercise_id, muscle_id, intensity) VALUES (2576, 19, 10);
# INSERT INTO exercise_muscle (exercise_id, muscle_id, intensity) VALUES (2576, 2, 7);
# INSERT INTO exercise_muscle (exercise_id, muscle_id, intensity) VALUES (2576, 11, 4);
#
# -- Exercise ID: 2577
# INSERT INTO Exercise (id, title, description, link, equipment_id, training_type_id) VALUES (2577, 'Double Indian Club Crescent Swing', 'Target: Shoulders', NULL, 25, 8);
# INSERT INTO exercise_muscle (exercise_id, muscle_id, intensity) VALUES (2577, 19, 10);
# INSERT INTO exercise_muscle (exercise_id, muscle_id, intensity) VALUES (2577, 12, 7);
#
# -- Exercise ID: 2578
# INSERT INTO Exercise (id, title, description, link, equipment_id, training_type_id) VALUES (2578, 'Single Arm Macebell Inside Circle to 360', 'Target: Shoulders', NULL, 24, 10);
# INSERT INTO exercise_muscle (exercise_id, muscle_id, intensity) VALUES (2578, 19, 10);
# INSERT INTO exercise_muscle (exercise_id, muscle_id, intensity) VALUES (2578, 11, 7);
#
# -- Exercise ID: 2579
# INSERT INTO Exercise (id, title, description, link, equipment_id, training_type_id) VALUES (2579, 'Bulgarian Bag Spin', 'Target: Shoulders', 'https://youtu.be/PbysPTU69fc?si=8cDk2dXzGqWm8BiX', 34, 3);
# INSERT INTO exercise_muscle (exercise_id, muscle_id, intensity) VALUES (2579, 19, 10);
# INSERT INTO exercise_muscle (exercise_id, muscle_id, intensity) VALUES (2579, 12, 7);
#
# -- Exercise ID: 2580
# INSERT INTO Exercise (id, title, description, link, equipment_id, training_type_id) VALUES (2580, 'Bulgarian Bag Alternating Spin', 'Target: Shoulders', 'https://youtu.be/m3pCByzR5Is?si=d4rUJA6uUKzAub51', 34, 3);
# INSERT INTO exercise_muscle (exercise_id, muscle_id, intensity) VALUES (2580, 19, 10);
# INSERT INTO exercise_muscle (exercise_id, muscle_id, intensity) VALUES (2580, 12, 7);
#
# -- Exercise ID: 2581
# INSERT INTO Exercise (id, title, description, link, equipment_id, training_type_id) VALUES (2581, 'Double Kettlebell Feet Elevated Renegade Row', 'Target: Back', 'https://youtu.be/_eVC54UW6eE?si=6tC__RV3slyYwUuP', 15, 2);
# INSERT INTO exercise_muscle (exercise_id, muscle_id, intensity) VALUES (2581, 17, 10);
#
# -- Exercise ID: 2582
# INSERT INTO Exercise (id, title, description, link, equipment_id, training_type_id) VALUES (2582, 'Double Kettlebell Feet Elevated Renegade Row to Push Up', 'Target: Back', 'https://youtu.be/9hZ1mWk3-gA?si=Tko55A45WxNaGz27', 15, 2);
# INSERT INTO exercise_muscle (exercise_id, muscle_id, intensity) VALUES (2582, 17, 10);
#
# -- Exercise ID: 2583
# INSERT INTO Exercise (id, title, description, link, equipment_id, training_type_id) VALUES (2583, 'Single Arm Kettlebell Snatch to Overhead Squat', 'Target: Quadriceps', NULL, 15, 10);
# INSERT INTO exercise_muscle (exercise_id, muscle_id, intensity) VALUES (2583, 13, 10);
# INSERT INTO exercise_muscle (exercise_id, muscle_id, intensity) VALUES (2583, 21, 7);
# INSERT INTO exercise_muscle (exercise_id, muscle_id, intensity) VALUES (2583, 22, 4);
#
# -- Exercise ID: 2584
# INSERT INTO Exercise (id, title, description, link, equipment_id, training_type_id) VALUES (2584, 'Barbell Zercher Alternating Reverse Lunge', 'Target: Quadriceps', 'https://youtu.be/eLcNzP40LXQ?si=NCe5LCfcGAS-20f4', 12, 2);
# INSERT INTO exercise_muscle (exercise_id, muscle_id, intensity) VALUES (2584, 13, 10);
# INSERT INTO exercise_muscle (exercise_id, muscle_id, intensity) VALUES (2584, 21, 7);
# INSERT INTO exercise_muscle (exercise_id, muscle_id, intensity) VALUES (2584, 22, 4);
#
# -- Exercise ID: 2585
# INSERT INTO Exercise (id, title, description, link, equipment_id, training_type_id) VALUES (2585, 'Barbell Zercher Alternating Forward Lunge', 'Target: Quadriceps', 'https://youtu.be/BGrdZtL5kqA?si=OVCBqhib32tJ12QT', 12, 2);
# INSERT INTO exercise_muscle (exercise_id, muscle_id, intensity) VALUES (2585, 13, 10);
# INSERT INTO exercise_muscle (exercise_id, muscle_id, intensity) VALUES (2585, 21, 7);
# INSERT INTO exercise_muscle (exercise_id, muscle_id, intensity) VALUES (2585, 22, 4);
#
# -- Exercise ID: 2586
# INSERT INTO Exercise (id, title, description, link, equipment_id, training_type_id) VALUES (2586, 'Barbell Zercher Walking Lunge', 'Target: Quadriceps', 'https://youtu.be/E9f1yZXR3Vk?si=dWF4gSXuKpukJ-1Q', 12, 2);
# INSERT INTO exercise_muscle (exercise_id, muscle_id, intensity) VALUES (2586, 13, 10);
# INSERT INTO exercise_muscle (exercise_id, muscle_id, intensity) VALUES (2586, 21, 7);
# INSERT INTO exercise_muscle (exercise_id, muscle_id, intensity) VALUES (2586, 22, 4);
#
# -- Exercise ID: 2587
# INSERT INTO Exercise (id, title, description, link, equipment_id, training_type_id) VALUES (2587, 'Barbell Zercher Alternating Lateral Lunge', 'Target: Quadriceps', NULL, 12, 2);
# INSERT INTO exercise_muscle (exercise_id, muscle_id, intensity) VALUES (2587, 13, 10);
# INSERT INTO exercise_muscle (exercise_id, muscle_id, intensity) VALUES (2587, 21, 7);
# INSERT INTO exercise_muscle (exercise_id, muscle_id, intensity) VALUES (2587, 14, 4);
#
# -- Exercise ID: 2588
# INSERT INTO Exercise (id, title, description, link, equipment_id, training_type_id) VALUES (2588, 'Slider Barbell Zercher Lateral Lunge', 'Target: Quadriceps', NULL, 14, 2);
# INSERT INTO exercise_muscle (exercise_id, muscle_id, intensity) VALUES (2588, 13, 10);
# INSERT INTO exercise_muscle (exercise_id, muscle_id, intensity) VALUES (2588, 21, 7);
# INSERT INTO exercise_muscle (exercise_id, muscle_id, intensity) VALUES (2588, 14, 4);
#
# -- Exercise ID: 2589
# INSERT INTO Exercise (id, title, description, link, equipment_id, training_type_id) VALUES (2589, 'Slider Barbell Zercher Reverse Lunge', 'Target: Quadriceps', NULL, 14, 2);
# INSERT INTO exercise_muscle (exercise_id, muscle_id, intensity) VALUES (2589, 13, 10);
# INSERT INTO exercise_muscle (exercise_id, muscle_id, intensity) VALUES (2589, 21, 7);
# INSERT INTO exercise_muscle (exercise_id, muscle_id, intensity) VALUES (2589, 22, 4);
#
# -- Exercise ID: 2590
# INSERT INTO Exercise (id, title, description, link, equipment_id, training_type_id) VALUES (2590, 'Suspension Pelican Curl', 'Target: Biceps', NULL, 11, 3);
# INSERT INTO exercise_muscle (exercise_id, muscle_id, intensity) VALUES (2590, 8, 10);
# INSERT INTO exercise_muscle (exercise_id, muscle_id, intensity) VALUES (2590, 7, 7);
# INSERT INTO exercise_muscle (exercise_id, muscle_id, intensity) VALUES (2590, 10, 4);
#
# -- Exercise ID: 2591
# INSERT INTO Exercise (id, title, description, link, equipment_id, training_type_id) VALUES (2591, 'Bar Archer Pull Up', 'Target: Back', 'https://youtu.be/ziQjz1-DmX8?si=8Y9dWdjG-9LfdUJv', 16, 4);
# INSERT INTO exercise_muscle (exercise_id, muscle_id, intensity) VALUES (2591, 17, 10);
#
# -- Exercise ID: 2592
# INSERT INTO Exercise (id, title, description, link, equipment_id, training_type_id) VALUES (2592, 'Bar False Grip Pull Up', 'Target: Back', NULL, 16, 4);
# INSERT INTO exercise_muscle (exercise_id, muscle_id, intensity) VALUES (2592, 17, 10);
#
# -- Exercise ID: 2593
# INSERT INTO Exercise (id, title, description, link, equipment_id, training_type_id) VALUES (2593, 'Bar L Sit Chin Up', 'Target: Biceps', 'https://youtu.be/7Wd45lzZhQk?si=WbC5VTiJ33pRjzDJ', 16, 4);
# INSERT INTO exercise_muscle (exercise_id, muscle_id, intensity) VALUES (2593, 8, 10);
# INSERT INTO exercise_muscle (exercise_id, muscle_id, intensity) VALUES (2593, 17, 7);
# INSERT INTO exercise_muscle (exercise_id, muscle_id, intensity) VALUES (2593, 11, 4);
#
# -- Exercise ID: 2594
# INSERT INTO Exercise (id, title, description, link, equipment_id, training_type_id) VALUES (2594, 'Bar L Sit Pull Up', 'Target: Back', 'https://youtu.be/QH0dDfyF7QM?si=W4RMoCz0b-U3zq7d', 16, 4);
# INSERT INTO exercise_muscle (exercise_id, muscle_id, intensity) VALUES (2594, 17, 10);
# INSERT INTO exercise_muscle (exercise_id, muscle_id, intensity) VALUES (2594, 8, 7);
# INSERT INTO exercise_muscle (exercise_id, muscle_id, intensity) VALUES (2594, 11, 4);
#
# -- Exercise ID: 2595
# INSERT INTO Exercise (id, title, description, link, equipment_id, training_type_id) VALUES (2595, 'Bar Tuck Back Lever with Alternating Single Leg Extensions', 'Target: Abdominals', NULL, 16, 4);
# INSERT INTO exercise_muscle (exercise_id, muscle_id, intensity) VALUES (2595, 11, 10);
#
# -- Exercise ID: 2596
# INSERT INTO Exercise (id, title, description, link, equipment_id, training_type_id) VALUES (2596, 'Bar Tuck Front Lever with Alternating Single Leg Extensions', 'Target: Abdominals', NULL, 16, 4);
# INSERT INTO exercise_muscle (exercise_id, muscle_id, intensity) VALUES (2596, 11, 10);
#
# -- Exercise ID: 2597
# INSERT INTO Exercise (id, title, description, link, equipment_id, training_type_id) VALUES (2597, 'Barbell Squat Clean to Push Press', 'Target: Shoulders', NULL, 12, 11);
# INSERT INTO exercise_muscle (exercise_id, muscle_id, intensity) VALUES (2597, 2, 10);
# INSERT INTO exercise_muscle (exercise_id, muscle_id, intensity) VALUES (2597, 4, 7);
# INSERT INTO exercise_muscle (exercise_id, muscle_id, intensity) VALUES (2597, 21, 4);
#
# -- Exercise ID: 2598
# INSERT INTO Exercise (id, title, description, link, equipment_id, training_type_id) VALUES (2598, 'Barbell Squat Clean to Overhead Press', 'Target: Shoulders', NULL, 12, 11);
# INSERT INTO exercise_muscle (exercise_id, muscle_id, intensity) VALUES (2598, 2, 10);
# INSERT INTO exercise_muscle (exercise_id, muscle_id, intensity) VALUES (2598, 4, 7);
# INSERT INTO exercise_muscle (exercise_id, muscle_id, intensity) VALUES (2598, 21, 4);
#
# -- Exercise ID: 2599
# INSERT INTO Exercise (id, title, description, link, equipment_id, training_type_id) VALUES (2599, 'Barbell Power Clean to Front Rack Squat', 'Target: Quadriceps', 'https://youtu.be/IJbop150-bY?si=9X5umbrrhrvCZkT0', 12, 11);
# INSERT INTO exercise_muscle (exercise_id, muscle_id, intensity) VALUES (2599, 13, 10);
# INSERT INTO exercise_muscle (exercise_id, muscle_id, intensity) VALUES (2599, 21, 7);
#
# -- Exercise ID: 2600
# INSERT INTO Exercise (id, title, description, link, equipment_id, training_type_id) VALUES (2600, 'Barbell Hang Power Clean to Front Rack Squat', 'Target: Quadriceps', NULL, 12, 11);
# INSERT INTO exercise_muscle (exercise_id, muscle_id, intensity) VALUES (2600, 13, 10);
# INSERT INTO exercise_muscle (exercise_id, muscle_id, intensity) VALUES (2600, 21, 7);
#
# -- Exercise ID: 2601
# INSERT INTO Exercise (id, title, description, link, equipment_id, training_type_id) VALUES (2601, 'Barbell Hang Power Clean to Split Jerk', 'Target: Shoulders', 'https://youtu.be/47WVg_XVE8I?si=4PkmY9S8bnXLI6A5', 12, 11);
# INSERT INTO exercise_muscle (exercise_id, muscle_id, intensity) VALUES (2601, 2, 10);
# INSERT INTO exercise_muscle (exercise_id, muscle_id, intensity) VALUES (2601, 21, 7);
#
# -- Exercise ID: 2602
# INSERT INTO Exercise (id, title, description, link, equipment_id, training_type_id) VALUES (2602, 'Barbell Hang Power Clean to Push Jerk', 'Target: Shoulders', 'https://youtu.be/8IYt7AtP8BI?si=Mc82QusXSQLbFS6b', 12, 11);
# INSERT INTO exercise_muscle (exercise_id, muscle_id, intensity) VALUES (2602, 2, 10);
# INSERT INTO exercise_muscle (exercise_id, muscle_id, intensity) VALUES (2602, 4, 7);
#
# -- Exercise ID: 2603
# INSERT INTO Exercise (id, title, description, link, equipment_id, training_type_id) VALUES (2603, 'Barbell Hang Power Clean to Push Press', 'Target: Shoulders', 'https://youtu.be/50VRLZancXI?feature=shared', 12, 11);
# INSERT INTO exercise_muscle (exercise_id, muscle_id, intensity) VALUES (2603, 2, 10);
# INSERT INTO exercise_muscle (exercise_id, muscle_id, intensity) VALUES (2603, 4, 7);
#
# -- Exercise ID: 2604
# INSERT INTO Exercise (id, title, description, link, equipment_id, training_type_id) VALUES (2604, 'Barbell Hang Power Clean to Overhead Press', 'Target: Shoulders', NULL, 12, 11);
# INSERT INTO exercise_muscle (exercise_id, muscle_id, intensity) VALUES (2604, 2, 10);
# INSERT INTO exercise_muscle (exercise_id, muscle_id, intensity) VALUES (2604, 4, 7);
#
# -- Exercise ID: 2605
# INSERT INTO Exercise (id, title, description, link, equipment_id, training_type_id) VALUES (2605, 'Barbell Hang Squat Clean to Split Jerk', 'Target: Shoulders', 'https://youtu.be/ljPUr6K-it4?si=ivG82c-7_tzg3KRy', 12, 11);
# INSERT INTO exercise_muscle (exercise_id, muscle_id, intensity) VALUES (2605, 2, 10);
# INSERT INTO exercise_muscle (exercise_id, muscle_id, intensity) VALUES (2605, 21, 7);
#
# -- Exercise ID: 2606
# INSERT INTO Exercise (id, title, description, link, equipment_id, training_type_id) VALUES (2606, 'Barbell Hang Squat Clean to Push Jerk', 'Target: Shoulders', 'https://youtu.be/KBpys4KTG5Q?si=HQyyuqWBfXWcY7wV', 12, 11);
# INSERT INTO exercise_muscle (exercise_id, muscle_id, intensity) VALUES (2606, 2, 10);
# INSERT INTO exercise_muscle (exercise_id, muscle_id, intensity) VALUES (2606, 4, 7);
# INSERT INTO exercise_muscle (exercise_id, muscle_id, intensity) VALUES (2606, 21, 4);
#
# -- Exercise ID: 2607
# INSERT INTO Exercise (id, title, description, link, equipment_id, training_type_id) VALUES (2607, 'Barbell Hang Squat Clean to Push Press', 'Target: Shoulders', NULL, 12, 11);
# INSERT INTO exercise_muscle (exercise_id, muscle_id, intensity) VALUES (2607, 2, 10);
# INSERT INTO exercise_muscle (exercise_id, muscle_id, intensity) VALUES (2607, 4, 7);
# INSERT INTO exercise_muscle (exercise_id, muscle_id, intensity) VALUES (2607, 21, 4);
#
# -- Exercise ID: 2608
# INSERT INTO Exercise (id, title, description, link, equipment_id, training_type_id) VALUES (2608, 'Barbell Hang Squat Clean to Overhead Press', 'Target: Shoulders', NULL, 12, 11);
# INSERT INTO exercise_muscle (exercise_id, muscle_id, intensity) VALUES (2608, 2, 10);
# INSERT INTO exercise_muscle (exercise_id, muscle_id, intensity) VALUES (2608, 4, 7);
# INSERT INTO exercise_muscle (exercise_id, muscle_id, intensity) VALUES (2608, 21, 4);
#
# -- Exercise ID: 2609
# INSERT INTO Exercise (id, title, description, link, equipment_id, training_type_id) VALUES (2609, 'Double Kettlebell Clean to Front Rack Squat', 'Target: Quadriceps', 'https://youtu.be/t7vqdHxMVGY?si=BMd0xRrTYjoV5zrL', 15, 10);
# INSERT INTO exercise_muscle (exercise_id, muscle_id, intensity) VALUES (2609, 13, 10);
# INSERT INTO exercise_muscle (exercise_id, muscle_id, intensity) VALUES (2609, 21, 7);
# INSERT INTO exercise_muscle (exercise_id, muscle_id, intensity) VALUES (2609, 22, 4);
#
# -- Exercise ID: 2610
# INSERT INTO Exercise (id, title, description, link, equipment_id, training_type_id) VALUES (2610, 'Double Kettlebell Clean to Push Press', 'Target: Shoulders', 'https://youtu.be/Xs5q4IDjTRA?si=v-B326quPWXgDphc', 15, 10);
# INSERT INTO exercise_muscle (exercise_id, muscle_id, intensity) VALUES (2610, 2, 10);
# INSERT INTO exercise_muscle (exercise_id, muscle_id, intensity) VALUES (2610, 4, 7);
# INSERT INTO exercise_muscle (exercise_id, muscle_id, intensity) VALUES (2610, 15, 4);
#
# -- Exercise ID: 2611
# INSERT INTO Exercise (id, title, description, link, equipment_id, training_type_id) VALUES (2611, 'Double Kettlebell Clean to Front Rack Alternating Forward Lunge', 'Target: Quadriceps', 'https://youtu.be/tG3t_B6t-88?si=JcYBrgVmlHOaRvf5', 15, 10);
# INSERT INTO exercise_muscle (exercise_id, muscle_id, intensity) VALUES (2611, 13, 10);
# INSERT INTO exercise_muscle (exercise_id, muscle_id, intensity) VALUES (2611, 21, 7);
# INSERT INTO exercise_muscle (exercise_id, muscle_id, intensity) VALUES (2611, 22, 4);
#
# -- Exercise ID: 2612
# INSERT INTO Exercise (id, title, description, link, equipment_id, training_type_id) VALUES (2612, 'Double Kettlebell Glute Bridge Isometric Bench Press', 'Target: Chest', 'https://youtu.be/AvrSSwSSPFI?si=2q2v3SuLMeByGkJK', 15, 2);
# INSERT INTO exercise_muscle (exercise_id, muscle_id, intensity) VALUES (2612, 7, 10);
# INSERT INTO exercise_muscle (exercise_id, muscle_id, intensity) VALUES (2612, 4, 7);
# INSERT INTO exercise_muscle (exercise_id, muscle_id, intensity) VALUES (2612, 2, 4);
#
# -- Exercise ID: 2613
# INSERT INTO Exercise (id, title, description, link, equipment_id, training_type_id) VALUES (2613, 'Slider Archer Push Up', 'Target: Chest', 'https://youtu.be/Pca41QxE7l4?si=HXkK4AvIOETo2UkI', 14, 3);
# INSERT INTO exercise_muscle (exercise_id, muscle_id, intensity) VALUES (2613, 7, 10);
#
# -- Exercise ID: 2614
# INSERT INTO Exercise (id, title, description, link, equipment_id, training_type_id) VALUES (2614, 'Suspension Archer Push Up', 'Target: Chest', 'https://youtu.be/bIdsEOkgWTM?si=5aKZj2ofWld4V-Fb', 11, 3);
# INSERT INTO exercise_muscle (exercise_id, muscle_id, intensity) VALUES (2614, 7, 10);
#
# -- Exercise ID: 2615
# INSERT INTO Exercise (id, title, description, link, equipment_id, training_type_id) VALUES (2615, 'Superband Chaos Push Up', 'Target: Chest', 'https://youtu.be/Df4Jsk1ayk8?si=IICqh6B9ycW-xmJf', 20, 3);
# INSERT INTO exercise_muscle (exercise_id, muscle_id, intensity) VALUES (2615, 7, 10);
# INSERT INTO exercise_muscle (exercise_id, muscle_id, intensity) VALUES (2615, 4, 7);
#
# -- Exercise ID: 2616
# INSERT INTO Exercise (id, title, description, link, equipment_id, training_type_id) VALUES (2616, 'Bodyweight Pivot Split Squat', 'Target: Quadriceps', 'https://youtu.be/laMvUTGs0-k?si=zazYAAhek_WWCwAN', 2, 2);
# INSERT INTO exercise_muscle (exercise_id, muscle_id, intensity) VALUES (2616, 13, 10);
# INSERT INTO exercise_muscle (exercise_id, muscle_id, intensity) VALUES (2616, 21, 7);
# INSERT INTO exercise_muscle (exercise_id, muscle_id, intensity) VALUES (2616, 14, 4);
#
# -- Exercise ID: 2617
# INSERT INTO Exercise (id, title, description, link, equipment_id, training_type_id) VALUES (2617, 'Single Arm Kettlebell Clean to Thruster', 'Target: Shoulders', 'https://youtu.be/2AwE60IueM0?si=6m0bhquaUgiVawPE', 15, 3);
# INSERT INTO exercise_muscle (exercise_id, muscle_id, intensity) VALUES (2617, 2, 10);
# INSERT INTO exercise_muscle (exercise_id, muscle_id, intensity) VALUES (2617, 21, 7);
# INSERT INTO exercise_muscle (exercise_id, muscle_id, intensity) VALUES (2617, 13, 4);
#
# -- Exercise ID: 2618
# INSERT INTO Exercise (id, title, description, link, equipment_id, training_type_id) VALUES (2618, 'Single Arm Kettlebell Clean to Push Press', 'Target: Shoulders', 'https://youtu.be/s16IX5IJDt0?si=mkoHNGyJw3Pa8PoM', 15, 10);
# INSERT INTO exercise_muscle (exercise_id, muscle_id, intensity) VALUES (2618, 2, 10);
# INSERT INTO exercise_muscle (exercise_id, muscle_id, intensity) VALUES (2618, 21, 7);
#
# -- Exercise ID: 2619
# INSERT INTO Exercise (id, title, description, link, equipment_id, training_type_id) VALUES (2619, 'Single Arm Kettlebell Clean to Push Jerk', 'Target: Shoulders', 'https://youtu.be/Shvnso0RADI?si=bnQTaetZPmjwCpd3', 15, 10);
# INSERT INTO exercise_muscle (exercise_id, muscle_id, intensity) VALUES (2619, 2, 10);
# INSERT INTO exercise_muscle (exercise_id, muscle_id, intensity) VALUES (2619, 21, 7);
#
# -- Exercise ID: 2620
# INSERT INTO Exercise (id, title, description, link, equipment_id, training_type_id) VALUES (2620, 'Single Arm Kettlebell Clean to Front Rack Contralateral Forward Lunge', 'Target: Quadriceps', NULL, 15, 10);
# INSERT INTO exercise_muscle (exercise_id, muscle_id, intensity) VALUES (2620, 13, 10);
# INSERT INTO exercise_muscle (exercise_id, muscle_id, intensity) VALUES (2620, 21, 7);
# INSERT INTO exercise_muscle (exercise_id, muscle_id, intensity) VALUES (2620, 22, 4);
#
# -- Exercise ID: 2621
# INSERT INTO Exercise (id, title, description, link, equipment_id, training_type_id) VALUES (2621, 'Single Arm Kettlebell Clean to Front Rack Squat', 'Target: Quadriceps', NULL, 15, 10);
# INSERT INTO exercise_muscle (exercise_id, muscle_id, intensity) VALUES (2621, 13, 10);
# INSERT INTO exercise_muscle (exercise_id, muscle_id, intensity) VALUES (2621, 21, 7);
# INSERT INTO exercise_muscle (exercise_id, muscle_id, intensity) VALUES (2621, 22, 4);
#
# -- Exercise ID: 2622
# INSERT INTO Exercise (id, title, description, link, equipment_id, training_type_id) VALUES (2622, 'Landmine Pivot Split Squat', 'Target: Quadriceps', 'https://youtu.be/zBGaxRD-_UQ?si=vN7hcMF7S4eYQB1u', 19, 2);
# INSERT INTO exercise_muscle (exercise_id, muscle_id, intensity) VALUES (2622, 13, 10);
# INSERT INTO exercise_muscle (exercise_id, muscle_id, intensity) VALUES (2622, 21, 7);
# INSERT INTO exercise_muscle (exercise_id, muscle_id, intensity) VALUES (2622, 14, 4);
#
# -- Exercise ID: 2623
# INSERT INTO Exercise (id, title, description, link, equipment_id, training_type_id) VALUES (2623, 'Double Kettlebell Overhead Pivot Split Squat', 'Target: Quadriceps', NULL, 15, 2);
# INSERT INTO exercise_muscle (exercise_id, muscle_id, intensity) VALUES (2623, 13, 10);
# INSERT INTO exercise_muscle (exercise_id, muscle_id, intensity) VALUES (2623, 21, 7);
# INSERT INTO exercise_muscle (exercise_id, muscle_id, intensity) VALUES (2623, 14, 4);
#
# -- Exercise ID: 2624
# INSERT INTO Exercise (id, title, description, link, equipment_id, training_type_id) VALUES (2624, 'Single Arm Kettlebell Snatch to Overhead Ipsilateral Reverse Lunge', 'Target: Quadriceps', NULL, 15, 10);
# INSERT INTO exercise_muscle (exercise_id, muscle_id, intensity) VALUES (2624, 13, 10);
# INSERT INTO exercise_muscle (exercise_id, muscle_id, intensity) VALUES (2624, 21, 7);
# INSERT INTO exercise_muscle (exercise_id, muscle_id, intensity) VALUES (2624, 22, 4);
#
# -- Exercise ID: 2625
# INSERT INTO Exercise (id, title, description, link, equipment_id, training_type_id) VALUES (2625, 'Single Arm Kettlebell Outside Snatch to Overhead Contralateral Reverse Lunge', 'Target: Quadriceps', NULL, 15, 10);
# INSERT INTO exercise_muscle (exercise_id, muscle_id, intensity) VALUES (2625, 13, 10);
# INSERT INTO exercise_muscle (exercise_id, muscle_id, intensity) VALUES (2625, 21, 7);
# INSERT INTO exercise_muscle (exercise_id, muscle_id, intensity) VALUES (2625, 22, 4);
#
# -- Exercise ID: 2626
# INSERT INTO Exercise (id, title, description, link, equipment_id, training_type_id) VALUES (2626, 'Single Arm Kettlebell Outside Snatch to Overhead Ipsilateral Reverse Lunge', 'Target: Quadriceps', NULL, 15, 10);
# INSERT INTO exercise_muscle (exercise_id, muscle_id, intensity) VALUES (2626, 13, 10);
# INSERT INTO exercise_muscle (exercise_id, muscle_id, intensity) VALUES (2626, 21, 7);
# INSERT INTO exercise_muscle (exercise_id, muscle_id, intensity) VALUES (2626, 22, 4);
#
# -- Exercise ID: 2627
# INSERT INTO Exercise (id, title, description, link, equipment_id, training_type_id) VALUES (2627, 'Alternating Single Arm Kettlebell Outside Swing', 'Target: Glutes', NULL, 15, 10);
# INSERT INTO exercise_muscle (exercise_id, muscle_id, intensity) VALUES (2627, 21, 10);
#
# -- Exercise ID: 2628
# INSERT INTO Exercise (id, title, description, link, equipment_id, training_type_id) VALUES (2628, 'Kettlebell Half Kneeling Swing', 'Target: Glutes', 'https://youtu.be/DJJ03oEDJGU?feature=shared', 15, 10);
# INSERT INTO exercise_muscle (exercise_id, muscle_id, intensity) VALUES (2628, 21, 10);
#
# -- Exercise ID: 2629
# INSERT INTO Exercise (id, title, description, link, equipment_id, training_type_id) VALUES (2629, 'Heavy Sandbag Shoulder March', 'Target: Hip Flexors', NULL, 35, 12);
# INSERT INTO exercise_muscle (exercise_id, muscle_id, intensity) VALUES (2629, 11, 10);
# INSERT INTO exercise_muscle (exercise_id, muscle_id, intensity) VALUES (2629, 15, 4);
#
# -- Exercise ID: 2630
# INSERT INTO Exercise (id, title, description, link, equipment_id, training_type_id) VALUES (2630, 'Heavy Sandbag Bear Hug March', 'Target: Hip Flexors', 'https://youtu.be/3Nb6pMK8__Y?si=5ew2YOh7JxivCONp', 35, 12);
# INSERT INTO exercise_muscle (exercise_id, muscle_id, intensity) VALUES (2630, 11, 10);
# INSERT INTO exercise_muscle (exercise_id, muscle_id, intensity) VALUES (2630, 15, 4);
#
# -- Exercise ID: 2631
# INSERT INTO Exercise (id, title, description, link, equipment_id, training_type_id) VALUES (2631, 'Heavy Sandbag Bear Hug Roll', 'Target: Abdominals', 'https://youtu.be/NPLmgnPLI7Q?si=ETSyP2WtgLfQHxEo', 35, 3);
# INSERT INTO exercise_muscle (exercise_id, muscle_id, intensity) VALUES (2631, 12, 10);
#
# -- Exercise ID: 2632
# INSERT INTO Exercise (id, title, description, link, equipment_id, training_type_id) VALUES (2632, 'Heavy Sandbag Alternating Hang Shoulder Clean', 'Target: Glutes', NULL, 35, 3);
# INSERT INTO exercise_muscle (exercise_id, muscle_id, intensity) VALUES (2632, 21, 10);
# INSERT INTO exercise_muscle (exercise_id, muscle_id, intensity) VALUES (2632, 22, 7);
# INSERT INTO exercise_muscle (exercise_id, muscle_id, intensity) VALUES (2632, 11, 4);
#
# -- Exercise ID: 2633
# INSERT INTO Exercise (id, title, description, link, equipment_id, training_type_id) VALUES (2633, 'Heavy Sandbag Hang Shoulder Clean', 'Target: Glutes', NULL, 35, 3);
# INSERT INTO exercise_muscle (exercise_id, muscle_id, intensity) VALUES (2633, 21, 10);
# INSERT INTO exercise_muscle (exercise_id, muscle_id, intensity) VALUES (2633, 22, 7);
# INSERT INTO exercise_muscle (exercise_id, muscle_id, intensity) VALUES (2633, 11, 4);
#
# -- Exercise ID: 2634
# INSERT INTO Exercise (id, title, description, link, equipment_id, training_type_id) VALUES (2634, 'Kettlebell Dead Clean to Horn Grip Alternating Reverse Lunge', 'Target: Quadriceps', NULL, 15, 10);
# INSERT INTO exercise_muscle (exercise_id, muscle_id, intensity) VALUES (2634, 13, 10);
# INSERT INTO exercise_muscle (exercise_id, muscle_id, intensity) VALUES (2634, 21, 7);
# INSERT INTO exercise_muscle (exercise_id, muscle_id, intensity) VALUES (2634, 22, 4);
#
# -- Exercise ID: 2635
# INSERT INTO Exercise (id, title, description, link, equipment_id, training_type_id) VALUES (2635, 'Kettlebell Dead Clean', 'Target: Glutes', 'https://youtu.be/JyElZdIB29g?si=v2iiDrMxGAq4A9rl', 15, 10);
# INSERT INTO exercise_muscle (exercise_id, muscle_id, intensity) VALUES (2635, 21, 10);
# INSERT INTO exercise_muscle (exercise_id, muscle_id, intensity) VALUES (2635, 22, 7);
# INSERT INTO exercise_muscle (exercise_id, muscle_id, intensity) VALUES (2635, 11, 4);
#
# -- Exercise ID: 2636
# INSERT INTO Exercise (id, title, description, link, equipment_id, training_type_id) VALUES (2636, 'Kettlebell Dead Clean to Overhead Press', 'Target: Shoulders', 'https://youtu.be/NVWQauhMnRQ?si=UgmuOye7VOzX-UjA', 15, 10);
# INSERT INTO exercise_muscle (exercise_id, muscle_id, intensity) VALUES (2636, 2, 10);
# INSERT INTO exercise_muscle (exercise_id, muscle_id, intensity) VALUES (2636, 21, 7);
#
# -- Exercise ID: 2637
# INSERT INTO Exercise (id, title, description, link, equipment_id, training_type_id) VALUES (2637, 'Clubbell Barbarian Alternating Forward Lunge', 'Target: Quadriceps', NULL, 26, 3);
# INSERT INTO exercise_muscle (exercise_id, muscle_id, intensity) VALUES (2637, 13, 10);
# INSERT INTO exercise_muscle (exercise_id, muscle_id, intensity) VALUES (2637, 19, 7);
# INSERT INTO exercise_muscle (exercise_id, muscle_id, intensity) VALUES (2637, 21, 4);
#
# -- Exercise ID: 2638
# INSERT INTO Exercise (id, title, description, link, equipment_id, training_type_id) VALUES (2638, 'Clubbell Barbarian Forward Lunge', 'Target: Quadriceps', NULL, 26, 3);
# INSERT INTO exercise_muscle (exercise_id, muscle_id, intensity) VALUES (2638, 13, 10);
# INSERT INTO exercise_muscle (exercise_id, muscle_id, intensity) VALUES (2638, 19, 7);
# INSERT INTO exercise_muscle (exercise_id, muscle_id, intensity) VALUES (2638, 21, 4);
#
# -- Exercise ID: 2639
# INSERT INTO Exercise (id, title, description, link, equipment_id, training_type_id) VALUES (2639, 'Macebell Barbarian Alternating Forward Lunge', 'Target: Quadriceps', NULL, 24, 3);
# INSERT INTO exercise_muscle (exercise_id, muscle_id, intensity) VALUES (2639, 13, 10);
# INSERT INTO exercise_muscle (exercise_id, muscle_id, intensity) VALUES (2639, 19, 7);
# INSERT INTO exercise_muscle (exercise_id, muscle_id, intensity) VALUES (2639, 21, 4);
#
# -- Exercise ID: 2640
# INSERT INTO Exercise (id, title, description, link, equipment_id, training_type_id) VALUES (2640, 'Macebell Barbarian Forward Lunge', 'Target: Quadriceps', NULL, 24, 3);
# INSERT INTO exercise_muscle (exercise_id, muscle_id, intensity) VALUES (2640, 13, 10);
# INSERT INTO exercise_muscle (exercise_id, muscle_id, intensity) VALUES (2640, 19, 7);
# INSERT INTO exercise_muscle (exercise_id, muscle_id, intensity) VALUES (2640, 21, 4);
#
# -- Exercise ID: 2641
# INSERT INTO Exercise (id, title, description, link, equipment_id, training_type_id) VALUES (2641, 'Double Dumbbell Overhead Step Up', 'Target: Quadriceps', NULL, 6, 2);
# INSERT INTO exercise_muscle (exercise_id, muscle_id, intensity) VALUES (2641, 13, 10);
# INSERT INTO exercise_muscle (exercise_id, muscle_id, intensity) VALUES (2641, 21, 7);
# INSERT INTO exercise_muscle (exercise_id, muscle_id, intensity) VALUES (2641, 22, 4);
#
# -- Exercise ID: 2642
# INSERT INTO Exercise (id, title, description, link, equipment_id, training_type_id) VALUES (2642, 'Single Arm Dumbbell Front Rack Contralateral Step Up', 'Target: Quadriceps', 'https://youtu.be/KGBRsXKjWOc?si=RnQ_ABDo5MNzq0-i', 6, 2);
# INSERT INTO exercise_muscle (exercise_id, muscle_id, intensity) VALUES (2642, 13, 10);
# INSERT INTO exercise_muscle (exercise_id, muscle_id, intensity) VALUES (2642, 21, 7);
# INSERT INTO exercise_muscle (exercise_id, muscle_id, intensity) VALUES (2642, 22, 4);
#
# -- Exercise ID: 2643
# INSERT INTO Exercise (id, title, description, link, equipment_id, training_type_id) VALUES (2643, 'Single Arm Dumbbell Front Rack Ipsilateral Step Up', 'Target: Quadriceps', NULL, 6, 2);
# INSERT INTO exercise_muscle (exercise_id, muscle_id, intensity) VALUES (2643, 13, 10);
# INSERT INTO exercise_muscle (exercise_id, muscle_id, intensity) VALUES (2643, 21, 7);
# INSERT INTO exercise_muscle (exercise_id, muscle_id, intensity) VALUES (2643, 22, 4);
#
# -- Exercise ID: 2644
# INSERT INTO Exercise (id, title, description, link, equipment_id, training_type_id) VALUES (2644, 'Single Arm Macebell Order Contralateral Step Up', 'Target: Quadriceps', NULL, 24, 2);
# INSERT INTO exercise_muscle (exercise_id, muscle_id, intensity) VALUES (2644, 13, 10);
# INSERT INTO exercise_muscle (exercise_id, muscle_id, intensity) VALUES (2644, 21, 7);
# INSERT INTO exercise_muscle (exercise_id, muscle_id, intensity) VALUES (2644, 22, 4);
#
# -- Exercise ID: 2645
# INSERT INTO Exercise (id, title, description, link, equipment_id, training_type_id) VALUES (2645, 'Single Arm Macebell Order Ipsilateral Step Up', 'Target: Quadriceps', NULL, 24, 2);
# INSERT INTO exercise_muscle (exercise_id, muscle_id, intensity) VALUES (2645, 13, 10);
# INSERT INTO exercise_muscle (exercise_id, muscle_id, intensity) VALUES (2645, 21, 7);
# INSERT INTO exercise_muscle (exercise_id, muscle_id, intensity) VALUES (2645, 22, 4);
#
# -- Exercise ID: 2646
# INSERT INTO Exercise (id, title, description, link, equipment_id, training_type_id) VALUES (2646, 'Macebell Order Step Up', 'Target: Quadriceps', NULL, 24, 2);
# INSERT INTO exercise_muscle (exercise_id, muscle_id, intensity) VALUES (2646, 13, 10);
# INSERT INTO exercise_muscle (exercise_id, muscle_id, intensity) VALUES (2646, 21, 7);
# INSERT INTO exercise_muscle (exercise_id, muscle_id, intensity) VALUES (2646, 22, 4);
#
# -- Exercise ID: 2647
# INSERT INTO Exercise (id, title, description, link, equipment_id, training_type_id) VALUES (2647, 'Macebell Order Alternating Step Up', 'Target: Quadriceps', NULL, 24, 2);
# INSERT INTO exercise_muscle (exercise_id, muscle_id, intensity) VALUES (2647, 13, 10);
# INSERT INTO exercise_muscle (exercise_id, muscle_id, intensity) VALUES (2647, 21, 7);
# INSERT INTO exercise_muscle (exercise_id, muscle_id, intensity) VALUES (2647, 22, 4);
#
# -- Exercise ID: 2648
# INSERT INTO Exercise (id, title, description, link, equipment_id, training_type_id) VALUES (2648, 'Barbell Zercher Step Up', 'Target: Quadriceps', 'https://youtu.be/LAjAtHI8zwQ?feature=shared', 12, 2);
# INSERT INTO exercise_muscle (exercise_id, muscle_id, intensity) VALUES (2648, 13, 10);
# INSERT INTO exercise_muscle (exercise_id, muscle_id, intensity) VALUES (2648, 21, 7);
# INSERT INTO exercise_muscle (exercise_id, muscle_id, intensity) VALUES (2648, 22, 4);
#
# -- Exercise ID: 2649
# INSERT INTO Exercise (id, title, description, link, equipment_id, training_type_id) VALUES (2649, 'Barbell Zercher Alternating Step Up', 'Target: Quadriceps', NULL, 12, 2);
# INSERT INTO exercise_muscle (exercise_id, muscle_id, intensity) VALUES (2649, 13, 10);
# INSERT INTO exercise_muscle (exercise_id, muscle_id, intensity) VALUES (2649, 21, 7);
# INSERT INTO exercise_muscle (exercise_id, muscle_id, intensity) VALUES (2649, 22, 4);
#
# -- Exercise ID: 2650
# INSERT INTO Exercise (id, title, description, link, equipment_id, training_type_id) VALUES (2650, 'Bulgarian Bag Back Rack Step Up', 'Target: Quadriceps', NULL, 34, 2);
# INSERT INTO exercise_muscle (exercise_id, muscle_id, intensity) VALUES (2650, 13, 10);
# INSERT INTO exercise_muscle (exercise_id, muscle_id, intensity) VALUES (2650, 21, 7);
# INSERT INTO exercise_muscle (exercise_id, muscle_id, intensity) VALUES (2650, 22, 4);
#
# -- Exercise ID: 2651
# INSERT INTO Exercise (id, title, description, link, equipment_id, training_type_id) VALUES (2651, 'Bulgarian Bag Back Rack Alternating Step Up', 'Target: Quadriceps', NULL, 34, 2);
# INSERT INTO exercise_muscle (exercise_id, muscle_id, intensity) VALUES (2651, 13, 10);
# INSERT INTO exercise_muscle (exercise_id, muscle_id, intensity) VALUES (2651, 21, 7);
# INSERT INTO exercise_muscle (exercise_id, muscle_id, intensity) VALUES (2651, 22, 4);
#
# -- Exercise ID: 2652
# INSERT INTO Exercise (id, title, description, link, equipment_id, training_type_id) VALUES (2652, 'Sandbag Back Rack Step Up', 'Target: Quadriceps', NULL, 36, 2);
# INSERT INTO exercise_muscle (exercise_id, muscle_id, intensity) VALUES (2652, 13, 10);
# INSERT INTO exercise_muscle (exercise_id, muscle_id, intensity) VALUES (2652, 21, 7);
# INSERT INTO exercise_muscle (exercise_id, muscle_id, intensity) VALUES (2652, 22, 4);
#
# -- Exercise ID: 2653
# INSERT INTO Exercise (id, title, description, link, equipment_id, training_type_id) VALUES (2653, 'Sandbag Back Rack Alternating Step Up', 'Target: Quadriceps', NULL, 36, 2);
# INSERT INTO exercise_muscle (exercise_id, muscle_id, intensity) VALUES (2653, 13, 10);
# INSERT INTO exercise_muscle (exercise_id, muscle_id, intensity) VALUES (2653, 21, 7);
# INSERT INTO exercise_muscle (exercise_id, muscle_id, intensity) VALUES (2653, 22, 4);
#
# -- Exercise ID: 2654
# INSERT INTO Exercise (id, title, description, link, equipment_id, training_type_id) VALUES (2654, 'Sandbag Front Rack Step Up', 'Target: Quadriceps', NULL, 36, 2);
# INSERT INTO exercise_muscle (exercise_id, muscle_id, intensity) VALUES (2654, 13, 10);
# INSERT INTO exercise_muscle (exercise_id, muscle_id, intensity) VALUES (2654, 21, 7);
# INSERT INTO exercise_muscle (exercise_id, muscle_id, intensity) VALUES (2654, 22, 4);
#
# -- Exercise ID: 2655
# INSERT INTO Exercise (id, title, description, link, equipment_id, training_type_id) VALUES (2655, 'Sandbag Front Rack Alternating Step Up', 'Target: Quadriceps', NULL, 36, 2);
# INSERT INTO exercise_muscle (exercise_id, muscle_id, intensity) VALUES (2655, 13, 10);
# INSERT INTO exercise_muscle (exercise_id, muscle_id, intensity) VALUES (2655, 21, 7);
# INSERT INTO exercise_muscle (exercise_id, muscle_id, intensity) VALUES (2655, 22, 4);
#
# -- Exercise ID: 2656
# INSERT INTO Exercise (id, title, description, link, equipment_id, training_type_id) VALUES (2656, 'Plate Overhead Step Up', 'Target: Quadriceps', NULL, 22, 2);
# INSERT INTO exercise_muscle (exercise_id, muscle_id, intensity) VALUES (2656, 13, 10);
# INSERT INTO exercise_muscle (exercise_id, muscle_id, intensity) VALUES (2656, 21, 7);
# INSERT INTO exercise_muscle (exercise_id, muscle_id, intensity) VALUES (2656, 22, 4);
#
# -- Exercise ID: 2657
# INSERT INTO Exercise (id, title, description, link, equipment_id, training_type_id) VALUES (2657, 'Plate Overhead Alternating Step Up', 'Target: Quadriceps', 'https://youtu.be/FVmLcTGmJZ0?si=EDG5LdzfEeiqin-z', 22, 2);
# INSERT INTO exercise_muscle (exercise_id, muscle_id, intensity) VALUES (2657, 13, 10);
# INSERT INTO exercise_muscle (exercise_id, muscle_id, intensity) VALUES (2657, 21, 7);
# INSERT INTO exercise_muscle (exercise_id, muscle_id, intensity) VALUES (2657, 22, 4);
#
# -- Exercise ID: 2658
# INSERT INTO Exercise (id, title, description, link, equipment_id, training_type_id) VALUES (2658, 'Double Kettlebell Front Rack Alternating Step Up', 'Target: Quadriceps', 'https://youtu.be/efg-AS2o3lM?feature=shared', 15, 2);
# INSERT INTO exercise_muscle (exercise_id, muscle_id, intensity) VALUES (2658, 13, 10);
# INSERT INTO exercise_muscle (exercise_id, muscle_id, intensity) VALUES (2658, 21, 7);
# INSERT INTO exercise_muscle (exercise_id, muscle_id, intensity) VALUES (2658, 22, 4);
#
# -- Exercise ID: 2659
# INSERT INTO Exercise (id, title, description, link, equipment_id, training_type_id) VALUES (2659, 'Double Kettlebell Bottoms Up Front Rack Alternating Step Up', 'Target: Quadriceps', NULL, 15, 2);
# INSERT INTO exercise_muscle (exercise_id, muscle_id, intensity) VALUES (2659, 13, 10);
# INSERT INTO exercise_muscle (exercise_id, muscle_id, intensity) VALUES (2659, 21, 7);
# INSERT INTO exercise_muscle (exercise_id, muscle_id, intensity) VALUES (2659, 22, 4);
#
# -- Exercise ID: 2660
# INSERT INTO Exercise (id, title, description, link, equipment_id, training_type_id) VALUES (2660, 'Double Kettlebell Overhead Alternating Step Up', 'Target: Quadriceps', NULL, 15, 2);
# INSERT INTO exercise_muscle (exercise_id, muscle_id, intensity) VALUES (2660, 13, 10);
# INSERT INTO exercise_muscle (exercise_id, muscle_id, intensity) VALUES (2660, 21, 7);
# INSERT INTO exercise_muscle (exercise_id, muscle_id, intensity) VALUES (2660, 22, 4);
#
# -- Exercise ID: 2661
# INSERT INTO Exercise (id, title, description, link, equipment_id, training_type_id) VALUES (2661, 'Double Kettlebell Bottoms Up Overhead Alternating Step Up', 'Target: Quadriceps', NULL, 15, 2);
# INSERT INTO exercise_muscle (exercise_id, muscle_id, intensity) VALUES (2661, 13, 10);
# INSERT INTO exercise_muscle (exercise_id, muscle_id, intensity) VALUES (2661, 21, 7);
# INSERT INTO exercise_muscle (exercise_id, muscle_id, intensity) VALUES (2661, 22, 4);
#
# -- Exercise ID: 2662
# INSERT INTO Exercise (id, title, description, link, equipment_id, training_type_id) VALUES (2662, 'Suspension Alternating Hawaiian Squat', 'Target: Quadriceps', NULL, 11, 3);
# INSERT INTO exercise_muscle (exercise_id, muscle_id, intensity) VALUES (2662, 13, 10);
# INSERT INTO exercise_muscle (exercise_id, muscle_id, intensity) VALUES (2662, 21, 7);
#
# -- Exercise ID: 2663
# INSERT INTO Exercise (id, title, description, link, equipment_id, training_type_id) VALUES (2663, 'Double Kettlebell Suitcase Alternating Step Up', 'Target: Quadriceps', 'https://youtu.be/LQOGjjbAF6w?si=YO-bbJpBtYiLPA1T', 15, 2);
# INSERT INTO exercise_muscle (exercise_id, muscle_id, intensity) VALUES (2663, 13, 10);
# INSERT INTO exercise_muscle (exercise_id, muscle_id, intensity) VALUES (2663, 21, 7);
# INSERT INTO exercise_muscle (exercise_id, muscle_id, intensity) VALUES (2663, 22, 4);
#
# -- Exercise ID: 2664
# INSERT INTO Exercise (id, title, description, link, equipment_id, training_type_id) VALUES (2664, 'Kettlebell Goblet Step Up', 'Target: Quadriceps', 'https://youtu.be/ci0s9-U1S50?si=yYac1epKRR8CESOn', 15, 2);
# INSERT INTO exercise_muscle (exercise_id, muscle_id, intensity) VALUES (2664, 13, 10);
# INSERT INTO exercise_muscle (exercise_id, muscle_id, intensity) VALUES (2664, 21, 7);
# INSERT INTO exercise_muscle (exercise_id, muscle_id, intensity) VALUES (2664, 22, 4);
#
# -- Exercise ID: 2665
# INSERT INTO Exercise (id, title, description, link, equipment_id, training_type_id) VALUES (2665, 'Kettlebell Goblet Alternating Step Up', 'Target: Quadriceps', 'https://youtu.be/uT2473eo8Rw?si=1pxHtkIQiIW_apsw', 15, 2);
# INSERT INTO exercise_muscle (exercise_id, muscle_id, intensity) VALUES (2665, 13, 10);
# INSERT INTO exercise_muscle (exercise_id, muscle_id, intensity) VALUES (2665, 21, 7);
# INSERT INTO exercise_muscle (exercise_id, muscle_id, intensity) VALUES (2665, 22, 4);
#
# -- Exercise ID: 2666
# INSERT INTO Exercise (id, title, description, link, equipment_id, training_type_id) VALUES (2666, 'Dumbbell Goblet Step Up', 'Target: Quadriceps', 'https://youtu.be/PLk0TE6nYag?si=vbbSLrl8kCSWEbLQ', 6, 2);
# INSERT INTO exercise_muscle (exercise_id, muscle_id, intensity) VALUES (2666, 13, 10);
# INSERT INTO exercise_muscle (exercise_id, muscle_id, intensity) VALUES (2666, 21, 7);
# INSERT INTO exercise_muscle (exercise_id, muscle_id, intensity) VALUES (2666, 22, 4);
#
# -- Exercise ID: 2667
# INSERT INTO Exercise (id, title, description, link, equipment_id, training_type_id) VALUES (2667, 'Dumbbell Goblet Alternating Step Up', 'Target: Quadriceps', 'https://youtu.be/gcP-jawjJ0s?si=kFE3ztEzT7nJwF3I', 6, 2);
# INSERT INTO exercise_muscle (exercise_id, muscle_id, intensity) VALUES (2667, 13, 10);
# INSERT INTO exercise_muscle (exercise_id, muscle_id, intensity) VALUES (2667, 21, 7);
# INSERT INTO exercise_muscle (exercise_id, muscle_id, intensity) VALUES (2667, 22, 4);
#
# -- Exercise ID: 2668
# INSERT INTO Exercise (id, title, description, link, equipment_id, training_type_id) VALUES (2668, 'Tire Russian Step Up', 'Target: Quadriceps', NULL, 29, 12);
# INSERT INTO exercise_muscle (exercise_id, muscle_id, intensity) VALUES (2668, 13, 10);
# INSERT INTO exercise_muscle (exercise_id, muscle_id, intensity) VALUES (2668, 21, 7);
# INSERT INTO exercise_muscle (exercise_id, muscle_id, intensity) VALUES (2668, 11, 4);
#
# -- Exercise ID: 2669
# INSERT INTO Exercise (id, title, description, link, equipment_id, training_type_id) VALUES (2669, 'Tire Alternating Russian Step Up', 'Target: Quadriceps', NULL, 29, 12);
# INSERT INTO exercise_muscle (exercise_id, muscle_id, intensity) VALUES (2669, 13, 10);
# INSERT INTO exercise_muscle (exercise_id, muscle_id, intensity) VALUES (2669, 21, 7);
# INSERT INTO exercise_muscle (exercise_id, muscle_id, intensity) VALUES (2669, 11, 4);
#
# -- Exercise ID: 2670
# INSERT INTO Exercise (id, title, description, link, equipment_id, training_type_id) VALUES (2670, 'Dumbbell Crush Grip Seated Good Morning', 'Target: Back', NULL, 6, 2);
# INSERT INTO exercise_muscle (exercise_id, muscle_id, intensity) VALUES (2670, 20, 10);
# INSERT INTO exercise_muscle (exercise_id, muscle_id, intensity) VALUES (2670, 22, 7);
# INSERT INTO exercise_muscle (exercise_id, muscle_id, intensity) VALUES (2670, 21, 4);
#
# -- Exercise ID: 2671
# INSERT INTO Exercise (id, title, description, link, equipment_id, training_type_id) VALUES (2671, 'Trap Bar Bottoms Up Z Press', 'Target: Shoulders', 'https://youtu.be/vKxoihlGR4A?feature=shared', 31, 2);
# INSERT INTO exercise_muscle (exercise_id, muscle_id, intensity) VALUES (2671, 2, 10);
# INSERT INTO exercise_muscle (exercise_id, muscle_id, intensity) VALUES (2671, 4, 7);
# INSERT INTO exercise_muscle (exercise_id, muscle_id, intensity) VALUES (2671, 11, 4);
#
# -- Exercise ID: 2672
# INSERT INTO Exercise (id, title, description, link, equipment_id, training_type_id) VALUES (2672, 'Kettlebell Horn Grip Step Up', 'Target: Quadriceps', 'https://youtu.be/ciJ8vZIyapM?si=F5Cq1A6IBA0ElWWo', 15, 2);
# INSERT INTO exercise_muscle (exercise_id, muscle_id, intensity) VALUES (2672, 13, 10);
# INSERT INTO exercise_muscle (exercise_id, muscle_id, intensity) VALUES (2672, 21, 7);
# INSERT INTO exercise_muscle (exercise_id, muscle_id, intensity) VALUES (2672, 22, 4);
#
# -- Exercise ID: 2673
# INSERT INTO Exercise (id, title, description, link, equipment_id, training_type_id) VALUES (2673, 'Kettlebell Horn Grip Alternating Step Up', 'Target: Quadriceps', 'https://youtu.be/moDnqcjmUnw?si=2L_tGgiIN_WKjnSh', 15, 2);
# INSERT INTO exercise_muscle (exercise_id, muscle_id, intensity) VALUES (2673, 13, 10);
# INSERT INTO exercise_muscle (exercise_id, muscle_id, intensity) VALUES (2673, 21, 7);
# INSERT INTO exercise_muscle (exercise_id, muscle_id, intensity) VALUES (2673, 22, 4);
#
# -- Exercise ID: 2674
# INSERT INTO Exercise (id, title, description, link, equipment_id, training_type_id) VALUES (2674, 'Superband Assisted Reverse Nordic', 'Target: Quadriceps', 'https://youtu.be/GHI2nT9CchQ?feature=shared', 20, 3);
# INSERT INTO exercise_muscle (exercise_id, muscle_id, intensity) VALUES (2674, 13, 10);
#
# -- Exercise ID: 2675
# INSERT INTO Exercise (id, title, description, link, equipment_id, training_type_id) VALUES (2675, 'Single Arm Clubbell Mill to Reverse Mill', 'Target: Shoulders', NULL, 26, 10);
# INSERT INTO exercise_muscle (exercise_id, muscle_id, intensity) VALUES (2675, 19, 10);
# INSERT INTO exercise_muscle (exercise_id, muscle_id, intensity) VALUES (2675, 21, 7);
# INSERT INTO exercise_muscle (exercise_id, muscle_id, intensity) VALUES (2675, 12, 4);
#
# -- Exercise ID: 2676
# INSERT INTO Exercise (id, title, description, link, equipment_id, training_type_id) VALUES (2676, 'Single Arm Macebell Mill to Reverse Mill', 'Target: Shoulders', NULL, 24, 10);
# INSERT INTO exercise_muscle (exercise_id, muscle_id, intensity) VALUES (2676, 19, 10);
# INSERT INTO exercise_muscle (exercise_id, muscle_id, intensity) VALUES (2676, 11, 7);
#
# -- Exercise ID: 2677
# INSERT INTO Exercise (id, title, description, link, equipment_id, training_type_id) VALUES (2677, 'Alternating Single Arm Macebell Mill', 'Target: Shoulders', NULL, 24, 10);
# INSERT INTO exercise_muscle (exercise_id, muscle_id, intensity) VALUES (2677, 19, 10);
# INSERT INTO exercise_muscle (exercise_id, muscle_id, intensity) VALUES (2677, 11, 7);
#
# -- Exercise ID: 2678
# INSERT INTO Exercise (id, title, description, link, equipment_id, training_type_id) VALUES (2678, 'Single Arm Dumbbell Hang Power Clean', 'Target: Glutes', 'https://youtu.be/jIV6huBUy40?si=LI0qU1gmKWUNaN4X', 6, 10);
# INSERT INTO exercise_muscle (exercise_id, muscle_id, intensity) VALUES (2678, 21, 10);
#
# -- Exercise ID: 2679
# INSERT INTO Exercise (id, title, description, link, equipment_id, training_type_id) VALUES (2679, 'Alternating Single Arm Dumbbell Hang Power Clean', 'Target: Glutes', 'https://youtu.be/-hApznQV1wg?feature=shared', 6, 10);
# INSERT INTO exercise_muscle (exercise_id, muscle_id, intensity) VALUES (2679, 21, 10);
#
# -- Exercise ID: 2680
# INSERT INTO Exercise (id, title, description, link, equipment_id, training_type_id) VALUES (2680, 'Double Dumbbell Suitcase Russian Step Up', 'Target: Quadriceps', 'https://youtu.be/OpEgnt3M98k?si=98bk34oOvELlwHao', 6, 12);
# INSERT INTO exercise_muscle (exercise_id, muscle_id, intensity) VALUES (2680, 13, 10);
# INSERT INTO exercise_muscle (exercise_id, muscle_id, intensity) VALUES (2680, 21, 7);
# INSERT INTO exercise_muscle (exercise_id, muscle_id, intensity) VALUES (2680, 11, 4);
#
# -- Exercise ID: 2681
# INSERT INTO Exercise (id, title, description, link, equipment_id, training_type_id) VALUES (2681, 'Double Dumbbell Front Rack Alternating Russian Step Up', 'Target: Quadriceps', NULL, 6, 12);
# INSERT INTO exercise_muscle (exercise_id, muscle_id, intensity) VALUES (2681, 13, 10);
# INSERT INTO exercise_muscle (exercise_id, muscle_id, intensity) VALUES (2681, 21, 7);
# INSERT INTO exercise_muscle (exercise_id, muscle_id, intensity) VALUES (2681, 11, 4);
#
# -- Exercise ID: 2682
# INSERT INTO Exercise (id, title, description, link, equipment_id, training_type_id) VALUES (2682, 'Double Kettlebell Front Rack Russian Step Up', 'Target: Quadriceps', 'https://youtu.be/KuNBOsyKvNs?si=xGQdh89b83Z6zfD1', 15, 12);
# INSERT INTO exercise_muscle (exercise_id, muscle_id, intensity) VALUES (2682, 13, 10);
# INSERT INTO exercise_muscle (exercise_id, muscle_id, intensity) VALUES (2682, 21, 7);
# INSERT INTO exercise_muscle (exercise_id, muscle_id, intensity) VALUES (2682, 11, 4);
#
# -- Exercise ID: 2683
# INSERT INTO Exercise (id, title, description, link, equipment_id, training_type_id) VALUES (2683, 'Double Kettlebell Suitcase Russian Step Up', 'Target: Quadriceps', 'https://youtu.be/N3HnkJ4Sp2s?si=L6L1BDMG1XO5MO94', 15, 12);
# INSERT INTO exercise_muscle (exercise_id, muscle_id, intensity) VALUES (2683, 13, 10);
# INSERT INTO exercise_muscle (exercise_id, muscle_id, intensity) VALUES (2683, 21, 7);
# INSERT INTO exercise_muscle (exercise_id, muscle_id, intensity) VALUES (2683, 11, 4);
#
# -- Exercise ID: 2684
# INSERT INTO Exercise (id, title, description, link, equipment_id, training_type_id) VALUES (2684, 'Single Arm Kettlebell Suitcase Contralateral Russian Step Up', 'Target: Quadriceps', NULL, 15, 12);
# INSERT INTO exercise_muscle (exercise_id, muscle_id, intensity) VALUES (2684, 13, 10);
# INSERT INTO exercise_muscle (exercise_id, muscle_id, intensity) VALUES (2684, 21, 7);
# INSERT INTO exercise_muscle (exercise_id, muscle_id, intensity) VALUES (2684, 11, 4);
#
# -- Exercise ID: 2685
# INSERT INTO Exercise (id, title, description, link, equipment_id, training_type_id) VALUES (2685, 'Single Arm Kettlebell Suitcase Ipsilateral Russian Step Up', 'Target: Quadriceps', NULL, 15, 12);
# INSERT INTO exercise_muscle (exercise_id, muscle_id, intensity) VALUES (2685, 13, 10);
# INSERT INTO exercise_muscle (exercise_id, muscle_id, intensity) VALUES (2685, 21, 7);
# INSERT INTO exercise_muscle (exercise_id, muscle_id, intensity) VALUES (2685, 11, 4);
#
# -- Exercise ID: 2686
# INSERT INTO Exercise (id, title, description, link, equipment_id, training_type_id) VALUES (2686, 'Single Arm Kettlebell Front Rack Contralateral Russian Step Up', 'Target: Quadriceps', 'https://youtu.be/nijhpzgUUi0?si=OYbqhyHxgBZEG3ZY', 15, 12);
# INSERT INTO exercise_muscle (exercise_id, muscle_id, intensity) VALUES (2686, 13, 10);
# INSERT INTO exercise_muscle (exercise_id, muscle_id, intensity) VALUES (2686, 21, 7);
# INSERT INTO exercise_muscle (exercise_id, muscle_id, intensity) VALUES (2686, 11, 4);
#
# -- Exercise ID: 2687
# INSERT INTO Exercise (id, title, description, link, equipment_id, training_type_id) VALUES (2687, 'Single Arm Kettlebell Front Rack Ipsilateral Russian Step Up', 'Target: Quadriceps', NULL, 15, 12);
# INSERT INTO exercise_muscle (exercise_id, muscle_id, intensity) VALUES (2687, 13, 10);
# INSERT INTO exercise_muscle (exercise_id, muscle_id, intensity) VALUES (2687, 21, 7);
# INSERT INTO exercise_muscle (exercise_id, muscle_id, intensity) VALUES (2687, 11, 4);
#
# -- Exercise ID: 2688
# INSERT INTO Exercise (id, title, description, link, equipment_id, training_type_id) VALUES (2688, 'Double Kettlebell Overhead Russian Step Up', 'Target: Quadriceps', NULL, 15, 12);
# INSERT INTO exercise_muscle (exercise_id, muscle_id, intensity) VALUES (2688, 13, 10);
# INSERT INTO exercise_muscle (exercise_id, muscle_id, intensity) VALUES (2688, 21, 7);
# INSERT INTO exercise_muscle (exercise_id, muscle_id, intensity) VALUES (2688, 11, 4);
#
# -- Exercise ID: 2689
# INSERT INTO Exercise (id, title, description, link, equipment_id, training_type_id) VALUES (2689, 'Single Arm Kettlebell Overhead Contralateral Russian Step Up', 'Target: Quadriceps', NULL, 15, 12);
# INSERT INTO exercise_muscle (exercise_id, muscle_id, intensity) VALUES (2689, 13, 10);
# INSERT INTO exercise_muscle (exercise_id, muscle_id, intensity) VALUES (2689, 21, 7);
# INSERT INTO exercise_muscle (exercise_id, muscle_id, intensity) VALUES (2689, 11, 4);
#
# -- Exercise ID: 2690
# INSERT INTO Exercise (id, title, description, link, equipment_id, training_type_id) VALUES (2690, 'Single Arm Kettlebell Overhead Ipsilateral Russian Step Up', 'Target: Quadriceps', NULL, 15, 12);
# INSERT INTO exercise_muscle (exercise_id, muscle_id, intensity) VALUES (2690, 13, 10);
# INSERT INTO exercise_muscle (exercise_id, muscle_id, intensity) VALUES (2690, 21, 7);
# INSERT INTO exercise_muscle (exercise_id, muscle_id, intensity) VALUES (2690, 11, 4);
#
# -- Exercise ID: 2691
# INSERT INTO Exercise (id, title, description, link, equipment_id, training_type_id) VALUES (2691, 'Double Kettlebell Bottoms Up Front Rack Russian Step Up', 'Target: Quadriceps', NULL, 15, 12);
# INSERT INTO exercise_muscle (exercise_id, muscle_id, intensity) VALUES (2691, 13, 10);
# INSERT INTO exercise_muscle (exercise_id, muscle_id, intensity) VALUES (2691, 21, 7);
# INSERT INTO exercise_muscle (exercise_id, muscle_id, intensity) VALUES (2691, 11, 4);
#
# -- Exercise ID: 2692
# INSERT INTO Exercise (id, title, description, link, equipment_id, training_type_id) VALUES (2692, 'Single Arm Kettlebell Bottoms Up Front Rack Contralateral Russian Step Up', 'Target: Quadriceps', NULL, 15, 12);
# INSERT INTO exercise_muscle (exercise_id, muscle_id, intensity) VALUES (2692, 13, 10);
# INSERT INTO exercise_muscle (exercise_id, muscle_id, intensity) VALUES (2692, 21, 7);
# INSERT INTO exercise_muscle (exercise_id, muscle_id, intensity) VALUES (2692, 11, 4);
#
# -- Exercise ID: 2693
# INSERT INTO Exercise (id, title, description, link, equipment_id, training_type_id) VALUES (2693, 'Single Arm Kettlebell Bottoms Up Front Rack Ipsilateral Russian Step Up', 'Target: Quadriceps', NULL, 15, 12);
# INSERT INTO exercise_muscle (exercise_id, muscle_id, intensity) VALUES (2693, 13, 10);
# INSERT INTO exercise_muscle (exercise_id, muscle_id, intensity) VALUES (2693, 21, 7);
# INSERT INTO exercise_muscle (exercise_id, muscle_id, intensity) VALUES (2693, 11, 4);
#
# -- Exercise ID: 2694
# INSERT INTO Exercise (id, title, description, link, equipment_id, training_type_id) VALUES (2694, 'Double Kettlebell Bottoms Up Overhead Russian Step Up', 'Target: Quadriceps', NULL, 15, 12);
# INSERT INTO exercise_muscle (exercise_id, muscle_id, intensity) VALUES (2694, 13, 10);
# INSERT INTO exercise_muscle (exercise_id, muscle_id, intensity) VALUES (2694, 21, 7);
# INSERT INTO exercise_muscle (exercise_id, muscle_id, intensity) VALUES (2694, 11, 4);
#
# -- Exercise ID: 2695
# INSERT INTO Exercise (id, title, description, link, equipment_id, training_type_id) VALUES (2695, 'Single Arm Kettlebell Bottoms Up Overhead Contralateral Russian Step Up', 'Target: Quadriceps', NULL, 15, 12);
# INSERT INTO exercise_muscle (exercise_id, muscle_id, intensity) VALUES (2695, 13, 10);
# INSERT INTO exercise_muscle (exercise_id, muscle_id, intensity) VALUES (2695, 21, 7);
# INSERT INTO exercise_muscle (exercise_id, muscle_id, intensity) VALUES (2695, 11, 4);
#
# -- Exercise ID: 2696
# INSERT INTO Exercise (id, title, description, link, equipment_id, training_type_id) VALUES (2696, 'Single Arm Kettlebell Bottoms Up Overhead Ipsilateral Russian Step Up', 'Target: Quadriceps', NULL, 15, 12);
# INSERT INTO exercise_muscle (exercise_id, muscle_id, intensity) VALUES (2696, 13, 10);
# INSERT INTO exercise_muscle (exercise_id, muscle_id, intensity) VALUES (2696, 21, 7);
# INSERT INTO exercise_muscle (exercise_id, muscle_id, intensity) VALUES (2696, 11, 4);
#
# -- Exercise ID: 2697
# INSERT INTO Exercise (id, title, description, link, equipment_id, training_type_id) VALUES (2697, 'Barbell Back Rack Russian Step Up', 'Target: Quadriceps', 'https://youtu.be/SEh-o4ousa0?si=f_LvuDf-cSL8gy43', 12, 12);
# INSERT INTO exercise_muscle (exercise_id, muscle_id, intensity) VALUES (2697, 13, 10);
# INSERT INTO exercise_muscle (exercise_id, muscle_id, intensity) VALUES (2697, 21, 7);
# INSERT INTO exercise_muscle (exercise_id, muscle_id, intensity) VALUES (2697, 11, 4);
#
# -- Exercise ID: 2698
# INSERT INTO Exercise (id, title, description, link, equipment_id, training_type_id) VALUES (2698, 'Barbell Front Rack Russian Step Up', 'Target: Quadriceps', 'https://youtu.be/KHHTwaBgTqg?si=0-6AOui90rWJD7EE', 12, 12);
# INSERT INTO exercise_muscle (exercise_id, muscle_id, intensity) VALUES (2698, 13, 10);
# INSERT INTO exercise_muscle (exercise_id, muscle_id, intensity) VALUES (2698, 21, 7);
# INSERT INTO exercise_muscle (exercise_id, muscle_id, intensity) VALUES (2698, 11, 4);
#
# -- Exercise ID: 2699
# INSERT INTO Exercise (id, title, description, link, equipment_id, training_type_id) VALUES (2699, 'Double Dumbbell Overhead Alternating Russian Step Up', 'Target: Quadriceps', NULL, 6, 12);
# INSERT INTO exercise_muscle (exercise_id, muscle_id, intensity) VALUES (2699, 13, 10);
# INSERT INTO exercise_muscle (exercise_id, muscle_id, intensity) VALUES (2699, 21, 7);
# INSERT INTO exercise_muscle (exercise_id, muscle_id, intensity) VALUES (2699, 11, 4);
#
# -- Exercise ID: 2700
# INSERT INTO Exercise (id, title, description, link, equipment_id, training_type_id) VALUES (2700, 'Single Arm Dumbbell Overhead Contralateral Russian Step Up', 'Target: Quadriceps', NULL, 6, 12);
# INSERT INTO exercise_muscle (exercise_id, muscle_id, intensity) VALUES (2700, 13, 10);
# INSERT INTO exercise_muscle (exercise_id, muscle_id, intensity) VALUES (2700, 21, 7);
# INSERT INTO exercise_muscle (exercise_id, muscle_id, intensity) VALUES (2700, 11, 4);
#
# -- Exercise ID: 2701
# INSERT INTO Exercise (id, title, description, link, equipment_id, training_type_id) VALUES (2701, 'Barbell Overhead Alternating Russian Step Up', 'Target: Quadriceps', NULL, 12, 12);
# INSERT INTO exercise_muscle (exercise_id, muscle_id, intensity) VALUES (2701, 13, 10);
# INSERT INTO exercise_muscle (exercise_id, muscle_id, intensity) VALUES (2701, 21, 7);
# INSERT INTO exercise_muscle (exercise_id, muscle_id, intensity) VALUES (2701, 11, 4);
#
# -- Exercise ID: 2702
# INSERT INTO Exercise (id, title, description, link, equipment_id, training_type_id) VALUES (2702, 'Barbell Overhead Russian Step Up', 'Target: Quadriceps', 'https://youtu.be/-UtFmeC_gz8?si=Cbn-i607GWj4GbJt', 12, 12);
# INSERT INTO exercise_muscle (exercise_id, muscle_id, intensity) VALUES (2702, 13, 10);
# INSERT INTO exercise_muscle (exercise_id, muscle_id, intensity) VALUES (2702, 21, 7);
# INSERT INTO exercise_muscle (exercise_id, muscle_id, intensity) VALUES (2702, 11, 4);
#
# -- Exercise ID: 2703
# INSERT INTO Exercise (id, title, description, link, equipment_id, training_type_id) VALUES (2703, 'Single Arm Dumbbell Suitcase Contralateral Russian Step Up', 'Target: Quadriceps', 'https://youtu.be/cB20h7IpdJQ?si=KBJR-jjHokOwHkYv', 6, 12);
# INSERT INTO exercise_muscle (exercise_id, muscle_id, intensity) VALUES (2703, 13, 10);
# INSERT INTO exercise_muscle (exercise_id, muscle_id, intensity) VALUES (2703, 21, 7);
# INSERT INTO exercise_muscle (exercise_id, muscle_id, intensity) VALUES (2703, 11, 4);
#
# -- Exercise ID: 2704
# INSERT INTO Exercise (id, title, description, link, equipment_id, training_type_id) VALUES (2704, 'Single Arm Dumbbell Suitcase Ipsilateral Russian Step Up', 'Target: Quadriceps', NULL, 6, 12);
# INSERT INTO exercise_muscle (exercise_id, muscle_id, intensity) VALUES (2704, 13, 10);
# INSERT INTO exercise_muscle (exercise_id, muscle_id, intensity) VALUES (2704, 21, 7);
# INSERT INTO exercise_muscle (exercise_id, muscle_id, intensity) VALUES (2704, 11, 4);
#
# -- Exercise ID: 2705
# INSERT INTO Exercise (id, title, description, link, equipment_id, training_type_id) VALUES (2705, 'Single Arm Dumbbell Overhead Ipsilateral Russian Step Up', 'Target: Quadriceps', 'https://youtu.be/h7uCFbFFEpg?si=rYfRpyQwdrzMUPgo', 6, 12);
# INSERT INTO exercise_muscle (exercise_id, muscle_id, intensity) VALUES (2705, 13, 10);
# INSERT INTO exercise_muscle (exercise_id, muscle_id, intensity) VALUES (2705, 21, 7);
# INSERT INTO exercise_muscle (exercise_id, muscle_id, intensity) VALUES (2705, 11, 4);
#
# -- Exercise ID: 2706
# INSERT INTO Exercise (id, title, description, link, equipment_id, training_type_id) VALUES (2706, 'Double Clubbell Order Russian Step Up', 'Target: Quadriceps', NULL, 26, 12);
# INSERT INTO exercise_muscle (exercise_id, muscle_id, intensity) VALUES (2706, 13, 10);
# INSERT INTO exercise_muscle (exercise_id, muscle_id, intensity) VALUES (2706, 21, 7);
# INSERT INTO exercise_muscle (exercise_id, muscle_id, intensity) VALUES (2706, 11, 4);
#
# -- Exercise ID: 2707
# INSERT INTO Exercise (id, title, description, link, equipment_id, training_type_id) VALUES (2707, 'Double Clubbell Order Alternating Russian Step Up', 'Target: Quadriceps', NULL, 26, 12);
# INSERT INTO exercise_muscle (exercise_id, muscle_id, intensity) VALUES (2707, 13, 10);
# INSERT INTO exercise_muscle (exercise_id, muscle_id, intensity) VALUES (2707, 21, 7);
# INSERT INTO exercise_muscle (exercise_id, muscle_id, intensity) VALUES (2707, 11, 4);
#
# -- Exercise ID: 2708
# INSERT INTO Exercise (id, title, description, link, equipment_id, training_type_id) VALUES (2708, 'Single Arm Clubbell Order Contralateral Russian Step Up', 'Target: Quadriceps', NULL, 26, 12);
# INSERT INTO exercise_muscle (exercise_id, muscle_id, intensity) VALUES (2708, 13, 10);
# INSERT INTO exercise_muscle (exercise_id, muscle_id, intensity) VALUES (2708, 21, 7);
# INSERT INTO exercise_muscle (exercise_id, muscle_id, intensity) VALUES (2708, 11, 4);
#
# -- Exercise ID: 2709
# INSERT INTO Exercise (id, title, description, link, equipment_id, training_type_id) VALUES (2709, 'Single Arm Clubbell Order Ipsilateral Russian Step Up', 'Target: Quadriceps', NULL, 26, 12);
# INSERT INTO exercise_muscle (exercise_id, muscle_id, intensity) VALUES (2709, 13, 10);
# INSERT INTO exercise_muscle (exercise_id, muscle_id, intensity) VALUES (2709, 21, 7);
# INSERT INTO exercise_muscle (exercise_id, muscle_id, intensity) VALUES (2709, 11, 4);
#
# -- Exercise ID: 2710
# INSERT INTO Exercise (id, title, description, link, equipment_id, training_type_id) VALUES (2710, 'Bodyweight Alternating Russian Step Up', 'Target: Quadriceps', 'https://youtu.be/uWQaD_zDNP8?si=e7uAr4KO-Uxs3C4h', 2, 12);
# INSERT INTO exercise_muscle (exercise_id, muscle_id, intensity) VALUES (2710, 13, 10);
# INSERT INTO exercise_muscle (exercise_id, muscle_id, intensity) VALUES (2710, 21, 7);
# INSERT INTO exercise_muscle (exercise_id, muscle_id, intensity) VALUES (2710, 11, 4);
#
# -- Exercise ID: 2711
# INSERT INTO Exercise (id, title, description, link, equipment_id, training_type_id) VALUES (2711, 'Bodyweight Russian Step Up', 'Target: Quadriceps', 'https://youtu.be/T0aGAd4z8_g?si=LLndgNIkangYyqvf', 2, 12);
# INSERT INTO exercise_muscle (exercise_id, muscle_id, intensity) VALUES (2711, 13, 10);
# INSERT INTO exercise_muscle (exercise_id, muscle_id, intensity) VALUES (2711, 21, 7);
# INSERT INTO exercise_muscle (exercise_id, muscle_id, intensity) VALUES (2711, 11, 4);
#
# -- Exercise ID: 2712
# INSERT INTO Exercise (id, title, description, link, equipment_id, training_type_id) VALUES (2712, 'Clubbell Order Russian Step Up', 'Target: Quadriceps', NULL, 26, 12);
# INSERT INTO exercise_muscle (exercise_id, muscle_id, intensity) VALUES (2712, 13, 10);
# INSERT INTO exercise_muscle (exercise_id, muscle_id, intensity) VALUES (2712, 21, 7);
# INSERT INTO exercise_muscle (exercise_id, muscle_id, intensity) VALUES (2712, 11, 4);
#
# -- Exercise ID: 2713
# INSERT INTO Exercise (id, title, description, link, equipment_id, training_type_id) VALUES (2713, 'Clubbell Order Alternating Russian Step Up', 'Target: Quadriceps', NULL, 26, 12);
# INSERT INTO exercise_muscle (exercise_id, muscle_id, intensity) VALUES (2713, 13, 10);
# INSERT INTO exercise_muscle (exercise_id, muscle_id, intensity) VALUES (2713, 21, 7);
# INSERT INTO exercise_muscle (exercise_id, muscle_id, intensity) VALUES (2713, 11, 4);
#
# -- Exercise ID: 2714
# INSERT INTO Exercise (id, title, description, link, equipment_id, training_type_id) VALUES (2714, 'Barbell Back Rack Alternating Russian Step Up', 'Target: Quadriceps', 'https://youtu.be/Yk67o_LX2k8?si=zkvsiKBoliLmWwDT', 12, 12);
# INSERT INTO exercise_muscle (exercise_id, muscle_id, intensity) VALUES (2714, 13, 10);
# INSERT INTO exercise_muscle (exercise_id, muscle_id, intensity) VALUES (2714, 21, 7);
# INSERT INTO exercise_muscle (exercise_id, muscle_id, intensity) VALUES (2714, 11, 4);
#
# -- Exercise ID: 2715
# INSERT INTO Exercise (id, title, description, link, equipment_id, training_type_id) VALUES (2715, 'Barbell Front Rack Alternating Russian Step Up', 'Target: Quadriceps', 'https://youtu.be/FkOqXpYX2nE?feature=shared', 12, 12);
# INSERT INTO exercise_muscle (exercise_id, muscle_id, intensity) VALUES (2715, 13, 10);
# INSERT INTO exercise_muscle (exercise_id, muscle_id, intensity) VALUES (2715, 21, 7);
# INSERT INTO exercise_muscle (exercise_id, muscle_id, intensity) VALUES (2715, 11, 4);
#
# -- Exercise ID: 2716
# INSERT INTO Exercise (id, title, description, link, equipment_id, training_type_id) VALUES (2716, 'Double Dumbbell Suitcase Alternating Russian Step Up', 'Target: Quadriceps', 'https://youtu.be/7xKPC6fiAnI?si=AjBy--nHV9jih9q4', 6, 12);
# INSERT INTO exercise_muscle (exercise_id, muscle_id, intensity) VALUES (2716, 13, 10);
# INSERT INTO exercise_muscle (exercise_id, muscle_id, intensity) VALUES (2716, 21, 7);
# INSERT INTO exercise_muscle (exercise_id, muscle_id, intensity) VALUES (2716, 11, 4);
#
# -- Exercise ID: 2717
# INSERT INTO Exercise (id, title, description, link, equipment_id, training_type_id) VALUES (2717, 'Double Dumbbell Front Rack Russian Step Up', 'Target: Quadriceps', NULL, 6, 12);
# INSERT INTO exercise_muscle (exercise_id, muscle_id, intensity) VALUES (2717, 13, 10);
# INSERT INTO exercise_muscle (exercise_id, muscle_id, intensity) VALUES (2717, 21, 7);
# INSERT INTO exercise_muscle (exercise_id, muscle_id, intensity) VALUES (2717, 11, 4);
#
# -- Exercise ID: 2718
# INSERT INTO Exercise (id, title, description, link, equipment_id, training_type_id) VALUES (2718, 'Double Dumbbell Overhead Russian Step Up', 'Target: Quadriceps', NULL, 6, 12);
# INSERT INTO exercise_muscle (exercise_id, muscle_id, intensity) VALUES (2718, 13, 10);
# INSERT INTO exercise_muscle (exercise_id, muscle_id, intensity) VALUES (2718, 21, 7);
# INSERT INTO exercise_muscle (exercise_id, muscle_id, intensity) VALUES (2718, 11, 4);
#
# -- Exercise ID: 2719
# INSERT INTO Exercise (id, title, description, link, equipment_id, training_type_id) VALUES (2719, 'Single Arm Dumbbell Front Rack Contralateral Russian Step Up', 'Target: Quadriceps', 'https://youtu.be/ZrFBGqWoSzw?si=pCq_xiI6MtbnQOMx', 6, 12);
# INSERT INTO exercise_muscle (exercise_id, muscle_id, intensity) VALUES (2719, 13, 10);
# INSERT INTO exercise_muscle (exercise_id, muscle_id, intensity) VALUES (2719, 21, 7);
# INSERT INTO exercise_muscle (exercise_id, muscle_id, intensity) VALUES (2719, 11, 4);
#
# -- Exercise ID: 2720
# INSERT INTO Exercise (id, title, description, link, equipment_id, training_type_id) VALUES (2720, 'Single Arm Dumbbell Front Rack Ipsilateral Russian Step Up', 'Target: Quadriceps', 'https://youtu.be/-4eThA6jaBY?si=rvYxSeDEierXbTvB', 6, 12);
# INSERT INTO exercise_muscle (exercise_id, muscle_id, intensity) VALUES (2720, 13, 10);
# INSERT INTO exercise_muscle (exercise_id, muscle_id, intensity) VALUES (2720, 21, 7);
# INSERT INTO exercise_muscle (exercise_id, muscle_id, intensity) VALUES (2720, 11, 4);
#
# -- Exercise ID: 2721
# INSERT INTO Exercise (id, title, description, link, equipment_id, training_type_id) VALUES (2721, 'Single Arm Macebell Order Contralateral Russian Step Up', 'Target: Quadriceps', NULL, 24, 12);
# INSERT INTO exercise_muscle (exercise_id, muscle_id, intensity) VALUES (2721, 13, 10);
# INSERT INTO exercise_muscle (exercise_id, muscle_id, intensity) VALUES (2721, 21, 7);
# INSERT INTO exercise_muscle (exercise_id, muscle_id, intensity) VALUES (2721, 11, 4);
#
# -- Exercise ID: 2722
# INSERT INTO Exercise (id, title, description, link, equipment_id, training_type_id) VALUES (2722, 'Single Arm Macebell Order Ipsilateral Russian Step Up', 'Target: Quadriceps', NULL, 24, 12);
# INSERT INTO exercise_muscle (exercise_id, muscle_id, intensity) VALUES (2722, 13, 10);
# INSERT INTO exercise_muscle (exercise_id, muscle_id, intensity) VALUES (2722, 21, 7);
# INSERT INTO exercise_muscle (exercise_id, muscle_id, intensity) VALUES (2722, 11, 4);
#
# -- Exercise ID: 2723
# INSERT INTO Exercise (id, title, description, link, equipment_id, training_type_id) VALUES (2723, 'Macebell Order Russian Step Up', 'Target: Quadriceps', NULL, 24, 12);
# INSERT INTO exercise_muscle (exercise_id, muscle_id, intensity) VALUES (2723, 13, 10);
# INSERT INTO exercise_muscle (exercise_id, muscle_id, intensity) VALUES (2723, 21, 7);
# INSERT INTO exercise_muscle (exercise_id, muscle_id, intensity) VALUES (2723, 11, 4);
#
# -- Exercise ID: 2724
# INSERT INTO Exercise (id, title, description, link, equipment_id, training_type_id) VALUES (2724, 'Macebell Order Alternating Russian Step Up', 'Target: Quadriceps', NULL, 24, 12);
# INSERT INTO exercise_muscle (exercise_id, muscle_id, intensity) VALUES (2724, 13, 10);
# INSERT INTO exercise_muscle (exercise_id, muscle_id, intensity) VALUES (2724, 21, 7);
# INSERT INTO exercise_muscle (exercise_id, muscle_id, intensity) VALUES (2724, 11, 4);
#
# -- Exercise ID: 2725
# INSERT INTO Exercise (id, title, description, link, equipment_id, training_type_id) VALUES (2725, 'Barbell Zercher Russian Step Up', 'Target: Quadriceps', 'https://youtu.be/BSiPJ84ik7o?si=oeCPF5tgAOTrYNIS', 12, 12);
# INSERT INTO exercise_muscle (exercise_id, muscle_id, intensity) VALUES (2725, 13, 10);
# INSERT INTO exercise_muscle (exercise_id, muscle_id, intensity) VALUES (2725, 21, 7);
# INSERT INTO exercise_muscle (exercise_id, muscle_id, intensity) VALUES (2725, 11, 4);
#
# -- Exercise ID: 2726
# INSERT INTO Exercise (id, title, description, link, equipment_id, training_type_id) VALUES (2726, 'Barbell Zercher Alternating Russian Step Up', 'Target: Quadriceps', NULL, 12, 12);
# INSERT INTO exercise_muscle (exercise_id, muscle_id, intensity) VALUES (2726, 13, 10);
# INSERT INTO exercise_muscle (exercise_id, muscle_id, intensity) VALUES (2726, 21, 7);
# INSERT INTO exercise_muscle (exercise_id, muscle_id, intensity) VALUES (2726, 11, 4);
#
# -- Exercise ID: 2727
# INSERT INTO Exercise (id, title, description, link, equipment_id, training_type_id) VALUES (2727, 'Bulgarian Bag Back Rack Russian Step Up', 'Target: Quadriceps', NULL, 34, 12);
# INSERT INTO exercise_muscle (exercise_id, muscle_id, intensity) VALUES (2727, 13, 10);
# INSERT INTO exercise_muscle (exercise_id, muscle_id, intensity) VALUES (2727, 21, 7);
# INSERT INTO exercise_muscle (exercise_id, muscle_id, intensity) VALUES (2727, 11, 4);
#
# -- Exercise ID: 2728
# INSERT INTO Exercise (id, title, description, link, equipment_id, training_type_id) VALUES (2728, 'Bulgarian Bag Back Rack Alternating Russian Step Up', 'Target: Quadriceps', NULL, 34, 12);
# INSERT INTO exercise_muscle (exercise_id, muscle_id, intensity) VALUES (2728, 13, 10);
# INSERT INTO exercise_muscle (exercise_id, muscle_id, intensity) VALUES (2728, 21, 7);
# INSERT INTO exercise_muscle (exercise_id, muscle_id, intensity) VALUES (2728, 11, 4);
#
# -- Exercise ID: 2729
# INSERT INTO Exercise (id, title, description, link, equipment_id, training_type_id) VALUES (2729, 'Sandbag Back Rack Russian Step Up', 'Target: Quadriceps', NULL, 36, 12);
# INSERT INTO exercise_muscle (exercise_id, muscle_id, intensity) VALUES (2729, 13, 10);
# INSERT INTO exercise_muscle (exercise_id, muscle_id, intensity) VALUES (2729, 21, 7);
# INSERT INTO exercise_muscle (exercise_id, muscle_id, intensity) VALUES (2729, 11, 4);
#
# -- Exercise ID: 2730
# INSERT INTO Exercise (id, title, description, link, equipment_id, training_type_id) VALUES (2730, 'Sandbag Back Rack Alternating Russian Step Up', 'Target: Quadriceps', NULL, 36, 12);
# INSERT INTO exercise_muscle (exercise_id, muscle_id, intensity) VALUES (2730, 13, 10);
# INSERT INTO exercise_muscle (exercise_id, muscle_id, intensity) VALUES (2730, 21, 7);
# INSERT INTO exercise_muscle (exercise_id, muscle_id, intensity) VALUES (2730, 11, 4);
#
# -- Exercise ID: 2731
# INSERT INTO Exercise (id, title, description, link, equipment_id, training_type_id) VALUES (2731, 'Sandbag Front Rack Russian Step Up', 'Target: Quadriceps', NULL, 36, 12);
# INSERT INTO exercise_muscle (exercise_id, muscle_id, intensity) VALUES (2731, 13, 10);
# INSERT INTO exercise_muscle (exercise_id, muscle_id, intensity) VALUES (2731, 21, 7);
# INSERT INTO exercise_muscle (exercise_id, muscle_id, intensity) VALUES (2731, 11, 4);
#
# -- Exercise ID: 2732
# INSERT INTO Exercise (id, title, description, link, equipment_id, training_type_id) VALUES (2732, 'Sandbag Front Rack Alternating Russian Step Up', 'Target: Quadriceps', NULL, 36, 12);
# INSERT INTO exercise_muscle (exercise_id, muscle_id, intensity) VALUES (2732, 13, 10);
# INSERT INTO exercise_muscle (exercise_id, muscle_id, intensity) VALUES (2732, 21, 7);
# INSERT INTO exercise_muscle (exercise_id, muscle_id, intensity) VALUES (2732, 11, 4);
#
# -- Exercise ID: 2733
# INSERT INTO Exercise (id, title, description, link, equipment_id, training_type_id) VALUES (2733, 'Plate Overhead Russian Step Up', 'Target: Quadriceps', 'https://youtu.be/IBvPAsvfZvM?si=Dx3NbZqKQz2o3anT', 22, 12);
# INSERT INTO exercise_muscle (exercise_id, muscle_id, intensity) VALUES (2733, 13, 10);
# INSERT INTO exercise_muscle (exercise_id, muscle_id, intensity) VALUES (2733, 21, 7);
# INSERT INTO exercise_muscle (exercise_id, muscle_id, intensity) VALUES (2733, 11, 4);
#
# -- Exercise ID: 2734
# INSERT INTO Exercise (id, title, description, link, equipment_id, training_type_id) VALUES (2734, 'Plate Overhead Alternating Russian Step Up', 'Target: Quadriceps', NULL, 22, 12);
# INSERT INTO exercise_muscle (exercise_id, muscle_id, intensity) VALUES (2734, 13, 10);
# INSERT INTO exercise_muscle (exercise_id, muscle_id, intensity) VALUES (2734, 21, 7);
# INSERT INTO exercise_muscle (exercise_id, muscle_id, intensity) VALUES (2734, 11, 4);
#
# -- Exercise ID: 2735
# INSERT INTO Exercise (id, title, description, link, equipment_id, training_type_id) VALUES (2735, 'Double Kettlebell Front Rack Alternating Russian Step Up', 'Target: Quadriceps', 'https://youtu.be/-L2RxqXxw3w?si=c5bWCZNShpG6g4Zw', 15, 12);
# INSERT INTO exercise_muscle (exercise_id, muscle_id, intensity) VALUES (2735, 13, 10);
# INSERT INTO exercise_muscle (exercise_id, muscle_id, intensity) VALUES (2735, 21, 7);
# INSERT INTO exercise_muscle (exercise_id, muscle_id, intensity) VALUES (2735, 11, 4);
#
# -- Exercise ID: 2736
# INSERT INTO Exercise (id, title, description, link, equipment_id, training_type_id) VALUES (2736, 'Double Kettlebell Bottoms Up Front Rack Alternating Russian Step Up', 'Target: Quadriceps', NULL, 15, 12);
# INSERT INTO exercise_muscle (exercise_id, muscle_id, intensity) VALUES (2736, 13, 10);
# INSERT INTO exercise_muscle (exercise_id, muscle_id, intensity) VALUES (2736, 21, 7);
# INSERT INTO exercise_muscle (exercise_id, muscle_id, intensity) VALUES (2736, 11, 4);
#
# -- Exercise ID: 2737
# INSERT INTO Exercise (id, title, description, link, equipment_id, training_type_id) VALUES (2737, 'Double Kettlebell Overhead Alternating Russian Step Up', 'Target: Quadriceps', NULL, 15, 12);
# INSERT INTO exercise_muscle (exercise_id, muscle_id, intensity) VALUES (2737, 13, 10);
# INSERT INTO exercise_muscle (exercise_id, muscle_id, intensity) VALUES (2737, 21, 7);
# INSERT INTO exercise_muscle (exercise_id, muscle_id, intensity) VALUES (2737, 11, 4);
#
# -- Exercise ID: 2738
# INSERT INTO Exercise (id, title, description, link, equipment_id, training_type_id) VALUES (2738, 'Double Kettlebell Bottoms Up Overhead Alternating Russian Step Up', 'Target: Quadriceps', NULL, 15, 12);
# INSERT INTO exercise_muscle (exercise_id, muscle_id, intensity) VALUES (2738, 13, 10);
# INSERT INTO exercise_muscle (exercise_id, muscle_id, intensity) VALUES (2738, 21, 7);
# INSERT INTO exercise_muscle (exercise_id, muscle_id, intensity) VALUES (2738, 11, 4);
#
# -- Exercise ID: 2739
# INSERT INTO Exercise (id, title, description, link, equipment_id, training_type_id) VALUES (2739, 'Double Kettlebell Suitcase Alternating Russian Step Up', 'Target: Quadriceps', NULL, 15, 12);
# INSERT INTO exercise_muscle (exercise_id, muscle_id, intensity) VALUES (2739, 13, 10);
# INSERT INTO exercise_muscle (exercise_id, muscle_id, intensity) VALUES (2739, 21, 7);
# INSERT INTO exercise_muscle (exercise_id, muscle_id, intensity) VALUES (2739, 11, 4);
#
# -- Exercise ID: 2740
# INSERT INTO Exercise (id, title, description, link, equipment_id, training_type_id) VALUES (2740, 'Kettlebell Goblet Russian Step Up', 'Target: Quadriceps', 'https://youtu.be/RZsegx5MjMg?si=jrgTO3B_RBqc2Tow', 15, 12);
# INSERT INTO exercise_muscle (exercise_id, muscle_id, intensity) VALUES (2740, 13, 10);
# INSERT INTO exercise_muscle (exercise_id, muscle_id, intensity) VALUES (2740, 21, 7);
# INSERT INTO exercise_muscle (exercise_id, muscle_id, intensity) VALUES (2740, 11, 4);
#
# -- Exercise ID: 2741
# INSERT INTO Exercise (id, title, description, link, equipment_id, training_type_id) VALUES (2741, 'Kettlebell Goblet Alternating Russian Step Up', 'Target: Quadriceps', 'https://youtu.be/D_XZAV9sh2I?si=9d58XpgxLS_aoYoQ', 15, 12);
# INSERT INTO exercise_muscle (exercise_id, muscle_id, intensity) VALUES (2741, 13, 10);
# INSERT INTO exercise_muscle (exercise_id, muscle_id, intensity) VALUES (2741, 21, 7);
# INSERT INTO exercise_muscle (exercise_id, muscle_id, intensity) VALUES (2741, 11, 4);
#
# -- Exercise ID: 2742
# INSERT INTO Exercise (id, title, description, link, equipment_id, training_type_id) VALUES (2742, 'Dumbbell Goblet Russian Step Up', 'Target: Quadriceps', 'https://youtu.be/Z8wrpP7TT5E?si=tMWVlz_jrcW6ilLl', 6, 12);
# INSERT INTO exercise_muscle (exercise_id, muscle_id, intensity) VALUES (2742, 13, 10);
# INSERT INTO exercise_muscle (exercise_id, muscle_id, intensity) VALUES (2742, 21, 7);
# INSERT INTO exercise_muscle (exercise_id, muscle_id, intensity) VALUES (2742, 11, 4);
#
# -- Exercise ID: 2743
# INSERT INTO Exercise (id, title, description, link, equipment_id, training_type_id) VALUES (2743, 'Dumbbell Goblet Alternating Russian Step Up', 'Target: Quadriceps', 'https://youtu.be/e-VjvaI7FEI?si=Uc1Aq16WW3xsbpcO', 6, 12);
# INSERT INTO exercise_muscle (exercise_id, muscle_id, intensity) VALUES (2743, 13, 10);
# INSERT INTO exercise_muscle (exercise_id, muscle_id, intensity) VALUES (2743, 21, 7);
# INSERT INTO exercise_muscle (exercise_id, muscle_id, intensity) VALUES (2743, 11, 4);
#
# -- Exercise ID: 2744
# INSERT INTO Exercise (id, title, description, link, equipment_id, training_type_id) VALUES (2744, 'Kettlebell Horn Grip Russian Step Up', 'Target: Quadriceps', NULL, 15, 12);
# INSERT INTO exercise_muscle (exercise_id, muscle_id, intensity) VALUES (2744, 13, 10);
# INSERT INTO exercise_muscle (exercise_id, muscle_id, intensity) VALUES (2744, 21, 7);
# INSERT INTO exercise_muscle (exercise_id, muscle_id, intensity) VALUES (2744, 11, 4);
#
# -- Exercise ID: 2745
# INSERT INTO Exercise (id, title, description, link, equipment_id, training_type_id) VALUES (2745, 'Kettlebell Horn Grip Alternating Russian Step Up', 'Target: Quadriceps', NULL, 15, 12);
# INSERT INTO exercise_muscle (exercise_id, muscle_id, intensity) VALUES (2745, 13, 10);
# INSERT INTO exercise_muscle (exercise_id, muscle_id, intensity) VALUES (2745, 21, 7);
# INSERT INTO exercise_muscle (exercise_id, muscle_id, intensity) VALUES (2745, 11, 4);
#
# -- Exercise ID: 2746
# INSERT INTO Exercise (id, title, description, link, equipment_id, training_type_id) VALUES (2746, 'Miniband Hip Thrust', 'Target: Glutes', 'https://youtu.be/GMoIkfo2nP4?si=IB4Q_47E137Hsx_H', 13, 2);
# INSERT INTO exercise_muscle (exercise_id, muscle_id, intensity) VALUES (2746, 21, 10);
# INSERT INTO exercise_muscle (exercise_id, muscle_id, intensity) VALUES (2746, 22, 7);
# INSERT INTO exercise_muscle (exercise_id, muscle_id, intensity) VALUES (2746, 13, 4);
#
# -- Exercise ID: 2747
# INSERT INTO Exercise (id, title, description, link, equipment_id, training_type_id) VALUES (2747, 'Heavy Sandbag Bear Hug Step Up', 'Target: Quadriceps', 'https://youtu.be/LyD7nH85x0c?si=Li3dCfeeWkoCcSX-', 35, 2);
# INSERT INTO exercise_muscle (exercise_id, muscle_id, intensity) VALUES (2747, 13, 10);
# INSERT INTO exercise_muscle (exercise_id, muscle_id, intensity) VALUES (2747, 21, 7);
# INSERT INTO exercise_muscle (exercise_id, muscle_id, intensity) VALUES (2747, 22, 4);
#
# -- Exercise ID: 2748
# INSERT INTO Exercise (id, title, description, link, equipment_id, training_type_id) VALUES (2748, 'Heavy Sandbag Bear Hug Alternating Step Up', 'Target: Quadriceps', 'https://youtu.be/O1zrmDKSt9E?si=aLhoWHS87gUaM6iV', 35, 2);
# INSERT INTO exercise_muscle (exercise_id, muscle_id, intensity) VALUES (2748, 13, 10);
# INSERT INTO exercise_muscle (exercise_id, muscle_id, intensity) VALUES (2748, 21, 7);
# INSERT INTO exercise_muscle (exercise_id, muscle_id, intensity) VALUES (2748, 22, 4);
#
# -- Exercise ID: 2749
# INSERT INTO Exercise (id, title, description, link, equipment_id, training_type_id) VALUES (2749, 'Heavy Sandbag Bear Hug Russian Step Up', 'Target: Quadriceps', NULL, 35, 12);
# INSERT INTO exercise_muscle (exercise_id, muscle_id, intensity) VALUES (2749, 13, 10);
# INSERT INTO exercise_muscle (exercise_id, muscle_id, intensity) VALUES (2749, 21, 7);
# INSERT INTO exercise_muscle (exercise_id, muscle_id, intensity) VALUES (2749, 11, 4);
#
# -- Exercise ID: 2750
# INSERT INTO Exercise (id, title, description, link, equipment_id, training_type_id) VALUES (2750, 'Heavy Sandbag Bear Hug Alternating Russian Step Up', 'Target: Quadriceps', NULL, 35, 12);
# INSERT INTO exercise_muscle (exercise_id, muscle_id, intensity) VALUES (2750, 13, 10);
# INSERT INTO exercise_muscle (exercise_id, muscle_id, intensity) VALUES (2750, 21, 7);
# INSERT INTO exercise_muscle (exercise_id, muscle_id, intensity) VALUES (2750, 11, 4);
#
# -- Exercise ID: 2751
# INSERT INTO Exercise (id, title, description, link, equipment_id, training_type_id) VALUES (2751, 'Alternating Single Arm Macebell Reverse Mill', 'Target: Shoulders', NULL, 24, 10);
# INSERT INTO exercise_muscle (exercise_id, muscle_id, intensity) VALUES (2751, 19, 10);
# INSERT INTO exercise_muscle (exercise_id, muscle_id, intensity) VALUES (2751, 11, 7);
#
# -- Exercise ID: 2752
# INSERT INTO Exercise (id, title, description, link, equipment_id, training_type_id) VALUES (2752, 'Ring Grip Straddle Planche', 'Target: Abdominals', NULL, 3, 4);
# INSERT INTO exercise_muscle (exercise_id, muscle_id, intensity) VALUES (2752, 11, 10);
#
# -- Exercise ID: 2753
# INSERT INTO Exercise (id, title, description, link, equipment_id, training_type_id) VALUES (2753, 'Single Arm Kettlebell Dead Clean to Overhead Press', 'Target: Shoulders', NULL, 15, 10);
# INSERT INTO exercise_muscle (exercise_id, muscle_id, intensity) VALUES (2753, 2, 10);
#
# -- Exercise ID: 2754
# INSERT INTO Exercise (id, title, description, link, equipment_id, training_type_id) VALUES (2754, 'Single Arm Kettlebell Dead Clean to Push Press', 'Target: Shoulders', 'https://youtu.be/aWPqX1VXr-g?si=6F2i3SQxg7mvF5tb', 15, 10);
# INSERT INTO exercise_muscle (exercise_id, muscle_id, intensity) VALUES (2754, 2, 10);
#
# -- Exercise ID: 2755
# INSERT INTO Exercise (id, title, description, link, equipment_id, training_type_id) VALUES (2755, 'Single Arm Kettlebell Clean to Front Rack Ipsilateral Reverse Lunge', 'Target: Quadriceps', NULL, 15, 10);
# INSERT INTO exercise_muscle (exercise_id, muscle_id, intensity) VALUES (2755, 13, 10);
# INSERT INTO exercise_muscle (exercise_id, muscle_id, intensity) VALUES (2755, 21, 7);
# INSERT INTO exercise_muscle (exercise_id, muscle_id, intensity) VALUES (2755, 22, 4);
#
# -- Exercise ID: 2756
# INSERT INTO Exercise (id, title, description, link, equipment_id, training_type_id) VALUES (2756, 'Single Arm Kettlebell Clean to Front Rack Ipsilateral Forward Lunge', 'Target: Quadriceps', NULL, 15, 10);
# INSERT INTO exercise_muscle (exercise_id, muscle_id, intensity) VALUES (2756, 13, 10);
# INSERT INTO exercise_muscle (exercise_id, muscle_id, intensity) VALUES (2756, 21, 7);
# INSERT INTO exercise_muscle (exercise_id, muscle_id, intensity) VALUES (2756, 22, 4);
#
# -- Exercise ID: 2757
# INSERT INTO Exercise (id, title, description, link, equipment_id, training_type_id) VALUES (2757, 'Single Arm Kettlebell Dead Clean to Push Jerk', 'Target: Shoulders', NULL, 15, 10);
# INSERT INTO exercise_muscle (exercise_id, muscle_id, intensity) VALUES (2757, 2, 10);
#
# -- Exercise ID: 2758
# INSERT INTO Exercise (id, title, description, link, equipment_id, training_type_id) VALUES (2758, 'Double Kettlebell Dead Clean to Push Jerk', 'Target: Shoulders', 'https://youtu.be/vFOeFxuWMa4?si=UW2lvkjDkxHqSPIf', 15, 10);
# INSERT INTO exercise_muscle (exercise_id, muscle_id, intensity) VALUES (2758, 2, 10);
# INSERT INTO exercise_muscle (exercise_id, muscle_id, intensity) VALUES (2758, 4, 7);
#
# -- Exercise ID: 2759
# INSERT INTO Exercise (id, title, description, link, equipment_id, training_type_id) VALUES (2759, 'Single Arm Kettlebell Bottoms Up Dead Clean', 'Target: Glutes', 'https://youtu.be/QP8ZqZUuvmk?si=UOZV5omhXZ1F-93V', 15, 3);
# INSERT INTO exercise_muscle (exercise_id, muscle_id, intensity) VALUES (2759, 21, 10);
# INSERT INTO exercise_muscle (exercise_id, muscle_id, intensity) VALUES (2759, 22, 7);
# INSERT INTO exercise_muscle (exercise_id, muscle_id, intensity) VALUES (2759, 11, 4);
#
# -- Exercise ID: 2760
# INSERT INTO Exercise (id, title, description, link, equipment_id, training_type_id) VALUES (2760, 'Alternating Single Arm Kettlebell Bottoms Up Dead Clean', 'Target: Glutes', NULL, 15, 3);
# INSERT INTO exercise_muscle (exercise_id, muscle_id, intensity) VALUES (2760, 21, 10);
# INSERT INTO exercise_muscle (exercise_id, muscle_id, intensity) VALUES (2760, 22, 7);
# INSERT INTO exercise_muscle (exercise_id, muscle_id, intensity) VALUES (2760, 11, 4);
#
# -- Exercise ID: 2761
# INSERT INTO Exercise (id, title, description, link, equipment_id, training_type_id) VALUES (2761, 'Single Arm Kettlebell Dead Clean to Front Rack Squat', 'Target: Quadriceps', 'https://youtu.be/oc0TnNUykEM?si=N_yVekSXidSRo2A4', 15, 10);
# INSERT INTO exercise_muscle (exercise_id, muscle_id, intensity) VALUES (2761, 13, 10);
# INSERT INTO exercise_muscle (exercise_id, muscle_id, intensity) VALUES (2761, 21, 7);
#
# -- Exercise ID: 2762
# INSERT INTO Exercise (id, title, description, link, equipment_id, training_type_id) VALUES (2762, 'Single Arm Kettlebell Dead Clean to Thruster', 'Target: Shoulders', NULL, 15, 10);
# INSERT INTO exercise_muscle (exercise_id, muscle_id, intensity) VALUES (2762, 2, 10);
# INSERT INTO exercise_muscle (exercise_id, muscle_id, intensity) VALUES (2762, 13, 7);
# INSERT INTO exercise_muscle (exercise_id, muscle_id, intensity) VALUES (2762, 21, 4);
#
# -- Exercise ID: 2763
# INSERT INTO Exercise (id, title, description, link, equipment_id, training_type_id) VALUES (2763, 'Alternating Single Arm Kettlebell Dead Clean to Thruster', 'Target: Shoulders', NULL, 15, 10);
# INSERT INTO exercise_muscle (exercise_id, muscle_id, intensity) VALUES (2763, 2, 10);
# INSERT INTO exercise_muscle (exercise_id, muscle_id, intensity) VALUES (2763, 13, 7);
# INSERT INTO exercise_muscle (exercise_id, muscle_id, intensity) VALUES (2763, 21, 4);
#
# -- Exercise ID: 2764
# INSERT INTO Exercise (id, title, description, link, equipment_id, training_type_id) VALUES (2764, 'Alternating Single Arm Kettlebell Dead Clean to Overhead Press', 'Target: Shoulders', 'https://youtu.be/587yc5WQcB0?si=il91YAGQf5s9QyXC', 15, 10);
# INSERT INTO exercise_muscle (exercise_id, muscle_id, intensity) VALUES (2764, 2, 10);
#
# -- Exercise ID: 2765
# INSERT INTO Exercise (id, title, description, link, equipment_id, training_type_id) VALUES (2765, 'Alternating Single Arm Kettlebell Dead Clean to Push Press', 'Target: Shoulders', 'https://youtu.be/Wq5CGNeQGUA?si=bULiT29sEH9tAv6z', 15, 10);
# INSERT INTO exercise_muscle (exercise_id, muscle_id, intensity) VALUES (2765, 2, 10);
#
# -- Exercise ID: 2766
# INSERT INTO Exercise (id, title, description, link, equipment_id, training_type_id) VALUES (2766, 'Alternating Single Arm Kettlebell Dead Clean to Push Jerk', 'Target: Shoulders', NULL, 15, 10);
# INSERT INTO exercise_muscle (exercise_id, muscle_id, intensity) VALUES (2766, 2, 10);
#
# -- Exercise ID: 2767
# INSERT INTO Exercise (id, title, description, link, equipment_id, training_type_id) VALUES (2767, 'Alternating Single Arm Kettlebell Dead Clean to Front Rack Squat', 'Target: Quadriceps', NULL, 15, 10);
# INSERT INTO exercise_muscle (exercise_id, muscle_id, intensity) VALUES (2767, 13, 10);
# INSERT INTO exercise_muscle (exercise_id, muscle_id, intensity) VALUES (2767, 21, 7);
#
# -- Exercise ID: 2768
# INSERT INTO Exercise (id, title, description, link, equipment_id, training_type_id) VALUES (2768, 'Single Arm Macebell Bull Whip to Mill', 'Target: Shoulders', 'https://youtu.be/NUhpNbRmNMg?si=vqY017BanR5_s992', 24, 10);
# INSERT INTO exercise_muscle (exercise_id, muscle_id, intensity) VALUES (2768, 19, 10);
# INSERT INTO exercise_muscle (exercise_id, muscle_id, intensity) VALUES (2768, 11, 7);
#
# -- Exercise ID: 2769
# INSERT INTO Exercise (id, title, description, link, equipment_id, training_type_id) VALUES (2769, 'Double Kettlebell Bottoms Up Overhead Split Squat', 'Target: Quadriceps', NULL, 15, 2);
# INSERT INTO exercise_muscle (exercise_id, muscle_id, intensity) VALUES (2769, 13, 10);
# INSERT INTO exercise_muscle (exercise_id, muscle_id, intensity) VALUES (2769, 21, 7);
# INSERT INTO exercise_muscle (exercise_id, muscle_id, intensity) VALUES (2769, 22, 4);
#
# -- Exercise ID: 2770
# INSERT INTO Exercise (id, title, description, link, equipment_id, training_type_id) VALUES (2770, 'Heavy Sandbag Bear Hug Kang Squat', 'Target: Quadriceps', 'https://youtu.be/XVlH1hEsqMY?si=60gTVsHXWLFVtref', 35, 3);
# INSERT INTO exercise_muscle (exercise_id, muscle_id, intensity) VALUES (2770, 13, 10);
# INSERT INTO exercise_muscle (exercise_id, muscle_id, intensity) VALUES (2770, 21, 7);
# INSERT INTO exercise_muscle (exercise_id, muscle_id, intensity) VALUES (2770, 22, 4);
#
# -- Exercise ID: 2771
# INSERT INTO Exercise (id, title, description, link, equipment_id, training_type_id) VALUES (2771, 'Double Dumbbell Feet Elevated Renegade Row', 'Target: Back', 'https://youtu.be/lLTBO5vqm8A?si=UXhSCQSR6oZS3B2T', 6, 2);
# INSERT INTO exercise_muscle (exercise_id, muscle_id, intensity) VALUES (2771, 17, 10);
#
# -- Exercise ID: 2772
# INSERT INTO Exercise (id, title, description, link, equipment_id, training_type_id) VALUES (2772, 'Double Dumbbell Feet Elevated Renegade Row to Push Up', 'Target: Back', NULL, 6, 2);
# INSERT INTO exercise_muscle (exercise_id, muscle_id, intensity) VALUES (2772, 17, 10);
#
# -- Exercise ID: 2773
# INSERT INTO Exercise (id, title, description, link, equipment_id, training_type_id) VALUES (2773, 'Double Dumbbell Suitcase Forward Lunge', 'Target: Quadriceps', 'https://youtu.be/9gglI77Kzq8?si=_dDcU05y48tssEAF', 6, 2);
# INSERT INTO exercise_muscle (exercise_id, muscle_id, intensity) VALUES (2773, 13, 10);
# INSERT INTO exercise_muscle (exercise_id, muscle_id, intensity) VALUES (2773, 21, 7);
# INSERT INTO exercise_muscle (exercise_id, muscle_id, intensity) VALUES (2773, 22, 4);
#
# -- Exercise ID: 2774
# INSERT INTO Exercise (id, title, description, link, equipment_id, training_type_id) VALUES (2774, 'Barbell Front Rack Forward Lunge', 'Target: Quadriceps', 'https://youtu.be/tEnO9W001b0?feature=shared', 12, 2);
# INSERT INTO exercise_muscle (exercise_id, muscle_id, intensity) VALUES (2774, 13, 10);
# INSERT INTO exercise_muscle (exercise_id, muscle_id, intensity) VALUES (2774, 21, 7);
# INSERT INTO exercise_muscle (exercise_id, muscle_id, intensity) VALUES (2774, 22, 4);
#
# -- Exercise ID: 2775
# INSERT INTO Exercise (id, title, description, link, equipment_id, training_type_id) VALUES (2775, 'Barbell Overhead Forward Lunge', 'Target: Quadriceps', 'https://youtu.be/Y9EGHil8cj0?si=2FSctgexRfTrAxb-', 12, 2);
# INSERT INTO exercise_muscle (exercise_id, muscle_id, intensity) VALUES (2775, 13, 10);
# INSERT INTO exercise_muscle (exercise_id, muscle_id, intensity) VALUES (2775, 21, 7);
# INSERT INTO exercise_muscle (exercise_id, muscle_id, intensity) VALUES (2775, 22, 4);
#
# -- Exercise ID: 2776
# INSERT INTO Exercise (id, title, description, link, equipment_id, training_type_id) VALUES (2776, 'Heavy Sandbag Bear Hug Forward Lunge', 'Target: Quadriceps', NULL, 35, 3);
# INSERT INTO exercise_muscle (exercise_id, muscle_id, intensity) VALUES (2776, 13, 10);
# INSERT INTO exercise_muscle (exercise_id, muscle_id, intensity) VALUES (2776, 21, 7);
# INSERT INTO exercise_muscle (exercise_id, muscle_id, intensity) VALUES (2776, 8, 4);
#
# -- Exercise ID: 2777
# INSERT INTO Exercise (id, title, description, link, equipment_id, training_type_id) VALUES (2777, 'Heavy Sandbag Shoulder Contralateral Forward Lunge', 'Target: Quadriceps', NULL, 35, 3);
# INSERT INTO exercise_muscle (exercise_id, muscle_id, intensity) VALUES (2777, 13, 10);
# INSERT INTO exercise_muscle (exercise_id, muscle_id, intensity) VALUES (2777, 21, 7);
# INSERT INTO exercise_muscle (exercise_id, muscle_id, intensity) VALUES (2777, 22, 4);
#
# -- Exercise ID: 2778
# INSERT INTO Exercise (id, title, description, link, equipment_id, training_type_id) VALUES (2778, 'Barbell Back Rack Forward Lunge', 'Target: Quadriceps', 'https://youtu.be/hUdSY_wXwWU?si=UfpUfMXiZqyUzBJ8', 12, 2);
# INSERT INTO exercise_muscle (exercise_id, muscle_id, intensity) VALUES (2778, 13, 10);
# INSERT INTO exercise_muscle (exercise_id, muscle_id, intensity) VALUES (2778, 21, 7);
# INSERT INTO exercise_muscle (exercise_id, muscle_id, intensity) VALUES (2778, 22, 4);
#
# -- Exercise ID: 2779
# INSERT INTO Exercise (id, title, description, link, equipment_id, training_type_id) VALUES (2779, 'Double Kettlebell Suitcase Forward Lunge', 'Target: Quadriceps', 'https://youtu.be/dgdMXVeApVM?si=C53j2jhBQ-HcBkp2', 15, 2);
# INSERT INTO exercise_muscle (exercise_id, muscle_id, intensity) VALUES (2779, 13, 10);
# INSERT INTO exercise_muscle (exercise_id, muscle_id, intensity) VALUES (2779, 21, 7);
# INSERT INTO exercise_muscle (exercise_id, muscle_id, intensity) VALUES (2779, 22, 4);
#
# -- Exercise ID: 2780
# INSERT INTO Exercise (id, title, description, link, equipment_id, training_type_id) VALUES (2780, 'Double Kettlebell Front Rack Forward Lunge', 'Target: Quadriceps', 'https://youtu.be/s-lZimLr_tg?si=Esmu-85tbaGWBDHx', 15, 2);
# INSERT INTO exercise_muscle (exercise_id, muscle_id, intensity) VALUES (2780, 13, 10);
# INSERT INTO exercise_muscle (exercise_id, muscle_id, intensity) VALUES (2780, 21, 7);
# INSERT INTO exercise_muscle (exercise_id, muscle_id, intensity) VALUES (2780, 22, 4);
#
# -- Exercise ID: 2781
# INSERT INTO Exercise (id, title, description, link, equipment_id, training_type_id) VALUES (2781, 'Double Kettlebell Bottoms Up Front Rack Forward Lunge', 'Target: Quadriceps', NULL, 15, 2);
# INSERT INTO exercise_muscle (exercise_id, muscle_id, intensity) VALUES (2781, 13, 10);
# INSERT INTO exercise_muscle (exercise_id, muscle_id, intensity) VALUES (2781, 21, 7);
# INSERT INTO exercise_muscle (exercise_id, muscle_id, intensity) VALUES (2781, 22, 4);
#
# -- Exercise ID: 2782
# INSERT INTO Exercise (id, title, description, link, equipment_id, training_type_id) VALUES (2782, 'Double Dumbbell Front Rack Forward Lunge', 'Target: Quadriceps', 'https://youtu.be/gqAaDuZQjXY?si=XpGry05ejKZXpsz-', 6, 2);
# INSERT INTO exercise_muscle (exercise_id, muscle_id, intensity) VALUES (2782, 13, 10);
# INSERT INTO exercise_muscle (exercise_id, muscle_id, intensity) VALUES (2782, 21, 7);
# INSERT INTO exercise_muscle (exercise_id, muscle_id, intensity) VALUES (2782, 22, 4);
#
# -- Exercise ID: 2783
# INSERT INTO Exercise (id, title, description, link, equipment_id, training_type_id) VALUES (2783, 'Double Dumbbell Overhead Forward Lunge', 'Target: Quadriceps', 'https://youtu.be/c-4dfhO8QTw?si=7jy_yBEvLZdLrTWC', 6, 2);
# INSERT INTO exercise_muscle (exercise_id, muscle_id, intensity) VALUES (2783, 13, 10);
# INSERT INTO exercise_muscle (exercise_id, muscle_id, intensity) VALUES (2783, 21, 7);
# INSERT INTO exercise_muscle (exercise_id, muscle_id, intensity) VALUES (2783, 22, 4);
#
# -- Exercise ID: 2784
# INSERT INTO Exercise (id, title, description, link, equipment_id, training_type_id) VALUES (2784, 'Single Arm Dumbbell Suitcase Contralateral Forward Lunge', 'Target: Quadriceps', 'https://youtu.be/nEFul0yIBzU?si=Dt-DKAqMcRsQMRWd', 6, 2);
# INSERT INTO exercise_muscle (exercise_id, muscle_id, intensity) VALUES (2784, 13, 10);
# INSERT INTO exercise_muscle (exercise_id, muscle_id, intensity) VALUES (2784, 21, 7);
# INSERT INTO exercise_muscle (exercise_id, muscle_id, intensity) VALUES (2784, 22, 4);
#
# -- Exercise ID: 2785
# INSERT INTO Exercise (id, title, description, link, equipment_id, training_type_id) VALUES (2785, 'Single Arm Dumbbell Front Rack Contralateral Forward Lunge', 'Target: Quadriceps', 'https://youtu.be/UbQwG3BPs54?si=OAD_X1vRpwmgJgHl', 6, 2);
# INSERT INTO exercise_muscle (exercise_id, muscle_id, intensity) VALUES (2785, 13, 10);
# INSERT INTO exercise_muscle (exercise_id, muscle_id, intensity) VALUES (2785, 21, 7);
# INSERT INTO exercise_muscle (exercise_id, muscle_id, intensity) VALUES (2785, 22, 4);
#
# -- Exercise ID: 2786
# INSERT INTO Exercise (id, title, description, link, equipment_id, training_type_id) VALUES (2786, 'Single Arm Dumbbell Overhead Contralateral Forward Lunge', 'Target: Quadriceps', 'https://youtu.be/b5LGhv3B2us?si=6V7uUbW59eAmJ9Lx', 6, 2);
# INSERT INTO exercise_muscle (exercise_id, muscle_id, intensity) VALUES (2786, 13, 10);
# INSERT INTO exercise_muscle (exercise_id, muscle_id, intensity) VALUES (2786, 21, 7);
# INSERT INTO exercise_muscle (exercise_id, muscle_id, intensity) VALUES (2786, 22, 4);
#
# -- Exercise ID: 2787
# INSERT INTO Exercise (id, title, description, link, equipment_id, training_type_id) VALUES (2787, 'Double Kettlebell Overhead Forward Lunge', 'Target: Quadriceps', 'https://youtu.be/ZS0_Pnqs18o?si=iqfhdouw2kgEVNp1', 15, 2);
# INSERT INTO exercise_muscle (exercise_id, muscle_id, intensity) VALUES (2787, 13, 10);
# INSERT INTO exercise_muscle (exercise_id, muscle_id, intensity) VALUES (2787, 21, 7);
# INSERT INTO exercise_muscle (exercise_id, muscle_id, intensity) VALUES (2787, 22, 4);
#
# -- Exercise ID: 2788
# INSERT INTO Exercise (id, title, description, link, equipment_id, training_type_id) VALUES (2788, 'Dumbbell Goblet Forward Lunge', 'Target: Quadriceps', 'https://youtu.be/Q2ELBxwUp28?si=SahPctazGJoXnzHQ', 6, 2);
# INSERT INTO exercise_muscle (exercise_id, muscle_id, intensity) VALUES (2788, 13, 10);
# INSERT INTO exercise_muscle (exercise_id, muscle_id, intensity) VALUES (2788, 21, 7);
# INSERT INTO exercise_muscle (exercise_id, muscle_id, intensity) VALUES (2788, 22, 4);
#
# -- Exercise ID: 2789
# INSERT INTO Exercise (id, title, description, link, equipment_id, training_type_id) VALUES (2789, 'Clubbell Order Forward Lunge', 'Target: Quadriceps', 'https://youtu.be/mVJyt-hJqQ4?si=ZyQU-rcyvqeQG8GO', 26, 2);
# INSERT INTO exercise_muscle (exercise_id, muscle_id, intensity) VALUES (2789, 13, 10);
# INSERT INTO exercise_muscle (exercise_id, muscle_id, intensity) VALUES (2789, 21, 7);
# INSERT INTO exercise_muscle (exercise_id, muscle_id, intensity) VALUES (2789, 22, 4);
#
# -- Exercise ID: 2790
# INSERT INTO Exercise (id, title, description, link, equipment_id, training_type_id) VALUES (2790, 'Double Clubbell Order Forward Lunge', 'Target: Quadriceps', NULL, 26, 2);
# INSERT INTO exercise_muscle (exercise_id, muscle_id, intensity) VALUES (2790, 13, 10);
# INSERT INTO exercise_muscle (exercise_id, muscle_id, intensity) VALUES (2790, 21, 7);
# INSERT INTO exercise_muscle (exercise_id, muscle_id, intensity) VALUES (2790, 22, 4);
#
# -- Exercise ID: 2791
# INSERT INTO Exercise (id, title, description, link, equipment_id, training_type_id) VALUES (2791, 'Single Arm Clubbell Order Contralateral Forward Lunge', 'Target: Quadriceps', NULL, 26, 2);
# INSERT INTO exercise_muscle (exercise_id, muscle_id, intensity) VALUES (2791, 13, 10);
# INSERT INTO exercise_muscle (exercise_id, muscle_id, intensity) VALUES (2791, 21, 7);
# INSERT INTO exercise_muscle (exercise_id, muscle_id, intensity) VALUES (2791, 22, 4);
#
# -- Exercise ID: 2792
# INSERT INTO Exercise (id, title, description, link, equipment_id, training_type_id) VALUES (2792, 'Macebell Order Forward Lunge', 'Target: Quadriceps', NULL, 24, 2);
# INSERT INTO exercise_muscle (exercise_id, muscle_id, intensity) VALUES (2792, 13, 10);
# INSERT INTO exercise_muscle (exercise_id, muscle_id, intensity) VALUES (2792, 21, 7);
# INSERT INTO exercise_muscle (exercise_id, muscle_id, intensity) VALUES (2792, 22, 4);
#
# -- Exercise ID: 2793
# INSERT INTO Exercise (id, title, description, link, equipment_id, training_type_id) VALUES (2793, 'Double Kettlebell Bottoms Up Overhead Forward Lunge', 'Target: Quadriceps', NULL, 15, 2);
# INSERT INTO exercise_muscle (exercise_id, muscle_id, intensity) VALUES (2793, 13, 10);
# INSERT INTO exercise_muscle (exercise_id, muscle_id, intensity) VALUES (2793, 21, 7);
# INSERT INTO exercise_muscle (exercise_id, muscle_id, intensity) VALUES (2793, 22, 4);
#
# -- Exercise ID: 2794
# INSERT INTO Exercise (id, title, description, link, equipment_id, training_type_id) VALUES (2794, 'Single Arm Kettlebell Suitcase Contralateral Forward Lunge', 'Target: Quadriceps', NULL, 15, 2);
# INSERT INTO exercise_muscle (exercise_id, muscle_id, intensity) VALUES (2794, 13, 10);
# INSERT INTO exercise_muscle (exercise_id, muscle_id, intensity) VALUES (2794, 21, 7);
# INSERT INTO exercise_muscle (exercise_id, muscle_id, intensity) VALUES (2794, 22, 4);
#
# -- Exercise ID: 2795
# INSERT INTO Exercise (id, title, description, link, equipment_id, training_type_id) VALUES (2795, 'Bodyweight Forward Lunge', 'Target: Quadriceps', 'https://youtu.be/1XKXGRQX-0w?si=hoLOL3F63ye-LGkD', 2, 2);
# INSERT INTO exercise_muscle (exercise_id, muscle_id, intensity) VALUES (2795, 13, 10);
# INSERT INTO exercise_muscle (exercise_id, muscle_id, intensity) VALUES (2795, 21, 7);
# INSERT INTO exercise_muscle (exercise_id, muscle_id, intensity) VALUES (2795, 22, 4);
#
# -- Exercise ID: 2796
# INSERT INTO Exercise (id, title, description, link, equipment_id, training_type_id) VALUES (2796, 'Bulgarian Bag Back Rack Forward Lunge', 'Target: Quadriceps', 'https://youtu.be/GRFb4uKia9o?si=12NJKTAJm5VqsZCt', 34, 2);
# INSERT INTO exercise_muscle (exercise_id, muscle_id, intensity) VALUES (2796, 13, 10);
# INSERT INTO exercise_muscle (exercise_id, muscle_id, intensity) VALUES (2796, 21, 7);
# INSERT INTO exercise_muscle (exercise_id, muscle_id, intensity) VALUES (2796, 22, 4);
#
# -- Exercise ID: 2797
# INSERT INTO Exercise (id, title, description, link, equipment_id, training_type_id) VALUES (2797, 'Sandbag Front Rack Forward Lunge', 'Target: Quadriceps', 'https://youtu.be/DoXtPhcQZ0A?si=-jOVMkwU4yMda8b5', 36, 2);
# INSERT INTO exercise_muscle (exercise_id, muscle_id, intensity) VALUES (2797, 13, 10);
# INSERT INTO exercise_muscle (exercise_id, muscle_id, intensity) VALUES (2797, 21, 7);
# INSERT INTO exercise_muscle (exercise_id, muscle_id, intensity) VALUES (2797, 22, 4);
#
# -- Exercise ID: 2798
# INSERT INTO Exercise (id, title, description, link, equipment_id, training_type_id) VALUES (2798, 'Plate Overhead Forward Lunge', 'Target: Quadriceps', 'https://youtu.be/GLx4dqyToMQ?si=SE9oL2hGuFmb1rI_', 22, 2);
# INSERT INTO exercise_muscle (exercise_id, muscle_id, intensity) VALUES (2798, 13, 10);
# INSERT INTO exercise_muscle (exercise_id, muscle_id, intensity) VALUES (2798, 21, 7);
# INSERT INTO exercise_muscle (exercise_id, muscle_id, intensity) VALUES (2798, 22, 4);
#
# -- Exercise ID: 2799
# INSERT INTO Exercise (id, title, description, link, equipment_id, training_type_id) VALUES (2799, 'Single Arm Kettlebell Front Rack Contralateral Forward Lunge', 'Target: Quadriceps', 'https://youtu.be/93jOACk6hCI?si=Wh87FQShHz6PdDPL', 15, 2);
# INSERT INTO exercise_muscle (exercise_id, muscle_id, intensity) VALUES (2799, 13, 10);
# INSERT INTO exercise_muscle (exercise_id, muscle_id, intensity) VALUES (2799, 21, 7);
# INSERT INTO exercise_muscle (exercise_id, muscle_id, intensity) VALUES (2799, 22, 4);
#
# -- Exercise ID: 2800
# INSERT INTO Exercise (id, title, description, link, equipment_id, training_type_id) VALUES (2800, 'Single Arm Kettlebell Bottoms Up Front Rack Contralateral Forward Lunge', 'Target: Quadriceps', 'https://youtu.be/PHEZCp68iI8?feature=shared', 15, 2);
# INSERT INTO exercise_muscle (exercise_id, muscle_id, intensity) VALUES (2800, 13, 10);
# INSERT INTO exercise_muscle (exercise_id, muscle_id, intensity) VALUES (2800, 21, 7);
# INSERT INTO exercise_muscle (exercise_id, muscle_id, intensity) VALUES (2800, 22, 4);
#
# -- Exercise ID: 2801
# INSERT INTO Exercise (id, title, description, link, equipment_id, training_type_id) VALUES (2801, 'Single Arm Kettlebell Overhead Contralateral Forward Lunge', 'Target: Quadriceps', 'https://youtu.be/tCdyjT6r7IQ?si=rxUYwp8Jt_iRYs1A', 15, 2);
# INSERT INTO exercise_muscle (exercise_id, muscle_id, intensity) VALUES (2801, 13, 10);
# INSERT INTO exercise_muscle (exercise_id, muscle_id, intensity) VALUES (2801, 21, 7);
# INSERT INTO exercise_muscle (exercise_id, muscle_id, intensity) VALUES (2801, 22, 4);
#
# -- Exercise ID: 2802
# INSERT INTO Exercise (id, title, description, link, equipment_id, training_type_id) VALUES (2802, 'Single Arm Kettlebell Bottoms Up Overhead Contralateral Forward Lunge', 'Target: Quadriceps', 'https://youtu.be/Nsz_DAZS6cw?feature=shared', 15, 2);
# INSERT INTO exercise_muscle (exercise_id, muscle_id, intensity) VALUES (2802, 13, 10);
# INSERT INTO exercise_muscle (exercise_id, muscle_id, intensity) VALUES (2802, 21, 7);
# INSERT INTO exercise_muscle (exercise_id, muscle_id, intensity) VALUES (2802, 22, 4);
#
# -- Exercise ID: 2803
# INSERT INTO Exercise (id, title, description, link, equipment_id, training_type_id) VALUES (2803, 'Kettlebell Goblet Forward Lunge', 'Target: Quadriceps', 'https://youtu.be/5zdsUZyVyZU?si=zOn7HfTe53mopVx9', 15, 2);
# INSERT INTO exercise_muscle (exercise_id, muscle_id, intensity) VALUES (2803, 13, 10);
# INSERT INTO exercise_muscle (exercise_id, muscle_id, intensity) VALUES (2803, 21, 7);
# INSERT INTO exercise_muscle (exercise_id, muscle_id, intensity) VALUES (2803, 22, 4);
#
# -- Exercise ID: 2804
# INSERT INTO Exercise (id, title, description, link, equipment_id, training_type_id) VALUES (2804, 'Kettlebell Horn Grip Forward Lunge', 'Target: Quadriceps', 'https://youtu.be/B2jHsaojI4A?si=t3FbVaw_mjK5VgeG', 15, 2);
# INSERT INTO exercise_muscle (exercise_id, muscle_id, intensity) VALUES (2804, 13, 10);
# INSERT INTO exercise_muscle (exercise_id, muscle_id, intensity) VALUES (2804, 21, 7);
# INSERT INTO exercise_muscle (exercise_id, muscle_id, intensity) VALUES (2804, 22, 4);
#
# -- Exercise ID: 2805
# INSERT INTO Exercise (id, title, description, link, equipment_id, training_type_id) VALUES (2805, 'Barbell Zercher Forward Lunge', 'Target: Quadriceps', 'https://youtu.be/bVOx0bS6BvI?si=E52DJq8hShYSUVbw', 12, 2);
# INSERT INTO exercise_muscle (exercise_id, muscle_id, intensity) VALUES (2805, 13, 10);
# INSERT INTO exercise_muscle (exercise_id, muscle_id, intensity) VALUES (2805, 21, 7);
# INSERT INTO exercise_muscle (exercise_id, muscle_id, intensity) VALUES (2805, 22, 4);
#
# -- Exercise ID: 2806
# INSERT INTO Exercise (id, title, description, link, equipment_id, training_type_id) VALUES (2806, 'Single Arm Dumbbell Suitcase Ipsilateral Forward Lunge', 'Target: Quadriceps', 'https://youtu.be/6qREgTKXbOM?si=gyM_F4WYjs2hqIS7', 6, 2);
# INSERT INTO exercise_muscle (exercise_id, muscle_id, intensity) VALUES (2806, 13, 10);
# INSERT INTO exercise_muscle (exercise_id, muscle_id, intensity) VALUES (2806, 21, 7);
# INSERT INTO exercise_muscle (exercise_id, muscle_id, intensity) VALUES (2806, 22, 4);
#
# -- Exercise ID: 2807
# INSERT INTO Exercise (id, title, description, link, equipment_id, training_type_id) VALUES (2807, 'Single Arm Dumbbell Front Rack Ipsilateral Forward Lunge', 'Target: Quadriceps', 'https://youtu.be/hSqr6cDitEg?si=0Q3eJ7Civ09nXoAr', 6, 2);
# INSERT INTO exercise_muscle (exercise_id, muscle_id, intensity) VALUES (2807, 13, 10);
# INSERT INTO exercise_muscle (exercise_id, muscle_id, intensity) VALUES (2807, 21, 7);
# INSERT INTO exercise_muscle (exercise_id, muscle_id, intensity) VALUES (2807, 22, 4);
#
# -- Exercise ID: 2808
# INSERT INTO Exercise (id, title, description, link, equipment_id, training_type_id) VALUES (2808, 'Single Arm Dumbbell Overhead Ipsilateral Forward Lunge', 'Target: Quadriceps', 'https://youtu.be/qfpKsxIGOu0?si=fKCRBwv_aknD3aFj', 6, 2);
# INSERT INTO exercise_muscle (exercise_id, muscle_id, intensity) VALUES (2808, 13, 10);
# INSERT INTO exercise_muscle (exercise_id, muscle_id, intensity) VALUES (2808, 21, 7);
# INSERT INTO exercise_muscle (exercise_id, muscle_id, intensity) VALUES (2808, 22, 4);
#
# -- Exercise ID: 2809
# INSERT INTO Exercise (id, title, description, link, equipment_id, training_type_id) VALUES (2809, 'Single Arm Clubbell Order Ipsilateral Forward Lunge', 'Target: Quadriceps', 'https://youtu.be/lBKvPGFLaKg?si=ysrtgn3hQImmLVaF', 26, 2);
# INSERT INTO exercise_muscle (exercise_id, muscle_id, intensity) VALUES (2809, 13, 10);
# INSERT INTO exercise_muscle (exercise_id, muscle_id, intensity) VALUES (2809, 21, 7);
# INSERT INTO exercise_muscle (exercise_id, muscle_id, intensity) VALUES (2809, 22, 4);
#
# -- Exercise ID: 2810
# INSERT INTO Exercise (id, title, description, link, equipment_id, training_type_id) VALUES (2810, 'Single Arm Kettlebell Suitcase Ipsilateral Forward Lunge', 'Target: Quadriceps', 'https://youtu.be/TPCs1UFpADo?si=m8DKfTmxHGcavJDM', 15, 2);
# INSERT INTO exercise_muscle (exercise_id, muscle_id, intensity) VALUES (2810, 13, 10);
# INSERT INTO exercise_muscle (exercise_id, muscle_id, intensity) VALUES (2810, 21, 7);
# INSERT INTO exercise_muscle (exercise_id, muscle_id, intensity) VALUES (2810, 22, 4);
#
# -- Exercise ID: 2811
# INSERT INTO Exercise (id, title, description, link, equipment_id, training_type_id) VALUES (2811, 'Single Arm Kettlebell Front Rack Ipsilateral Forward Lunge', 'Target: Quadriceps', 'https://youtu.be/vnwL74DnWK8?si=qsKdUhrsdu46i1An', 15, 2);
# INSERT INTO exercise_muscle (exercise_id, muscle_id, intensity) VALUES (2811, 13, 10);
# INSERT INTO exercise_muscle (exercise_id, muscle_id, intensity) VALUES (2811, 21, 7);
# INSERT INTO exercise_muscle (exercise_id, muscle_id, intensity) VALUES (2811, 22, 4);
#
# -- Exercise ID: 2812
# INSERT INTO Exercise (id, title, description, link, equipment_id, training_type_id) VALUES (2812, 'Single Arm Kettlebell Bottoms Up Front Rack Ipsilateral Forward Lunge', 'Target: Quadriceps', NULL, 15, 2);
# INSERT INTO exercise_muscle (exercise_id, muscle_id, intensity) VALUES (2812, 13, 10);
# INSERT INTO exercise_muscle (exercise_id, muscle_id, intensity) VALUES (2812, 21, 7);
# INSERT INTO exercise_muscle (exercise_id, muscle_id, intensity) VALUES (2812, 22, 4);
#
# -- Exercise ID: 2813
# INSERT INTO Exercise (id, title, description, link, equipment_id, training_type_id) VALUES (2813, 'Single Arm Kettlebell Overhead Ipsilateral Forward Lunge', 'Target: Quadriceps', NULL, 15, 2);
# INSERT INTO exercise_muscle (exercise_id, muscle_id, intensity) VALUES (2813, 13, 10);
# INSERT INTO exercise_muscle (exercise_id, muscle_id, intensity) VALUES (2813, 21, 7);
# INSERT INTO exercise_muscle (exercise_id, muscle_id, intensity) VALUES (2813, 22, 4);
#
# -- Exercise ID: 2814
# INSERT INTO Exercise (id, title, description, link, equipment_id, training_type_id) VALUES (2814, 'Single Arm Kettlebell Bottoms Up Overhead Ipsilateral Forward Lunge', 'Target: Quadriceps', NULL, 15, 2);
# INSERT INTO exercise_muscle (exercise_id, muscle_id, intensity) VALUES (2814, 13, 10);
# INSERT INTO exercise_muscle (exercise_id, muscle_id, intensity) VALUES (2814, 21, 7);
# INSERT INTO exercise_muscle (exercise_id, muscle_id, intensity) VALUES (2814, 22, 4);
#
# -- Exercise ID: 2815
# INSERT INTO Exercise (id, title, description, link, equipment_id, training_type_id) VALUES (2815, 'Alternating Single Arm Dumbbell Plank Pull Through', 'Target: Abdominals', 'https://youtu.be/Zko5x2SoQmo?si=PCTDak-unxScaIpM', 6, 3);
# INSERT INTO exercise_muscle (exercise_id, muscle_id, intensity) VALUES (2815, 11, 10);
# INSERT INTO exercise_muscle (exercise_id, muscle_id, intensity) VALUES (2815, 12, 7);
#
# -- Exercise ID: 2816
# INSERT INTO Exercise (id, title, description, link, equipment_id, training_type_id) VALUES (2816, 'Alternating Single Arm Dumbbell Feet Elevated Plank Pull Through', 'Target: Abdominals', 'https://youtu.be/Q7FtGv0v7vg?si=DvtZ3VraSeIPHfHk', 6, 3);
# INSERT INTO exercise_muscle (exercise_id, muscle_id, intensity) VALUES (2816, 11, 10);
# INSERT INTO exercise_muscle (exercise_id, muscle_id, intensity) VALUES (2816, 12, 7);
#
# -- Exercise ID: 2817
# INSERT INTO Exercise (id, title, description, link, equipment_id, training_type_id) VALUES (2817, 'Landmine Cyclist Thruster', 'Target: Quadriceps', NULL, 19, 2);
# INSERT INTO exercise_muscle (exercise_id, muscle_id, intensity) VALUES (2817, 13, 10);
# INSERT INTO exercise_muscle (exercise_id, muscle_id, intensity) VALUES (2817, 2, 7);
#
# -- Exercise ID: 2818
# INSERT INTO Exercise (id, title, description, link, equipment_id, training_type_id) VALUES (2818, 'Single Arm Landmine Cyclist Thruster', 'Target: Quadriceps', NULL, 19, 2);
# INSERT INTO exercise_muscle (exercise_id, muscle_id, intensity) VALUES (2818, 13, 10);
# INSERT INTO exercise_muscle (exercise_id, muscle_id, intensity) VALUES (2818, 2, 7);
#
# -- Exercise ID: 2819
# INSERT INTO Exercise (id, title, description, link, equipment_id, training_type_id) VALUES (2819, 'Clubbell Swing', 'Target: Glutes', 'https://youtu.be/9JHFkrjW4_Y?si=m1HLdDm33Jymv5KP', 26, 10);
# INSERT INTO exercise_muscle (exercise_id, muscle_id, intensity) VALUES (2819, 21, 10);
#
# -- Exercise ID: 2820
# INSERT INTO Exercise (id, title, description, link, equipment_id, training_type_id) VALUES (2820, 'Macebell Half Battle Lunge', 'Target: Quadriceps', 'https://youtu.be/UNgnGEswyR4?si=oWVFZerU0mt-Io9N', 24, 3);
# INSERT INTO exercise_muscle (exercise_id, muscle_id, intensity) VALUES (2820, 13, 10);
# INSERT INTO exercise_muscle (exercise_id, muscle_id, intensity) VALUES (2820, 21, 7);
# INSERT INTO exercise_muscle (exercise_id, muscle_id, intensity) VALUES (2820, 12, 4);
#
# -- Exercise ID: 2821
# INSERT INTO Exercise (id, title, description, link, equipment_id, training_type_id) VALUES (2821, 'Clubbell Order Pivot Split Squat', 'Target: Quadriceps', NULL, 26, 2);
# INSERT INTO exercise_muscle (exercise_id, muscle_id, intensity) VALUES (2821, 13, 10);
# INSERT INTO exercise_muscle (exercise_id, muscle_id, intensity) VALUES (2821, 21, 7);
# INSERT INTO exercise_muscle (exercise_id, muscle_id, intensity) VALUES (2821, 14, 4);
#
# -- Exercise ID: 2822
# INSERT INTO Exercise (id, title, description, link, equipment_id, training_type_id) VALUES (2822, 'Macebell Order Pivot Split Squat', 'Target: Quadriceps', NULL, 24, 2);
# INSERT INTO exercise_muscle (exercise_id, muscle_id, intensity) VALUES (2822, 13, 10);
# INSERT INTO exercise_muscle (exercise_id, muscle_id, intensity) VALUES (2822, 21, 7);
# INSERT INTO exercise_muscle (exercise_id, muscle_id, intensity) VALUES (2822, 14, 4);
#
# -- Exercise ID: 2823
# INSERT INTO Exercise (id, title, description, link, equipment_id, training_type_id) VALUES (2823, 'Bodyweight Plate Assisted Hip Airplane', 'Target: Glutes', 'https://youtu.be/0JAmWCoB7ec?si=aUSwxvV3VwO7Fqfi', 2, 3);
# INSERT INTO exercise_muscle (exercise_id, muscle_id, intensity) VALUES (2823, 15, 10);
#
# -- Exercise ID: 2824
# INSERT INTO Exercise (id, title, description, link, equipment_id, training_type_id) VALUES (2824, 'Macebell Battle Lunge', 'Target: Quadriceps', 'https://youtu.be/ZJ95ZoB0ZXY?si=pipbT6H4SgqjMWv0', 24, 3);
# INSERT INTO exercise_muscle (exercise_id, muscle_id, intensity) VALUES (2824, 13, 10);
# INSERT INTO exercise_muscle (exercise_id, muscle_id, intensity) VALUES (2824, 21, 7);
# INSERT INTO exercise_muscle (exercise_id, muscle_id, intensity) VALUES (2824, 12, 4);
#
# -- Exercise ID: 2825
# INSERT INTO Exercise (id, title, description, link, equipment_id, training_type_id) VALUES (2825, 'Single Arm Kettlebell Tactical Half Snatch', 'Target: Glutes', NULL, 15, 10);
# INSERT INTO exercise_muscle (exercise_id, muscle_id, intensity) VALUES (2825, 21, 10);
# INSERT INTO exercise_muscle (exercise_id, muscle_id, intensity) VALUES (2825, 22, 7);
# INSERT INTO exercise_muscle (exercise_id, muscle_id, intensity) VALUES (2825, 2, 4);
#
# -- Exercise ID: 2826
# INSERT INTO Exercise (id, title, description, link, equipment_id, training_type_id) VALUES (2826, 'Heavy Sandbag Shoulder Ipsilateral Forward Lunge', 'Target: Quadriceps', NULL, 35, 3);
# INSERT INTO exercise_muscle (exercise_id, muscle_id, intensity) VALUES (2826, 13, 10);
# INSERT INTO exercise_muscle (exercise_id, muscle_id, intensity) VALUES (2826, 21, 7);
# INSERT INTO exercise_muscle (exercise_id, muscle_id, intensity) VALUES (2826, 22, 4);
#
# -- Exercise ID: 2827
# INSERT INTO Exercise (id, title, description, link, equipment_id, training_type_id) VALUES (2827, 'Barbell Tall Kneeling Cuban Rotation', 'Target: Shoulders', 'https://youtu.be/iJDTNEOenI4?si=ki1UV_dGUSCuBj03', 12, 3);
# INSERT INTO exercise_muscle (exercise_id, muscle_id, intensity) VALUES (2827, 19, 10);
#
# -- Exercise ID: 2828
# INSERT INTO Exercise (id, title, description, link, equipment_id, training_type_id) VALUES (2828, 'Barbell Cuban Rotation', 'Target: Shoulders', 'https://youtu.be/J9thOow3-iY?si=mZOrggfNx4BC4LdB', 12, 3);
# INSERT INTO exercise_muscle (exercise_id, muscle_id, intensity) VALUES (2828, 19, 10);
#
# -- Exercise ID: 2829
# INSERT INTO Exercise (id, title, description, link, equipment_id, training_type_id) VALUES (2829, 'Alternating Single Arm Landmine Tall Kneeling Shoulder Press', 'Target: Shoulders', 'https://youtu.be/9ExnOQh3WDU?si=7rIFSmGhbv4rgcJ2', 19, 3);
# INSERT INTO exercise_muscle (exercise_id, muscle_id, intensity) VALUES (2829, 2, 10);
#
# -- Exercise ID: 2830
# INSERT INTO Exercise (id, title, description, link, equipment_id, training_type_id) VALUES (2830, 'Barbell Feet Elevated Glute Bridge', 'Target: Glutes', 'https://youtu.be/mVzkA_m7I8k?si=nz9dAss-NvLHBUln', 12, 2);
# INSERT INTO exercise_muscle (exercise_id, muscle_id, intensity) VALUES (2830, 21, 10);
# INSERT INTO exercise_muscle (exercise_id, muscle_id, intensity) VALUES (2830, 22, 7);
# INSERT INTO exercise_muscle (exercise_id, muscle_id, intensity) VALUES (2830, 20, 4);
#
# -- Exercise ID: 2831
# INSERT INTO Exercise (id, title, description, link, equipment_id, training_type_id) VALUES (2831, 'Single Arm Kettlebell Tactical Snatch to Overhead Squat', 'Target: Quadriceps', NULL, 15, 10);
# INSERT INTO exercise_muscle (exercise_id, muscle_id, intensity) VALUES (2831, 13, 10);
# INSERT INTO exercise_muscle (exercise_id, muscle_id, intensity) VALUES (2831, 21, 7);
# INSERT INTO exercise_muscle (exercise_id, muscle_id, intensity) VALUES (2831, 22, 4);
#
# -- Exercise ID: 2832
# INSERT INTO Exercise (id, title, description, link, equipment_id, training_type_id) VALUES (2832, 'Bodyweight Push Up to Alternating Lateral Kick Through', 'Target: Chest', 'https://youtu.be/8pHMj4-Azg0?si=TXPShPnR-ER2dIw-', 2, 5);
# INSERT INTO exercise_muscle (exercise_id, muscle_id, intensity) VALUES (2832, 7, 10);
# INSERT INTO exercise_muscle (exercise_id, muscle_id, intensity) VALUES (2832, 11, 7);
#
# -- Exercise ID: 2833
# INSERT INTO Exercise (id, title, description, link, equipment_id, training_type_id) VALUES (2833, 'Double Dumbbell Single Leg Romanian Deadlift', 'Target: Hamstrings', 'https://youtu.be/vexyZD8S1B8?si=qmrB8iZUTuht69xJ', 6, 2);
# INSERT INTO exercise_muscle (exercise_id, muscle_id, intensity) VALUES (2833, 22, 10);
# INSERT INTO exercise_muscle (exercise_id, muscle_id, intensity) VALUES (2833, 21, 7);
# INSERT INTO exercise_muscle (exercise_id, muscle_id, intensity) VALUES (2833, 12, 4);
#
# -- Exercise ID: 2834
# INSERT INTO Exercise (id, title, description, link, equipment_id, training_type_id) VALUES (2834, 'Single Arm Dumbbell Contralateral Single Leg Romanian Deadlift', 'Target: Hamstrings', 'https://youtu.be/cqSuTycslLg?si=dnsKBV2QyBbtxyRD', 6, 2);
# INSERT INTO exercise_muscle (exercise_id, muscle_id, intensity) VALUES (2834, 22, 10);
# INSERT INTO exercise_muscle (exercise_id, muscle_id, intensity) VALUES (2834, 21, 7);
# INSERT INTO exercise_muscle (exercise_id, muscle_id, intensity) VALUES (2834, 12, 4);
#
# -- Exercise ID: 2835
# INSERT INTO Exercise (id, title, description, link, equipment_id, training_type_id) VALUES (2835, 'Dumbbell Crush Grip Single Leg Romanian Deadlift', 'Target: Hamstrings', NULL, 6, 2);
# INSERT INTO exercise_muscle (exercise_id, muscle_id, intensity) VALUES (2835, 22, 10);
# INSERT INTO exercise_muscle (exercise_id, muscle_id, intensity) VALUES (2835, 21, 7);
# INSERT INTO exercise_muscle (exercise_id, muscle_id, intensity) VALUES (2835, 12, 4);
#
# -- Exercise ID: 2836
# INSERT INTO Exercise (id, title, description, link, equipment_id, training_type_id) VALUES (2836, 'Alternating Double Clubbell Pullover', 'Target: Back', NULL, 26, 3);
# INSERT INTO exercise_muscle (exercise_id, muscle_id, intensity) VALUES (2836, 17, 10);
# INSERT INTO exercise_muscle (exercise_id, muscle_id, intensity) VALUES (2836, 19, 7);
# INSERT INTO exercise_muscle (exercise_id, muscle_id, intensity) VALUES (2836, 4, 4);
#
# -- Exercise ID: 2837
# INSERT INTO Exercise (id, title, description, link, equipment_id, training_type_id) VALUES (2837, 'Barbell Tall Kneeling Bicep Curl', 'Target: Biceps', 'https://youtu.be/yoKxUD9pUj8?si=8BcXj2frpNXsJmfa', 12, 2);
# INSERT INTO exercise_muscle (exercise_id, muscle_id, intensity) VALUES (2837, 8, 10);
# INSERT INTO exercise_muscle (exercise_id, muscle_id, intensity) VALUES (2837, 10, 4);
#
# -- Exercise ID: 2838
# INSERT INTO Exercise (id, title, description, link, equipment_id, training_type_id) VALUES (2838, 'Dumbbell Tall Kneeling Overhead Tricep Extension', 'Target: Triceps', 'https://youtu.be/1SeR4V-EYK8?si=jeUtHpyY3S0-eqZF', 6, 2);
# INSERT INTO exercise_muscle (exercise_id, muscle_id, intensity) VALUES (2838, 4, 10);
# INSERT INTO exercise_muscle (exercise_id, muscle_id, intensity) VALUES (2838, 2, 7);
# INSERT INTO exercise_muscle (exercise_id, muscle_id, intensity) VALUES (2838, 11, 4);
#
# -- Exercise ID: 2839
# INSERT INTO Exercise (id, title, description, link, equipment_id, training_type_id) VALUES (2839, 'Clubbell Inside Circle to Shield Cast', 'Target: Shoulders', NULL, 26, 10);
# INSERT INTO exercise_muscle (exercise_id, muscle_id, intensity) VALUES (2839, 19, 10);
# INSERT INTO exercise_muscle (exercise_id, muscle_id, intensity) VALUES (2839, 11, 7);
# INSERT INTO exercise_muscle (exercise_id, muscle_id, intensity) VALUES (2839, 21, 4);
#
# -- Exercise ID: 2840
# INSERT INTO Exercise (id, title, description, link, equipment_id, training_type_id) VALUES (2840, 'Alternating Single Arm Clubbell Inside Circle to Shield Cast', 'Target: Shoulders', NULL, 26, 10);
# INSERT INTO exercise_muscle (exercise_id, muscle_id, intensity) VALUES (2840, 19, 10);
# INSERT INTO exercise_muscle (exercise_id, muscle_id, intensity) VALUES (2840, 11, 7);
# INSERT INTO exercise_muscle (exercise_id, muscle_id, intensity) VALUES (2840, 21, 4);
#
# -- Exercise ID: 2841
# INSERT INTO Exercise (id, title, description, link, equipment_id, training_type_id) VALUES (2841, 'Alternating Single Arm Kettlebell Snatch to Overhead Squat', 'Target: Quadriceps', NULL, 15, 10);
# INSERT INTO exercise_muscle (exercise_id, muscle_id, intensity) VALUES (2841, 13, 10);
# INSERT INTO exercise_muscle (exercise_id, muscle_id, intensity) VALUES (2841, 21, 7);
# INSERT INTO exercise_muscle (exercise_id, muscle_id, intensity) VALUES (2841, 22, 4);
#
# -- Exercise ID: 2842
# INSERT INTO Exercise (id, title, description, link, equipment_id, training_type_id) VALUES (2842, 'Cable Prone Bench Single Leg Hamstring Curl', 'Target: Hamstrings', 'https://youtu.be/l66EvN4X6Mk?si=i4fPkqXo_4_8fmO6', 8, 2);
# INSERT INTO exercise_muscle (exercise_id, muscle_id, intensity) VALUES (2842, 22, 10);
# INSERT INTO exercise_muscle (exercise_id, muscle_id, intensity) VALUES (2842, 21, 7);
#
# -- Exercise ID: 2843
# INSERT INTO Exercise (id, title, description, link, equipment_id, training_type_id) VALUES (2843, 'Double Dumbbell Tall Kneeling Cuban Rotation', 'Target: Shoulders', NULL, 6, 3);
# INSERT INTO exercise_muscle (exercise_id, muscle_id, intensity) VALUES (2843, 19, 10);
#
# -- Exercise ID: 2844
# INSERT INTO Exercise (id, title, description, link, equipment_id, training_type_id) VALUES (2844, 'Macebell Single Leg Standing Bent Knee 360', 'Target: Shoulders', NULL, 24, 12);
# INSERT INTO exercise_muscle (exercise_id, muscle_id, intensity) VALUES (2844, 19, 10);
# INSERT INTO exercise_muscle (exercise_id, muscle_id, intensity) VALUES (2844, 11, 7);
#
# -- Exercise ID: 2845
# INSERT INTO Exercise (id, title, description, link, equipment_id, training_type_id) VALUES (2845, 'Single Arm Macebell Single Leg Standing Bent Knee Ipsilateral 360', 'Target: Shoulders', NULL, 24, 12);
# INSERT INTO exercise_muscle (exercise_id, muscle_id, intensity) VALUES (2845, 19, 10);
# INSERT INTO exercise_muscle (exercise_id, muscle_id, intensity) VALUES (2845, 11, 7);
#
# -- Exercise ID: 2846
# INSERT INTO Exercise (id, title, description, link, equipment_id, training_type_id) VALUES (2846, 'Alternating Single Arm Macebell 360 to Ballistic Curl', 'Target: Shoulders', NULL, 24, 10);
# INSERT INTO exercise_muscle (exercise_id, muscle_id, intensity) VALUES (2846, 19, 10);
# INSERT INTO exercise_muscle (exercise_id, muscle_id, intensity) VALUES (2846, 8, 7);
# INSERT INTO exercise_muscle (exercise_id, muscle_id, intensity) VALUES (2846, 11, 4);
#
# -- Exercise ID: 2847
# INSERT INTO Exercise (id, title, description, link, equipment_id, training_type_id) VALUES (2847, 'Double Dumbbell Suitcase Reverse Lunge', 'Target: Quadriceps', 'https://youtu.be/a3wg2b8pd_w?si=UH9NFJeHHPoQpalx', 6, 2);
# INSERT INTO exercise_muscle (exercise_id, muscle_id, intensity) VALUES (2847, 13, 10);
# INSERT INTO exercise_muscle (exercise_id, muscle_id, intensity) VALUES (2847, 21, 7);
# INSERT INTO exercise_muscle (exercise_id, muscle_id, intensity) VALUES (2847, 22, 4);
#
# -- Exercise ID: 2848
# INSERT INTO Exercise (id, title, description, link, equipment_id, training_type_id) VALUES (2848, 'Barbell Front Rack Reverse Lunge', 'Target: Quadriceps', 'https://youtu.be/Vlgh0ImT5oU?si=WOAwroyeZ6jJWGto', 12, 2);
# INSERT INTO exercise_muscle (exercise_id, muscle_id, intensity) VALUES (2848, 13, 10);
# INSERT INTO exercise_muscle (exercise_id, muscle_id, intensity) VALUES (2848, 21, 7);
# INSERT INTO exercise_muscle (exercise_id, muscle_id, intensity) VALUES (2848, 22, 4);
#
# -- Exercise ID: 2849
# INSERT INTO Exercise (id, title, description, link, equipment_id, training_type_id) VALUES (2849, 'Barbell Overhead Reverse Lunge', 'Target: Quadriceps', 'https://youtu.be/lssvh3-XTas?si=rmOXOmN8Rlb5bMEe', 12, 2);
# INSERT INTO exercise_muscle (exercise_id, muscle_id, intensity) VALUES (2849, 13, 10);
# INSERT INTO exercise_muscle (exercise_id, muscle_id, intensity) VALUES (2849, 21, 7);
# INSERT INTO exercise_muscle (exercise_id, muscle_id, intensity) VALUES (2849, 22, 4);
#
# -- Exercise ID: 2850
# INSERT INTO Exercise (id, title, description, link, equipment_id, training_type_id) VALUES (2850, 'Heavy Sandbag Bear Hug Reverse Lunge', 'Target: Quadriceps', NULL, 35, 3);
# INSERT INTO exercise_muscle (exercise_id, muscle_id, intensity) VALUES (2850, 13, 10);
# INSERT INTO exercise_muscle (exercise_id, muscle_id, intensity) VALUES (2850, 21, 7);
# INSERT INTO exercise_muscle (exercise_id, muscle_id, intensity) VALUES (2850, 22, 4);
#
# -- Exercise ID: 2851
# INSERT INTO Exercise (id, title, description, link, equipment_id, training_type_id) VALUES (2851, 'Heavy Sandbag Shoulder Contralateral Reverse Lunge', 'Target: Quadriceps', NULL, 35, 3);
# INSERT INTO exercise_muscle (exercise_id, muscle_id, intensity) VALUES (2851, 13, 10);
# INSERT INTO exercise_muscle (exercise_id, muscle_id, intensity) VALUES (2851, 21, 7);
# INSERT INTO exercise_muscle (exercise_id, muscle_id, intensity) VALUES (2851, 22, 4);
#
# -- Exercise ID: 2852
# INSERT INTO Exercise (id, title, description, link, equipment_id, training_type_id) VALUES (2852, 'Barbell Back Rack Reverse Lunge', 'Target: Quadriceps', 'https://youtu.be/21r8Pdk6Vks?si=U-wSwCn696acnBp9', 12, 2);
# INSERT INTO exercise_muscle (exercise_id, muscle_id, intensity) VALUES (2852, 13, 10);
# INSERT INTO exercise_muscle (exercise_id, muscle_id, intensity) VALUES (2852, 21, 7);
# INSERT INTO exercise_muscle (exercise_id, muscle_id, intensity) VALUES (2852, 22, 4);
#
# -- Exercise ID: 2853
# INSERT INTO Exercise (id, title, description, link, equipment_id, training_type_id) VALUES (2853, 'Double Kettlebell Suitcase Reverse Lunge', 'Target: Quadriceps', 'https://youtu.be/zZfh3tvp5CI?feature=shared', 15, 2);
# INSERT INTO exercise_muscle (exercise_id, muscle_id, intensity) VALUES (2853, 13, 10);
# INSERT INTO exercise_muscle (exercise_id, muscle_id, intensity) VALUES (2853, 21, 7);
# INSERT INTO exercise_muscle (exercise_id, muscle_id, intensity) VALUES (2853, 22, 4);
#
# -- Exercise ID: 2854
# INSERT INTO Exercise (id, title, description, link, equipment_id, training_type_id) VALUES (2854, 'Double Kettlebell Front Rack Reverse Lunge', 'Target: Quadriceps', 'https://youtu.be/PwtxLgNobQQ?si=DoSwEK_jWEv76qX3', 15, 2);
# INSERT INTO exercise_muscle (exercise_id, muscle_id, intensity) VALUES (2854, 13, 10);
# INSERT INTO exercise_muscle (exercise_id, muscle_id, intensity) VALUES (2854, 21, 7);
# INSERT INTO exercise_muscle (exercise_id, muscle_id, intensity) VALUES (2854, 22, 4);
#
# -- Exercise ID: 2855
# INSERT INTO Exercise (id, title, description, link, equipment_id, training_type_id) VALUES (2855, 'Double Kettlebell Bottoms Up Front Rack Reverse Lunge', 'Target: Quadriceps', 'https://youtu.be/JoV4UqO1tTc?si=3YJ_yF9NN8BUfwS9', 15, 2);
# INSERT INTO exercise_muscle (exercise_id, muscle_id, intensity) VALUES (2855, 13, 10);
# INSERT INTO exercise_muscle (exercise_id, muscle_id, intensity) VALUES (2855, 21, 7);
# INSERT INTO exercise_muscle (exercise_id, muscle_id, intensity) VALUES (2855, 22, 4);
#
# -- Exercise ID: 2856
# INSERT INTO Exercise (id, title, description, link, equipment_id, training_type_id) VALUES (2856, 'Double Dumbbell Front Rack Reverse Lunge', 'Target: Quadriceps', 'https://youtu.be/Zv8CDt76v-o?si=2EUkwtXgQzLAb65b', 6, 2);
# INSERT INTO exercise_muscle (exercise_id, muscle_id, intensity) VALUES (2856, 13, 10);
# INSERT INTO exercise_muscle (exercise_id, muscle_id, intensity) VALUES (2856, 21, 7);
# INSERT INTO exercise_muscle (exercise_id, muscle_id, intensity) VALUES (2856, 22, 4);
#
# -- Exercise ID: 2857
# INSERT INTO Exercise (id, title, description, link, equipment_id, training_type_id) VALUES (2857, 'Double Dumbbell Overhead Reverse Lunge', 'Target: Quadriceps', 'https://youtu.be/k9GGgck623Y?si=lU__htPe1riSTjAv', 6, 2);
# INSERT INTO exercise_muscle (exercise_id, muscle_id, intensity) VALUES (2857, 13, 10);
# INSERT INTO exercise_muscle (exercise_id, muscle_id, intensity) VALUES (2857, 21, 7);
# INSERT INTO exercise_muscle (exercise_id, muscle_id, intensity) VALUES (2857, 22, 4);
#
# -- Exercise ID: 2858
# INSERT INTO Exercise (id, title, description, link, equipment_id, training_type_id) VALUES (2858, 'Single Arm Dumbbell Suitcase Contralateral Reverse Lunge', 'Target: Quadriceps', 'https://youtu.be/ZsmsBmOMtnw?si=FMtq9k1eAmHq4gEX', 6, 2);
# INSERT INTO exercise_muscle (exercise_id, muscle_id, intensity) VALUES (2858, 13, 10);
# INSERT INTO exercise_muscle (exercise_id, muscle_id, intensity) VALUES (2858, 21, 7);
# INSERT INTO exercise_muscle (exercise_id, muscle_id, intensity) VALUES (2858, 22, 4);
#
# -- Exercise ID: 2859
# INSERT INTO Exercise (id, title, description, link, equipment_id, training_type_id) VALUES (2859, 'Single Arm Dumbbell Front Rack Contralateral Reverse Lunge', 'Target: Quadriceps', 'https://youtu.be/d3oKvFQ2KOk?si=DHn68Kf7oX9vBrYU', 6, 2);
# INSERT INTO exercise_muscle (exercise_id, muscle_id, intensity) VALUES (2859, 13, 10);
# INSERT INTO exercise_muscle (exercise_id, muscle_id, intensity) VALUES (2859, 21, 7);
# INSERT INTO exercise_muscle (exercise_id, muscle_id, intensity) VALUES (2859, 22, 4);
#
# -- Exercise ID: 2860
# INSERT INTO Exercise (id, title, description, link, equipment_id, training_type_id) VALUES (2860, 'Single Arm Dumbbell Overhead Contralateral Reverse Lunge', 'Target: Quadriceps', 'https://youtu.be/U0PGg34Vx8A?si=JVT4ugA6ELAoJP3g', 6, 2);
# INSERT INTO exercise_muscle (exercise_id, muscle_id, intensity) VALUES (2860, 13, 10);
# INSERT INTO exercise_muscle (exercise_id, muscle_id, intensity) VALUES (2860, 21, 7);
# INSERT INTO exercise_muscle (exercise_id, muscle_id, intensity) VALUES (2860, 22, 4);
#
# -- Exercise ID: 2861
# INSERT INTO Exercise (id, title, description, link, equipment_id, training_type_id) VALUES (2861, 'Double Kettlebell Overhead Reverse Lunge', 'Target: Quadriceps', 'https://youtu.be/R3Kd1U5hPyc?si=BSEMsU-3AstW_2LI', 15, 2);
# INSERT INTO exercise_muscle (exercise_id, muscle_id, intensity) VALUES (2861, 13, 10);
# INSERT INTO exercise_muscle (exercise_id, muscle_id, intensity) VALUES (2861, 21, 7);
# INSERT INTO exercise_muscle (exercise_id, muscle_id, intensity) VALUES (2861, 22, 4);
#
# -- Exercise ID: 2862
# INSERT INTO Exercise (id, title, description, link, equipment_id, training_type_id) VALUES (2862, 'Dumbbell Goblet Reverse Lunge', 'Target: Quadriceps', 'https://youtu.be/pDA738FZsuk?si=bzG9vYvbc69IfMmO', 6, 2);
# INSERT INTO exercise_muscle (exercise_id, muscle_id, intensity) VALUES (2862, 13, 10);
# INSERT INTO exercise_muscle (exercise_id, muscle_id, intensity) VALUES (2862, 21, 7);
# INSERT INTO exercise_muscle (exercise_id, muscle_id, intensity) VALUES (2862, 22, 4);
#
# -- Exercise ID: 2863
# INSERT INTO Exercise (id, title, description, link, equipment_id, training_type_id) VALUES (2863, 'Clubbell Order Reverse Lunge', 'Target: Quadriceps', NULL, 26, 2);
# INSERT INTO exercise_muscle (exercise_id, muscle_id, intensity) VALUES (2863, 13, 10);
# INSERT INTO exercise_muscle (exercise_id, muscle_id, intensity) VALUES (2863, 21, 7);
# INSERT INTO exercise_muscle (exercise_id, muscle_id, intensity) VALUES (2863, 22, 4);
#
# -- Exercise ID: 2864
# INSERT INTO Exercise (id, title, description, link, equipment_id, training_type_id) VALUES (2864, 'Double Clubbell Order Reverse Lunge', 'Target: Quadriceps', NULL, 26, 2);
# INSERT INTO exercise_muscle (exercise_id, muscle_id, intensity) VALUES (2864, 13, 10);
# INSERT INTO exercise_muscle (exercise_id, muscle_id, intensity) VALUES (2864, 21, 7);
# INSERT INTO exercise_muscle (exercise_id, muscle_id, intensity) VALUES (2864, 22, 4);
#
# -- Exercise ID: 2865
# INSERT INTO Exercise (id, title, description, link, equipment_id, training_type_id) VALUES (2865, 'Single Arm Clubbell Order Contralateral Reverse Lunge', 'Target: Quadriceps', NULL, 26, 2);
# INSERT INTO exercise_muscle (exercise_id, muscle_id, intensity) VALUES (2865, 13, 10);
# INSERT INTO exercise_muscle (exercise_id, muscle_id, intensity) VALUES (2865, 21, 7);
# INSERT INTO exercise_muscle (exercise_id, muscle_id, intensity) VALUES (2865, 22, 4);
#
# -- Exercise ID: 2866
# INSERT INTO Exercise (id, title, description, link, equipment_id, training_type_id) VALUES (2866, 'Macebell Order Reverse Lunge', 'Target: Quadriceps', NULL, 24, 2);
# INSERT INTO exercise_muscle (exercise_id, muscle_id, intensity) VALUES (2866, 13, 10);
# INSERT INTO exercise_muscle (exercise_id, muscle_id, intensity) VALUES (2866, 21, 7);
# INSERT INTO exercise_muscle (exercise_id, muscle_id, intensity) VALUES (2866, 22, 4);
#
# -- Exercise ID: 2867
# INSERT INTO Exercise (id, title, description, link, equipment_id, training_type_id) VALUES (2867, 'Double Kettlebell Bottoms Up Overhead Reverse Lunge', 'Target: Quadriceps', NULL, 15, 2);
# INSERT INTO exercise_muscle (exercise_id, muscle_id, intensity) VALUES (2867, 13, 10);
# INSERT INTO exercise_muscle (exercise_id, muscle_id, intensity) VALUES (2867, 21, 7);
# INSERT INTO exercise_muscle (exercise_id, muscle_id, intensity) VALUES (2867, 22, 4);
#
# -- Exercise ID: 2868
# INSERT INTO Exercise (id, title, description, link, equipment_id, training_type_id) VALUES (2868, 'Single Arm Kettlebell Suitcase Contralateral Reverse Lunge', 'Target: Quadriceps', 'https://youtu.be/rwlsbVNSqDQ?si=6ELRzgo6Ek1bVGBe', 15, 2);
# INSERT INTO exercise_muscle (exercise_id, muscle_id, intensity) VALUES (2868, 13, 10);
# INSERT INTO exercise_muscle (exercise_id, muscle_id, intensity) VALUES (2868, 21, 7);
# INSERT INTO exercise_muscle (exercise_id, muscle_id, intensity) VALUES (2868, 22, 4);
#
# -- Exercise ID: 2869
# INSERT INTO Exercise (id, title, description, link, equipment_id, training_type_id) VALUES (2869, 'Bodyweight Reverse Lunge', 'Target: Quadriceps', 'https://youtu.be/U7Nrwyu6Uqo?si=i10Myq56LE1Wlzzn', 2, 2);
# INSERT INTO exercise_muscle (exercise_id, muscle_id, intensity) VALUES (2869, 13, 10);
# INSERT INTO exercise_muscle (exercise_id, muscle_id, intensity) VALUES (2869, 21, 7);
# INSERT INTO exercise_muscle (exercise_id, muscle_id, intensity) VALUES (2869, 22, 4);
#
# -- Exercise ID: 2870
# INSERT INTO Exercise (id, title, description, link, equipment_id, training_type_id) VALUES (2870, 'Bulgarian Bag Back Rack Reverse Lunge', 'Target: Quadriceps', 'https://youtu.be/RqMG5v-jUyE?si=hxI8O10U-7CcGVRp', 34, 2);
# INSERT INTO exercise_muscle (exercise_id, muscle_id, intensity) VALUES (2870, 13, 10);
# INSERT INTO exercise_muscle (exercise_id, muscle_id, intensity) VALUES (2870, 21, 7);
# INSERT INTO exercise_muscle (exercise_id, muscle_id, intensity) VALUES (2870, 22, 4);
#
# -- Exercise ID: 2871
# INSERT INTO Exercise (id, title, description, link, equipment_id, training_type_id) VALUES (2871, 'Sandbag Front Rack Reverse Lunge', 'Target: Quadriceps', 'https://youtu.be/I9YUnFtd81o?si=yuqTt95kbjtVETJd', 36, 2);
# INSERT INTO exercise_muscle (exercise_id, muscle_id, intensity) VALUES (2871, 13, 10);
# INSERT INTO exercise_muscle (exercise_id, muscle_id, intensity) VALUES (2871, 21, 7);
# INSERT INTO exercise_muscle (exercise_id, muscle_id, intensity) VALUES (2871, 22, 4);
#
# -- Exercise ID: 2872
# INSERT INTO Exercise (id, title, description, link, equipment_id, training_type_id) VALUES (2872, 'Plate Overhead Reverse Lunge', 'Target: Quadriceps', 'https://youtu.be/KC6oWhmOmPY?si=OWiPo66RrQ46WjHj', 22, 2);
# INSERT INTO exercise_muscle (exercise_id, muscle_id, intensity) VALUES (2872, 13, 10);
# INSERT INTO exercise_muscle (exercise_id, muscle_id, intensity) VALUES (2872, 21, 7);
# INSERT INTO exercise_muscle (exercise_id, muscle_id, intensity) VALUES (2872, 22, 4);
#
# -- Exercise ID: 2873
# INSERT INTO Exercise (id, title, description, link, equipment_id, training_type_id) VALUES (2873, 'Single Arm Kettlebell Front Rack Contralateral Reverse Lunge', 'Target: Quadriceps', 'https://youtu.be/kcVqtqe03WI?si=KuFsD1PlWdph7WCt', 15, 2);
# INSERT INTO exercise_muscle (exercise_id, muscle_id, intensity) VALUES (2873, 13, 10);
# INSERT INTO exercise_muscle (exercise_id, muscle_id, intensity) VALUES (2873, 21, 7);
# INSERT INTO exercise_muscle (exercise_id, muscle_id, intensity) VALUES (2873, 22, 4);
#
# -- Exercise ID: 2874
# INSERT INTO Exercise (id, title, description, link, equipment_id, training_type_id) VALUES (2874, 'Single Arm Kettlebell Bottoms Up Front Rack Contralateral Reverse Lunge', 'Target: Quadriceps', 'https://youtu.be/EA1wpBJc4CY?si=35l-siizswUr8723', 15, 2);
# INSERT INTO exercise_muscle (exercise_id, muscle_id, intensity) VALUES (2874, 13, 10);
# INSERT INTO exercise_muscle (exercise_id, muscle_id, intensity) VALUES (2874, 21, 7);
# INSERT INTO exercise_muscle (exercise_id, muscle_id, intensity) VALUES (2874, 22, 4);
#
# -- Exercise ID: 2875
# INSERT INTO Exercise (id, title, description, link, equipment_id, training_type_id) VALUES (2875, 'Single Arm Kettlebell Overhead Contralateral Reverse Lunge', 'Target: Quadriceps', 'https://youtu.be/bjxICX4wQMQ?si=s83QPA-v5pPzg1fM', 15, 2);
# INSERT INTO exercise_muscle (exercise_id, muscle_id, intensity) VALUES (2875, 13, 10);
# INSERT INTO exercise_muscle (exercise_id, muscle_id, intensity) VALUES (2875, 21, 7);
# INSERT INTO exercise_muscle (exercise_id, muscle_id, intensity) VALUES (2875, 22, 4);
#
# -- Exercise ID: 2876
# INSERT INTO Exercise (id, title, description, link, equipment_id, training_type_id) VALUES (2876, 'Single Arm Kettlebell Bottoms Up Overhead Contralateral Reverse Lunge', 'Target: Quadriceps', 'https://youtu.be/FJSjoyq9das?si=zs-BmTlnKVXLf4--', 15, 2);
# INSERT INTO exercise_muscle (exercise_id, muscle_id, intensity) VALUES (2876, 13, 10);
# INSERT INTO exercise_muscle (exercise_id, muscle_id, intensity) VALUES (2876, 21, 7);
# INSERT INTO exercise_muscle (exercise_id, muscle_id, intensity) VALUES (2876, 22, 4);
#
# -- Exercise ID: 2877
# INSERT INTO Exercise (id, title, description, link, equipment_id, training_type_id) VALUES (2877, 'Kettlebell Goblet Reverse Lunge', 'Target: Quadriceps', 'https://youtu.be/s5w0EOsU7e8?si=UCHj4c3UE1LScgnx', 15, 2);
# INSERT INTO exercise_muscle (exercise_id, muscle_id, intensity) VALUES (2877, 13, 10);
# INSERT INTO exercise_muscle (exercise_id, muscle_id, intensity) VALUES (2877, 21, 7);
# INSERT INTO exercise_muscle (exercise_id, muscle_id, intensity) VALUES (2877, 22, 4);
#
# -- Exercise ID: 2878
# INSERT INTO Exercise (id, title, description, link, equipment_id, training_type_id) VALUES (2878, 'Kettlebell Horn Grip Reverse Lunge', 'Target: Quadriceps', 'https://youtu.be/gWN9epxFqX8?si=h3iRgeFCZgBGHOMT', 15, 2);
# INSERT INTO exercise_muscle (exercise_id, muscle_id, intensity) VALUES (2878, 13, 10);
# INSERT INTO exercise_muscle (exercise_id, muscle_id, intensity) VALUES (2878, 21, 7);
# INSERT INTO exercise_muscle (exercise_id, muscle_id, intensity) VALUES (2878, 22, 4);
#
# -- Exercise ID: 2879
# INSERT INTO Exercise (id, title, description, link, equipment_id, training_type_id) VALUES (2879, 'Barbell Zercher Reverse Lunge', 'Target: Quadriceps', 'https://youtu.be/StvRmr-ZxmA?si=G51-gqCZ-oQMhQyp', 12, 2);
# INSERT INTO exercise_muscle (exercise_id, muscle_id, intensity) VALUES (2879, 13, 10);
# INSERT INTO exercise_muscle (exercise_id, muscle_id, intensity) VALUES (2879, 21, 7);
# INSERT INTO exercise_muscle (exercise_id, muscle_id, intensity) VALUES (2879, 22, 4);
#
# -- Exercise ID: 2880
# INSERT INTO Exercise (id, title, description, link, equipment_id, training_type_id) VALUES (2880, 'Single Arm Dumbbell Suitcase Ipsilateral Reverse Lunge', 'Target: Quadriceps', 'https://youtu.be/uzn966rWQ4c?si=XF_kMH6vfBIw4hz4', 6, 2);
# INSERT INTO exercise_muscle (exercise_id, muscle_id, intensity) VALUES (2880, 13, 10);
# INSERT INTO exercise_muscle (exercise_id, muscle_id, intensity) VALUES (2880, 21, 7);
# INSERT INTO exercise_muscle (exercise_id, muscle_id, intensity) VALUES (2880, 22, 4);
#
# -- Exercise ID: 2881
# INSERT INTO Exercise (id, title, description, link, equipment_id, training_type_id) VALUES (2881, 'Single Arm Dumbbell Front Rack Ipsilateral Reverse Lunge', 'Target: Quadriceps', 'https://youtu.be/RxBzGBShf9w?si=yD5EyWT1k3UeODJI', 6, 2);
# INSERT INTO exercise_muscle (exercise_id, muscle_id, intensity) VALUES (2881, 13, 10);
# INSERT INTO exercise_muscle (exercise_id, muscle_id, intensity) VALUES (2881, 21, 7);
# INSERT INTO exercise_muscle (exercise_id, muscle_id, intensity) VALUES (2881, 22, 4);
#
# -- Exercise ID: 2882
# INSERT INTO Exercise (id, title, description, link, equipment_id, training_type_id) VALUES (2882, 'Single Arm Dumbbell Overhead Ipsilateral Reverse Lunge', 'Target: Quadriceps', 'https://youtu.be/IiijJRQxMKM?si=rak-3KhujfWzeG6V', 6, 2);
# INSERT INTO exercise_muscle (exercise_id, muscle_id, intensity) VALUES (2882, 13, 10);
# INSERT INTO exercise_muscle (exercise_id, muscle_id, intensity) VALUES (2882, 21, 7);
# INSERT INTO exercise_muscle (exercise_id, muscle_id, intensity) VALUES (2882, 22, 4);
#
# -- Exercise ID: 2883
# INSERT INTO Exercise (id, title, description, link, equipment_id, training_type_id) VALUES (2883, 'Single Arm Clubbell Order Ipsilateral Reverse Lunge', 'Target: Quadriceps', NULL, 26, 2);
# INSERT INTO exercise_muscle (exercise_id, muscle_id, intensity) VALUES (2883, 13, 10);
# INSERT INTO exercise_muscle (exercise_id, muscle_id, intensity) VALUES (2883, 21, 7);
# INSERT INTO exercise_muscle (exercise_id, muscle_id, intensity) VALUES (2883, 22, 4);
#
# -- Exercise ID: 2884
# INSERT INTO Exercise (id, title, description, link, equipment_id, training_type_id) VALUES (2884, 'Single Arm Kettlebell Suitcase Ipsilateral Reverse Lunge', 'Target: Quadriceps', 'https://youtu.be/Ae33oITfYwM?si=BTB-LZkHb2SHl8HM', 15, 2);
# INSERT INTO exercise_muscle (exercise_id, muscle_id, intensity) VALUES (2884, 13, 10);
# INSERT INTO exercise_muscle (exercise_id, muscle_id, intensity) VALUES (2884, 21, 7);
# INSERT INTO exercise_muscle (exercise_id, muscle_id, intensity) VALUES (2884, 22, 4);
#
# -- Exercise ID: 2885
# INSERT INTO Exercise (id, title, description, link, equipment_id, training_type_id) VALUES (2885, 'Single Arm Kettlebell Front Rack Ipsilateral Reverse Lunge', 'Target: Quadriceps', 'https://youtu.be/r1NS0BNUh3c?si=XwpKqEi6aUMJvPq5', 15, 2);
# INSERT INTO exercise_muscle (exercise_id, muscle_id, intensity) VALUES (2885, 13, 10);
# INSERT INTO exercise_muscle (exercise_id, muscle_id, intensity) VALUES (2885, 21, 7);
# INSERT INTO exercise_muscle (exercise_id, muscle_id, intensity) VALUES (2885, 22, 4);
#
# -- Exercise ID: 2886
# INSERT INTO Exercise (id, title, description, link, equipment_id, training_type_id) VALUES (2886, 'Single Arm Kettlebell Bottoms Up Front Rack Ipsilateral Reverse Lunge', 'Target: Quadriceps', 'https://youtu.be/135S8xKiK4w?feature=shared', 15, 2);
# INSERT INTO exercise_muscle (exercise_id, muscle_id, intensity) VALUES (2886, 13, 10);
# INSERT INTO exercise_muscle (exercise_id, muscle_id, intensity) VALUES (2886, 21, 7);
# INSERT INTO exercise_muscle (exercise_id, muscle_id, intensity) VALUES (2886, 22, 4);
#
# -- Exercise ID: 2887
# INSERT INTO Exercise (id, title, description, link, equipment_id, training_type_id) VALUES (2887, 'Single Arm Kettlebell Overhead Ipsilateral Reverse Lunge', 'Target: Quadriceps', 'https://youtu.be/jDMv9KiKXco?si=j2SlwzpOX14P9zth', 15, 2);
# INSERT INTO exercise_muscle (exercise_id, muscle_id, intensity) VALUES (2887, 13, 10);
# INSERT INTO exercise_muscle (exercise_id, muscle_id, intensity) VALUES (2887, 21, 7);
# INSERT INTO exercise_muscle (exercise_id, muscle_id, intensity) VALUES (2887, 22, 4);
#
# -- Exercise ID: 2888
# INSERT INTO Exercise (id, title, description, link, equipment_id, training_type_id) VALUES (2888, 'Single Arm Kettlebell Bottoms Up Overhead Ipsilateral Reverse Lunge', 'Target: Quadriceps', 'https://youtu.be/8AxBDKQTyR0?si=qTGmTVE5AbG0urg6', 15, 2);
# INSERT INTO exercise_muscle (exercise_id, muscle_id, intensity) VALUES (2888, 13, 10);
# INSERT INTO exercise_muscle (exercise_id, muscle_id, intensity) VALUES (2888, 21, 7);
# INSERT INTO exercise_muscle (exercise_id, muscle_id, intensity) VALUES (2888, 22, 4);
#
# -- Exercise ID: 2889
# INSERT INTO Exercise (id, title, description, link, equipment_id, training_type_id) VALUES (2889, 'Heavy Sandbag Shoulder Ipsilateral Reverse Lunge', 'Target: Quadriceps', NULL, 35, 3);
# INSERT INTO exercise_muscle (exercise_id, muscle_id, intensity) VALUES (2889, 13, 10);
# INSERT INTO exercise_muscle (exercise_id, muscle_id, intensity) VALUES (2889, 21, 7);
# INSERT INTO exercise_muscle (exercise_id, muscle_id, intensity) VALUES (2889, 22, 4);
#
# -- Exercise ID: 2890
# INSERT INTO Exercise (id, title, description, link, equipment_id, training_type_id) VALUES (2890, 'Single Arm Macebell Order Walking Lunge', 'Target: Quadriceps', NULL, 24, 2);
# INSERT INTO exercise_muscle (exercise_id, muscle_id, intensity) VALUES (2890, 13, 10);
# INSERT INTO exercise_muscle (exercise_id, muscle_id, intensity) VALUES (2890, 21, 7);
# INSERT INTO exercise_muscle (exercise_id, muscle_id, intensity) VALUES (2890, 22, 4);
#
# -- Exercise ID: 2891
# INSERT INTO Exercise (id, title, description, link, equipment_id, training_type_id) VALUES (2891, 'Single Arm Macebell Order Alternating Lateral Lunge', 'Target: Quadriceps', NULL, 24, 2);
# INSERT INTO exercise_muscle (exercise_id, muscle_id, intensity) VALUES (2891, 13, 10);
# INSERT INTO exercise_muscle (exercise_id, muscle_id, intensity) VALUES (2891, 21, 7);
# INSERT INTO exercise_muscle (exercise_id, muscle_id, intensity) VALUES (2891, 14, 4);
#
# -- Exercise ID: 2892
# INSERT INTO Exercise (id, title, description, link, equipment_id, training_type_id) VALUES (2892, 'Single Arm Macebell Order Alternating Forward Lunge', 'Target: Quadriceps', NULL, 24, 2);
# INSERT INTO exercise_muscle (exercise_id, muscle_id, intensity) VALUES (2892, 13, 10);
# INSERT INTO exercise_muscle (exercise_id, muscle_id, intensity) VALUES (2892, 21, 7);
# INSERT INTO exercise_muscle (exercise_id, muscle_id, intensity) VALUES (2892, 22, 4);
#
# -- Exercise ID: 2893
# INSERT INTO Exercise (id, title, description, link, equipment_id, training_type_id) VALUES (2893, 'Single Arm Macebell Order Alternating Reverse Lunge', 'Target: Quadriceps', NULL, 24, 2);
# INSERT INTO exercise_muscle (exercise_id, muscle_id, intensity) VALUES (2893, 13, 10);
# INSERT INTO exercise_muscle (exercise_id, muscle_id, intensity) VALUES (2893, 21, 7);
# INSERT INTO exercise_muscle (exercise_id, muscle_id, intensity) VALUES (2893, 22, 4);
#
# -- Exercise ID: 2894
# INSERT INTO Exercise (id, title, description, link, equipment_id, training_type_id) VALUES (2894, 'Single Arm Macebell Order Alternating Curtsy Lunge', 'Target: Quadriceps', NULL, 24, 2);
# INSERT INTO exercise_muscle (exercise_id, muscle_id, intensity) VALUES (2894, 13, 10);
# INSERT INTO exercise_muscle (exercise_id, muscle_id, intensity) VALUES (2894, 21, 7);
# INSERT INTO exercise_muscle (exercise_id, muscle_id, intensity) VALUES (2894, 14, 4);
#
# -- Exercise ID: 2895
# INSERT INTO Exercise (id, title, description, link, equipment_id, training_type_id) VALUES (2895, 'Single Arm Macebell Order Contralateral Curtsy Lunge', 'Target: Quadriceps', NULL, 24, 2);
# INSERT INTO exercise_muscle (exercise_id, muscle_id, intensity) VALUES (2895, 13, 10);
# INSERT INTO exercise_muscle (exercise_id, muscle_id, intensity) VALUES (2895, 21, 7);
# INSERT INTO exercise_muscle (exercise_id, muscle_id, intensity) VALUES (2895, 14, 4);
#
# -- Exercise ID: 2896
# INSERT INTO Exercise (id, title, description, link, equipment_id, training_type_id) VALUES (2896, 'Single Arm Macebell Order Ipsilateral Curtsy Lunge', 'Target: Quadriceps', NULL, 24, 2);
# INSERT INTO exercise_muscle (exercise_id, muscle_id, intensity) VALUES (2896, 13, 10);
# INSERT INTO exercise_muscle (exercise_id, muscle_id, intensity) VALUES (2896, 21, 7);
# INSERT INTO exercise_muscle (exercise_id, muscle_id, intensity) VALUES (2896, 14, 4);
#
# -- Exercise ID: 2897
# INSERT INTO Exercise (id, title, description, link, equipment_id, training_type_id) VALUES (2897, 'Single Arm Macebell Order Contralateral Forward Lunge', 'Target: Quadriceps', NULL, 24, 2);
# INSERT INTO exercise_muscle (exercise_id, muscle_id, intensity) VALUES (2897, 13, 10);
# INSERT INTO exercise_muscle (exercise_id, muscle_id, intensity) VALUES (2897, 21, 7);
# INSERT INTO exercise_muscle (exercise_id, muscle_id, intensity) VALUES (2897, 22, 4);
#
# -- Exercise ID: 2898
# INSERT INTO Exercise (id, title, description, link, equipment_id, training_type_id) VALUES (2898, 'Single Arm Macebell Order Ipsilateral Forward Lunge', 'Target: Quadriceps', NULL, 24, 2);
# INSERT INTO exercise_muscle (exercise_id, muscle_id, intensity) VALUES (2898, 13, 10);
# INSERT INTO exercise_muscle (exercise_id, muscle_id, intensity) VALUES (2898, 21, 7);
# INSERT INTO exercise_muscle (exercise_id, muscle_id, intensity) VALUES (2898, 22, 4);
#
# -- Exercise ID: 2899
# INSERT INTO Exercise (id, title, description, link, equipment_id, training_type_id) VALUES (2899, 'Single Arm Macebell Order Contralateral Reverse Lunge', 'Target: Quadriceps', NULL, 24, 2);
# INSERT INTO exercise_muscle (exercise_id, muscle_id, intensity) VALUES (2899, 13, 10);
# INSERT INTO exercise_muscle (exercise_id, muscle_id, intensity) VALUES (2899, 21, 7);
# INSERT INTO exercise_muscle (exercise_id, muscle_id, intensity) VALUES (2899, 22, 4);
#
# -- Exercise ID: 2900
# INSERT INTO Exercise (id, title, description, link, equipment_id, training_type_id) VALUES (2900, 'Single Arm Macebell Order Ipsilateral Reverse Lunge', 'Target: Quadriceps', NULL, 24, 2);
# INSERT INTO exercise_muscle (exercise_id, muscle_id, intensity) VALUES (2900, 13, 10);
# INSERT INTO exercise_muscle (exercise_id, muscle_id, intensity) VALUES (2900, 21, 7);
# INSERT INTO exercise_muscle (exercise_id, muscle_id, intensity) VALUES (2900, 22, 4);
#
# -- Exercise ID: 2901
# INSERT INTO Exercise (id, title, description, link, equipment_id, training_type_id) VALUES (2901, 'Single Arm Cable Incline Bench Preacher Curl', 'Target: Biceps', 'https://youtu.be/Kx03EfVF0pU?si=ga2cI6XNh7JDM4dy', 8, 2);
# INSERT INTO exercise_muscle (exercise_id, muscle_id, intensity) VALUES (2901, 8, 10);
# INSERT INTO exercise_muscle (exercise_id, muscle_id, intensity) VALUES (2901, 10, 4);
#
# -- Exercise ID: 2902
# INSERT INTO Exercise (id, title, description, link, equipment_id, training_type_id) VALUES (2902, 'Double Kettlebell Seesaw Bent Over Row', 'Target: Back', 'https://youtu.be/Ej-Imk_vGeQ?si=XXtAfuJDxAf0G8hk', 15, 2);
# INSERT INTO exercise_muscle (exercise_id, muscle_id, intensity) VALUES (2902, 17, 10);
# INSERT INTO exercise_muscle (exercise_id, muscle_id, intensity) VALUES (2902, 18, 7);
# INSERT INTO exercise_muscle (exercise_id, muscle_id, intensity) VALUES (2902, 19, 4);
#
# -- Exercise ID: 2903
# INSERT INTO Exercise (id, title, description, link, equipment_id, training_type_id) VALUES (2903, 'Double Dumbbell Seesaw Bent Over Row', 'Target: Back', 'https://youtu.be/BD5mTDoy2UE?si=00skC1JcPnkjtd86', 6, 2);
# INSERT INTO exercise_muscle (exercise_id, muscle_id, intensity) VALUES (2903, 17, 10);
# INSERT INTO exercise_muscle (exercise_id, muscle_id, intensity) VALUES (2903, 18, 7);
# INSERT INTO exercise_muscle (exercise_id, muscle_id, intensity) VALUES (2903, 19, 4);
#
# -- Exercise ID: 2904
# INSERT INTO Exercise (id, title, description, link, equipment_id, training_type_id) VALUES (2904, 'Barbell Spider Curl', 'Target: Biceps', 'https://youtu.be/Gi_ccf9-y0k?si=cNFfPXedcyCb_lSv', 12, 2);
# INSERT INTO exercise_muscle (exercise_id, muscle_id, intensity) VALUES (2904, 8, 10);
# INSERT INTO exercise_muscle (exercise_id, muscle_id, intensity) VALUES (2904, 10, 4);
#
# -- Exercise ID: 2905
# INSERT INTO Exercise (id, title, description, link, equipment_id, training_type_id) VALUES (2905, 'Slider Kettlebell Horn Grip Reverse Lunge', 'Target: Quadriceps', 'https://youtu.be/wRgS5ObhBdQ?si=jFFxWIOs9ZRlGwqN', 14, 2);
# INSERT INTO exercise_muscle (exercise_id, muscle_id, intensity) VALUES (2905, 13, 10);
# INSERT INTO exercise_muscle (exercise_id, muscle_id, intensity) VALUES (2905, 21, 7);
# INSERT INTO exercise_muscle (exercise_id, muscle_id, intensity) VALUES (2905, 22, 4);
#
# -- Exercise ID: 2906
# INSERT INTO Exercise (id, title, description, link, equipment_id, training_type_id) VALUES (2906, 'Superband Good Morning', 'Target: Back', 'https://youtu.be/6U-qtYBP-bc?si=-53gPzTz2qX4pX-W', 20, 2);
# INSERT INTO exercise_muscle (exercise_id, muscle_id, intensity) VALUES (2906, 20, 10);
# INSERT INTO exercise_muscle (exercise_id, muscle_id, intensity) VALUES (2906, 22, 7);
# INSERT INTO exercise_muscle (exercise_id, muscle_id, intensity) VALUES (2906, 21, 4);
#
# -- Exercise ID: 2907
# INSERT INTO Exercise (id, title, description, link, equipment_id, training_type_id) VALUES (2907, 'Trap Bar Feet Elevated Calf Raise', 'Target: Calves', NULL, 31, 2);
# INSERT INTO exercise_muscle (exercise_id, muscle_id, intensity) VALUES (2907, 6, 10);
# INSERT INTO exercise_muscle (exercise_id, muscle_id, intensity) VALUES (2907, 5, 4);
#
# -- Exercise ID: 2908
# INSERT INTO Exercise (id, title, description, link, equipment_id, training_type_id) VALUES (2908, 'Superband Prone Single Leg Hamstring Curl', 'Target: Hamstrings', 'https://youtu.be/0spHTVOeZ-4?feature=shared', 20, 2);
# INSERT INTO exercise_muscle (exercise_id, muscle_id, intensity) VALUES (2908, 22, 10);
# INSERT INTO exercise_muscle (exercise_id, muscle_id, intensity) VALUES (2908, 21, 7);
#
# -- Exercise ID: 2909
# INSERT INTO Exercise (id, title, description, link, equipment_id, training_type_id) VALUES (2909, 'Superband Prone Bench Single Leg Hamstring Curl', 'Target: Hamstrings', NULL, 20, 2);
# INSERT INTO exercise_muscle (exercise_id, muscle_id, intensity) VALUES (2909, 22, 10);
# INSERT INTO exercise_muscle (exercise_id, muscle_id, intensity) VALUES (2909, 21, 7);
#
# -- Exercise ID: 2910
# INSERT INTO Exercise (id, title, description, link, equipment_id, training_type_id) VALUES (2910, 'Barbell Seated Cuban Rotation', 'Target: Shoulders', NULL, 12, 3);
# INSERT INTO exercise_muscle (exercise_id, muscle_id, intensity) VALUES (2910, 19, 10);
#
# -- Exercise ID: 2911
# INSERT INTO Exercise (id, title, description, link, equipment_id, training_type_id) VALUES (2911, 'Cable Rope Pullover', 'Target: Back', 'https://youtu.be/eAklBxVmR6w?si=FCt-1WsfkCKhD2P_', 8, 2);
# INSERT INTO exercise_muscle (exercise_id, muscle_id, intensity) VALUES (2911, 17, 10);
#
# -- Exercise ID: 2912
# INSERT INTO Exercise (id, title, description, link, equipment_id, training_type_id) VALUES (2912, 'Kettlebell Close Grip Push Up', 'Target: Triceps', 'https://youtu.be/03FS1YOetXA?si=owgtdy5Ia3OB0e7K', 15, 4);
# INSERT INTO exercise_muscle (exercise_id, muscle_id, intensity) VALUES (2912, 4, 10);
# INSERT INTO exercise_muscle (exercise_id, muscle_id, intensity) VALUES (2912, 7, 7);
#
# -- Exercise ID: 2913
# INSERT INTO Exercise (id, title, description, link, equipment_id, training_type_id) VALUES (2913, 'Kettlebell Kneeling Close Grip Push Up', 'Target: Triceps', NULL, 15, 4);
# INSERT INTO exercise_muscle (exercise_id, muscle_id, intensity) VALUES (2913, 4, 10);
# INSERT INTO exercise_muscle (exercise_id, muscle_id, intensity) VALUES (2913, 7, 7);
#
# -- Exercise ID: 2914
# INSERT INTO Exercise (id, title, description, link, equipment_id, training_type_id) VALUES (2914, 'Kettlebell Feet Elevated Close Grip Push Up', 'Target: Triceps', NULL, 15, 4);
# INSERT INTO exercise_muscle (exercise_id, muscle_id, intensity) VALUES (2914, 4, 10);
# INSERT INTO exercise_muscle (exercise_id, muscle_id, intensity) VALUES (2914, 7, 7);
#
# -- Exercise ID: 2915
# INSERT INTO Exercise (id, title, description, link, equipment_id, training_type_id) VALUES (2915, 'Barbell Close Grip Incline Push Up', 'Target: Triceps', 'https://youtu.be/OfmxKG10F5Q?si=8a3RFQgve9SfI8Mw', 12, 4);
# INSERT INTO exercise_muscle (exercise_id, muscle_id, intensity) VALUES (2915, 4, 10);
# INSERT INTO exercise_muscle (exercise_id, muscle_id, intensity) VALUES (2915, 7, 7);
# INSERT INTO exercise_muscle (exercise_id, muscle_id, intensity) VALUES (2915, 2, 4);
#
# -- Exercise ID: 2916
# INSERT INTO Exercise (id, title, description, link, equipment_id, training_type_id) VALUES (2916, 'Kettlebell Goblet March', 'Target: Hip Flexors', 'https://youtu.be/murEjbBNhu4?si=wAJyraPSE67uNMnO', 15, 12);
# INSERT INTO exercise_muscle (exercise_id, muscle_id, intensity) VALUES (2916, 11, 10);
# INSERT INTO exercise_muscle (exercise_id, muscle_id, intensity) VALUES (2916, 15, 4);
#
# -- Exercise ID: 2917
# INSERT INTO Exercise (id, title, description, link, equipment_id, training_type_id) VALUES (2917, 'Dumbbell Goblet March', 'Target: Hip Flexors', 'https://youtu.be/WTpKwJlRLK4?si=0pMHaXA8XJ4fldaV', 6, 12);
# INSERT INTO exercise_muscle (exercise_id, muscle_id, intensity) VALUES (2917, 11, 10);
# INSERT INTO exercise_muscle (exercise_id, muscle_id, intensity) VALUES (2917, 15, 4);
#
# -- Exercise ID: 2918
# INSERT INTO Exercise (id, title, description, link, equipment_id, training_type_id) VALUES (2918, 'Dumbbell Crush Grip Overhead March', 'Target: Hip Flexors', NULL, 6, 12);
# INSERT INTO exercise_muscle (exercise_id, muscle_id, intensity) VALUES (2918, 11, 10);
# INSERT INTO exercise_muscle (exercise_id, muscle_id, intensity) VALUES (2918, 15, 4);
#
# -- Exercise ID: 2919
# INSERT INTO Exercise (id, title, description, link, equipment_id, training_type_id) VALUES (2919, 'Cable Pallof Press', 'Target: Abdominals', 'https://youtu.be/tvzoG7Ua05Y?si=-i5BoLWWqI_tGovS', 8, 3);
# INSERT INTO exercise_muscle (exercise_id, muscle_id, intensity) VALUES (2919, 12, 10);
# INSERT INTO exercise_muscle (exercise_id, muscle_id, intensity) VALUES (2919, 11, 7);
#
# -- Exercise ID: 2920
# INSERT INTO Exercise (id, title, description, link, equipment_id, training_type_id) VALUES (2920, 'Single Ring Pallof Press', 'Target: Abdominals', 'https://youtu.be/zJTqReYQQGo?si=YEkchANMatD1FCxY', 3, 3);
# INSERT INTO exercise_muscle (exercise_id, muscle_id, intensity) VALUES (2920, 12, 10);
# INSERT INTO exercise_muscle (exercise_id, muscle_id, intensity) VALUES (2920, 11, 7);
#
# -- Exercise ID: 2921
# INSERT INTO Exercise (id, title, description, link, equipment_id, training_type_id) VALUES (2921, 'Kettlebell Low Hold Foot Elevated Cossack Squat', 'Target: Quadriceps', NULL, 15, 2);
# INSERT INTO exercise_muscle (exercise_id, muscle_id, intensity) VALUES (2921, 13, 10);
# INSERT INTO exercise_muscle (exercise_id, muscle_id, intensity) VALUES (2921, 14, 7);
# INSERT INTO exercise_muscle (exercise_id, muscle_id, intensity) VALUES (2921, 21, 4);
#
# -- Exercise ID: 2922
# INSERT INTO Exercise (id, title, description, link, equipment_id, training_type_id) VALUES (2922, 'Barbell Seated Overhead Tricep Extension', 'Target: Triceps', 'https://youtu.be/wJvhlGDf1Hc?si=orGFEeLw20_33-Ur', 12, 2);
# INSERT INTO exercise_muscle (exercise_id, muscle_id, intensity) VALUES (2922, 4, 10);
# INSERT INTO exercise_muscle (exercise_id, muscle_id, intensity) VALUES (2922, 2, 7);
# INSERT INTO exercise_muscle (exercise_id, muscle_id, intensity) VALUES (2922, 11, 4);
#
# -- Exercise ID: 2923
# INSERT INTO Exercise (id, title, description, link, equipment_id, training_type_id) VALUES (2923, 'Barbell Standing Overhead Tricep Extension', 'Target: Triceps', 'https://youtu.be/ebyvvmmA00k?si=wJN4gwe0omjm34CV', 12, 2);
# INSERT INTO exercise_muscle (exercise_id, muscle_id, intensity) VALUES (2923, 4, 10);
# INSERT INTO exercise_muscle (exercise_id, muscle_id, intensity) VALUES (2923, 2, 7);
# INSERT INTO exercise_muscle (exercise_id, muscle_id, intensity) VALUES (2923, 11, 4);
#
# -- Exercise ID: 2924
# INSERT INTO Exercise (id, title, description, link, equipment_id, training_type_id) VALUES (2924, 'Barbell Tall Kneeling Overhead Tricep Extension', 'Target: Triceps', NULL, 12, 2);
# INSERT INTO exercise_muscle (exercise_id, muscle_id, intensity) VALUES (2924, 4, 10);
# INSERT INTO exercise_muscle (exercise_id, muscle_id, intensity) VALUES (2924, 2, 7);
# INSERT INTO exercise_muscle (exercise_id, muscle_id, intensity) VALUES (2924, 11, 4);
#
# -- Exercise ID: 2925
# INSERT INTO Exercise (id, title, description, link, equipment_id, training_type_id) VALUES (2925, 'Miniband Thigh Kneeling Side Plank Hip Abduction', 'Target: Abductors', 'https://youtu.be/RrL3tkrRefw?feature=shared', 13, 2);
# INSERT INTO exercise_muscle (exercise_id, muscle_id, intensity) VALUES (2925, 15, 10);
#
# -- Exercise ID: 2926
# INSERT INTO Exercise (id, title, description, link, equipment_id, training_type_id) VALUES (2926, 'Bodyweight Crunch', 'Target: Abdominals', 'https://youtu.be/Gala3hWxFTw?si=5Qrh2TKQB1NMQpCG', 2, 3);
# INSERT INTO exercise_muscle (exercise_id, muscle_id, intensity) VALUES (2926, 11, 10);
# INSERT INTO exercise_muscle (exercise_id, muscle_id, intensity) VALUES (2926, 12, 4);
#
# -- Exercise ID: 2927
# INSERT INTO Exercise (id, title, description, link, equipment_id, training_type_id) VALUES (2927, 'Bodyweight Reverse Crunch', 'Target: Abdominals', 'https://youtu.be/aIyadD7d7OA?si=I96m4yP0SA4lVKvH', 2, 3);
# INSERT INTO exercise_muscle (exercise_id, muscle_id, intensity) VALUES (2927, 11, 10);
# INSERT INTO exercise_muscle (exercise_id, muscle_id, intensity) VALUES (2927, 12, 4);
#
# -- Exercise ID: 2928
# INSERT INTO Exercise (id, title, description, link, equipment_id, training_type_id) VALUES (2928, 'Bodyweight Dips', 'Target: Triceps', 'https://youtu.be/vJhFJJu7ock?si=fw1wLN_DqI1nQovZ', 2, 4);
# INSERT INTO exercise_muscle (exercise_id, muscle_id, intensity) VALUES (2928, 4, 10);
# INSERT INTO exercise_muscle (exercise_id, muscle_id, intensity) VALUES (2928, 7, 7);
# INSERT INTO exercise_muscle (exercise_id, muscle_id, intensity) VALUES (2928, 2, 4);
#
# -- Exercise ID: 2929
# INSERT INTO Exercise (id, title, description, link, equipment_id, training_type_id) VALUES (2929, 'Single Arm Dumbbell Incline Bench Powell Raise', 'Target: Shoulders', 'https://youtu.be/dQcKaPnET_U?si=BnxCG8Nw6jQvo43a', 6, 3);
# INSERT INTO exercise_muscle (exercise_id, muscle_id, intensity) VALUES (2929, 19, 10);
# INSERT INTO exercise_muscle (exercise_id, muscle_id, intensity) VALUES (2929, 18, 7);
# INSERT INTO exercise_muscle (exercise_id, muscle_id, intensity) VALUES (2929, 9, 4);
#
# -- Exercise ID: 2930
# INSERT INTO Exercise (id, title, description, link, equipment_id, training_type_id) VALUES (2930, 'Cable Rope Half Kneeling Rotation', 'Target: Abdominals', 'https://youtu.be/su38T53sj_I?si=cqcEdslivlwvc0tG', 8, 3);
# INSERT INTO exercise_muscle (exercise_id, muscle_id, intensity) VALUES (2930, 12, 10);
# INSERT INTO exercise_muscle (exercise_id, muscle_id, intensity) VALUES (2930, 11, 7);
#
# -- Exercise ID: 2931
# INSERT INTO Exercise (id, title, description, link, equipment_id, training_type_id) VALUES (2931, 'Cable Rope Split Squat Isometric Rotation', 'Target: Abdominals', NULL, 8, 3);
# INSERT INTO exercise_muscle (exercise_id, muscle_id, intensity) VALUES (2931, 12, 10);
# INSERT INTO exercise_muscle (exercise_id, muscle_id, intensity) VALUES (2931, 13, 7);
#
# -- Exercise ID: 2932
# INSERT INTO Exercise (id, title, description, link, equipment_id, training_type_id) VALUES (2932, 'Double Dumbbell Tall Kneeling Cuban Press', 'Target: Shoulders', NULL, 6, 3);
# INSERT INTO exercise_muscle (exercise_id, muscle_id, intensity) VALUES (2932, 19, 10);
# INSERT INTO exercise_muscle (exercise_id, muscle_id, intensity) VALUES (2932, 9, 4);
#
# -- Exercise ID: 2933
# INSERT INTO Exercise (id, title, description, link, equipment_id, training_type_id) VALUES (2933, 'Heavy Sandbag Bear Hug Good Morning', 'Target: Back', 'https://youtu.be/D4mJTEkNnLY?si=iLZLY-yBoFZVR8GZ', 35, 2);
# INSERT INTO exercise_muscle (exercise_id, muscle_id, intensity) VALUES (2933, 20, 10);
# INSERT INTO exercise_muscle (exercise_id, muscle_id, intensity) VALUES (2933, 22, 7);
# INSERT INTO exercise_muscle (exercise_id, muscle_id, intensity) VALUES (2933, 21, 4);
#
# -- Exercise ID: 2934
# INSERT INTO Exercise (id, title, description, link, equipment_id, training_type_id) VALUES (2934, 'Heavy Sandbag Clean to Overhead Press', 'Target: Shoulders', NULL, 35, 3);
# INSERT INTO exercise_muscle (exercise_id, muscle_id, intensity) VALUES (2934, 2, 10);
# INSERT INTO exercise_muscle (exercise_id, muscle_id, intensity) VALUES (2934, 4, 7);
# INSERT INTO exercise_muscle (exercise_id, muscle_id, intensity) VALUES (2934, 21, 4);
#
# -- Exercise ID: 2935
# INSERT INTO Exercise (id, title, description, link, equipment_id, training_type_id) VALUES (2935, 'Kettlebell Horn Grip Bulgarian Split Squat', 'Target: Quadriceps', 'https://youtu.be/uVDzXg1lrLY?si=qhBp6Nh9qXBsFBEK', 15, 2);
# INSERT INTO exercise_muscle (exercise_id, muscle_id, intensity) VALUES (2935, 13, 10);
# INSERT INTO exercise_muscle (exercise_id, muscle_id, intensity) VALUES (2935, 21, 7);
# INSERT INTO exercise_muscle (exercise_id, muscle_id, intensity) VALUES (2935, 22, 4);
#
# -- Exercise ID: 2936
# INSERT INTO Exercise (id, title, description, link, equipment_id, training_type_id) VALUES (2936, 'Kettlebell Horn Grip Split Squat', 'Target: Quadriceps', 'https://youtu.be/OjBghWkudHk?si=LxwZc1KnuyA20kv-', 15, 2);
# INSERT INTO exercise_muscle (exercise_id, muscle_id, intensity) VALUES (2936, 13, 10);
# INSERT INTO exercise_muscle (exercise_id, muscle_id, intensity) VALUES (2936, 21, 7);
# INSERT INTO exercise_muscle (exercise_id, muscle_id, intensity) VALUES (2936, 22, 4);
#
# -- Exercise ID: 2937
# INSERT INTO Exercise (id, title, description, link, equipment_id, training_type_id) VALUES (2937, 'Kettlebell Horn Grip Knee Over Toe Split Squat', 'Target: Quadriceps', NULL, 15, 2);
# INSERT INTO exercise_muscle (exercise_id, muscle_id, intensity) VALUES (2937, 13, 10);
# INSERT INTO exercise_muscle (exercise_id, muscle_id, intensity) VALUES (2937, 21, 7);
# INSERT INTO exercise_muscle (exercise_id, muscle_id, intensity) VALUES (2937, 6, 4);
#
# -- Exercise ID: 2938
# INSERT INTO Exercise (id, title, description, link, equipment_id, training_type_id) VALUES (2938, 'Kettlebell Horn Grip Foot Elevated Knee Over Toe Split Squat', 'Target: Quadriceps', NULL, 15, 2);
# INSERT INTO exercise_muscle (exercise_id, muscle_id, intensity) VALUES (2938, 13, 10);
# INSERT INTO exercise_muscle (exercise_id, muscle_id, intensity) VALUES (2938, 21, 7);
# INSERT INTO exercise_muscle (exercise_id, muscle_id, intensity) VALUES (2938, 6, 4);
#
# -- Exercise ID: 2939
# INSERT INTO Exercise (id, title, description, link, equipment_id, training_type_id) VALUES (2939, 'Kettlebell Goblet Cossack Squat', 'Target: Quadriceps', NULL, 15, 2);
# INSERT INTO exercise_muscle (exercise_id, muscle_id, intensity) VALUES (2939, 13, 10);
# INSERT INTO exercise_muscle (exercise_id, muscle_id, intensity) VALUES (2939, 14, 7);
# INSERT INTO exercise_muscle (exercise_id, muscle_id, intensity) VALUES (2939, 21, 4);
#
# -- Exercise ID: 2940
# INSERT INTO Exercise (id, title, description, link, equipment_id, training_type_id) VALUES (2940, 'Kettlebell Horn Grip Alternating Cossack Squat', 'Target: Quadriceps', 'https://youtu.be/VFFS9y4czO8?si=iICpgUIx3HuQxAXK', 15, 2);
# INSERT INTO exercise_muscle (exercise_id, muscle_id, intensity) VALUES (2940, 13, 10);
# INSERT INTO exercise_muscle (exercise_id, muscle_id, intensity) VALUES (2940, 14, 7);
# INSERT INTO exercise_muscle (exercise_id, muscle_id, intensity) VALUES (2940, 21, 4);
#
# -- Exercise ID: 2941
# INSERT INTO Exercise (id, title, description, link, equipment_id, training_type_id) VALUES (2941, 'Kettlebell Horn Grip Foot Elevated Cossack Squat', 'Target: Quadriceps', 'https://youtu.be/m7SpIGBcysg?feature=shared', 15, 2);
# INSERT INTO exercise_muscle (exercise_id, muscle_id, intensity) VALUES (2941, 13, 10);
# INSERT INTO exercise_muscle (exercise_id, muscle_id, intensity) VALUES (2941, 14, 7);
# INSERT INTO exercise_muscle (exercise_id, muscle_id, intensity) VALUES (2941, 21, 4);
#
# -- Exercise ID: 2942
# INSERT INTO Exercise (id, title, description, link, equipment_id, training_type_id) VALUES (2942, 'Kettlebell Horn Grip Low Switch Cossack Squat', 'Target: Quadriceps', 'https://youtu.be/_kY7RjpdeLk?si=RGQDn1PcABDT0id_', 15, 2);
# INSERT INTO exercise_muscle (exercise_id, muscle_id, intensity) VALUES (2942, 13, 10);
# INSERT INTO exercise_muscle (exercise_id, muscle_id, intensity) VALUES (2942, 14, 7);
# INSERT INTO exercise_muscle (exercise_id, muscle_id, intensity) VALUES (2942, 21, 4);
#
# -- Exercise ID: 2943
# INSERT INTO Exercise (id, title, description, link, equipment_id, training_type_id) VALUES (2943, 'Kettlebell Horn Grip Cossack Squat', 'Target: Quadriceps', 'https://youtu.be/rSaWYv37zzE?si=A1Q8ZZrV4BpY2YTj', 15, 2);
# INSERT INTO exercise_muscle (exercise_id, muscle_id, intensity) VALUES (2943, 13, 10);
# INSERT INTO exercise_muscle (exercise_id, muscle_id, intensity) VALUES (2943, 14, 7);
# INSERT INTO exercise_muscle (exercise_id, muscle_id, intensity) VALUES (2943, 21, 4);
#
# -- Exercise ID: 2944
# INSERT INTO Exercise (id, title, description, link, equipment_id, training_type_id) VALUES (2944, 'Kettlebell Horn Grip Squat', 'Target: Quadriceps', 'https://youtu.be/45dZiT5tSD8?si=cr-0sbBOuzZCT9qZ', 15, 3);
# INSERT INTO exercise_muscle (exercise_id, muscle_id, intensity) VALUES (2944, 13, 10);
# INSERT INTO exercise_muscle (exercise_id, muscle_id, intensity) VALUES (2944, 21, 7);
#
# -- Exercise ID: 2945
# INSERT INTO Exercise (id, title, description, link, equipment_id, training_type_id) VALUES (2945, 'Single Arm Kettlebell Overhead Contralateral Bulgarian Split Squat', 'Target: Quadriceps', 'https://youtu.be/TyxhJBfOh58?si=ExY9V0DPBrWkWCel', 15, 2);
# INSERT INTO exercise_muscle (exercise_id, muscle_id, intensity) VALUES (2945, 13, 10);
# INSERT INTO exercise_muscle (exercise_id, muscle_id, intensity) VALUES (2945, 21, 7);
# INSERT INTO exercise_muscle (exercise_id, muscle_id, intensity) VALUES (2945, 22, 4);
#
# -- Exercise ID: 2946
# INSERT INTO Exercise (id, title, description, link, equipment_id, training_type_id) VALUES (2946, 'Single Arm Kettlebell Overhead Ipsilateral Bulgarian Split Squat', 'Target: Quadriceps', 'https://youtu.be/gOht2c4hMzg?si=yTn2j_m1x58wZj-l', 15, 2);
# INSERT INTO exercise_muscle (exercise_id, muscle_id, intensity) VALUES (2946, 13, 10);
# INSERT INTO exercise_muscle (exercise_id, muscle_id, intensity) VALUES (2946, 21, 7);
# INSERT INTO exercise_muscle (exercise_id, muscle_id, intensity) VALUES (2946, 22, 4);
#
# -- Exercise ID: 2947
# INSERT INTO Exercise (id, title, description, link, equipment_id, training_type_id) VALUES (2947, 'Double Dumbbell Low Hold Lateral Lunge', 'Target: Quadriceps', 'https://youtu.be/HLDhxSqMQyE?si=3iYb1Ys4Ld0KFpSn', 6, 2);
# INSERT INTO exercise_muscle (exercise_id, muscle_id, intensity) VALUES (2947, 13, 10);
# INSERT INTO exercise_muscle (exercise_id, muscle_id, intensity) VALUES (2947, 21, 7);
# INSERT INTO exercise_muscle (exercise_id, muscle_id, intensity) VALUES (2947, 14, 4);
#
# -- Exercise ID: 2948
# INSERT INTO Exercise (id, title, description, link, equipment_id, training_type_id) VALUES (2948, 'Barbell Front Rack Lateral Lunge', 'Target: Quadriceps', 'https://youtu.be/OEtwgF9fZcM?si=NiXeU6zewA9v0Fkx', 12, 2);
# INSERT INTO exercise_muscle (exercise_id, muscle_id, intensity) VALUES (2948, 13, 10);
# INSERT INTO exercise_muscle (exercise_id, muscle_id, intensity) VALUES (2948, 21, 7);
# INSERT INTO exercise_muscle (exercise_id, muscle_id, intensity) VALUES (2948, 14, 4);
#
# -- Exercise ID: 2949
# INSERT INTO Exercise (id, title, description, link, equipment_id, training_type_id) VALUES (2949, 'Barbell Overhead Lateral Lunge', 'Target: Quadriceps', NULL, 12, 2);
# INSERT INTO exercise_muscle (exercise_id, muscle_id, intensity) VALUES (2949, 13, 10);
# INSERT INTO exercise_muscle (exercise_id, muscle_id, intensity) VALUES (2949, 21, 7);
# INSERT INTO exercise_muscle (exercise_id, muscle_id, intensity) VALUES (2949, 14, 4);
#
# -- Exercise ID: 2950
# INSERT INTO Exercise (id, title, description, link, equipment_id, training_type_id) VALUES (2950, 'Heavy Sandbag Bear Hug Lateral Lunge', 'Target: Quadriceps', NULL, 35, 3);
# INSERT INTO exercise_muscle (exercise_id, muscle_id, intensity) VALUES (2950, 13, 10);
# INSERT INTO exercise_muscle (exercise_id, muscle_id, intensity) VALUES (2950, 21, 7);
# INSERT INTO exercise_muscle (exercise_id, muscle_id, intensity) VALUES (2950, 8, 4);
#
# -- Exercise ID: 2951
# INSERT INTO Exercise (id, title, description, link, equipment_id, training_type_id) VALUES (2951, 'Heavy Sandbag Shoulder Contralateral Lateral Lunge', 'Target: Quadriceps', NULL, 35, 3);
# INSERT INTO exercise_muscle (exercise_id, muscle_id, intensity) VALUES (2951, 13, 10);
# INSERT INTO exercise_muscle (exercise_id, muscle_id, intensity) VALUES (2951, 21, 7);
# INSERT INTO exercise_muscle (exercise_id, muscle_id, intensity) VALUES (2951, 14, 4);
#
# -- Exercise ID: 2952
# INSERT INTO Exercise (id, title, description, link, equipment_id, training_type_id) VALUES (2952, 'Barbell Back Rack Lateral Lunge', 'Target: Quadriceps', 'https://youtu.be/1vL0XkLlP-w?si=hzM0tCpVcWoTpqc7', 12, 2);
# INSERT INTO exercise_muscle (exercise_id, muscle_id, intensity) VALUES (2952, 13, 10);
# INSERT INTO exercise_muscle (exercise_id, muscle_id, intensity) VALUES (2952, 21, 7);
# INSERT INTO exercise_muscle (exercise_id, muscle_id, intensity) VALUES (2952, 14, 4);
#
# -- Exercise ID: 2953
# INSERT INTO Exercise (id, title, description, link, equipment_id, training_type_id) VALUES (2953, 'Double Kettlebell Suitcase Lateral Lunge', 'Target: Quadriceps', NULL, 15, 2);
# INSERT INTO exercise_muscle (exercise_id, muscle_id, intensity) VALUES (2953, 13, 10);
# INSERT INTO exercise_muscle (exercise_id, muscle_id, intensity) VALUES (2953, 21, 7);
# INSERT INTO exercise_muscle (exercise_id, muscle_id, intensity) VALUES (2953, 14, 4);
#
# -- Exercise ID: 2954
# INSERT INTO Exercise (id, title, description, link, equipment_id, training_type_id) VALUES (2954, 'Double Kettlebell Front Rack Lateral Lunge', 'Target: Quadriceps', 'https://youtu.be/TzuHADj8h4M?si=iwVlpYdKhmpx03MU', 15, 2);
# INSERT INTO exercise_muscle (exercise_id, muscle_id, intensity) VALUES (2954, 13, 10);
# INSERT INTO exercise_muscle (exercise_id, muscle_id, intensity) VALUES (2954, 21, 7);
# INSERT INTO exercise_muscle (exercise_id, muscle_id, intensity) VALUES (2954, 14, 4);
#
# -- Exercise ID: 2955
# INSERT INTO Exercise (id, title, description, link, equipment_id, training_type_id) VALUES (2955, 'Double Kettlebell Bottoms Up Front Rack Lateral Lunge', 'Target: Quadriceps', NULL, 15, 2);
# INSERT INTO exercise_muscle (exercise_id, muscle_id, intensity) VALUES (2955, 13, 10);
# INSERT INTO exercise_muscle (exercise_id, muscle_id, intensity) VALUES (2955, 21, 7);
# INSERT INTO exercise_muscle (exercise_id, muscle_id, intensity) VALUES (2955, 14, 4);
#
# -- Exercise ID: 2956
# INSERT INTO Exercise (id, title, description, link, equipment_id, training_type_id) VALUES (2956, 'Double Dumbbell Front Rack Lateral Lunge', 'Target: Quadriceps', 'https://youtu.be/yX1XqdeaczU?si=-zoUhOUe3G-CUM4q', 6, 2);
# INSERT INTO exercise_muscle (exercise_id, muscle_id, intensity) VALUES (2956, 13, 10);
# INSERT INTO exercise_muscle (exercise_id, muscle_id, intensity) VALUES (2956, 21, 7);
# INSERT INTO exercise_muscle (exercise_id, muscle_id, intensity) VALUES (2956, 14, 4);
#
# -- Exercise ID: 2957
# INSERT INTO Exercise (id, title, description, link, equipment_id, training_type_id) VALUES (2957, 'Double Dumbbell Overhead Lateral Lunge', 'Target: Quadriceps', NULL, 6, 2);
# INSERT INTO exercise_muscle (exercise_id, muscle_id, intensity) VALUES (2957, 13, 10);
# INSERT INTO exercise_muscle (exercise_id, muscle_id, intensity) VALUES (2957, 21, 7);
# INSERT INTO exercise_muscle (exercise_id, muscle_id, intensity) VALUES (2957, 14, 4);
#
# -- Exercise ID: 2958
# INSERT INTO Exercise (id, title, description, link, equipment_id, training_type_id) VALUES (2958, 'Single Arm Dumbbell Suitcase Contralateral Lateral Lunge', 'Target: Quadriceps', 'https://youtu.be/-5W0Wi2_vps?feature=shared', 6, 2);
# INSERT INTO exercise_muscle (exercise_id, muscle_id, intensity) VALUES (2958, 13, 10);
# INSERT INTO exercise_muscle (exercise_id, muscle_id, intensity) VALUES (2958, 21, 7);
# INSERT INTO exercise_muscle (exercise_id, muscle_id, intensity) VALUES (2958, 14, 4);
#
# -- Exercise ID: 2959
# INSERT INTO Exercise (id, title, description, link, equipment_id, training_type_id) VALUES (2959, 'Single Arm Dumbbell Front Rack Contralateral Lateral Lunge', 'Target: Quadriceps', 'https://youtu.be/OWIhh8vYl-M?si=WNuup7a0fJkVHgbd', 6, 2);
# INSERT INTO exercise_muscle (exercise_id, muscle_id, intensity) VALUES (2959, 13, 10);
# INSERT INTO exercise_muscle (exercise_id, muscle_id, intensity) VALUES (2959, 21, 7);
# INSERT INTO exercise_muscle (exercise_id, muscle_id, intensity) VALUES (2959, 14, 4);
#
# -- Exercise ID: 2960
# INSERT INTO Exercise (id, title, description, link, equipment_id, training_type_id) VALUES (2960, 'Single Arm Dumbbell Overhead Contralateral Lateral Lunge', 'Target: Quadriceps', 'https://youtu.be/Lfk8pR6zSpY?si=OohC0T89kZMsUcm0', 6, 2);
# INSERT INTO exercise_muscle (exercise_id, muscle_id, intensity) VALUES (2960, 13, 10);
# INSERT INTO exercise_muscle (exercise_id, muscle_id, intensity) VALUES (2960, 21, 7);
# INSERT INTO exercise_muscle (exercise_id, muscle_id, intensity) VALUES (2960, 14, 4);
#
# -- Exercise ID: 2961
# INSERT INTO Exercise (id, title, description, link, equipment_id, training_type_id) VALUES (2961, 'Double Kettlebell Overhead Lateral Lunge', 'Target: Quadriceps', NULL, 15, 2);
# INSERT INTO exercise_muscle (exercise_id, muscle_id, intensity) VALUES (2961, 13, 10);
# INSERT INTO exercise_muscle (exercise_id, muscle_id, intensity) VALUES (2961, 21, 7);
# INSERT INTO exercise_muscle (exercise_id, muscle_id, intensity) VALUES (2961, 14, 4);
#
# -- Exercise ID: 2962
# INSERT INTO Exercise (id, title, description, link, equipment_id, training_type_id) VALUES (2962, 'Dumbbell Goblet Lateral Lunge', 'Target: Quadriceps', 'https://youtu.be/Vfl-OUHFQQo?si=zECktY2dytdpOMdK', 6, 2);
# INSERT INTO exercise_muscle (exercise_id, muscle_id, intensity) VALUES (2962, 13, 10);
# INSERT INTO exercise_muscle (exercise_id, muscle_id, intensity) VALUES (2962, 21, 7);
# INSERT INTO exercise_muscle (exercise_id, muscle_id, intensity) VALUES (2962, 14, 4);
#
# -- Exercise ID: 2963
# INSERT INTO Exercise (id, title, description, link, equipment_id, training_type_id) VALUES (2963, 'Clubbell Order Lateral Lunge', 'Target: Quadriceps', NULL, 26, 2);
# INSERT INTO exercise_muscle (exercise_id, muscle_id, intensity) VALUES (2963, 13, 10);
# INSERT INTO exercise_muscle (exercise_id, muscle_id, intensity) VALUES (2963, 21, 7);
# INSERT INTO exercise_muscle (exercise_id, muscle_id, intensity) VALUES (2963, 14, 4);
#
# -- Exercise ID: 2964
# INSERT INTO Exercise (id, title, description, link, equipment_id, training_type_id) VALUES (2964, 'Double Clubbell Order Lateral Lunge', 'Target: Quadriceps', NULL, 26, 2);
# INSERT INTO exercise_muscle (exercise_id, muscle_id, intensity) VALUES (2964, 13, 10);
# INSERT INTO exercise_muscle (exercise_id, muscle_id, intensity) VALUES (2964, 21, 7);
# INSERT INTO exercise_muscle (exercise_id, muscle_id, intensity) VALUES (2964, 14, 4);
#
# -- Exercise ID: 2965
# INSERT INTO Exercise (id, title, description, link, equipment_id, training_type_id) VALUES (2965, 'Single Arm Clubbell Order Contralateral Lateral Lunge', 'Target: Quadriceps', NULL, 26, 2);
# INSERT INTO exercise_muscle (exercise_id, muscle_id, intensity) VALUES (2965, 13, 10);
# INSERT INTO exercise_muscle (exercise_id, muscle_id, intensity) VALUES (2965, 21, 7);
# INSERT INTO exercise_muscle (exercise_id, muscle_id, intensity) VALUES (2965, 14, 4);
#
# -- Exercise ID: 2966
# INSERT INTO Exercise (id, title, description, link, equipment_id, training_type_id) VALUES (2966, 'Macebell Order Lateral Lunge', 'Target: Quadriceps', NULL, 24, 2);
# INSERT INTO exercise_muscle (exercise_id, muscle_id, intensity) VALUES (2966, 13, 10);
# INSERT INTO exercise_muscle (exercise_id, muscle_id, intensity) VALUES (2966, 21, 7);
# INSERT INTO exercise_muscle (exercise_id, muscle_id, intensity) VALUES (2966, 14, 4);
#
# -- Exercise ID: 2967
# INSERT INTO Exercise (id, title, description, link, equipment_id, training_type_id) VALUES (2967, 'Double Kettlebell Bottoms Up Overhead Lateral Lunge', 'Target: Quadriceps', NULL, 15, 2);
# INSERT INTO exercise_muscle (exercise_id, muscle_id, intensity) VALUES (2967, 13, 10);
# INSERT INTO exercise_muscle (exercise_id, muscle_id, intensity) VALUES (2967, 21, 7);
# INSERT INTO exercise_muscle (exercise_id, muscle_id, intensity) VALUES (2967, 14, 4);
#
# -- Exercise ID: 2968
# INSERT INTO Exercise (id, title, description, link, equipment_id, training_type_id) VALUES (2968, 'Single Arm Kettlebell Suitcase Contralateral Lateral Lunge', 'Target: Quadriceps', 'https://youtu.be/NlkYG2ZJ0OE?si=oa1-NGoydk-xKSsq', 15, 2);
# INSERT INTO exercise_muscle (exercise_id, muscle_id, intensity) VALUES (2968, 13, 10);
# INSERT INTO exercise_muscle (exercise_id, muscle_id, intensity) VALUES (2968, 21, 7);
# INSERT INTO exercise_muscle (exercise_id, muscle_id, intensity) VALUES (2968, 14, 4);
#
# -- Exercise ID: 2969
# INSERT INTO Exercise (id, title, description, link, equipment_id, training_type_id) VALUES (2969, 'Bodyweight Lateral Lunge', 'Target: Quadriceps', 'https://youtu.be/vwOrd9umMOc?si=dTiEBNYBRJajSW4a', 2, 2);
# INSERT INTO exercise_muscle (exercise_id, muscle_id, intensity) VALUES (2969, 13, 10);
# INSERT INTO exercise_muscle (exercise_id, muscle_id, intensity) VALUES (2969, 21, 7);
# INSERT INTO exercise_muscle (exercise_id, muscle_id, intensity) VALUES (2969, 14, 4);
#
# -- Exercise ID: 2970
# INSERT INTO Exercise (id, title, description, link, equipment_id, training_type_id) VALUES (2970, 'Bulgarian Bag Back Rack Lateral Lunge', 'Target: Quadriceps', NULL, 34, 2);
# INSERT INTO exercise_muscle (exercise_id, muscle_id, intensity) VALUES (2970, 13, 10);
# INSERT INTO exercise_muscle (exercise_id, muscle_id, intensity) VALUES (2970, 21, 7);
# INSERT INTO exercise_muscle (exercise_id, muscle_id, intensity) VALUES (2970, 14, 4);
#
# -- Exercise ID: 2971
# INSERT INTO Exercise (id, title, description, link, equipment_id, training_type_id) VALUES (2971, 'Sandbag Front Rack Lateral Lunge', 'Target: Quadriceps', 'https://youtu.be/U-z_jIM8Tew?si=SZspUD2oLZXeO5D2', 36, 2);
# INSERT INTO exercise_muscle (exercise_id, muscle_id, intensity) VALUES (2971, 13, 10);
# INSERT INTO exercise_muscle (exercise_id, muscle_id, intensity) VALUES (2971, 21, 7);
# INSERT INTO exercise_muscle (exercise_id, muscle_id, intensity) VALUES (2971, 14, 4);
#
# -- Exercise ID: 2972
# INSERT INTO Exercise (id, title, description, link, equipment_id, training_type_id) VALUES (2972, 'Plate Overhead Lateral Lunge', 'Target: Quadriceps', 'https://youtu.be/iojT0TdeY-Q?si=ROEMSEe_KkOEdMc0', 22, 2);
# INSERT INTO exercise_muscle (exercise_id, muscle_id, intensity) VALUES (2972, 13, 10);
# INSERT INTO exercise_muscle (exercise_id, muscle_id, intensity) VALUES (2972, 21, 7);
# INSERT INTO exercise_muscle (exercise_id, muscle_id, intensity) VALUES (2972, 14, 4);
#
# -- Exercise ID: 2973
# INSERT INTO Exercise (id, title, description, link, equipment_id, training_type_id) VALUES (2973, 'Single Arm Kettlebell Front Rack Contralateral Lateral Lunge', 'Target: Quadriceps', 'https://youtu.be/Zsabw1IsO9I?si=b5LVn94BLkSHKB_5', 15, 2);
# INSERT INTO exercise_muscle (exercise_id, muscle_id, intensity) VALUES (2973, 13, 10);
# INSERT INTO exercise_muscle (exercise_id, muscle_id, intensity) VALUES (2973, 21, 7);
# INSERT INTO exercise_muscle (exercise_id, muscle_id, intensity) VALUES (2973, 14, 4);
#
# -- Exercise ID: 2974
# INSERT INTO Exercise (id, title, description, link, equipment_id, training_type_id) VALUES (2974, 'Single Arm Kettlebell Bottoms Up Front Rack Contralateral Lateral Lunge', 'Target: Quadriceps', 'https://youtu.be/MmjIL_vngvw?si=aEO8f0KqC36Pr-Lx', 15, 2);
# INSERT INTO exercise_muscle (exercise_id, muscle_id, intensity) VALUES (2974, 13, 10);
# INSERT INTO exercise_muscle (exercise_id, muscle_id, intensity) VALUES (2974, 21, 7);
# INSERT INTO exercise_muscle (exercise_id, muscle_id, intensity) VALUES (2974, 14, 4);
#
# -- Exercise ID: 2975
# INSERT INTO Exercise (id, title, description, link, equipment_id, training_type_id) VALUES (2975, 'Single Arm Kettlebell Overhead Contralateral Lateral Lunge', 'Target: Quadriceps', NULL, 15, 2);
# INSERT INTO exercise_muscle (exercise_id, muscle_id, intensity) VALUES (2975, 13, 10);
# INSERT INTO exercise_muscle (exercise_id, muscle_id, intensity) VALUES (2975, 21, 7);
# INSERT INTO exercise_muscle (exercise_id, muscle_id, intensity) VALUES (2975, 14, 4);
#
# -- Exercise ID: 2976
# INSERT INTO Exercise (id, title, description, link, equipment_id, training_type_id) VALUES (2976, 'Single Arm Kettlebell Bottoms Up Overhead Contralateral Lateral Lunge', 'Target: Quadriceps', NULL, 15, 2);
# INSERT INTO exercise_muscle (exercise_id, muscle_id, intensity) VALUES (2976, 13, 10);
# INSERT INTO exercise_muscle (exercise_id, muscle_id, intensity) VALUES (2976, 21, 7);
# INSERT INTO exercise_muscle (exercise_id, muscle_id, intensity) VALUES (2976, 14, 4);
#
# -- Exercise ID: 2977
# INSERT INTO Exercise (id, title, description, link, equipment_id, training_type_id) VALUES (2977, 'Kettlebell Goblet Lateral Lunge', 'Target: Quadriceps', 'https://youtu.be/kLdLvTsVbeU?si=ncvaPkFaqqmfK76j', 15, 2);
# INSERT INTO exercise_muscle (exercise_id, muscle_id, intensity) VALUES (2977, 13, 10);
# INSERT INTO exercise_muscle (exercise_id, muscle_id, intensity) VALUES (2977, 21, 7);
# INSERT INTO exercise_muscle (exercise_id, muscle_id, intensity) VALUES (2977, 14, 4);
#
# -- Exercise ID: 2978
# INSERT INTO Exercise (id, title, description, link, equipment_id, training_type_id) VALUES (2978, 'Kettlebell Horn Grip Lateral Lunge', 'Target: Quadriceps', 'https://youtu.be/rWKbV7s0bhc?si=DBfnajIIdfbAlzNg', 15, 2);
# INSERT INTO exercise_muscle (exercise_id, muscle_id, intensity) VALUES (2978, 13, 10);
# INSERT INTO exercise_muscle (exercise_id, muscle_id, intensity) VALUES (2978, 21, 7);
# INSERT INTO exercise_muscle (exercise_id, muscle_id, intensity) VALUES (2978, 14, 4);
#
# -- Exercise ID: 2979
# INSERT INTO Exercise (id, title, description, link, equipment_id, training_type_id) VALUES (2979, 'Barbell Zercher Lateral Lunge', 'Target: Quadriceps', 'https://youtu.be/xeeDCg5-Jxw?si=ji2BQOrjjkDkClD5', 12, 2);
# INSERT INTO exercise_muscle (exercise_id, muscle_id, intensity) VALUES (2979, 13, 10);
# INSERT INTO exercise_muscle (exercise_id, muscle_id, intensity) VALUES (2979, 21, 7);
# INSERT INTO exercise_muscle (exercise_id, muscle_id, intensity) VALUES (2979, 14, 4);
#
# -- Exercise ID: 2980
# INSERT INTO Exercise (id, title, description, link, equipment_id, training_type_id) VALUES (2980, 'Single Arm Dumbbell Front Rack Ipsilateral Lateral Lunge', 'Target: Quadriceps', 'https://youtu.be/eKSHQsVMOK4?si=5Lej30jpx3r7UZJB', 6, 2);
# INSERT INTO exercise_muscle (exercise_id, muscle_id, intensity) VALUES (2980, 13, 10);
# INSERT INTO exercise_muscle (exercise_id, muscle_id, intensity) VALUES (2980, 21, 7);
# INSERT INTO exercise_muscle (exercise_id, muscle_id, intensity) VALUES (2980, 14, 4);
#
# -- Exercise ID: 2981
# INSERT INTO Exercise (id, title, description, link, equipment_id, training_type_id) VALUES (2981, 'Single Arm Dumbbell Overhead Ipsilateral Lateral Lunge', 'Target: Quadriceps', NULL, 6, 2);
# INSERT INTO exercise_muscle (exercise_id, muscle_id, intensity) VALUES (2981, 13, 10);
# INSERT INTO exercise_muscle (exercise_id, muscle_id, intensity) VALUES (2981, 21, 7);
# INSERT INTO exercise_muscle (exercise_id, muscle_id, intensity) VALUES (2981, 14, 4);
#
# -- Exercise ID: 2982
# INSERT INTO Exercise (id, title, description, link, equipment_id, training_type_id) VALUES (2982, 'Single Arm Clubbell Order Ipsilateral Lateral Lunge', 'Target: Quadriceps', NULL, 26, 2);
# INSERT INTO exercise_muscle (exercise_id, muscle_id, intensity) VALUES (2982, 13, 10);
# INSERT INTO exercise_muscle (exercise_id, muscle_id, intensity) VALUES (2982, 21, 7);
# INSERT INTO exercise_muscle (exercise_id, muscle_id, intensity) VALUES (2982, 14, 4);
#
# -- Exercise ID: 2983
# INSERT INTO Exercise (id, title, description, link, equipment_id, training_type_id) VALUES (2983, 'Single Arm Kettlebell Front Rack Ipsilateral Lateral Lunge', 'Target: Quadriceps', NULL, 15, 2);
# INSERT INTO exercise_muscle (exercise_id, muscle_id, intensity) VALUES (2983, 13, 10);
# INSERT INTO exercise_muscle (exercise_id, muscle_id, intensity) VALUES (2983, 21, 7);
# INSERT INTO exercise_muscle (exercise_id, muscle_id, intensity) VALUES (2983, 14, 4);
#
# -- Exercise ID: 2984
# INSERT INTO Exercise (id, title, description, link, equipment_id, training_type_id) VALUES (2984, 'Single Arm Kettlebell Bottoms Up Front Rack Ipsilateral Lateral Lunge', 'Target: Quadriceps', NULL, 15, 2);
# INSERT INTO exercise_muscle (exercise_id, muscle_id, intensity) VALUES (2984, 13, 10);
# INSERT INTO exercise_muscle (exercise_id, muscle_id, intensity) VALUES (2984, 21, 7);
# INSERT INTO exercise_muscle (exercise_id, muscle_id, intensity) VALUES (2984, 14, 4);
#
# -- Exercise ID: 2985
# INSERT INTO Exercise (id, title, description, link, equipment_id, training_type_id) VALUES (2985, 'Single Arm Kettlebell Overhead Ipsilateral Lateral Lunge', 'Target: Quadriceps', NULL, 15, 2);
# INSERT INTO exercise_muscle (exercise_id, muscle_id, intensity) VALUES (2985, 13, 10);
# INSERT INTO exercise_muscle (exercise_id, muscle_id, intensity) VALUES (2985, 21, 7);
# INSERT INTO exercise_muscle (exercise_id, muscle_id, intensity) VALUES (2985, 14, 4);
#
# -- Exercise ID: 2986
# INSERT INTO Exercise (id, title, description, link, equipment_id, training_type_id) VALUES (2986, 'Single Arm Kettlebell Bottoms Up Overhead Ipsilateral Lateral Lunge', 'Target: Quadriceps', NULL, 15, 2);
# INSERT INTO exercise_muscle (exercise_id, muscle_id, intensity) VALUES (2986, 13, 10);
# INSERT INTO exercise_muscle (exercise_id, muscle_id, intensity) VALUES (2986, 21, 7);
# INSERT INTO exercise_muscle (exercise_id, muscle_id, intensity) VALUES (2986, 14, 4);
#
# -- Exercise ID: 2987
# INSERT INTO Exercise (id, title, description, link, equipment_id, training_type_id) VALUES (2987, 'Heavy Sandbag Shoulder Ipsilateral Lateral Lunge', 'Target: Quadriceps', NULL, 35, 3);
# INSERT INTO exercise_muscle (exercise_id, muscle_id, intensity) VALUES (2987, 13, 10);
# INSERT INTO exercise_muscle (exercise_id, muscle_id, intensity) VALUES (2987, 21, 7);
# INSERT INTO exercise_muscle (exercise_id, muscle_id, intensity) VALUES (2987, 14, 4);
#
# -- Exercise ID: 2988
# INSERT INTO Exercise (id, title, description, link, equipment_id, training_type_id) VALUES (2988, 'Single Arm Macebell Order Contralateral Lateral Lunge', 'Target: Quadriceps', NULL, 24, 2);
# INSERT INTO exercise_muscle (exercise_id, muscle_id, intensity) VALUES (2988, 13, 10);
# INSERT INTO exercise_muscle (exercise_id, muscle_id, intensity) VALUES (2988, 21, 7);
# INSERT INTO exercise_muscle (exercise_id, muscle_id, intensity) VALUES (2988, 14, 4);
#
# -- Exercise ID: 2989
# INSERT INTO Exercise (id, title, description, link, equipment_id, training_type_id) VALUES (2989, 'Single Arm Macebell Order Ipsilateral Lateral Lunge', 'Target: Quadriceps', NULL, 24, 2);
# INSERT INTO exercise_muscle (exercise_id, muscle_id, intensity) VALUES (2989, 13, 10);
# INSERT INTO exercise_muscle (exercise_id, muscle_id, intensity) VALUES (2989, 21, 7);
# INSERT INTO exercise_muscle (exercise_id, muscle_id, intensity) VALUES (2989, 14, 4);
#
# -- Exercise ID: 2990
# INSERT INTO Exercise (id, title, description, link, equipment_id, training_type_id) VALUES (2990, 'Alternating Single Arm Kettlebell Clean to Push Press', 'Target: Shoulders', 'https://youtu.be/wmPn0Mvn1gU?si=J1dYeSMpkYaIcLj8', 15, 10);
# INSERT INTO exercise_muscle (exercise_id, muscle_id, intensity) VALUES (2990, 2, 10);
# INSERT INTO exercise_muscle (exercise_id, muscle_id, intensity) VALUES (2990, 21, 7);
#
# -- Exercise ID: 2991
# INSERT INTO Exercise (id, title, description, link, equipment_id, training_type_id) VALUES (2991, 'Alternating Single Arm Kettlebell Clean to Overhead Press', 'Target: Shoulders', 'https://youtu.be/iMjJRSR2VjU?si=aNlEfyCdPcY-CarB', 15, 10);
# INSERT INTO exercise_muscle (exercise_id, muscle_id, intensity) VALUES (2991, 2, 10);
# INSERT INTO exercise_muscle (exercise_id, muscle_id, intensity) VALUES (2991, 21, 7);
#
# -- Exercise ID: 2992
# INSERT INTO Exercise (id, title, description, link, equipment_id, training_type_id) VALUES (2992, 'Alternating Single Arm Kettlebell Clean to Front Rack Squat', 'Target: Quadriceps', NULL, 15, 10);
# INSERT INTO exercise_muscle (exercise_id, muscle_id, intensity) VALUES (2992, 13, 10);
# INSERT INTO exercise_muscle (exercise_id, muscle_id, intensity) VALUES (2992, 21, 7);
# INSERT INTO exercise_muscle (exercise_id, muscle_id, intensity) VALUES (2992, 22, 4);
#
# -- Exercise ID: 2993
# INSERT INTO Exercise (id, title, description, link, equipment_id, training_type_id) VALUES (2993, 'Single Arm Landmine Half Kneeling Ipsilateral Shoulder Press', 'Target: Shoulders', 'https://youtu.be/JFAHbtg7yGo?si=D0wQ8DZcL7yrM3kB', 19, 3);
# INSERT INTO exercise_muscle (exercise_id, muscle_id, intensity) VALUES (2993, 2, 10);
#
# -- Exercise ID: 2994
# INSERT INTO Exercise (id, title, description, link, equipment_id, training_type_id) VALUES (2994, 'Stability Ball Copenhagen Plank', 'Target: Adductors', 'https://youtu.be/-2epiOMX6MA?si=uVZg_03GZULcCJ7F', 1, 3);
# INSERT INTO exercise_muscle (exercise_id, muscle_id, intensity) VALUES (2994, 14, 10);
#
# -- Exercise ID: 2995
# INSERT INTO Exercise (id, title, description, link, equipment_id, training_type_id) VALUES (2995, 'Double Kettlebell Gorilla Clean', 'Target: Glutes', 'https://youtu.be/8iDWbo_j5v0?si=sHXK18f-6Tt7DZDW', 15, 10);
# INSERT INTO exercise_muscle (exercise_id, muscle_id, intensity) VALUES (2995, 21, 10);
#
# -- Exercise ID: 2996
# INSERT INTO Exercise (id, title, description, link, equipment_id, training_type_id) VALUES (2996, 'Stability Ball Side Plank', 'Target: Abdominals', 'https://youtu.be/4PEb0vOgK-c?si=VnLjpuKoW3QEQjAS', 1, 3);
# INSERT INTO exercise_muscle (exercise_id, muscle_id, intensity) VALUES (2996, 12, 10);
# INSERT INTO exercise_muscle (exercise_id, muscle_id, intensity) VALUES (2996, 11, 7);
#
# -- Exercise ID: 2997
# INSERT INTO Exercise (id, title, description, link, equipment_id, training_type_id) VALUES (2997, 'Stability Ball Mountain Climber', 'Target: Abdominals', 'https://youtu.be/P6etpDUfGWE?si=PNWuo_7oxajSyVST', 1, 3);
# INSERT INTO exercise_muscle (exercise_id, muscle_id, intensity) VALUES (2997, 11, 10);
# INSERT INTO exercise_muscle (exercise_id, muscle_id, intensity) VALUES (2997, 2, 4);
#
# -- Exercise ID: 2998
# INSERT INTO Exercise (id, title, description, link, equipment_id, training_type_id) VALUES (2998, 'Kettlebell Horn Grip Seated Bicep Curl', 'Target: Biceps', 'https://youtu.be/8ZojxSRyeSc?si=VyMvt77RkP4-J8_Z', 15, 2);
# INSERT INTO exercise_muscle (exercise_id, muscle_id, intensity) VALUES (2998, 8, 10);
# INSERT INTO exercise_muscle (exercise_id, muscle_id, intensity) VALUES (2998, 10, 4);
#
# -- Exercise ID: 2999
# INSERT INTO Exercise (id, title, description, link, equipment_id, training_type_id) VALUES (2999, 'Alternating Single Arm Kettlebell Clean to Bent Press', 'Target: Shoulders', NULL, 15, 3);
# INSERT INTO exercise_muscle (exercise_id, muscle_id, intensity) VALUES (2999, 2, 10);
# INSERT INTO exercise_muscle (exercise_id, muscle_id, intensity) VALUES (2999, 21, 7);
#
# -- Exercise ID: 3000
# INSERT INTO Exercise (id, title, description, link, equipment_id, training_type_id) VALUES (3000, 'Single Arm Kettlebell Clean to Bent Press', 'Target: Shoulders', NULL, 15, 3);
# INSERT INTO exercise_muscle (exercise_id, muscle_id, intensity) VALUES (3000, 2, 10);
# INSERT INTO exercise_muscle (exercise_id, muscle_id, intensity) VALUES (3000, 21, 7);
#
# -- Exercise ID: 3001
# INSERT INTO Exercise (id, title, description, link, equipment_id, training_type_id) VALUES (3001, 'Single Arm Kettlebell Copenhagen Plank', 'Target: Adductors', 'https://youtu.be/vYpsixm7ETY?si=OnSWh63rxbrpvpV9', 15, 3);
# INSERT INTO exercise_muscle (exercise_id, muscle_id, intensity) VALUES (3001, 14, 10);
#
# -- Exercise ID: 3002
# INSERT INTO Exercise (id, title, description, link, equipment_id, training_type_id) VALUES (3002, 'Suspension Copenhagen Plank', 'Target: Adductors', 'https://youtu.be/SDe0leCDjKA?si=GubJDQVVx4IoBbJa', 11, 3);
# INSERT INTO exercise_muscle (exercise_id, muscle_id, intensity) VALUES (3002, 14, 10);
#
# -- Exercise ID: 3003
# INSERT INTO Exercise (id, title, description, link, equipment_id, training_type_id) VALUES (3003, 'Single Arm Kettlebell Bent Knee Copenhagen Plank', 'Target: Adductors', NULL, 15, 3);
# INSERT INTO exercise_muscle (exercise_id, muscle_id, intensity) VALUES (3003, 14, 10);
#
# -- Exercise ID: 3004
# INSERT INTO Exercise (id, title, description, link, equipment_id, training_type_id) VALUES (3004, 'Single Arm Kettlebell Bottoms Up Bent Knee Copenhagen Plank', 'Target: Adductors', 'https://youtu.be/5mF3RrwkX-M?si=sDX18PL3XzhLlBhu', 15, 3);
# INSERT INTO exercise_muscle (exercise_id, muscle_id, intensity) VALUES (3004, 14, 10);
#
# -- Exercise ID: 3005
# INSERT INTO Exercise (id, title, description, link, equipment_id, training_type_id) VALUES (3005, 'Suspension Kneeling Rollout', 'Target: Abdominals', 'https://youtu.be/LgDDIt6oXkM?si=KauCb0BONYq4Old8', 11, 3);
# INSERT INTO exercise_muscle (exercise_id, muscle_id, intensity) VALUES (3005, 11, 10);
# INSERT INTO exercise_muscle (exercise_id, muscle_id, intensity) VALUES (3005, 17, 7);
#
# -- Exercise ID: 3006
# INSERT INTO Exercise (id, title, description, link, equipment_id, training_type_id) VALUES (3006, 'Kettlebell Horn Grip Tall Kneeling Bicep Curl', 'Target: Biceps', 'https://youtu.be/tW2C6Lo__Yk?si=Yp5YaQGXIq81DkOp', 15, 2);
# INSERT INTO exercise_muscle (exercise_id, muscle_id, intensity) VALUES (3006, 8, 10);
# INSERT INTO exercise_muscle (exercise_id, muscle_id, intensity) VALUES (3006, 10, 4);
#
# -- Exercise ID: 3007
# INSERT INTO Exercise (id, title, description, link, equipment_id, training_type_id) VALUES (3007, 'Kettlebell Horn Grip Half Kneeling Bicep Curl', 'Target: Biceps', 'https://youtu.be/iwRRckk8aSg?si=JM8g4iDrUB-VdtU4', 15, 2);
# INSERT INTO exercise_muscle (exercise_id, muscle_id, intensity) VALUES (3007, 8, 10);
# INSERT INTO exercise_muscle (exercise_id, muscle_id, intensity) VALUES (3007, 10, 4);
#
# -- Exercise ID: 3008
# INSERT INTO Exercise (id, title, description, link, equipment_id, training_type_id) VALUES (3008, 'Double Kettlebell Bicep Curl', 'Target: Biceps', 'https://youtu.be/-W0wS5W_PVw?si=5DGjI1VND3VVMHPC', 15, 2);
# INSERT INTO exercise_muscle (exercise_id, muscle_id, intensity) VALUES (3008, 8, 10);
# INSERT INTO exercise_muscle (exercise_id, muscle_id, intensity) VALUES (3008, 10, 4);
#
# -- Exercise ID: 3009
# INSERT INTO Exercise (id, title, description, link, equipment_id, training_type_id) VALUES (3009, 'Double Kettlebell Seated Bicep Curl', 'Target: Biceps', 'https://youtu.be/brZSl8Vvn1k?si=5ow9W6khPHpplZlE', 15, 2);
# INSERT INTO exercise_muscle (exercise_id, muscle_id, intensity) VALUES (3009, 8, 10);
# INSERT INTO exercise_muscle (exercise_id, muscle_id, intensity) VALUES (3009, 10, 4);
#
# -- Exercise ID: 3010
# INSERT INTO Exercise (id, title, description, link, equipment_id, training_type_id) VALUES (3010, 'Alternating Double Kettlebell Bicep Curl', 'Target: Biceps', 'https://youtu.be/EDX7Sq5eGOQ?si=hSYR5MrGFA06VOJO', 15, 2);
# INSERT INTO exercise_muscle (exercise_id, muscle_id, intensity) VALUES (3010, 8, 10);
# INSERT INTO exercise_muscle (exercise_id, muscle_id, intensity) VALUES (3010, 10, 4);
#
# -- Exercise ID: 3011
# INSERT INTO Exercise (id, title, description, link, equipment_id, training_type_id) VALUES (3011, 'Alternating Double Kettlebell Seated Bicep Curl', 'Target: Biceps', NULL, 15, 2);
# INSERT INTO exercise_muscle (exercise_id, muscle_id, intensity) VALUES (3011, 8, 10);
# INSERT INTO exercise_muscle (exercise_id, muscle_id, intensity) VALUES (3011, 10, 4);
#
# -- Exercise ID: 3012
# INSERT INTO Exercise (id, title, description, link, equipment_id, training_type_id) VALUES (3012, 'Single Arm Kettlebell Bicep Curl', 'Target: Biceps', 'https://youtu.be/f3LvSVbDINk?si=fJJqDtL6UzxX6HF2', 15, 2);
# INSERT INTO exercise_muscle (exercise_id, muscle_id, intensity) VALUES (3012, 8, 10);
# INSERT INTO exercise_muscle (exercise_id, muscle_id, intensity) VALUES (3012, 10, 4);
#
# -- Exercise ID: 3013
# INSERT INTO Exercise (id, title, description, link, equipment_id, training_type_id) VALUES (3013, 'Single Arm Kettlebell Seated Bicep Curl', 'Target: Biceps', NULL, 15, 2);
# INSERT INTO exercise_muscle (exercise_id, muscle_id, intensity) VALUES (3013, 8, 10);
# INSERT INTO exercise_muscle (exercise_id, muscle_id, intensity) VALUES (3013, 10, 4);
#
# -- Exercise ID: 3014
# INSERT INTO Exercise (id, title, description, link, equipment_id, training_type_id) VALUES (3014, 'Single Arm Dumbbell Incline Bench Bicep Curl', 'Target: Biceps', NULL, 6, 2);
# INSERT INTO exercise_muscle (exercise_id, muscle_id, intensity) VALUES (3014, 8, 10);
# INSERT INTO exercise_muscle (exercise_id, muscle_id, intensity) VALUES (3014, 10, 4);
#
# -- Exercise ID: 3015
# INSERT INTO Exercise (id, title, description, link, equipment_id, training_type_id) VALUES (3015, 'Alternating Double Kettlebell Incline Bench Bicep Curl', 'Target: Biceps', NULL, 15, 2);
# INSERT INTO exercise_muscle (exercise_id, muscle_id, intensity) VALUES (3015, 8, 10);
# INSERT INTO exercise_muscle (exercise_id, muscle_id, intensity) VALUES (3015, 10, 4);
#
# -- Exercise ID: 3016
# INSERT INTO Exercise (id, title, description, link, equipment_id, training_type_id) VALUES (3016, 'Double Kettlebell Incline Bench Bicep Curl', 'Target: Biceps', 'https://youtu.be/KKoE4bpJFHg?si=w_Jg92Al0uWTHBrc', 15, 2);
# INSERT INTO exercise_muscle (exercise_id, muscle_id, intensity) VALUES (3016, 8, 10);
# INSERT INTO exercise_muscle (exercise_id, muscle_id, intensity) VALUES (3016, 10, 4);
#
# -- Exercise ID: 3017
# INSERT INTO Exercise (id, title, description, link, equipment_id, training_type_id) VALUES (3017, 'Single Arm Kettlebell Incline Bench Bicep Curl', 'Target: Biceps', 'https://youtu.be/W9Fi7zqSu3w?feature=shared', 15, 2);
# INSERT INTO exercise_muscle (exercise_id, muscle_id, intensity) VALUES (3017, 8, 10);
# INSERT INTO exercise_muscle (exercise_id, muscle_id, intensity) VALUES (3017, 10, 4);
#
# -- Exercise ID: 3018
# INSERT INTO Exercise (id, title, description, link, equipment_id, training_type_id) VALUES (3018, 'Alternating Double Kettlebell Tall Kneeling Bicep Curl', 'Target: Biceps', 'https://youtu.be/gXoD6NsVG6A?si=T_xS8jfGx-kpADhE', 15, 2);
# INSERT INTO exercise_muscle (exercise_id, muscle_id, intensity) VALUES (3018, 8, 10);
# INSERT INTO exercise_muscle (exercise_id, muscle_id, intensity) VALUES (3018, 10, 4);
#
# -- Exercise ID: 3019
# INSERT INTO Exercise (id, title, description, link, equipment_id, training_type_id) VALUES (3019, 'Double Kettlebell Tall Kneeling Bicep Curl', 'Target: Biceps', 'https://youtu.be/JfCsmOJVVZY?si=RffYK1zASlVfYN1a', 15, 2);
# INSERT INTO exercise_muscle (exercise_id, muscle_id, intensity) VALUES (3019, 8, 10);
# INSERT INTO exercise_muscle (exercise_id, muscle_id, intensity) VALUES (3019, 10, 4);
#
# -- Exercise ID: 3020
# INSERT INTO Exercise (id, title, description, link, equipment_id, training_type_id) VALUES (3020, 'Single Arm Kettlebell Tall Kneeling Bicep Curl', 'Target: Biceps', 'https://youtu.be/hGE3lxAF2Ew?si=MwJzQO_RzHV8FcbT', 15, 2);
# INSERT INTO exercise_muscle (exercise_id, muscle_id, intensity) VALUES (3020, 8, 10);
# INSERT INTO exercise_muscle (exercise_id, muscle_id, intensity) VALUES (3020, 10, 4);
#
# -- Exercise ID: 3021
# INSERT INTO Exercise (id, title, description, link, equipment_id, training_type_id) VALUES (3021, 'Single Arm Dumbbell Half Kneeling Concentration Curl', 'Target: Biceps', 'https://youtu.be/UtdszXND3fg?feature=shared', 6, 2);
# INSERT INTO exercise_muscle (exercise_id, muscle_id, intensity) VALUES (3021, 8, 10);
# INSERT INTO exercise_muscle (exercise_id, muscle_id, intensity) VALUES (3021, 10, 4);
#
# -- Exercise ID: 3022
# INSERT INTO Exercise (id, title, description, link, equipment_id, training_type_id) VALUES (3022, 'Sled Push', 'Target: Quadriceps', 'https://youtu.be/MbQWu3GdWfc?si=KbIZoybRZD3g6-FW', 38, 3);
# INSERT INTO exercise_muscle (exercise_id, muscle_id, intensity) VALUES (3022, 13, 10);
# INSERT INTO exercise_muscle (exercise_id, muscle_id, intensity) VALUES (3022, 21, 7);
# INSERT INTO exercise_muscle (exercise_id, muscle_id, intensity) VALUES (3022, 6, 4);
#
# -- Exercise ID: 3023
# INSERT INTO Exercise (id, title, description, link, equipment_id, training_type_id) VALUES (3023, 'Sled Rope Pull', 'Target: Back', 'https://youtu.be/gdtO9qeaiCE?si=S9DCMUsrnQHGFG6p', 38, 3);
# INSERT INTO exercise_muscle (exercise_id, muscle_id, intensity) VALUES (3023, 17, 10);
# INSERT INTO exercise_muscle (exercise_id, muscle_id, intensity) VALUES (3023, 8, 7);
# INSERT INTO exercise_muscle (exercise_id, muscle_id, intensity) VALUES (3023, 10, 4);
#
# -- Exercise ID: 3024
# INSERT INTO Exercise (id, title, description, link, equipment_id, training_type_id) VALUES (3024, 'Sled Rope Seated Pull', 'Target: Back', 'https://youtu.be/2E_kPuk5hvE?si=S5YhKa1bP3YcStRr', 38, 3);
# INSERT INTO exercise_muscle (exercise_id, muscle_id, intensity) VALUES (3024, 17, 10);
# INSERT INTO exercise_muscle (exercise_id, muscle_id, intensity) VALUES (3024, 8, 7);
# INSERT INTO exercise_muscle (exercise_id, muscle_id, intensity) VALUES (3024, 10, 4);
#
# -- Exercise ID: 3025
# INSERT INTO Exercise (id, title, description, link, equipment_id, training_type_id) VALUES (3025, 'Sled Forward Drag', 'Target: Quadriceps', 'https://youtu.be/r5cW_epFjIw?si=VKB6obgn3EIvcAkZ', 38, 3);
# INSERT INTO exercise_muscle (exercise_id, muscle_id, intensity) VALUES (3025, 13, 10);
# INSERT INTO exercise_muscle (exercise_id, muscle_id, intensity) VALUES (3025, 21, 7);
# INSERT INTO exercise_muscle (exercise_id, muscle_id, intensity) VALUES (3025, 6, 4);
#
# -- Exercise ID: 3026
# INSERT INTO Exercise (id, title, description, link, equipment_id, training_type_id) VALUES (3026, 'Single Arm Kettlebell Front Rack March', 'Target: Hip Flexors', 'https://youtu.be/Lfra9QN-CEY?si=8LJ2F_o_hqib0dW7', 15, 12);
# INSERT INTO exercise_muscle (exercise_id, muscle_id, intensity) VALUES (3026, 11, 10);
# INSERT INTO exercise_muscle (exercise_id, muscle_id, intensity) VALUES (3026, 15, 4);
#
# -- Exercise ID: 3027
# INSERT INTO Exercise (id, title, description, link, equipment_id, training_type_id) VALUES (3027, 'Single Arm Kettlebell Tactical Clean to Push Jerk', 'Target: Shoulders', NULL, 15, 10);
# INSERT INTO exercise_muscle (exercise_id, muscle_id, intensity) VALUES (3027, 2, 10);
# INSERT INTO exercise_muscle (exercise_id, muscle_id, intensity) VALUES (3027, 21, 7);
#
# -- Exercise ID: 3028
# INSERT INTO Exercise (id, title, description, link, equipment_id, training_type_id) VALUES (3028, 'Single Arm Kettlebell Tactical Clean to Thruster', 'Target: Shoulders', NULL, 15, 3);
# INSERT INTO exercise_muscle (exercise_id, muscle_id, intensity) VALUES (3028, 2, 10);
# INSERT INTO exercise_muscle (exercise_id, muscle_id, intensity) VALUES (3028, 21, 7);
# INSERT INTO exercise_muscle (exercise_id, muscle_id, intensity) VALUES (3028, 13, 4);
#
# -- Exercise ID: 3029
# INSERT INTO Exercise (id, title, description, link, equipment_id, training_type_id) VALUES (3029, 'Single Arm Kettlebell Tactical Clean to Split Jerk', 'Target: Shoulders', NULL, 15, 10);
# INSERT INTO exercise_muscle (exercise_id, muscle_id, intensity) VALUES (3029, 2, 10);
# INSERT INTO exercise_muscle (exercise_id, muscle_id, intensity) VALUES (3029, 21, 7);
#
# -- Exercise ID: 3030
# INSERT INTO Exercise (id, title, description, link, equipment_id, training_type_id) VALUES (3030, 'Single Arm Kettlebell Tactical Clean to Push Press', 'Target: Shoulders', 'https://youtu.be/VqGvsMrYawU?si=Ori5Rji8qPy2ADXI', 15, 10);
# INSERT INTO exercise_muscle (exercise_id, muscle_id, intensity) VALUES (3030, 2, 10);
# INSERT INTO exercise_muscle (exercise_id, muscle_id, intensity) VALUES (3030, 21, 7);
#
# -- Exercise ID: 3031
# INSERT INTO Exercise (id, title, description, link, equipment_id, training_type_id) VALUES (3031, 'Single Arm Kettlebell Tactical Clean to Overhead Press', 'Target: Shoulders', NULL, 15, 10);
# INSERT INTO exercise_muscle (exercise_id, muscle_id, intensity) VALUES (3031, 2, 10);
# INSERT INTO exercise_muscle (exercise_id, muscle_id, intensity) VALUES (3031, 21, 7);
#
# -- Exercise ID: 3032
# INSERT INTO Exercise (id, title, description, link, equipment_id, training_type_id) VALUES (3032, 'Single Arm Kettlebell Tactical Clean to Front Rack Squat', 'Target: Quadriceps', NULL, 15, 10);
# INSERT INTO exercise_muscle (exercise_id, muscle_id, intensity) VALUES (3032, 13, 10);
# INSERT INTO exercise_muscle (exercise_id, muscle_id, intensity) VALUES (3032, 21, 7);
# INSERT INTO exercise_muscle (exercise_id, muscle_id, intensity) VALUES (3032, 22, 4);
#
# -- Exercise ID: 3033
# INSERT INTO Exercise (id, title, description, link, equipment_id, training_type_id) VALUES (3033, 'Single Arm Kettlebell Tactical Clean to Bent Press', 'Target: Shoulders', NULL, 15, 3);
# INSERT INTO exercise_muscle (exercise_id, muscle_id, intensity) VALUES (3033, 2, 10);
# INSERT INTO exercise_muscle (exercise_id, muscle_id, intensity) VALUES (3033, 21, 7);
#
# -- Exercise ID: 3034
# INSERT INTO Exercise (id, title, description, link, equipment_id, training_type_id) VALUES (3034, 'Cable Straight Bar Incline Bench Tricep Pushdown', 'Target: Triceps', 'https://youtu.be/jygDw93Kpec?si=9DxPSP8Q1CPy0yy6', 8, 2);
# INSERT INTO exercise_muscle (exercise_id, muscle_id, intensity) VALUES (3034, 4, 10);
# INSERT INTO exercise_muscle (exercise_id, muscle_id, intensity) VALUES (3034, 10, 4);
#
# -- Exercise ID: 3035
# INSERT INTO Exercise (id, title, description, link, equipment_id, training_type_id) VALUES (3035, 'Barbell Tall Kneeling Reverse Grip Bicep Curl', 'Target: Forearms', NULL, 12, 2);
# INSERT INTO exercise_muscle (exercise_id, muscle_id, intensity) VALUES (3035, 10, 10);
# INSERT INTO exercise_muscle (exercise_id, muscle_id, intensity) VALUES (3035, 8, 7);
#
# -- Exercise ID: 3036
# INSERT INTO Exercise (id, title, description, link, equipment_id, training_type_id) VALUES (3036, 'Cable Straight Bar Tall Kneeling Tricep Pushdown', 'Target: Triceps', NULL, 8, 2);
# INSERT INTO exercise_muscle (exercise_id, muscle_id, intensity) VALUES (3036, 4, 10);
# INSERT INTO exercise_muscle (exercise_id, muscle_id, intensity) VALUES (3036, 10, 4);
#
# -- Exercise ID: 3037
# INSERT INTO Exercise (id, title, description, link, equipment_id, training_type_id) VALUES (3037, 'Single Arm Cable Bayesian Curl', 'Target: Biceps', 'https://youtu.be/TIwtTz5DX30?si=V3tF_pgDukqaKglY', 8, 2);
# INSERT INTO exercise_muscle (exercise_id, muscle_id, intensity) VALUES (3037, 8, 10);
# INSERT INTO exercise_muscle (exercise_id, muscle_id, intensity) VALUES (3037, 10, 4);
#
# -- Exercise ID: 3038
# INSERT INTO Exercise (id, title, description, link, equipment_id, training_type_id) VALUES (3038, 'Cable Rope Incline Bench Tricep Pushdown', 'Target: Triceps', 'https://youtu.be/WT7TZA3xBHA?si=15gqGEo-GBZLm2qa', 8, 2);
# INSERT INTO exercise_muscle (exercise_id, muscle_id, intensity) VALUES (3038, 4, 10);
# INSERT INTO exercise_muscle (exercise_id, muscle_id, intensity) VALUES (3038, 10, 4);
#
# -- Exercise ID: 3039
# INSERT INTO Exercise (id, title, description, link, equipment_id, training_type_id) VALUES (3039, 'Double Kettlebell Start Stop Half Snatch', 'Target: Glutes', NULL, 15, 10);
# INSERT INTO exercise_muscle (exercise_id, muscle_id, intensity) VALUES (3039, 21, 10);
# INSERT INTO exercise_muscle (exercise_id, muscle_id, intensity) VALUES (3039, 22, 7);
# INSERT INTO exercise_muscle (exercise_id, muscle_id, intensity) VALUES (3039, 2, 4);
#
# -- Exercise ID: 3040
# INSERT INTO Exercise (id, title, description, link, equipment_id, training_type_id) VALUES (3040, 'Alternating Single Arm Kettlebell Start Stop Half Snatch', 'Target: Glutes', NULL, 15, 10);
# INSERT INTO exercise_muscle (exercise_id, muscle_id, intensity) VALUES (3040, 21, 10);
# INSERT INTO exercise_muscle (exercise_id, muscle_id, intensity) VALUES (3040, 22, 7);
# INSERT INTO exercise_muscle (exercise_id, muscle_id, intensity) VALUES (3040, 2, 4);
#
# -- Exercise ID: 3041
# INSERT INTO Exercise (id, title, description, link, equipment_id, training_type_id) VALUES (3041, 'Single Arm Kettlebell Start Stop Half Snatch', 'Target: Glutes', NULL, 15, 10);
# INSERT INTO exercise_muscle (exercise_id, muscle_id, intensity) VALUES (3041, 21, 10);
# INSERT INTO exercise_muscle (exercise_id, muscle_id, intensity) VALUES (3041, 22, 7);
# INSERT INTO exercise_muscle (exercise_id, muscle_id, intensity) VALUES (3041, 2, 4);
#
# -- Exercise ID: 3042
# INSERT INTO Exercise (id, title, description, link, equipment_id, training_type_id) VALUES (3042, 'Double Kettlebell Kneeling Push Up', 'Target: Chest', 'https://youtu.be/cMTMeVuzxrc?si=APyA08cxZpcn68qE', 15, 4);
# INSERT INTO exercise_muscle (exercise_id, muscle_id, intensity) VALUES (3042, 7, 10);
# INSERT INTO exercise_muscle (exercise_id, muscle_id, intensity) VALUES (3042, 4, 7);
#
# -- Exercise ID: 3043
# INSERT INTO Exercise (id, title, description, link, equipment_id, training_type_id) VALUES (3043, 'Bodyweight Oblique Crunch', 'Target: Abdominals', 'https://youtu.be/teZDcxypX54?si=5hPKSeI_xcW5yftV', 2, 3);
# INSERT INTO exercise_muscle (exercise_id, muscle_id, intensity) VALUES (3043, 12, 10);
# INSERT INTO exercise_muscle (exercise_id, muscle_id, intensity) VALUES (3043, 11, 7);
#
# -- Exercise ID: 3044
# INSERT INTO Exercise (id, title, description, link, equipment_id, training_type_id) VALUES (3044, 'Double Kettlebell Start Stop Clean to Overhead Press', 'Target: Shoulders', NULL, 15, 10);
# INSERT INTO exercise_muscle (exercise_id, muscle_id, intensity) VALUES (3044, 2, 10);
# INSERT INTO exercise_muscle (exercise_id, muscle_id, intensity) VALUES (3044, 4, 7);
# INSERT INTO exercise_muscle (exercise_id, muscle_id, intensity) VALUES (3044, 15, 4);
#
# -- Exercise ID: 3045
# INSERT INTO Exercise (id, title, description, link, equipment_id, training_type_id) VALUES (3045, 'Double Kettlebell Start Stop Clean to Front Rack Alternating Reverse Lunge', 'Target: Quadriceps', NULL, 15, 10);
# INSERT INTO exercise_muscle (exercise_id, muscle_id, intensity) VALUES (3045, 13, 10);
# INSERT INTO exercise_muscle (exercise_id, muscle_id, intensity) VALUES (3045, 21, 7);
# INSERT INTO exercise_muscle (exercise_id, muscle_id, intensity) VALUES (3045, 22, 4);
#
# -- Exercise ID: 3046
# INSERT INTO Exercise (id, title, description, link, equipment_id, training_type_id) VALUES (3046, 'Double Kettlebell Start Stop Clean to Thruster', 'Target: Shoulders', NULL, 15, 3);
# INSERT INTO exercise_muscle (exercise_id, muscle_id, intensity) VALUES (3046, 2, 10);
# INSERT INTO exercise_muscle (exercise_id, muscle_id, intensity) VALUES (3046, 21, 7);
#
# -- Exercise ID: 3047
# INSERT INTO Exercise (id, title, description, link, equipment_id, training_type_id) VALUES (3047, 'Double Kettlebell Start Stop Clean to Push Jerk', 'Target: Shoulders', NULL, 15, 10);
# INSERT INTO exercise_muscle (exercise_id, muscle_id, intensity) VALUES (3047, 2, 10);
# INSERT INTO exercise_muscle (exercise_id, muscle_id, intensity) VALUES (3047, 4, 7);
# INSERT INTO exercise_muscle (exercise_id, muscle_id, intensity) VALUES (3047, 15, 4);
#
# -- Exercise ID: 3048
# INSERT INTO Exercise (id, title, description, link, equipment_id, training_type_id) VALUES (3048, 'Double Kettlebell Start Stop Clean to Split Jerk', 'Target: Shoulders', NULL, 15, 10);
# INSERT INTO exercise_muscle (exercise_id, muscle_id, intensity) VALUES (3048, 2, 10);
# INSERT INTO exercise_muscle (exercise_id, muscle_id, intensity) VALUES (3048, 21, 7);
#
# -- Exercise ID: 3049
# INSERT INTO Exercise (id, title, description, link, equipment_id, training_type_id) VALUES (3049, 'Double Kettlebell Start Stop Clean to Front Rack Squat', 'Target: Quadriceps', NULL, 15, 10);
# INSERT INTO exercise_muscle (exercise_id, muscle_id, intensity) VALUES (3049, 13, 10);
# INSERT INTO exercise_muscle (exercise_id, muscle_id, intensity) VALUES (3049, 21, 7);
# INSERT INTO exercise_muscle (exercise_id, muscle_id, intensity) VALUES (3049, 22, 4);
#
# -- Exercise ID: 3050
# INSERT INTO Exercise (id, title, description, link, equipment_id, training_type_id) VALUES (3050, 'Double Kettlebell Start Stop Clean to Push Press', 'Target: Shoulders', NULL, 15, 10);
# INSERT INTO exercise_muscle (exercise_id, muscle_id, intensity) VALUES (3050, 2, 10);
# INSERT INTO exercise_muscle (exercise_id, muscle_id, intensity) VALUES (3050, 4, 7);
# INSERT INTO exercise_muscle (exercise_id, muscle_id, intensity) VALUES (3050, 15, 4);
#
# -- Exercise ID: 3051
# INSERT INTO Exercise (id, title, description, link, equipment_id, training_type_id) VALUES (3051, 'Double Kettlebell Start Stop Clean to Front Rack Alternating Forward Lunge', 'Target: Quadriceps', NULL, 15, 10);
# INSERT INTO exercise_muscle (exercise_id, muscle_id, intensity) VALUES (3051, 13, 10);
# INSERT INTO exercise_muscle (exercise_id, muscle_id, intensity) VALUES (3051, 21, 7);
# INSERT INTO exercise_muscle (exercise_id, muscle_id, intensity) VALUES (3051, 22, 4);
#
# -- Exercise ID: 3052
# INSERT INTO Exercise (id, title, description, link, equipment_id, training_type_id) VALUES (3052, 'Single Arm Kettlebell Start Stop Clean to Overhead Press', 'Target: Shoulders', NULL, 15, 10);
# INSERT INTO exercise_muscle (exercise_id, muscle_id, intensity) VALUES (3052, 2, 10);
# INSERT INTO exercise_muscle (exercise_id, muscle_id, intensity) VALUES (3052, 21, 7);
#
# -- Exercise ID: 3053
# INSERT INTO Exercise (id, title, description, link, equipment_id, training_type_id) VALUES (3053, 'Single Arm Kettlebell Start Stop Clean to Front Rack Contralateral Reverse Lunge', 'Target: Quadriceps', NULL, 15, 10);
# INSERT INTO exercise_muscle (exercise_id, muscle_id, intensity) VALUES (3053, 13, 10);
# INSERT INTO exercise_muscle (exercise_id, muscle_id, intensity) VALUES (3053, 21, 7);
# INSERT INTO exercise_muscle (exercise_id, muscle_id, intensity) VALUES (3053, 22, 4);
#
# -- Exercise ID: 3054
# INSERT INTO Exercise (id, title, description, link, equipment_id, training_type_id) VALUES (3054, 'Single Arm Kettlebell Start Stop Clean to Split Jerk', 'Target: Shoulders', NULL, 15, 10);
# INSERT INTO exercise_muscle (exercise_id, muscle_id, intensity) VALUES (3054, 2, 10);
# INSERT INTO exercise_muscle (exercise_id, muscle_id, intensity) VALUES (3054, 21, 7);
#
# -- Exercise ID: 3055
# INSERT INTO Exercise (id, title, description, link, equipment_id, training_type_id) VALUES (3055, 'Single Arm Kettlebell Start Stop Clean to Thruster', 'Target: Shoulders', NULL, 15, 3);
# INSERT INTO exercise_muscle (exercise_id, muscle_id, intensity) VALUES (3055, 2, 10);
# INSERT INTO exercise_muscle (exercise_id, muscle_id, intensity) VALUES (3055, 21, 7);
# INSERT INTO exercise_muscle (exercise_id, muscle_id, intensity) VALUES (3055, 13, 4);
#
# -- Exercise ID: 3056
# INSERT INTO Exercise (id, title, description, link, equipment_id, training_type_id) VALUES (3056, 'Single Arm Kettlebell Start Stop Clean to Push Press', 'Target: Shoulders', NULL, 15, 10);
# INSERT INTO exercise_muscle (exercise_id, muscle_id, intensity) VALUES (3056, 2, 10);
# INSERT INTO exercise_muscle (exercise_id, muscle_id, intensity) VALUES (3056, 21, 7);
#
# -- Exercise ID: 3057
# INSERT INTO Exercise (id, title, description, link, equipment_id, training_type_id) VALUES (3057, 'Single Arm Kettlebell Start Stop Clean to Push Jerk', 'Target: Shoulders', NULL, 15, 10);
# INSERT INTO exercise_muscle (exercise_id, muscle_id, intensity) VALUES (3057, 2, 10);
# INSERT INTO exercise_muscle (exercise_id, muscle_id, intensity) VALUES (3057, 21, 7);
#
# -- Exercise ID: 3058
# INSERT INTO Exercise (id, title, description, link, equipment_id, training_type_id) VALUES (3058, 'Single Arm Kettlebell Start Stop Clean to Front Rack Contralateral Forward Lunge', 'Target: Quadriceps', NULL, 15, 10);
# INSERT INTO exercise_muscle (exercise_id, muscle_id, intensity) VALUES (3058, 13, 10);
# INSERT INTO exercise_muscle (exercise_id, muscle_id, intensity) VALUES (3058, 21, 7);
# INSERT INTO exercise_muscle (exercise_id, muscle_id, intensity) VALUES (3058, 22, 4);
#
# -- Exercise ID: 3059
# INSERT INTO Exercise (id, title, description, link, equipment_id, training_type_id) VALUES (3059, 'Single Arm Kettlebell Start Stop Clean to Front Rack Squat', 'Target: Quadriceps', NULL, 15, 10);
# INSERT INTO exercise_muscle (exercise_id, muscle_id, intensity) VALUES (3059, 13, 10);
# INSERT INTO exercise_muscle (exercise_id, muscle_id, intensity) VALUES (3059, 21, 7);
# INSERT INTO exercise_muscle (exercise_id, muscle_id, intensity) VALUES (3059, 22, 4);
#
# -- Exercise ID: 3060
# INSERT INTO Exercise (id, title, description, link, equipment_id, training_type_id) VALUES (3060, 'Single Arm Kettlebell Start Stop Clean to Front Rack Ipsilateral Reverse Lunge', 'Target: Quadriceps', NULL, 15, 10);
# INSERT INTO exercise_muscle (exercise_id, muscle_id, intensity) VALUES (3060, 13, 10);
# INSERT INTO exercise_muscle (exercise_id, muscle_id, intensity) VALUES (3060, 21, 7);
# INSERT INTO exercise_muscle (exercise_id, muscle_id, intensity) VALUES (3060, 22, 4);
#
# -- Exercise ID: 3061
# INSERT INTO Exercise (id, title, description, link, equipment_id, training_type_id) VALUES (3061, 'Single Arm Kettlebell Start Stop Clean to Front Rack Ipsilateral Forward Lunge', 'Target: Quadriceps', NULL, 15, 10);
# INSERT INTO exercise_muscle (exercise_id, muscle_id, intensity) VALUES (3061, 13, 10);
# INSERT INTO exercise_muscle (exercise_id, muscle_id, intensity) VALUES (3061, 21, 7);
# INSERT INTO exercise_muscle (exercise_id, muscle_id, intensity) VALUES (3061, 22, 4);
#
# -- Exercise ID: 3062
# INSERT INTO Exercise (id, title, description, link, equipment_id, training_type_id) VALUES (3062, 'Alternating Single Arm Kettlebell Start Stop Clean to Push Jerk', 'Target: Shoulders', NULL, 15, 10);
# INSERT INTO exercise_muscle (exercise_id, muscle_id, intensity) VALUES (3062, 2, 10);
# INSERT INTO exercise_muscle (exercise_id, muscle_id, intensity) VALUES (3062, 21, 7);
#
# -- Exercise ID: 3063
# INSERT INTO Exercise (id, title, description, link, equipment_id, training_type_id) VALUES (3063, 'Alternating Single Arm Kettlebell Start Stop Clean to Thruster', 'Target: Shoulders', NULL, 15, 3);
# INSERT INTO exercise_muscle (exercise_id, muscle_id, intensity) VALUES (3063, 2, 10);
# INSERT INTO exercise_muscle (exercise_id, muscle_id, intensity) VALUES (3063, 21, 7);
# INSERT INTO exercise_muscle (exercise_id, muscle_id, intensity) VALUES (3063, 13, 4);
#
# -- Exercise ID: 3064
# INSERT INTO Exercise (id, title, description, link, equipment_id, training_type_id) VALUES (3064, 'Alternating Single Arm Kettlebell Start Stop Clean to Split Jerk', 'Target: Shoulders', NULL, 15, 10);
# INSERT INTO exercise_muscle (exercise_id, muscle_id, intensity) VALUES (3064, 2, 10);
# INSERT INTO exercise_muscle (exercise_id, muscle_id, intensity) VALUES (3064, 21, 7);
#
# -- Exercise ID: 3065
# INSERT INTO Exercise (id, title, description, link, equipment_id, training_type_id) VALUES (3065, 'Alternating Single Arm Kettlebell Start Stop Clean to Push Press', 'Target: Shoulders', NULL, 15, 10);
# INSERT INTO exercise_muscle (exercise_id, muscle_id, intensity) VALUES (3065, 2, 10);
# INSERT INTO exercise_muscle (exercise_id, muscle_id, intensity) VALUES (3065, 21, 7);
#
# -- Exercise ID: 3066
# INSERT INTO Exercise (id, title, description, link, equipment_id, training_type_id) VALUES (3066, 'Alternating Single Arm Kettlebell Start Stop Clean to Overhead Press', 'Target: Shoulders', NULL, 15, 10);
# INSERT INTO exercise_muscle (exercise_id, muscle_id, intensity) VALUES (3066, 2, 10);
# INSERT INTO exercise_muscle (exercise_id, muscle_id, intensity) VALUES (3066, 21, 7);
#
# -- Exercise ID: 3067
# INSERT INTO Exercise (id, title, description, link, equipment_id, training_type_id) VALUES (3067, 'Alternating Single Arm Kettlebell Start Stop Clean to Front Rack Squat', 'Target: Quadriceps', NULL, 15, 10);
# INSERT INTO exercise_muscle (exercise_id, muscle_id, intensity) VALUES (3067, 13, 10);
# INSERT INTO exercise_muscle (exercise_id, muscle_id, intensity) VALUES (3067, 21, 7);
# INSERT INTO exercise_muscle (exercise_id, muscle_id, intensity) VALUES (3067, 22, 4);
#
# -- Exercise ID: 3068
# INSERT INTO Exercise (id, title, description, link, equipment_id, training_type_id) VALUES (3068, 'Single Arm Barbell Suitcase Deadlift', 'Target: Back', 'https://youtu.be/E7vYUfMcFhs?si=bti9p5lCqTpD-Y-q', 12, 2);
# INSERT INTO exercise_muscle (exercise_id, muscle_id, intensity) VALUES (3068, 17, 10);
# INSERT INTO exercise_muscle (exercise_id, muscle_id, intensity) VALUES (3068, 12, 7);
#
# -- Exercise ID: 3069
# INSERT INTO Exercise (id, title, description, link, equipment_id, training_type_id) VALUES (3069, 'Double Dumbbell Suitcase Deadlift', 'Target: Back', 'https://youtu.be/29MJct32_6Y?si=ItNGT0m2qUZTy4_O', 6, 2);
# INSERT INTO exercise_muscle (exercise_id, muscle_id, intensity) VALUES (3069, 17, 10);
# INSERT INTO exercise_muscle (exercise_id, muscle_id, intensity) VALUES (3069, 21, 7);
# INSERT INTO exercise_muscle (exercise_id, muscle_id, intensity) VALUES (3069, 22, 4);
#
# -- Exercise ID: 3070
# INSERT INTO Exercise (id, title, description, link, equipment_id, training_type_id) VALUES (3070, 'Single Arm Dumbbell Bent Knee Copenhagen Plank', 'Target: Adductors', NULL, 6, 3);
# INSERT INTO exercise_muscle (exercise_id, muscle_id, intensity) VALUES (3070, 14, 10);
#
# -- Exercise ID: 3071
# INSERT INTO Exercise (id, title, description, link, equipment_id, training_type_id) VALUES (3071, 'Single Arm Dumbbell Copenhagen Plank', 'Target: Adductors', NULL, 6, 3);
# INSERT INTO exercise_muscle (exercise_id, muscle_id, intensity) VALUES (3071, 14, 10);
#
# -- Exercise ID: 3072
# INSERT INTO Exercise (id, title, description, link, equipment_id, training_type_id) VALUES (3072, 'Double Dumbbell Tall Kneeling Lateral Raise', 'Target: Shoulders', 'https://youtu.be/OzrufXl0b4g?si=Oc_ebRjhZGfC10tB', 6, 2);
# INSERT INTO exercise_muscle (exercise_id, muscle_id, intensity) VALUES (3072, 3, 10);
# INSERT INTO exercise_muscle (exercise_id, muscle_id, intensity) VALUES (3072, 2, 7);
# INSERT INTO exercise_muscle (exercise_id, muscle_id, intensity) VALUES (3072, 9, 4);
#
# -- Exercise ID: 3073
# INSERT INTO Exercise (id, title, description, link, equipment_id, training_type_id) VALUES (3073, 'Sled Reverse Drag', 'Target: Quadriceps', 'https://youtu.be/-L-M4f3qHZA?si=9IPQGch1yER949WQ', 38, 3);
# INSERT INTO exercise_muscle (exercise_id, muscle_id, intensity) VALUES (3073, 13, 10);
# INSERT INTO exercise_muscle (exercise_id, muscle_id, intensity) VALUES (3073, 21, 7);
# INSERT INTO exercise_muscle (exercise_id, muscle_id, intensity) VALUES (3073, 22, 4);
#
# -- Exercise ID: 3074
# INSERT INTO Exercise (id, title, description, link, equipment_id, training_type_id) VALUES (3074, 'Kettlebell Seated Overhead Tricep Extension', 'Target: Triceps', 'https://youtu.be/bvCa5-w0hvo?si=FdCVlFz1TmRP9LXb', 15, 2);
# INSERT INTO exercise_muscle (exercise_id, muscle_id, intensity) VALUES (3074, 4, 10);
# INSERT INTO exercise_muscle (exercise_id, muscle_id, intensity) VALUES (3074, 2, 7);
# INSERT INTO exercise_muscle (exercise_id, muscle_id, intensity) VALUES (3074, 11, 4);
#
# -- Exercise ID: 3075
# INSERT INTO Exercise (id, title, description, link, equipment_id, training_type_id) VALUES (3075, 'Kettlebell Overhead Tricep Extension', 'Target: Triceps', 'https://youtu.be/0eQnBZCrwVM?si=pY5IcCp4BNxSyhZL', 15, 2);
# INSERT INTO exercise_muscle (exercise_id, muscle_id, intensity) VALUES (3075, 4, 10);
# INSERT INTO exercise_muscle (exercise_id, muscle_id, intensity) VALUES (3075, 2, 7);
# INSERT INTO exercise_muscle (exercise_id, muscle_id, intensity) VALUES (3075, 11, 4);
#
# -- Exercise ID: 3076
# INSERT INTO Exercise (id, title, description, link, equipment_id, training_type_id) VALUES (3076, 'Kettlebell Tall Kneeling Overhead Tricep Extension', 'Target: Triceps', 'https://youtu.be/oAaAFOKIojs?si=zUlHomJXt3sLWs_Q', 15, 2);
# INSERT INTO exercise_muscle (exercise_id, muscle_id, intensity) VALUES (3076, 4, 10);
# INSERT INTO exercise_muscle (exercise_id, muscle_id, intensity) VALUES (3076, 2, 7);
# INSERT INTO exercise_muscle (exercise_id, muscle_id, intensity) VALUES (3076, 11, 4);
#
# -- Exercise ID: 3077
# INSERT INTO Exercise (id, title, description, link, equipment_id, training_type_id) VALUES (3077, 'Dumbbell Crush Grip Tall Kneeling Bicep Curl', 'Target: Biceps', 'https://youtu.be/FMnsYQaeICE?feature=shared', 6, 2);
# INSERT INTO exercise_muscle (exercise_id, muscle_id, intensity) VALUES (3077, 8, 10);
# INSERT INTO exercise_muscle (exercise_id, muscle_id, intensity) VALUES (3077, 10, 4);
#
# -- Exercise ID: 3078
# INSERT INTO Exercise (id, title, description, link, equipment_id, training_type_id) VALUES (3078, 'Slider Bulgarian Bag Back Rack Reverse Lunge', 'Target: Quadriceps', NULL, 14, 2);
# INSERT INTO exercise_muscle (exercise_id, muscle_id, intensity) VALUES (3078, 13, 10);
# INSERT INTO exercise_muscle (exercise_id, muscle_id, intensity) VALUES (3078, 21, 7);
# INSERT INTO exercise_muscle (exercise_id, muscle_id, intensity) VALUES (3078, 14, 4);
#
