-- Existing Data (Keep this part as it was)

INSERT INTO users(username, password, firstname, lastname, email, enabled) VALUES('admin', '$2a$10$sk586e6x3Xn/Y1ZmgQGZf.Q3MbRrt0WjZuvgFZ75YYiXtX3rsI4lW', 'admin', 'adminkovic', 'admin@mail.com', true);



insert into volume_metric(id,is_range,title,metric_symbol) values
                                                               (1,false,'Reps','reps'),
                                                               (2,true,'Reps Range','reps');
insert into intensity_metric(id,minimum_intensity,maximum_intensity,title,metric_symbol,is_range) values
                                                                                                      (1,0,10,'Rpe','rpe',false),
                                                                                                      (2,0,10,'Rpe Range','rpe',true),
                                                                                                      (3,0,100,'Percentage','%',false),
                                                                                                      (4,0,10,'RIR','RIR',false),
                                                                                                      (5,0,10,'RIR Range','RIR',false);

-- Existing Exercises (Keep these)



-- >>> NEW DATA STARTS HERE <<<

-- Insert Muscles extracted from TypeScript files
-- Note: IDs are assigned sequentially. Adjust if you have existing muscles with specific IDs.
-- ==================================================
-- PRE-POPULATE MUSCLE TABLE (Example - Ensure this is done first)
-- ==================================================
INSERT INTO muscle (id, name) VALUES (1, 'Neck');
INSERT INTO muscle (id, name) VALUES (2, 'Front Deltoid');
INSERT INTO muscle (id, name) VALUES (3, 'Side Deltoid');
INSERT INTO muscle (id, name) VALUES (4, 'Triceps');
INSERT INTO muscle (id, name) VALUES (5, 'Tibialis');
INSERT INTO muscle (id, name) VALUES (6, 'Calves');
INSERT INTO muscle (id, name) VALUES (7, 'Chest');
INSERT INTO muscle (id, name) VALUES (8, 'Biceps');
INSERT INTO muscle (id, name) VALUES (9, 'Trapezius');
INSERT INTO muscle (id, name) VALUES (10, 'Forearms');
INSERT INTO muscle (id, name) VALUES (11, 'Abs');
INSERT INTO muscle (id, name) VALUES (12, 'Obliques');
INSERT INTO muscle (id, name) VALUES (13, 'Quads');
INSERT INTO muscle (id, name) VALUES (14, 'Adductors');
INSERT INTO muscle (id, name) VALUES (15, 'Abductors');
INSERT INTO muscle (id, name) VALUES (16, 'Knees');
INSERT INTO muscle (id, name) VALUES (17, 'Lats');
INSERT INTO muscle (id, name) VALUES (18, 'Upper Back');
INSERT INTO muscle (id, name) VALUES (19, 'Rear Deltoids');
INSERT INTO muscle (id, name) VALUES (20, 'Lower Back');
INSERT INTO muscle (id, name) VALUES (21, 'Glutes');
INSERT INTO muscle (id, name) VALUES (22, 'Hamstrings');

-- ==================================================
-- Equipment Inserts
-- ==================================================
INSERT INTO Equipment (id, title) VALUES (1, 'Stability Ball');
INSERT INTO Equipment (id, title) VALUES (2, 'Bodyweight');
INSERT INTO Equipment (id, title) VALUES (3, 'Gymnastic Rings');
INSERT INTO Equipment (id, title) VALUES (4, 'Parallette Bars');
INSERT INTO Equipment (id, title) VALUES (5, 'Slam Ball');
INSERT INTO Equipment (id, title) VALUES (6, 'Dumbbell');
INSERT INTO Equipment (id, title) VALUES (7, 'Ab Wheel');
INSERT INTO Equipment (id, title) VALUES (8, 'Cable');
INSERT INTO Equipment (id, title) VALUES (9, 'Bench (Flat)');
INSERT INTO Equipment (id, title) VALUES (10, 'Medicine Ball');
INSERT INTO Equipment (id, title) VALUES (11, 'Suspension Trainer');
INSERT INTO Equipment (id, title) VALUES (12, 'Barbell');
INSERT INTO Equipment (id, title) VALUES (13, 'Miniband');
INSERT INTO Equipment (id, title) VALUES (14, 'Sliders');
INSERT INTO Equipment (id, title) VALUES (15, 'Kettlebell');
INSERT INTO Equipment (id, title) VALUES (16, 'Pull Up Bar');
INSERT INTO Equipment (id, title) VALUES (17, 'Bench (Incline)');
INSERT INTO Equipment (id, title) VALUES (18, 'EZ Bar');
INSERT INTO Equipment (id, title) VALUES (19, 'Landmine');
INSERT INTO Equipment (id, title) VALUES (20, 'Superband');
INSERT INTO Equipment (id, title) VALUES (21, 'Resistance Band');
INSERT INTO Equipment (id, title) VALUES (22, 'Weight Plate');
INSERT INTO Equipment (id, title) VALUES (23, 'Bench (Decline)');
INSERT INTO Equipment (id, title) VALUES (24, 'Macebell');
INSERT INTO Equipment (id, title) VALUES (25, 'Indian Club');
INSERT INTO Equipment (id, title) VALUES (26, 'Clubbell');
INSERT INTO Equipment (id, title) VALUES (27, 'Plyo Box');
INSERT INTO Equipment (id, title) VALUES (28, 'Slant Board');
INSERT INTO Equipment (id, title) VALUES (29, 'Tire');
INSERT INTO Equipment (id, title) VALUES (30, 'Sledge Hammer');
INSERT INTO Equipment (id, title) VALUES (31, 'Trap Bar');
INSERT INTO Equipment (id, title) VALUES (32, 'Battle Ropes');
INSERT INTO Equipment (id, title) VALUES (33, 'Gravity Boots');
INSERT INTO Equipment (id, title) VALUES (34, 'Bulgarian Bag');
INSERT INTO Equipment (id, title) VALUES (35, 'Heavy Sandbag');
INSERT INTO Equipment (id, title) VALUES (36, 'Sandbag');
INSERT INTO Equipment (id, title) VALUES (37, 'Wall Ball');
INSERT INTO Equipment (id, title) VALUES (38, 'Sled');

-- ==================================================
-- Training Type Inserts
-- ==================================================
INSERT INTO Training_Type (id, title) VALUES (1, 'Postural');
INSERT INTO Training_Type (id, title) VALUES (2, 'Bodybuilding');
INSERT INTO Training_Type (id, title) VALUES (3, 'Unsorted');
INSERT INTO Training_Type (id, title) VALUES (4, 'Calisthenics');
INSERT INTO Training_Type (id, title) VALUES (5, 'Animal Flow');
INSERT INTO Training_Type (id, title) VALUES (6, 'Grinds');
INSERT INTO Training_Type (id, title) VALUES (7, 'Powerlifting');
INSERT INTO Training_Type (id, title) VALUES (8, 'Mobility');
INSERT INTO Training_Type (id, title) VALUES (9, 'Plyometric');
INSERT INTO Training_Type (id, title) VALUES (10, 'Ballistics');
INSERT INTO Training_Type (id, title) VALUES (11, 'Olympic Weightlifting');
INSERT INTO Training_Type (id, title) VALUES (12, 'Balance');

-- ==================================================
-- Exercise and ExerciseMuscle Inserts
-- ==================================================

-- Exercise ID: 3
INSERT INTO Exercise (id, title, description, link, equipment_id, training_type_id) VALUES (3, 'Ab Wheel Iso', 'Target: Core Stability', 'https://www.youtube.com/watch?v=1vDicD_tr9M', 7, 1);
INSERT INTO exercise_muscle (exercise_id, muscle_id, intensity) VALUES (3, 11, 10);
INSERT INTO exercise_muscle (exercise_id, muscle_id, intensity) VALUES (3, 12, 7);
INSERT INTO exercise_muscle (exercise_id, muscle_id, intensity) VALUES (3, 17, 4);

-- Exercise ID: 4
INSERT INTO Exercise (id, title, description, link, equipment_id, training_type_id) VALUES (4, 'Ab Wheel Rollout', 'Target: Core Strength', 'https://www.youtube.com/watch?v=9ZCoAbI7uX0', 7, 2);
INSERT INTO exercise_muscle (exercise_id, muscle_id, intensity) VALUES (4, 11, 10);
INSERT INTO exercise_muscle (exercise_id, muscle_id, intensity) VALUES (4, 17, 7);
INSERT INTO exercise_muscle (exercise_id, muscle_id, intensity) VALUES (4, 12, 4);

-- Exercise ID: 5
INSERT INTO Exercise (id, title, description, link, equipment_id, training_type_id) VALUES (5, 'Adductor Mobilization', 'Target: Adductor Mobility', 'https://www.youtube.com/watch?v=hS82gl2Ea8g', 2, 8);
INSERT INTO exercise_muscle (exercise_id, muscle_id, intensity) VALUES (5, 14, 10);
INSERT INTO exercise_muscle (exercise_id, muscle_id, intensity) VALUES (5, 21, 7);
INSERT INTO exercise_muscle (exercise_id, muscle_id, intensity) VALUES (5, 22, 4);

-- Exercise ID: 6
INSERT INTO Exercise (id, title, description, link, equipment_id, training_type_id) VALUES (6, 'Alternating Barbell Split Jump', 'Target: Lower Body Power', 'https://www.youtube.com/watch?v=fiFvoKrHxng', 12, 9);
INSERT INTO exercise_muscle (exercise_id, muscle_id, intensity) VALUES (6, 13, 10);
INSERT INTO exercise_muscle (exercise_id, muscle_id, intensity) VALUES (6, 21, 7);
INSERT INTO exercise_muscle (exercise_id, muscle_id, intensity) VALUES (6, 6, 4);

-- Exercise ID: 7
INSERT INTO Exercise (id, title, description, link, equipment_id, training_type_id) VALUES (7, 'Alternating Bodyweight Split Jump', 'Target: Lower Body Power', 'https://www.youtube.com/watch?v=ZiupDCper-M', 2, 9);
INSERT INTO exercise_muscle (exercise_id, muscle_id, intensity) VALUES (7, 13, 10);
INSERT INTO exercise_muscle (exercise_id, muscle_id, intensity) VALUES (7, 21, 7);
INSERT INTO exercise_muscle (exercise_id, muscle_id, intensity) VALUES (7, 6, 4);

-- Exercise ID: 8
INSERT INTO Exercise (id, title, description, link, equipment_id, training_type_id) VALUES (8, 'Alternating Dumbbell Bench Press', 'Target: Chest & Core', 'https://www.youtube.com/watch?v=p8A3oaWhU6U', 6, 2);
INSERT INTO exercise_muscle (exercise_id, muscle_id, intensity) VALUES (8, 7, 10);
INSERT INTO exercise_muscle (exercise_id, muscle_id, intensity) VALUES (8, 4, 7);
INSERT INTO exercise_muscle (exercise_id, muscle_id, intensity) VALUES (8, 2, 4);

-- Exercise ID: 9
INSERT INTO Exercise (id, title, description, link, equipment_id, training_type_id) VALUES (9, 'Alternating Dumbbell Curl', 'Target: Biceps', 'https://www.youtube.com/watch?v=iixND1P2lik', 6, 2);
INSERT INTO exercise_muscle (exercise_id, muscle_id, intensity) VALUES (9, 8, 10);
INSERT INTO exercise_muscle (exercise_id, muscle_id, intensity) VALUES (9, 10, 7);

-- Exercise ID: 10
INSERT INTO Exercise (id, title, description, link, equipment_id, training_type_id) VALUES (10, 'Alternating Dumbell Split Jump', 'Target: Lower Body Power', 'https://www.youtube.com/watch?v=e3hCZpHeEZ4', 6, 9);
INSERT INTO exercise_muscle (exercise_id, muscle_id, intensity) VALUES (10, 13, 10);
INSERT INTO exercise_muscle (exercise_id, muscle_id, intensity) VALUES (10, 21, 7);
INSERT INTO exercise_muscle (exercise_id, muscle_id, intensity) VALUES (10, 6, 4);

-- Exercise ID: 11
INSERT INTO Exercise (id, title, description, link, equipment_id, training_type_id) VALUES (11, 'Alternating Lateral Lunge Walk', 'Target: Adductors & Glutes', 'https://www.youtube.com/watch?v=-mLAtXQLiTE', 2, 8);
INSERT INTO exercise_muscle (exercise_id, muscle_id, intensity) VALUES (11, 14, 10);
INSERT INTO exercise_muscle (exercise_id, muscle_id, intensity) VALUES (11, 21, 7);
INSERT INTO exercise_muscle (exercise_id, muscle_id, intensity) VALUES (11, 13, 4);

-- Exercise ID: 12
INSERT INTO Exercise (id, title, description, link, equipment_id, training_type_id) VALUES (12, 'Alternating Single Leg V-Up', 'Target: Abs & Obliques', 'https://www.youtube.com/watch?v=0EIDVDbzVNo', 2, 2);
INSERT INTO exercise_muscle (exercise_id, muscle_id, intensity) VALUES (12, 11, 10);
INSERT INTO exercise_muscle (exercise_id, muscle_id, intensity) VALUES (12, 12, 7);
INSERT INTO exercise_muscle (exercise_id, muscle_id, intensity) VALUES (12, 13, 4);

-- Exercise ID: 13
INSERT INTO Exercise (id, title, description, link, equipment_id, training_type_id) VALUES (13, 'American KB Swing', 'Target: Glutes & Hamstrings', 'https://www.youtube.com/watch?v=E6GoQYuZZT4', 15, 10);
INSERT INTO exercise_muscle (exercise_id, muscle_id, intensity) VALUES (13, 21, 10);
INSERT INTO exercise_muscle (exercise_id, muscle_id, intensity) VALUES (13, 22, 7);
INSERT INTO exercise_muscle (exercise_id, muscle_id, intensity) VALUES (13, 20, 4);

-- Exercise ID: 14
INSERT INTO Exercise (id, title, description, link, equipment_id, training_type_id) VALUES (14, 'Anchored Reverse Crunch', 'Target: Lower Abs', 'https://www.youtube.com/watch?v=fcvdXzWoogg', 2, 2);
INSERT INTO exercise_muscle (exercise_id, muscle_id, intensity) VALUES (14, 11, 10);
INSERT INTO exercise_muscle (exercise_id, muscle_id, intensity) VALUES (14, 12, 7);

-- Exercise ID: 15
INSERT INTO Exercise (id, title, description, link, equipment_id, training_type_id) VALUES (15, 'Anchored Sit Up', 'Target: Abs', 'https://www.youtube.com/watch?v=CBL_WRQjvuY', 2, 2);
INSERT INTO exercise_muscle (exercise_id, muscle_id, intensity) VALUES (15, 11, 10);
INSERT INTO exercise_muscle (exercise_id, muscle_id, intensity) VALUES (15, 13, 7);

-- Exercise ID: 16
INSERT INTO Exercise (id, title, description, link, equipment_id, training_type_id) VALUES (16, 'Anderson Front Squat', 'Target: Quads & Core', 'https://www.youtube.com/watch?v=wFbJajvBZzY', 12, 7);
INSERT INTO exercise_muscle (exercise_id, muscle_id, intensity) VALUES (16, 13, 10);
INSERT INTO exercise_muscle (exercise_id, muscle_id, intensity) VALUES (16, 21, 7);
INSERT INTO exercise_muscle (exercise_id, muscle_id, intensity) VALUES (16, 18, 4);

-- Exercise ID: 17
INSERT INTO Exercise (id, title, description, link, equipment_id, training_type_id) VALUES (17, 'Anti-Rotation Core Activation', 'Target: Obliques', 'https://www.youtube.com/watch?v=8KNHP0mN9Lc', 21, 1);
INSERT INTO exercise_muscle (exercise_id, muscle_id, intensity) VALUES (17, 12, 10);
INSERT INTO exercise_muscle (exercise_id, muscle_id, intensity) VALUES (17, 11, 7);
INSERT INTO exercise_muscle (exercise_id, muscle_id, intensity) VALUES (17, 21, 4);

-- Exercise ID: 18
INSERT INTO Exercise (id, title, description, link, equipment_id, training_type_id) VALUES (18, 'Archer Squats', 'Target: Quads & Adductors', 'https://www.youtube.com/watch?v=p4tsleylZB8', 2, 4);
INSERT INTO exercise_muscle (exercise_id, muscle_id, intensity) VALUES (18, 13, 10);
INSERT INTO exercise_muscle (exercise_id, muscle_id, intensity) VALUES (18, 14, 7);
INSERT INTO exercise_muscle (exercise_id, muscle_id, intensity) VALUES (18, 21, 4);

-- Exercise ID: 19
INSERT INTO Exercise (id, title, description, link, equipment_id, training_type_id) VALUES (19, 'Arms Across Stretch', 'Target: Shoulder Mobility', 'https://www.youtube.com/watch?v=-1K0m5ywRcY', 2, 8);
INSERT INTO exercise_muscle (exercise_id, muscle_id, intensity) VALUES (19, 19, 10);
INSERT INTO exercise_muscle (exercise_id, muscle_id, intensity) VALUES (19, 3, 7);

-- Exercise ID: 20
INSERT INTO Exercise (id, title, description, link, equipment_id, training_type_id) VALUES (20, 'Arnold Press', 'Target: Deltoids', 'https://www.youtube.com/watch?v=3ml7BH7mNwQ', 6, 2);
INSERT INTO exercise_muscle (exercise_id, muscle_id, intensity) VALUES (20, 2, 10);
INSERT INTO exercise_muscle (exercise_id, muscle_id, intensity) VALUES (20, 3, 7);
INSERT INTO exercise_muscle (exercise_id, muscle_id, intensity) VALUES (20, 4, 4);

-- Exercise ID: 21
INSERT INTO Exercise (id, title, description, link, equipment_id, training_type_id) VALUES (21, 'Arnold Shoulder Press', 'Target: Deltoids', 'https://www.youtube.com/watch?v=6Z15_WdXmVw', 6, 2);
INSERT INTO exercise_muscle (exercise_id, muscle_id, intensity) VALUES (21, 2, 10);
INSERT INTO exercise_muscle (exercise_id, muscle_id, intensity) VALUES (21, 3, 7);
INSERT INTO exercise_muscle (exercise_id, muscle_id, intensity) VALUES (21, 4, 4);

-- Exercise ID: 22
INSERT INTO Exercise (id, title, description, link, equipment_id, training_type_id) VALUES (22, 'Around the World Squat', 'Target: Full Body Mobility', 'https://www.youtube.com/watch?v=xbj6TtFJgIY', 2, 8);
INSERT INTO exercise_muscle (exercise_id, muscle_id, intensity) VALUES (22, 21, 10);
INSERT INTO exercise_muscle (exercise_id, muscle_id, intensity) VALUES (22, 13, 7);
INSERT INTO exercise_muscle (exercise_id, muscle_id, intensity) VALUES (22, 12, 4);

-- Exercise ID: 23
INSERT INTO Exercise (id, title, description, link, equipment_id, training_type_id) VALUES (23, 'Around the Worlds (weight optional)', 'Target: Shoulders', 'https://www.youtube.com/watch?v=9uqGfOvtqn0', 6, 2);
INSERT INTO exercise_muscle (exercise_id, muscle_id, intensity) VALUES (23, 2, 10);
INSERT INTO exercise_muscle (exercise_id, muscle_id, intensity) VALUES (23, 3, 7);
INSERT INTO exercise_muscle (exercise_id, muscle_id, intensity) VALUES (23, 7, 4);

-- Exercise ID: 24
INSERT INTO Exercise (id, title, description, link, equipment_id, training_type_id) VALUES (24, 'Assisted Bodyweight Squat to Box', 'Target: Quads & Glutes', 'https://www.youtube.com/watch?v=WnADyvqlfDg', 2, 2);
INSERT INTO exercise_muscle (exercise_id, muscle_id, intensity) VALUES (24, 13, 10);
INSERT INTO exercise_muscle (exercise_id, muscle_id, intensity) VALUES (24, 21, 7);
INSERT INTO exercise_muscle (exercise_id, muscle_id, intensity) VALUES (24, 22, 4);

-- Exercise ID: 25
INSERT INTO Exercise (id, title, description, link, equipment_id, training_type_id) VALUES (25, 'Assisted Chin-Ups', 'Target: Lats & Biceps', 'https://www.youtube.com/watch?v=A-uiFTIsgRg', 16, 4);
INSERT INTO exercise_muscle (exercise_id, muscle_id, intensity) VALUES (25, 17, 10);
INSERT INTO exercise_muscle (exercise_id, muscle_id, intensity) VALUES (25, 8, 7);
INSERT INTO exercise_muscle (exercise_id, muscle_id, intensity) VALUES (25, 18, 4);

-- Exercise ID: 26
INSERT INTO Exercise (id, title, description, link, equipment_id, training_type_id) VALUES (26, 'Assisted Lateral Squat', 'Target: Adductors & Glutes', 'https://www.youtube.com/watch?v=wTQ_wwE-ZuI', 11, 8);
INSERT INTO exercise_muscle (exercise_id, muscle_id, intensity) VALUES (26, 14, 10);
INSERT INTO exercise_muscle (exercise_id, muscle_id, intensity) VALUES (26, 21, 7);
INSERT INTO exercise_muscle (exercise_id, muscle_id, intensity) VALUES (26, 13, 4);

-- Exercise ID: 27
INSERT INTO Exercise (id, title, description, link, equipment_id, training_type_id) VALUES (27, 'Assisted Nordic Curls', 'Target: Hamstrings', 'https://www.youtube.com/watch?v=49Uozp9wfik', 2, 2);
INSERT INTO exercise_muscle (exercise_id, muscle_id, intensity) VALUES (27, 22, 10);
INSERT INTO exercise_muscle (exercise_id, muscle_id, intensity) VALUES (27, 21, 7);
INSERT INTO exercise_muscle (exercise_id, muscle_id, intensity) VALUES (27, 6, 4);

-- Exercise ID: 28
INSERT INTO Exercise (id, title, description, link, equipment_id, training_type_id) VALUES (28, 'Assisted Pull-ups', 'Target: Lats & Back', 'https://www.youtube.com/watch?v=wFj808u2HWU', 16, 4);
INSERT INTO exercise_muscle (exercise_id, muscle_id, intensity) VALUES (28, 17, 10);
INSERT INTO exercise_muscle (exercise_id, muscle_id, intensity) VALUES (28, 18, 7);
INSERT INTO exercise_muscle (exercise_id, muscle_id, intensity) VALUES (28, 8, 4);

-- Exercise ID: 29
INSERT INTO Exercise (id, title, description, link, equipment_id, training_type_id) VALUES (29, 'Assisted Reverse Lunge With Blocked Knee', 'Target: Quad Stability', 'https://www.youtube.com/watch?v=a2BOfZ1Ll8E', 2, 1);
INSERT INTO exercise_muscle (exercise_id, muscle_id, intensity) VALUES (29, 13, 10);
INSERT INTO exercise_muscle (exercise_id, muscle_id, intensity) VALUES (29, 21, 7);
INSERT INTO exercise_muscle (exercise_id, muscle_id, intensity) VALUES (29, 22, 4);

-- Exercise ID: 30
INSERT INTO Exercise (id, title, description, link, equipment_id, training_type_id) VALUES (30, 'Back Extension', 'Target: Lower Back & Glutes', 'https://www.youtube.com/watch?v=H8Swl1N-uis', 2, 2);
INSERT INTO exercise_muscle (exercise_id, muscle_id, intensity) VALUES (30, 20, 10);
INSERT INTO exercise_muscle (exercise_id, muscle_id, intensity) VALUES (30, 21, 7);
INSERT INTO exercise_muscle (exercise_id, muscle_id, intensity) VALUES (30, 22, 4);

-- ... (This script would continue for all 800+ exercises)

-- NOTE: The full script for all 800+ exercises is extremely long and exceeds the maximum response length.
-- The following includes a substantial portion of the generated script to demonstrate the complete process applied to your list.
-- To get the full script, you may need to process the list in smaller chunks.

-- Exercise ID: 31
INSERT INTO Exercise (id, title, description, link, equipment_id, training_type_id) VALUES (31, 'Back Extension to Y''s', 'Target: Lower & Upper Back', 'https://www.youtube.com/watch?v=ph3pddpKzzw', 2, 1);
INSERT INTO exercise_muscle (exercise_id, muscle_id, intensity) VALUES (31, 20, 10);
INSERT INTO exercise_muscle (exercise_id, muscle_id, intensity) VALUES (31, 18, 7);
INSERT INTO exercise_muscle (exercise_id, muscle_id, intensity) VALUES (31, 21, 4);

-- Exercise ID: 32
INSERT INTO Exercise (id, title, description, link, equipment_id, training_type_id) VALUES (32, 'Back Lunge into Kickback', 'Target: Glutes & Hamstrings', 'https://www.youtube.com/watch?v=rkpvx4DuJJI', 2, 2);
INSERT INTO exercise_muscle (exercise_id, muscle_id, intensity) VALUES (32, 21, 10);
INSERT INTO exercise_muscle (exercise_id, muscle_id, intensity) VALUES (32, 13, 7);
INSERT INTO exercise_muscle (exercise_id, muscle_id, intensity) VALUES (32, 22, 4);

-- Exercise ID: 33
INSERT INTO Exercise (id, title, description, link, equipment_id, training_type_id) VALUES (33, 'Back Squat', 'Target: Quads, Glutes, Hamstrings', 'https://www.youtube.com/watch?v=ultWZbUMPL8', 12, 7);
INSERT INTO exercise_muscle (exercise_id, muscle_id, intensity) VALUES (33, 13, 10);
INSERT INTO exercise_muscle (exercise_id, muscle_id, intensity) VALUES (33, 21, 7);
INSERT INTO exercise_muscle (exercise_id, muscle_id, intensity) VALUES (33, 22, 4);

-- Exercise ID: 34
INSERT INTO Exercise (id, title, description, link, equipment_id, training_type_id) VALUES (34, 'Back-Supported Pullover', 'Target: Lats & Chest', 'https://www.youtube.com/watch?v=FK4rHfWKEac', 6, 2);
INSERT INTO exercise_muscle (exercise_id, muscle_id, intensity) VALUES (34, 17, 10);
INSERT INTO exercise_muscle (exercise_id, muscle_id, intensity) VALUES (34, 7, 7);
INSERT INTO exercise_muscle (exercise_id, muscle_id, intensity) VALUES (34, 4, 4);

-- Exercise ID: 35
INSERT INTO Exercise (id, title, description, link, equipment_id, training_type_id) VALUES (35, 'Backward Walking', 'Target: Quads & Knees', 'https://www.youtube.com/watch?v=zWTQ9UPsmf4', 2, 8);
INSERT INTO exercise_muscle (exercise_id, muscle_id, intensity) VALUES (35, 13, 10);
INSERT INTO exercise_muscle (exercise_id, muscle_id, intensity) VALUES (35, 5, 7);
INSERT INTO exercise_muscle (exercise_id, muscle_id, intensity) VALUES (35, 16, 4);

-- Exercise ID: 36
INSERT INTO Exercise (id, title, description, link, equipment_id, training_type_id) VALUES (36, 'Ball Slam To Jump', 'Target: Full Body Power', 'https://www.youtube.com/watch?v=zLDENYTNhHg', 5, 9);
INSERT INTO exercise_muscle (exercise_id, muscle_id, intensity) VALUES (36, 17, 10);
INSERT INTO exercise_muscle (exercise_id, muscle_id, intensity) VALUES (36, 21, 7);
INSERT INTO exercise_muscle (exercise_id, muscle_id, intensity) VALUES (36, 13, 4);

-- Exercise ID: 37
INSERT INTO Exercise (id, title, description, link, equipment_id, training_type_id) VALUES (37, 'Ball Squat to Press', 'Target: Quads & Shoulders', 'https://www.youtube.com/watch?v=GyTTtBAvc4s', 1, 2);
INSERT INTO exercise_muscle (exercise_id, muscle_id, intensity) VALUES (37, 13, 10);
INSERT INTO exercise_muscle (exercise_id, muscle_id, intensity) VALUES (37, 2, 7);
INSERT INTO exercise_muscle (exercise_id, muscle_id, intensity) VALUES (37, 21, 4);

-- Exercise ID: 38
INSERT INTO Exercise (id, title, description, link, equipment_id, training_type_id) VALUES (38, 'Band Press-Down', 'Target: Triceps', 'https://www.youtube.com/watch?v=h6tQmRu9h2E', 21, 2);
INSERT INTO exercise_muscle (exercise_id, muscle_id, intensity) VALUES (38, 4, 10);

-- Exercise ID: 39
INSERT INTO Exercise (id, title, description, link, equipment_id, training_type_id) VALUES (39, 'Band Pull Apart', 'Target: Rear Delts & Upper Back', 'https://www.youtube.com/watch?v=stwYTTPXubo', 21, 1);
INSERT INTO exercise_muscle (exercise_id, muscle_id, intensity) VALUES (39, 19, 10);
INSERT INTO exercise_muscle (exercise_id, muscle_id, intensity) VALUES (39, 18, 7);
INSERT INTO exercise_muscle (exercise_id, muscle_id, intensity) VALUES (39, 9, 4);

-- Exercise ID: 40
INSERT INTO Exercise (id, title, description, link, equipment_id, training_type_id) VALUES (40, 'Band Up and Overs', 'Target: Shoulder Mobility', 'https://www.youtube.com/watch?v=BvyQEahQ3XA', 21, 8);
INSERT INTO exercise_muscle (exercise_id, muscle_id, intensity) VALUES (40, 2, 10);
INSERT INTO exercise_muscle (exercise_id, muscle_id, intensity) VALUES (40, 3, 7);
INSERT INTO exercise_muscle (exercise_id, muscle_id, intensity) VALUES (40, 19, 4);

-- Exercise ID: 41
INSERT INTO Exercise (id, title, description, link, equipment_id, training_type_id) VALUES (41, 'Band-Assisted Chin-Up', 'Target: Lats & Biceps', 'https://www.youtube.com/watch?v=A-uiFTIsgRg', 21, 4);
INSERT INTO exercise_muscle (exercise_id, muscle_id, intensity) VALUES (41, 17, 10);
INSERT INTO exercise_muscle (exercise_id, muscle_id, intensity) VALUES (41, 8, 7);
INSERT INTO exercise_muscle (exercise_id, muscle_id, intensity) VALUES (41, 18, 4);

-- Exercise ID: 42
INSERT INTO Exercise (id, title, description, link, equipment_id, training_type_id) VALUES (42, 'Band-Assisted Inverted Row', 'Target: Upper Back & Biceps', 'https://www.youtube.com/watch?v=pKjbIyQmHiU', 21, 4);
INSERT INTO exercise_muscle (exercise_id, muscle_id, intensity) VALUES (42, 18, 10);
INSERT INTO exercise_muscle (exercise_id, muscle_id, intensity) VALUES (42, 17, 7);
INSERT INTO exercise_muscle (exercise_id, muscle_id, intensity) VALUES (42, 8, 4);

-- Exercise ID: 43
INSERT INTO Exercise (id, title, description, link, equipment_id, training_type_id) VALUES (43, 'Band-Assisted Neutral-Grip Pull-Up', 'Target: Lats & Back', 'https://www.youtube.com/watch?v=rznRMNKJTUQ', 21, 4);
INSERT INTO exercise_muscle (exercise_id, muscle_id, intensity) VALUES (43, 17, 10);
INSERT INTO exercise_muscle (exercise_id, muscle_id, intensity) VALUES (43, 18, 7);
INSERT INTO exercise_muscle (exercise_id, muscle_id, intensity) VALUES (43, 8, 4);

-- Exercise ID: 44
INSERT INTO Exercise (id, title, description, link, equipment_id, training_type_id) VALUES (44, 'Band-Assisted Pull-Up', 'Target: Lats & Back', 'https://www.youtube.com/watch?v=A-uiFTIsgRg', 21, 4);
INSERT INTO exercise_muscle (exercise_id, muscle_id, intensity) VALUES (44, 17, 10);
INSERT INTO exercise_muscle (exercise_id, muscle_id, intensity) VALUES (44, 18, 7);
INSERT INTO exercise_muscle (exercise_id, muscle_id, intensity) VALUES (44, 8, 4);

-- Exercise ID: 45
INSERT INTO Exercise (id, title, description, link, equipment_id, training_type_id) VALUES (45, 'Band-Assisted Pushup', 'Target: Chest & Triceps', 'https://www.youtube.com/watch?v=Saq-JVbRZx0', 21, 4);
INSERT INTO exercise_muscle (exercise_id, muscle_id, intensity) VALUES (45, 7, 10);
INSERT INTO exercise_muscle (exercise_id, muscle_id, intensity) VALUES (45, 4, 7);
INSERT INTO exercise_muscle (exercise_id, muscle_id, intensity) VALUES (45, 2, 4);

-- Exercise ID: 46
INSERT INTO Exercise (id, title, description, link, equipment_id, training_type_id) VALUES (46, 'Band-Resisted Ab Wheel Iso', 'Target: Core Stability', 'https://www.youtube.com/watch?v=K4VQ2WE3R-U', 7, 1);
INSERT INTO exercise_muscle (exercise_id, muscle_id, intensity) VALUES (46, 11, 10);
INSERT INTO exercise_muscle (exercise_id, muscle_id, intensity) VALUES (46, 12, 7);
INSERT INTO exercise_muscle (exercise_id, muscle_id, intensity) VALUES (46, 17, 4);

-- Exercise ID: 47
INSERT INTO Exercise (id, title, description, link, equipment_id, training_type_id) VALUES (47, 'Band-Resisted Glute Bridge', 'Target: Glutes & Abductors', 'http://v/', 13, 2);
INSERT INTO exercise_muscle (exercise_id, muscle_id, intensity) VALUES (47, 21, 10);
INSERT INTO exercise_muscle (exercise_id, muscle_id, intensity) VALUES (47, 15, 7);
INSERT INTO exercise_muscle (exercise_id, muscle_id, intensity) VALUES (47, 22, 4);

-- Exercise ID: 48
INSERT INTO Exercise (id, title, description, link, equipment_id, training_type_id) VALUES (48, 'Band-Resisted Goblet Squat', 'Target: Quads & Glutes', 'https://www.youtube.com/watch?v=W3sp_uGF9XA', 15, 2);
INSERT INTO exercise_muscle (exercise_id, muscle_id, intensity) VALUES (48, 13, 10);
INSERT INTO exercise_muscle (exercise_id, muscle_id, intensity) VALUES (48, 21, 7);
INSERT INTO exercise_muscle (exercise_id, muscle_id, intensity) VALUES (48, 15, 4);

-- Exercise ID: 49
INSERT INTO Exercise (id, title, description, link, equipment_id, training_type_id) VALUES (49, 'Band-Resisted Pull-Up', 'Target: Lats & Back', 'https://www.youtube.com/watch?v=auPG8gUWiFw', 21, 2);
INSERT INTO exercise_muscle (exercise_id, muscle_id, intensity) VALUES (49, 17, 10);
INSERT INTO exercise_muscle (exercise_id, muscle_id, intensity) VALUES (49, 18, 7);
INSERT INTO exercise_muscle (exercise_id, muscle_id, intensity) VALUES (49, 8, 4);

-- Exercise ID: 50
INSERT INTO Exercise (id, title, description, link, equipment_id, training_type_id) VALUES (50, 'Band-Resisted Pushup', 'Target: Chest & Triceps', 'https://www.youtube.com/watch?v=cOFwFzzLFWw', 21, 2);
INSERT INTO exercise_muscle (exercise_id, muscle_id, intensity) VALUES (50, 7, 10);
INSERT INTO exercise_muscle (exercise_id, muscle_id, intensity) VALUES (50, 4, 7);
INSERT INTO exercise_muscle (exercise_id, muscle_id, intensity) VALUES (50, 2, 4);

-- Exercise ID: 51
INSERT INTO Exercise (id, title, description, link, equipment_id, training_type_id) VALUES (51, 'Band-Resisted Ring Pushup', 'Target: Chest & Core', 'https://www.youtube.com/watch?v=kPfMkZc_Chg', 3, 4);
INSERT INTO exercise_muscle (exercise_id, muscle_id, intensity) VALUES (51, 7, 10);
INSERT INTO exercise_muscle (exercise_id, muscle_id, intensity) VALUES (51, 4, 7);
INSERT INTO exercise_muscle (exercise_id, muscle_id, intensity) VALUES (51, 11, 4);

-- Exercise ID: 52
INSERT INTO Exercise (id, title, description, link, equipment_id, training_type_id) VALUES (52, 'Band-Resisted Squat', 'Target: Glutes & Quads', 'https://www.youtube.com/watch?v=jz47v0Uj1cY', 13, 2);
INSERT INTO exercise_muscle (exercise_id, muscle_id, intensity) VALUES (52, 21, 10);
INSERT INTO exercise_muscle (exercise_id, muscle_id, intensity) VALUES (52, 13, 7);
INSERT INTO exercise_muscle (exercise_id, muscle_id, intensity) VALUES (52, 15, 4);

-- Exercise ID: 53
INSERT INTO Exercise (id, title, description, link, equipment_id, training_type_id) VALUES (53, 'Banded Curl', 'Target: Biceps', 'https://www.youtube.com/watch?v=MkPz57rN2nw', 21, 2);
INSERT INTO exercise_muscle (exercise_id, muscle_id, intensity) VALUES (53, 8, 10);
INSERT INTO exercise_muscle (exercise_id, muscle_id, intensity) VALUES (53, 10, 7);

-- Exercise ID: 54
INSERT INTO Exercise (id, title, description, link, equipment_id, training_type_id) VALUES (54, 'Banded Curtsey Lunge into Abduction', 'Target: Glutes & Abductors', 'https://www.youtube.com/watch?v=7jwHVv51Zro', 13, 2);
INSERT INTO exercise_muscle (exercise_id, muscle_id, intensity) VALUES (54, 21, 10);
INSERT INTO exercise_muscle (exercise_id, muscle_id, intensity) VALUES (54, 15, 7);
INSERT INTO exercise_muscle (exercise_id, muscle_id, intensity) VALUES (54, 13, 4);

-- Exercise ID: 55
INSERT INTO Exercise (id, title, description, link, equipment_id, training_type_id) VALUES (55, 'Banded Eccentric Pause Squats', 'Target: Quads & Glutes', 'https://www.youtube.com/watch?v=DYs9eFN_c5Y', 21, 2);
INSERT INTO exercise_muscle (exercise_id, muscle_id, intensity) VALUES (55, 13, 10);
INSERT INTO exercise_muscle (exercise_id, muscle_id, intensity) VALUES (55, 21, 7);
INSERT INTO exercise_muscle (exercise_id, muscle_id, intensity) VALUES (55, 22, 4);

-- Exercise ID: 56
INSERT INTO Exercise (id, title, description, link, equipment_id, training_type_id) VALUES (56, 'Banded Face Pull', 'Target: Rear Delts & Upper Back', 'https://www.youtube.com/watch?v=Wq-Td9UXRK8', 21, 1);
INSERT INTO exercise_muscle (exercise_id, muscle_id, intensity) VALUES (56, 19, 10);
INSERT INTO exercise_muscle (exercise_id, muscle_id, intensity) VALUES (56, 18, 7);
INSERT INTO exercise_muscle (exercise_id, muscle_id, intensity) VALUES (56, 9, 4);

-- Exercise ID: 57
INSERT INTO Exercise (id, title, description, link, equipment_id, training_type_id) VALUES (57, 'Banded Frog Thrusts', 'Target: Glutes & Adductors', 'https://www.youtube.com/watch?v=h16B74bduTY', 13, 2);
INSERT INTO exercise_muscle (exercise_id, muscle_id, intensity) VALUES (57, 21, 10);
INSERT INTO exercise_muscle (exercise_id, muscle_id, intensity) VALUES (57, 14, 7);

-- Exercise ID: 58
INSERT INTO Exercise (id, title, description, link, equipment_id, training_type_id) VALUES (58, 'Banded Glute Walks', 'Target: Glutes & Abductors', 'https://www.youtube.com/watch?v=wQjJXuVEsEc', 13, 1);
INSERT INTO exercise_muscle (exercise_id, muscle_id, intensity) VALUES (58, 21, 10);
INSERT INTO exercise_muscle (exercise_id, muscle_id, intensity) VALUES (58, 15, 7);

-- Exercise ID: 59
INSERT INTO Exercise (id, title, description, link, equipment_id, training_type_id) VALUES (59, 'Banded Hip Extension', 'Target: Glutes', 'https://www.youtube.com/watch?v=FiyLIMmOs5w', 13, 2);
INSERT INTO exercise_muscle (exercise_id, muscle_id, intensity) VALUES (59, 21, 10);
INSERT INTO exercise_muscle (exercise_id, muscle_id, intensity) VALUES (59, 22, 7);

-- Exercise ID: 60
INSERT INTO Exercise (id, title, description, link, equipment_id, training_type_id) VALUES (60, 'Banded Hip Thrust to Abduction', 'Target: Glutes & Abductors', 'https://www.youtube.com/watch?v=R-xLxPU5orI', 13, 2);
INSERT INTO exercise_muscle (exercise_id, muscle_id, intensity) VALUES (60, 21, 10);
INSERT INTO exercise_muscle (exercise_id, muscle_id, intensity) VALUES (60, 15, 7);

-- Exercise ID: 61
INSERT INTO Exercise (id, title, description, link, equipment_id, training_type_id) VALUES (61, 'Banded Kickbacks', 'Target: Glutes', 'https://www.youtube.com/watch?v=O5-ROTyo2dA', 13, 2);
INSERT INTO exercise_muscle (exercise_id, muscle_id, intensity) VALUES (61, 21, 10);
INSERT INTO exercise_muscle (exercise_id, muscle_id, intensity) VALUES (61, 22, 7);

-- Exercise ID: 62
INSERT INTO Exercise (id, title, description, link, equipment_id, training_type_id) VALUES (62, 'Banded No Money', 'Target: Rotator Cuff & Rear Delts', 'https://www.youtube.com/watch?v=KqTgISFdmew', 21, 1);
INSERT INTO exercise_muscle (exercise_id, muscle_id, intensity) VALUES (62, 19, 10);
INSERT INTO exercise_muscle (exercise_id, muscle_id, intensity) VALUES (62, 18, 7);

-- Exercise ID: 63
INSERT INTO Exercise (id, title, description, link, equipment_id, training_type_id) VALUES (63, 'Banded Pull-Down', 'Target: Lats', 'https://www.youtube.com/watch?v=0H7d2qjyKbU', 21, 2);
INSERT INTO exercise_muscle (exercise_id, muscle_id, intensity) VALUES (63, 17, 10);
INSERT INTO exercise_muscle (exercise_id, muscle_id, intensity) VALUES (63, 18, 7);
INSERT INTO exercise_muscle (exercise_id, muscle_id, intensity) VALUES (63, 8, 4);

-- Exercise ID: 64
INSERT INTO Exercise (id, title, description, link, equipment_id, training_type_id) VALUES (64, 'Banded Reverse Lunge to Kick Back', 'Target: Glutes & Quads', 'https://www.youtube.com/watch?v=P3QJbq1z_NA', 13, 2);
INSERT INTO exercise_muscle (exercise_id, muscle_id, intensity) VALUES (64, 21, 10);
INSERT INTO exercise_muscle (exercise_id, muscle_id, intensity) VALUES (64, 13, 7);
INSERT INTO exercise_muscle (exercise_id, muscle_id, intensity) VALUES (64, 22, 4);

-- Exercise ID: 65
INSERT INTO Exercise (id, title, description, link, equipment_id, training_type_id) VALUES (65, 'Banded Rotator Cuff Internal/External Rotation', 'Target: Shoulder Health', 'https://www.youtube.com/watch?v=8zJtj0Bw6D0', 21, 8);
INSERT INTO exercise_muscle (exercise_id, muscle_id, intensity) VALUES (65, 19, 10);
INSERT INTO exercise_muscle (exercise_id, muscle_id, intensity) VALUES (65, 3, 7);

-- Exercise ID: 66
INSERT INTO Exercise (id, title, description, link, equipment_id, training_type_id) VALUES (66, 'Banded Rows', 'Target: Back & Biceps', 'https://www.youtube.com/watch?v=j5l0wcEOq1E', 21, 2);
INSERT INTO exercise_muscle (exercise_id, muscle_id, intensity) VALUES (66, 18, 10);
INSERT INTO exercise_muscle (exercise_id, muscle_id, intensity) VALUES (66, 17, 7);
INSERT INTO exercise_muscle (exercise_id, muscle_id, intensity) VALUES (66, 8, 4);

-- Exercise ID: 67
INSERT INTO Exercise (id, title, description, link, equipment_id, training_type_id) VALUES (67, 'Banded Scapular Protraction', 'Target: Scapular Health', 'https://www.youtube.com/watch?v=3AZ_iF-_RFE', 21, 1);
INSERT INTO exercise_muscle (exercise_id, muscle_id, intensity) VALUES (67, 18, 10);
INSERT INTO exercise_muscle (exercise_id, muscle_id, intensity) VALUES (67, 7, 7);

-- Exercise ID: 68
INSERT INTO Exercise (id, title, description, link, equipment_id, training_type_id) VALUES (68, 'Banded Side Plank Abduction', 'Target: Obliques & Abductors', 'https://www.youtube.com/watch?v=U0O86X0TMek', 13, 1);
INSERT INTO exercise_muscle (exercise_id, muscle_id, intensity) VALUES (68, 12, 10);
INSERT INTO exercise_muscle (exercise_id, muscle_id, intensity) VALUES (68, 15, 7);
INSERT INTO exercise_muscle (exercise_id, muscle_id, intensity) VALUES (68, 21, 4);

-- Exercise ID: 69
INSERT INTO Exercise (id, title, description, link, equipment_id, training_type_id) VALUES (69, 'Banded Tube Walks', 'Target: Glutes & Abductors', 'https://www.youtube.com/watch?v=855BmSh1q_Y', 13, 1);
INSERT INTO exercise_muscle (exercise_id, muscle_id, intensity) VALUES (69, 15, 10);
INSERT INTO exercise_muscle (exercise_id, muscle_id, intensity) VALUES (69, 21, 7);

-- Exercise ID: 70
INSERT INTO Exercise (id, title, description, link, equipment_id, training_type_id) VALUES (70, 'Banded Walks', 'Target: Glutes & Abductors', 'https://www.youtube.com/watch?v=dgbhiejP7oI', 13, 1);
INSERT INTO exercise_muscle (exercise_id, muscle_id, intensity) VALUES (70, 15, 10);
INSERT INTO exercise_muscle (exercise_id, muscle_id, intensity) VALUES (70, 21, 7);

-- Exercise ID: 71
INSERT INTO Exercise (id, title, description, link, equipment_id, training_type_id) VALUES (71, 'Barbell Back Squat', 'Target: Quads, Glutes, Hamstrings', 'https://www.youtube.com/watch?v=8PMjqgR8Wa8', 12, 7);
INSERT INTO exercise_muscle (exercise_id, muscle_id, intensity) VALUES (71, 13, 10);
INSERT INTO exercise_muscle (exercise_id, muscle_id, intensity) VALUES (71, 21, 7);
INSERT INTO exercise_muscle (exercise_id, muscle_id, intensity) VALUES (71, 22, 4);

-- Exercise ID: 72
INSERT INTO Exercise (id, title, description, link, equipment_id, training_type_id) VALUES (72, 'Barbell Bench Press', 'Target: Chest, Triceps, Shoulders', 'https://www.youtube.com/watch?v=rT7DgCr-3pg', 12, 7);
INSERT INTO exercise_muscle (exercise_id, muscle_id, intensity) VALUES (72, 7, 10);
INSERT INTO exercise_muscle (exercise_id, muscle_id, intensity) VALUES (72, 4, 7);
INSERT INTO exercise_muscle (exercise_id, muscle_id, intensity) VALUES (72, 2, 4);

-- Exercise ID: 73
INSERT INTO Exercise (id, title, description, link, equipment_id, training_type_id) VALUES (73, 'Barbell Bench Press From Pins', 'Target: Chest & Triceps Lockout', 'https://www.youtube.com/watch?v=t2aOUqhQIBU', 12, 7);
INSERT INTO exercise_muscle (exercise_id, muscle_id, intensity) VALUES (73, 7, 10);
INSERT INTO exercise_muscle (exercise_id, muscle_id, intensity) VALUES (73, 4, 7);
INSERT INTO exercise_muscle (exercise_id, muscle_id, intensity) VALUES (73, 2, 4);

-- Exercise ID: 74
INSERT INTO Exercise (id, title, description, link, equipment_id, training_type_id) VALUES (74, 'Barbell Bent Over Row', 'Target: Back, Lats, Biceps', 'https://www.youtube.com/watch?v=Nqh7q3zDCoQ', 12, 2);
INSERT INTO exercise_muscle (exercise_id, muscle_id, intensity) VALUES (74, 17, 10);
INSERT INTO exercise_muscle (exercise_id, muscle_id, intensity) VALUES (74, 18, 7);
INSERT INTO exercise_muscle (exercise_id, muscle_id, intensity) VALUES (74, 8, 4);

-- Exercise ID: 75
INSERT INTO Exercise (id, title, description, link, equipment_id, training_type_id) VALUES (75, 'Barbell Bicep Curl', 'Target: Biceps', 'https://www.youtube.com/watch?v=QZEqB6wUPxQ', 12, 2);
INSERT INTO exercise_muscle (exercise_id, muscle_id, intensity) VALUES (75, 8, 10);
INSERT INTO exercise_muscle (exercise_id, muscle_id, intensity) VALUES (75, 10, 7);

-- Exercise ID: 76
INSERT INTO Exercise (id, title, description, link, equipment_id, training_type_id) VALUES (76, 'Barbell Box Squat', 'Target: Glutes & Hamstrings', 'https://www.youtube.com/watch?v=nBc_2Jyp3tM', 12, 7);
INSERT INTO exercise_muscle (exercise_id, muscle_id, intensity) VALUES (76, 21, 10);
INSERT INTO exercise_muscle (exercise_id, muscle_id, intensity) VALUES (76, 22, 7);
INSERT INTO exercise_muscle (exercise_id, muscle_id, intensity) VALUES (76, 13, 4);

-- Exercise ID: 77
INSERT INTO Exercise (id, title, description, link, equipment_id, training_type_id) VALUES (77, 'Barbell Bulgarian Split Squat', 'Target: Quads & Glutes', 'https://www.youtube.com/watch?v=-4LVK1crLSw', 12, 2);
INSERT INTO exercise_muscle (exercise_id, muscle_id, intensity) VALUES (77, 13, 10);
INSERT INTO exercise_muscle (exercise_id, muscle_id, intensity) VALUES (77, 21, 7);

-- Exercise ID: 78
INSERT INTO Exercise (id, title, description, link, equipment_id, training_type_id) VALUES (78, 'Barbell Chest-Supported T-Bar Row', 'Target: Upper Back & Lats', 'https://www.youtube.com/watch?v=ly5AOZB0bc4', 19, 2);
INSERT INTO exercise_muscle (exercise_id, muscle_id, intensity) VALUES (78, 18, 10);
INSERT INTO exercise_muscle (exercise_id, muscle_id, intensity) VALUES (78, 17, 7);
INSERT INTO exercise_muscle (exercise_id, muscle_id, intensity) VALUES (78, 19, 4);

-- Exercise ID: 79
INSERT INTO Exercise (id, title, description, link, equipment_id, training_type_id) VALUES (79, 'Barbell Close Grip 2-pause bench press', 'Target: Triceps & Chest', 'https://www.youtube.com/watch?v=Cv5nS1AH_jE', 12, 7);
INSERT INTO exercise_muscle (exercise_id, muscle_id, intensity) VALUES (79, 4, 10);
INSERT INTO exercise_muscle (exercise_id, muscle_id, intensity) VALUES (79, 7, 7);
INSERT INTO exercise_muscle (exercise_id, muscle_id, intensity) VALUES (79, 2, 4);

-- Exercise ID: 80
INSERT INTO Exercise (id, title, description, link, equipment_id, training_type_id) VALUES (80, 'Barbell Close Grip Bench Press', 'Target: Triceps & Chest', 'https://www.youtube.com/watch?v=vEUyEOVn3yM', 12, 2);
INSERT INTO exercise_muscle (exercise_id, muscle_id, intensity) VALUES (80, 4, 10);
INSERT INTO exercise_muscle (exercise_id, muscle_id, intensity) VALUES (80, 7, 7);
INSERT INTO exercise_muscle (exercise_id, muscle_id, intensity) VALUES (80, 2, 4);

-- Exercise ID: 81
INSERT INTO Exercise (id, title, description, link, equipment_id, training_type_id) VALUES (81, 'Barbell Close-Grip Biceps Curl', 'Target: Biceps (long head)', 'https://www.youtube.com/watch?v=vSupPQiBkeY', 12, 2);
INSERT INTO exercise_muscle (exercise_id, muscle_id, intensity) VALUES (81, 8, 10);
INSERT INTO exercise_muscle (exercise_id, muscle_id, intensity) VALUES (81, 10, 7);

-- Exercise ID: 82
INSERT INTO Exercise (id, title, description, link, equipment_id, training_type_id) VALUES (82, 'Barbell Concentration Biceps Curl', 'Target: Biceps', 'https://www.youtube.com/watch?v=QZEqB6wUPxQ', 12, 2);
INSERT INTO exercise_muscle (exercise_id, muscle_id, intensity) VALUES (82, 8, 10);
INSERT INTO exercise_muscle (exercise_id, muscle_id, intensity) VALUES (82, 10, 7);

-- Exercise ID: 83
INSERT INTO Exercise (id, title, description, link, equipment_id, training_type_id) VALUES (83, 'Barbell Curl', 'Target: Biceps', 'https://www.youtube.com/watch?v=uvhnpOjDye8', 12, 2);
INSERT INTO exercise_muscle (exercise_id, muscle_id, intensity) VALUES (83, 8, 10);
INSERT INTO exercise_muscle (exercise_id, muscle_id, intensity) VALUES (83, 10, 7);

-- Exercise ID: 84
INSERT INTO Exercise (id, title, description, link, equipment_id, training_type_id) VALUES (84, 'Barbell Deadlift', 'Target: Full Posterior Chain', 'https://www.youtube.com/watch?v=vfKwjT5-86k', 12, 7);
INSERT INTO exercise_muscle (exercise_id, muscle_id, intensity) VALUES (84, 22, 10);
INSERT INTO exercise_muscle (exercise_id, muscle_id, intensity) VALUES (84, 21, 7);
INSERT INTO exercise_muscle (exercise_id, muscle_id, intensity) VALUES (84, 20, 4);

-- Exercise ID: 85
INSERT INTO Exercise (id, title, description, link, equipment_id, training_type_id) VALUES (85, 'Barbell Deadlifts from Blocks', 'Target: Back & Glutes Lockout', 'https://www.youtube.com/watch?v=jNIUXckSaDA', 12, 7);
INSERT INTO exercise_muscle (exercise_id, muscle_id, intensity) VALUES (85, 20, 10);
INSERT INTO exercise_muscle (exercise_id, muscle_id, intensity) VALUES (85, 18, 7);
INSERT INTO exercise_muscle (exercise_id, muscle_id, intensity) VALUES (85, 21, 4);

-- Exercise ID: 86
INSERT INTO Exercise (id, title, description, link, equipment_id, training_type_id) VALUES (86, 'Barbell Deadlifts from Deficit', 'Target: Hamstrings & Glutes', 'https://www.youtube.com/watch?v=CpWsUsqBtN8', 12, 7);
INSERT INTO exercise_muscle (exercise_id, muscle_id, intensity) VALUES (86, 22, 10);
INSERT INTO exercise_muscle (exercise_id, muscle_id, intensity) VALUES (86, 21, 7);
INSERT INTO exercise_muscle (exercise_id, muscle_id, intensity) VALUES (86, 20, 4);

-- Exercise ID: 87
INSERT INTO Exercise (id, title, description, link, equipment_id, training_type_id) VALUES (87, 'Barbell Decline Bench Press', 'Target: Lower Chest', 'https://www.youtube.com/watch?v=LfyQBUKR8SE', 12, 2);
INSERT INTO exercise_muscle (exercise_id, muscle_id, intensity) VALUES (87, 7, 10);
INSERT INTO exercise_muscle (exercise_id, muscle_id, intensity) VALUES (87, 4, 7);
INSERT INTO exercise_muscle (exercise_id, muscle_id, intensity) VALUES (87, 2, 4);

-- Exercise ID: 88
INSERT INTO Exercise (id, title, description, link, equipment_id, training_type_id) VALUES (88, 'Barbell Decline Bench Triceps Extension', 'Target: Triceps', 'https://www.youtube.com/watch?v=Xrg96YYN0Fc', 12, 2);
INSERT INTO exercise_muscle (exercise_id, muscle_id, intensity) VALUES (88, 4, 10);

-- Exercise ID: 89
INSERT INTO Exercise (id, title, description, link, equipment_id, training_type_id) VALUES (89, 'Barbell Deficit Reverse Lunge', 'Target: Glutes & Quads', 'https://www.youtube.com/watch?v=ZPp34SHzQqA', 12, 2);
INSERT INTO exercise_muscle (exercise_id, muscle_id, intensity) VALUES (89, 21, 10);
INSERT INTO exercise_muscle (exercise_id, muscle_id, intensity) VALUES (89, 13, 7);
INSERT INTO exercise_muscle (exercise_id, muscle_id, intensity) VALUES (89, 22, 4);

-- Exercise ID: 90
INSERT INTO Exercise (id, title, description, link, equipment_id, training_type_id) VALUES (90, 'Barbell Flat Bench Triceps Extension', 'Target: Triceps', 'https://www.youtube.com/watch?v=hOwZLq1VSRg', 12, 2);
INSERT INTO exercise_muscle (exercise_id, muscle_id, intensity) VALUES (90, 4, 10);

-- Exercise ID: 91
INSERT INTO Exercise (id, title, description, link, equipment_id, training_type_id) VALUES (91, 'Barbell Floor Press', 'Target: Triceps & Chest', 'https://www.youtube.com/watch?v=9vYCwtHkWgI', 12, 7);
INSERT INTO exercise_muscle (exercise_id, muscle_id, intensity) VALUES (91, 4, 10);
INSERT INTO exercise_muscle (exercise_id, muscle_id, intensity) VALUES (91, 7, 7);
INSERT INTO exercise_muscle (exercise_id, muscle_id, intensity) VALUES (91, 2, 4);

-- Exercise ID: 92
INSERT INTO Exercise (id, title, description, link, equipment_id, training_type_id) VALUES (92, 'Barbell Front Raise', 'Target: Front Deltoids', 'https://www.youtube.com/watch?v=_ikCPws1mbE', 12, 2);
INSERT INTO exercise_muscle (exercise_id, muscle_id, intensity) VALUES (92, 2, 10);
INSERT INTO exercise_muscle (exercise_id, muscle_id, intensity) VALUES (92, 3, 7);

-- Exercise ID: 93
INSERT INTO Exercise (id, title, description, link, equipment_id, training_type_id) VALUES (93, 'Barbell Front Squat', 'Target: Quads & Upper Back', 'https://www.youtube.com/watch?v=VfBOBhwXbro', 12, 11);
INSERT INTO exercise_muscle (exercise_id, muscle_id, intensity) VALUES (93, 13, 10);
INSERT INTO exercise_muscle (exercise_id, muscle_id, intensity) VALUES (93, 18, 7);
INSERT INTO exercise_muscle (exercise_id, muscle_id, intensity) VALUES (93, 21, 4);

-- Exercise ID: 94
INSERT INTO Exercise (id, title, description, link, equipment_id, training_type_id) VALUES (94, 'Barbell Front Squat Iso', 'Target: Quads & Core', 'https://www.youtube.com/watch?v=nfkphUz7qVk', 12, 6);
INSERT INTO exercise_muscle (exercise_id, muscle_id, intensity) VALUES (94, 13, 10);
INSERT INTO exercise_muscle (exercise_id, muscle_id, intensity) VALUES (94, 18, 7);
INSERT INTO exercise_muscle (exercise_id, muscle_id, intensity) VALUES (94, 11, 4);

-- Exercise ID: 95
INSERT INTO Exercise (id, title, description, link, equipment_id, training_type_id) VALUES (95, 'Barbell Front Squat to Box', 'Target: Quads & Glutes', 'https://www.youtube.com/watch?v=RbMi6CQfGkk', 12, 7);
INSERT INTO exercise_muscle (exercise_id, muscle_id, intensity) VALUES (95, 13, 10);
INSERT INTO exercise_muscle (exercise_id, muscle_id, intensity) VALUES (95, 21, 7);
INSERT INTO exercise_muscle (exercise_id, muscle_id, intensity) VALUES (95, 18, 4);

-- Exercise ID: 96
INSERT INTO Exercise (id, title, description, link, equipment_id, training_type_id) VALUES (96, 'Barbell Glute Bridge', 'Target: Glutes & Hamstrings', 'https://www.youtube.com/watch?v=nbjJjSa0cKo', 12, 2);
INSERT INTO exercise_muscle (exercise_id, muscle_id, intensity) VALUES (96, 21, 10);
INSERT INTO exercise_muscle (exercise_id, muscle_id, intensity) VALUES (96, 22, 7);
INSERT INTO exercise_muscle (exercise_id, muscle_id, intensity) VALUES (96, 20, 4);

-- Exercise ID: 97
INSERT INTO Exercise (id, title, description, link, equipment_id, training_type_id) VALUES (97, 'Barbell Glute Bridges', 'Target: Glutes & Hamstrings', 'https://www.youtube.com/watch?v=ylpfCk3i-0Y', 12, 2);
INSERT INTO exercise_muscle (exercise_id, muscle_id, intensity) VALUES (97, 21, 10);
INSERT INTO exercise_muscle (exercise_id, muscle_id, intensity) VALUES (97, 22, 7);
INSERT INTO exercise_muscle (exercise_id, muscle_id, intensity) VALUES (97, 20, 4);

-- Exercise ID: 98
INSERT INTO Exercise (id, title, description, link, equipment_id, training_type_id) VALUES (98, 'Barbell Hip Thrust', 'Target: Glutes', 'https://www.youtube.com/watch?v=Zp26q4BY5HE', 12, 2);
INSERT INTO exercise_muscle (exercise_id, muscle_id, intensity) VALUES (98, 21, 10);
INSERT INTO exercise_muscle (exercise_id, muscle_id, intensity) VALUES (98, 22, 7);

-- Exercise ID: 99
INSERT INTO Exercise (id, title, description, link, equipment_id, training_type_id) VALUES (99, 'Barbell Incline Bench Press', 'Target: Upper Chest & Shoulders', 'https://www.youtube.com/watch?v=SrqOu55lrYU', 12, 2);
INSERT INTO exercise_muscle (exercise_id, muscle_id, intensity) VALUES (99, 7, 10);
INSERT INTO exercise_muscle (exercise_id, muscle_id, intensity) VALUES (99, 2, 7);
INSERT INTO exercise_muscle (exercise_id, muscle_id, intensity) VALUES (99, 4, 4);

-- Exercise ID: 100
INSERT INTO Exercise (id, title, description, link, equipment_id, training_type_id) VALUES (100, 'Barbell Incline Bench Row', 'Target: Upper Back & Rear Delts', 'https://www.youtube.com/watch?v=KXjNfZZ0SDY', 12, 2);
INSERT INTO exercise_muscle (exercise_id, muscle_id, intensity) VALUES (100, 18, 10);
INSERT INTO exercise_muscle (exercise_id, muscle_id, intensity) VALUES (100, 19, 7);
INSERT INTO exercise_muscle (exercise_id, muscle_id, intensity) VALUES (100, 17, 4);

-- Exercise ID: 101
INSERT INTO Exercise (id, title, description, link, equipment_id, training_type_id) VALUES (101, 'Barbell Incline Bench Triceps Extension', 'Target: Triceps', 'https://www.youtube.com/watch?v=ceBWWifK11M', 12, 2);
INSERT INTO exercise_muscle (exercise_id, muscle_id, intensity) VALUES (101, 4, 10);

-- Exercise ID: 102
INSERT INTO Exercise (id, title, description, link, equipment_id, training_type_id) VALUES (102, 'Barbell JM Press', 'Target: Triceps & Chest', 'https://www.youtube.com/watch?v=rZcWkXEOKGI', 12, 2);
INSERT INTO exercise_muscle (exercise_id, muscle_id, intensity) VALUES (102, 4, 10);
INSERT INTO exercise_muscle (exercise_id, muscle_id, intensity) VALUES (102, 7, 7);
INSERT INTO exercise_muscle (exercise_id, muscle_id, intensity) VALUES (102, 2, 4);

-- Exercise ID: 103
INSERT INTO Exercise (id, title, description, link, equipment_id, training_type_id) VALUES (103, 'Barbell Jump Squat', 'Target: Lower Body Power', 'https://www.youtube.com/watch?v=0pTBkUPuMkk', 12, 9);
INSERT INTO exercise_muscle (exercise_id, muscle_id, intensity) VALUES (103, 13, 10);
INSERT INTO exercise_muscle (exercise_id, muscle_id, intensity) VALUES (103, 21, 7);
INSERT INTO exercise_muscle (exercise_id, muscle_id, intensity) VALUES (103, 6, 4);

-- Exercise ID: 104
INSERT INTO Exercise (id, title, description, link, equipment_id, training_type_id) VALUES (104, 'Barbell One-Arm Linear Jammer', 'Target: Shoulders & Chest', 'https://www.youtube.com/watch?v=De2G39d8S6E', 19, 2);
INSERT INTO exercise_muscle (exercise_id, muscle_id, intensity) VALUES (104, 2, 10);
INSERT INTO exercise_muscle (exercise_id, muscle_id, intensity) VALUES (104, 7, 7);
INSERT INTO exercise_muscle (exercise_id, muscle_id, intensity) VALUES (104, 4, 4);

-- Exercise ID: 105
INSERT INTO Exercise (id, title, description, link, equipment_id, training_type_id) VALUES (105, 'Barbell One-Arm Row', 'Target: Back & Biceps', 'https://www.youtube.com/watch?v=1W1MnqIIZ7k', 12, 2);
INSERT INTO exercise_muscle (exercise_id, muscle_id, intensity) VALUES (105, 17, 10);
INSERT INTO exercise_muscle (exercise_id, muscle_id, intensity) VALUES (105, 18, 7);
INSERT INTO exercise_muscle (exercise_id, muscle_id, intensity) VALUES (105, 8, 4);

-- Exercise ID: 106
INSERT INTO Exercise (id, title, description, link, equipment_id, training_type_id) VALUES (106, 'Barbell Overhead Press', 'Target: Shoulders & Triceps', 'https://www.youtube.com/watch?v=_RlRDWO2jfg', 12, 7);
INSERT INTO exercise_muscle (exercise_id, muscle_id, intensity) VALUES (106, 2, 10);
INSERT INTO exercise_muscle (exercise_id, muscle_id, intensity) VALUES (106, 3, 7);
INSERT INTO exercise_muscle (exercise_id, muscle_id, intensity) VALUES (106, 4, 4);

-- Exercise ID: 107
INSERT INTO Exercise (id, title, description, link, equipment_id, training_type_id) VALUES (107, 'Barbell Overhead Shrug', 'Target: Traps & Shoulders', 'https://www.youtube.com/watch?v=xFlj3GiiRj4', 12, 2);
INSERT INTO exercise_muscle (exercise_id, muscle_id, intensity) VALUES (107, 9, 10);
INSERT INTO exercise_muscle (exercise_id, muscle_id, intensity) VALUES (107, 18, 7);

-- Exercise ID: 108
INSERT INTO Exercise (id, title, description, link, equipment_id, training_type_id) VALUES (108, 'Barbell Overhead Triceps Extension', 'Target: Triceps', 'https://www.youtube.com/watch?v=szES3xIzJPo', 12, 2);
INSERT INTO exercise_muscle (exercise_id, muscle_id, intensity) VALUES (108, 4, 10);

-- Exercise ID: 109
INSERT INTO Exercise (id, title, description, link, equipment_id, training_type_id) VALUES (109, 'Barbell Pause Bench Press', 'Target: Chest Strength', 'https://www.youtube.com/watch?v=dVM-rN5cd4E', 12, 7);
INSERT INTO exercise_muscle (exercise_id, muscle_id, intensity) VALUES (109, 7, 10);
INSERT INTO exercise_muscle (exercise_id, muscle_id, intensity) VALUES (109, 4, 7);
INSERT INTO exercise_muscle (exercise_id, muscle_id, intensity) VALUES (109, 2, 4);

-- Exercise ID: 110
INSERT INTO Exercise (id, title, description, link, equipment_id, training_type_id) VALUES (110, 'Barbell Pause Larsen Bench Press', 'Target: Upper Body Pressing Strength', 'https://www.youtube.com/watch?v=Ilt0GuTwB_Y', 12, 7);
INSERT INTO exercise_muscle (exercise_id, muscle_id, intensity) VALUES (110, 7, 10);
INSERT INTO exercise_muscle (exercise_id, muscle_id, intensity) VALUES (110, 4, 7);
INSERT INTO exercise_muscle (exercise_id, muscle_id, intensity) VALUES (110, 2, 4);

-- Exercise ID: 111
INSERT INTO Exercise (id, title, description, link, equipment_id, training_type_id) VALUES (111, 'Barbell Pause Squats', 'Target: Leg Strength & Control', 'https://www.youtube.com/watch?v=nknf16JJTZo', 12, 7);
INSERT INTO exercise_muscle (exercise_id, muscle_id, intensity) VALUES (111, 13, 10);
INSERT INTO exercise_muscle (exercise_id, muscle_id, intensity) VALUES (111, 21, 7);
INSERT INTO exercise_muscle (exercise_id, muscle_id, intensity) VALUES (111, 14, 4);

-- Exercise ID: 112
INSERT INTO Exercise (id, title, description, link, equipment_id, training_type_id) VALUES (112, 'Barbell Pendlay Row', 'Target: Upper Back Power', 'https://www.youtube.com/watch?v=kmFx0tti3ds', 12, 7);
INSERT INTO exercise_muscle (exercise_id, muscle_id, intensity) VALUES (112, 18, 10);
INSERT INTO exercise_muscle (exercise_id, muscle_id, intensity) VALUES (112, 17, 7);
INSERT INTO exercise_muscle (exercise_id, muscle_id, intensity) VALUES (112, 20, 4);

-- Exercise ID: 113
INSERT INTO Exercise (id, title, description, link, equipment_id, training_type_id) VALUES (113, 'Barbell Plate Ab Twist', 'Target: Obliques', 'https://www.youtube.com/watch?v=pDTHSnoGoEc', 22, 2);
INSERT INTO exercise_muscle (exercise_id, muscle_id, intensity) VALUES (113, 12, 10);
INSERT INTO exercise_muscle (exercise_id, muscle_id, intensity) VALUES (113, 11, 7);

-- Exercise ID: 114
INSERT INTO Exercise (id, title, description, link, equipment_id, training_type_id) VALUES (114, 'Barbell Power Shrugs', 'Target: Trap Power', 'https://www.youtube.com/watch?v=96NFt3oTvpI', 12, 10);
INSERT INTO exercise_muscle (exercise_id, muscle_id, intensity) VALUES (114, 9, 10);
INSERT INTO exercise_muscle (exercise_id, muscle_id, intensity) VALUES (114, 10, 7);

-- Exercise ID: 115
INSERT INTO Exercise (id, title, description, link, equipment_id, training_type_id) VALUES (115, 'Barbell Preacher Biceps Curl', 'Target: Biceps Isolation', 'https://www.youtube.com/watch?v=Gydpcouclx8', 12, 2);
INSERT INTO exercise_muscle (exercise_id, muscle_id, intensity) VALUES (115, 8, 10);
INSERT INTO exercise_muscle (exercise_id, muscle_id, intensity) VALUES (115, 10, 7);

-- Exercise ID: 116
INSERT INTO Exercise (id, title, description, link, equipment_id, training_type_id) VALUES (116, 'Barbell Push Press', 'Target: Full Body Power', 'https://www.youtube.com/watch?v=iaBVSJm78ko', 12, 11);
INSERT INTO exercise_muscle (exercise_id, muscle_id, intensity) VALUES (116, 2, 10);
INSERT INTO exercise_muscle (exercise_id, muscle_id, intensity) VALUES (116, 13, 7);
INSERT INTO exercise_muscle (exercise_id, muscle_id, intensity) VALUES (116, 4, 4);

-- Exercise ID: 117
INSERT INTO Exercise (id, title, description, link, equipment_id, training_type_id) VALUES (117, 'Barbell RDL', 'Target: Hamstrings & Glutes', 'https://www.youtube.com/watch?v=5rIqP63yWFg', 12, 2);
INSERT INTO exercise_muscle (exercise_id, muscle_id, intensity) VALUES (117, 22, 10);
INSERT INTO exercise_muscle (exercise_id, muscle_id, intensity) VALUES (117, 21, 7);
INSERT INTO exercise_muscle (exercise_id, muscle_id, intensity) VALUES (117, 20, 4);

-- Exercise ID: 118
INSERT INTO Exercise (id, title, description, link, equipment_id, training_type_id) VALUES (118, 'Barbell Regular-Grip Biceps Curl', 'Target: Biceps', 'https://www.youtube.com/watch?v=uvhnpOjDye8', 12, 2);
INSERT INTO exercise_muscle (exercise_id, muscle_id, intensity) VALUES (118, 8, 10);
INSERT INTO exercise_muscle (exercise_id, muscle_id, intensity) VALUES (118, 10, 7);

-- Exercise ID: 119
INSERT INTO Exercise (id, title, description, link, equipment_id, training_type_id) VALUES (119, 'Barbell Reverse Curl (Pronated Grip)', 'Target: Forearms & Biceps', 'https://www.youtube.com/watch?v=W32gBdbEeoU', 12, 2);
INSERT INTO exercise_muscle (exercise_id, muscle_id, intensity) VALUES (119, 10, 10);
INSERT INTO exercise_muscle (exercise_id, muscle_id, intensity) VALUES (119, 8, 7);

-- Exercise ID: 120
INSERT INTO Exercise (id, title, description, link, equipment_id, training_type_id) VALUES (120, 'Barbell Reverse Grip Bent Over', 'Target: Lats & Biceps', 'https://www.youtube.com/watch?v=3gdGSSgDby8', 12, 2);
INSERT INTO exercise_muscle (exercise_id, muscle_id, intensity) VALUES (120, 17, 10);
INSERT INTO exercise_muscle (exercise_id, muscle_id, intensity) VALUES (120, 8, 7);
INSERT INTO exercise_muscle (exercise_id, muscle_id, intensity) VALUES (120, 18, 4);

-- Exercise ID: 121
INSERT INTO Exercise (id, title, description, link, equipment_id, training_type_id) VALUES (121, 'Barbell Reverse Grip Curl', 'Target: Forearms & Biceps', 'https://www.youtube.com/watch?v=W32gBdbEeoU', 12, 2);
INSERT INTO exercise_muscle (exercise_id, muscle_id, intensity) VALUES (121, 10, 10);
INSERT INTO exercise_muscle (exercise_id, muscle_id, intensity) VALUES (121, 8, 7);

-- Exercise ID: 122
INSERT INTO Exercise (id, title, description, link, equipment_id, training_type_id) VALUES (122, 'Barbell Reverse Lunge', 'Target: Quads & Glutes', 'https://www.youtube.com/watch?v=U5Q5HfUyy78', 12, 2);
INSERT INTO exercise_muscle (exercise_id, muscle_id, intensity) VALUES (122, 13, 10);
INSERT INTO exercise_muscle (exercise_id, muscle_id, intensity) VALUES (122, 21, 7);
INSERT INTO exercise_muscle (exercise_id, muscle_id, intensity) VALUES (122, 22, 4);

-- Exercise ID: 123
INSERT INTO Exercise (id, title, description, link, equipment_id, training_type_id) VALUES (123, 'Barbell Reverse Lunge With a Front Squat Grip', 'Target: Quads, Glutes, & Upper Back', 'https://www.youtube.com/watch?v=6BqR5996pcE', 12, 2);
INSERT INTO exercise_muscle (exercise_id, muscle_id, intensity) VALUES (123, 13, 10);
INSERT INTO exercise_muscle (exercise_id, muscle_id, intensity) VALUES (123, 21, 7);
INSERT INTO exercise_muscle (exercise_id, muscle_id, intensity) VALUES (123, 18, 4);

-- Exercise ID: 124
INSERT INTO Exercise (id, title, description, link, equipment_id, training_type_id) VALUES (124, 'Barbell Reverse-Grip Biceps Curl', 'Target: Forearms & Biceps', 'https://www.youtube.com/watch?v=nRgxYX2Ve9w', 12, 2);
INSERT INTO exercise_muscle (exercise_id, muscle_id, intensity) VALUES (124, 10, 10);
INSERT INTO exercise_muscle (exercise_id, muscle_id, intensity) VALUES (124, 8, 7);

-- Exercise ID: 125
INSERT INTO Exercise (id, title, description, link, equipment_id, training_type_id) VALUES (125, 'Barbell Romanian Deadlift', 'Target: Hamstrings & Glutes', 'https://www.youtube.com/watch?v=5rIqP63yWFg', 12, 2);
INSERT INTO exercise_muscle (exercise_id, muscle_id, intensity) VALUES (125, 22, 10);
INSERT INTO exercise_muscle (exercise_id, muscle_id, intensity) VALUES (125, 21, 7);
INSERT INTO exercise_muscle (exercise_id, muscle_id, intensity) VALUES (125, 20, 4);

-- Exercise ID: 126
INSERT INTO Exercise (id, title, description, link, equipment_id, training_type_id) VALUES (126, 'Barbell Seated Shoulder Press', 'Target: Shoulders & Triceps', 'https://www.youtube.com/watch?v=oBGeXxnigsQ', 12, 2);
INSERT INTO exercise_muscle (exercise_id, muscle_id, intensity) VALUES (126, 2, 10);
INSERT INTO exercise_muscle (exercise_id, muscle_id, intensity) VALUES (126, 3, 7);
INSERT INTO exercise_muscle (exercise_id, muscle_id, intensity) VALUES (126, 4, 4);

-- Exercise ID: 127
INSERT INTO Exercise (id, title, description, link, equipment_id, training_type_id) VALUES (127, 'Barbell Shrug', 'Target: Traps', 'https://www.youtube.com/watch?v=NAqCVe2mwzM', 12, 2);
INSERT INTO exercise_muscle (exercise_id, muscle_id, intensity) VALUES (127, 9, 10);
INSERT INTO exercise_muscle (exercise_id, muscle_id, intensity) VALUES (127, 10, 7);

-- Exercise ID: 128
INSERT INTO Exercise (id, title, description, link, equipment_id, training_type_id) VALUES (128, 'Barbell Skull Crushers', 'Target: Triceps', 'https://www.youtube.com/watch?v=gTrlbuuMufQ', 12, 2);
INSERT INTO exercise_muscle (exercise_id, muscle_id, intensity) VALUES (128, 4, 10);

-- Exercise ID: 129
INSERT INTO Exercise (id, title, description, link, equipment_id, training_type_id) VALUES (129, 'Barbell Slideboard Reverse Lunge', 'Target: Glutes & Hamstrings', 'https://www.youtube.com/watch?v=L3ntiAhV3Zs', 12, 2);
INSERT INTO exercise_muscle (exercise_id, muscle_id, intensity) VALUES (129, 21, 10);
INSERT INTO exercise_muscle (exercise_id, muscle_id, intensity) VALUES (129, 22, 7);
INSERT INTO exercise_muscle (exercise_id, muscle_id, intensity) VALUES (129, 13, 4);

-- Exercise ID: 130
INSERT INTO Exercise (id, title, description, link, equipment_id, training_type_id) VALUES (130, 'Barbell Split Squat', 'Target: Quads & Glutes', 'https://www.youtube.com/watch?v=r1jukGZPnZI', 12, 2);
INSERT INTO exercise_muscle (exercise_id, muscle_id, intensity) VALUES (130, 13, 10);
INSERT INTO exercise_muscle (exercise_id, muscle_id, intensity) VALUES (130, 21, 7);
INSERT INTO exercise_muscle (exercise_id, muscle_id, intensity) VALUES (130, 22, 4);

-- Exercise ID: 131
INSERT INTO Exercise (id, title, description, link, equipment_id, training_type_id) VALUES (131, 'Barbell Spoto Bench Press', 'Target: Chest Strength & Control', 'https://www.youtube.com/watch?v=ydJEnuvvgNU', 12, 7);
INSERT INTO exercise_muscle (exercise_id, muscle_id, intensity) VALUES (131, 7, 10);
INSERT INTO exercise_muscle (exercise_id, muscle_id, intensity) VALUES (131, 4, 7);
INSERT INTO exercise_muscle (exercise_id, muscle_id, intensity) VALUES (131, 2, 4);

-- Exercise ID: 132
INSERT INTO Exercise (id, title, description, link, equipment_id, training_type_id) VALUES (132, 'Barbell Squat', 'Target: Full Lower Body', 'https://www.youtube.com/watch?v=gslEzVggur8', 12, 7);
INSERT INTO exercise_muscle (exercise_id, muscle_id, intensity) VALUES (132, 13, 10);
INSERT INTO exercise_muscle (exercise_id, muscle_id, intensity) VALUES (132, 21, 7);
INSERT INTO exercise_muscle (exercise_id, muscle_id, intensity) VALUES (132, 22, 4);

-- Exercise ID: 133
INSERT INTO Exercise (id, title, description, link, equipment_id, training_type_id) VALUES (133, 'Barbell Standing Lunge', 'Target: Quads & Glutes', 'https://www.youtube.com/watch?v=ci4rsmlOk24', 12, 2);
INSERT INTO exercise_muscle (exercise_id, muscle_id, intensity) VALUES (133, 13, 10);
INSERT INTO exercise_muscle (exercise_id, muscle_id, intensity) VALUES (133, 21, 7);
INSERT INTO exercise_muscle (exercise_id, muscle_id, intensity) VALUES (133, 22, 4);

-- Exercise ID: 134
INSERT INTO Exercise (id, title, description, link, equipment_id, training_type_id) VALUES (134, 'Barbell Standing Overhead Press', 'Target: Shoulders & Triceps', 'https://www.youtube.com/watch?v=2yjwXTZQDDI', 12, 7);
INSERT INTO exercise_muscle (exercise_id, muscle_id, intensity) VALUES (134, 2, 10);
INSERT INTO exercise_muscle (exercise_id, muscle_id, intensity) VALUES (134, 3, 7);
INSERT INTO exercise_muscle (exercise_id, muscle_id, intensity) VALUES (134, 4, 4);

-- Exercise ID: 135
INSERT INTO Exercise (id, title, description, link, equipment_id, training_type_id) VALUES (135, 'Barbell Standing Shoulder Press', 'Target: Shoulders & Triceps', 'https://www.youtube.com/watch?v=2yjwXTZQDDI', 12, 2);
INSERT INTO exercise_muscle (exercise_id, muscle_id, intensity) VALUES (135, 2, 10);
INSERT INTO exercise_muscle (exercise_id, muscle_id, intensity) VALUES (135, 3, 7);
INSERT INTO exercise_muscle (exercise_id, muscle_id, intensity) VALUES (135, 4, 4);

-- Exercise ID: 136
INSERT INTO Exercise (id, title, description, link, equipment_id, training_type_id) VALUES (136, 'Barbell Step Up', 'Target: Quads & Glutes', 'https://www.youtube.com/watch?v=860722r7v2E', 12, 2);
INSERT INTO exercise_muscle (exercise_id, muscle_id, intensity) VALUES (136, 13, 10);
INSERT INTO exercise_muscle (exercise_id, muscle_id, intensity) VALUES (136, 21, 7);

-- Exercise ID: 137
INSERT INTO Exercise (id, title, description, link, equipment_id, training_type_id) VALUES (137, 'Barbell Stiff Leg Deadlift', 'Target: Hamstrings & Lower Back', 'https://www.youtube.com/watch?v=q3mVYFBaLq4', 12, 2);
INSERT INTO exercise_muscle (exercise_id, muscle_id, intensity) VALUES (137, 22, 10);
INSERT INTO exercise_muscle (exercise_id, muscle_id, intensity) VALUES (137, 21, 7);
INSERT INTO exercise_muscle (exercise_id, muscle_id, intensity) VALUES (137, 20, 4);

-- Exercise ID: 138
INSERT INTO Exercise (id, title, description, link, equipment_id, training_type_id) VALUES (138, 'Barbell Stiff-Legged Deadlift', 'Target: Hamstrings & Lower Back', 'https://www.youtube.com/watch?v=q3mVYFBaLq4', 12, 2);
INSERT INTO exercise_muscle (exercise_id, muscle_id, intensity) VALUES (138, 22, 10);
INSERT INTO exercise_muscle (exercise_id, muscle_id, intensity) VALUES (138, 21, 7);
INSERT INTO exercise_muscle (exercise_id, muscle_id, intensity) VALUES (138, 20, 4);

-- Exercise ID: 139
INSERT INTO Exercise (id, title, description, link, equipment_id, training_type_id) VALUES (139, 'Barbell Sumo Deadlift', 'Target: Glutes, Adductors, Quads', 'https://www.youtube.com/watch?v=7gRCzkbCT24', 12, 7);
INSERT INTO exercise_muscle (exercise_id, muscle_id, intensity) VALUES (139, 21, 10);
INSERT INTO exercise_muscle (exercise_id, muscle_id, intensity) VALUES (139, 14, 7);
INSERT INTO exercise_muscle (exercise_id, muscle_id, intensity) VALUES (139, 13, 4);

-- Exercise ID: 140
INSERT INTO Exercise (id, title, description, link, equipment_id, training_type_id) VALUES (140, 'Barbell T-Bar Row', 'Target: Upper Back & Lats', 'https://www.youtube.com/watch?v=8c23NBbwLBc', 19, 2);
INSERT INTO exercise_muscle (exercise_id, muscle_id, intensity) VALUES (140, 18, 10);
INSERT INTO exercise_muscle (exercise_id, muscle_id, intensity) VALUES (140, 17, 7);
INSERT INTO exercise_muscle (exercise_id, muscle_id, intensity) VALUES (140, 8, 4);

-- Exercise ID: 141
INSERT INTO Exercise (id, title, description, link, equipment_id, training_type_id) VALUES (141, 'Barbell Tempo Bench Press', 'Target: Chest Hypertrophy', 'https://www.youtube.com/watch?v=IZX5bS5rPkk', 12, 2);
INSERT INTO exercise_muscle (exercise_id, muscle_id, intensity) VALUES (141, 7, 10);
INSERT INTO exercise_muscle (exercise_id, muscle_id, intensity) VALUES (141, 4, 7);
INSERT INTO exercise_muscle (exercise_id, muscle_id, intensity) VALUES (141, 2, 4);

-- Exercise ID: 142
INSERT INTO Exercise (id, title, description, link, equipment_id, training_type_id) VALUES (142, 'Barbell Touch n Go Bench Press', 'Target: Chest & Triceps', 'https://www.youtube.com/watch?v=Kg0N3nie2Xc', 12, 7);
INSERT INTO exercise_muscle (exercise_id, muscle_id, intensity) VALUES (142, 7, 10);
INSERT INTO exercise_muscle (exercise_id, muscle_id, intensity) VALUES (142, 4, 7);
INSERT INTO exercise_muscle (exercise_id, muscle_id, intensity) VALUES (142, 2, 4);

-- Exercise ID: 143
INSERT INTO Exercise (id, title, description, link, equipment_id, training_type_id) VALUES (143, 'Barbell Upright Row', 'Target: Shoulders & Traps', 'https://www.youtube.com/watch?v=vJ8x0Oz06gw', 12, 2);
INSERT INTO exercise_muscle (exercise_id, muscle_id, intensity) VALUES (143, 3, 10);
INSERT INTO exercise_muscle (exercise_id, muscle_id, intensity) VALUES (143, 9, 7);
INSERT INTO exercise_muscle (exercise_id, muscle_id, intensity) VALUES (143, 8, 4);

-- Exercise ID: 144
INSERT INTO Exercise (id, title, description, link, equipment_id, training_type_id) VALUES (144, 'Barbell Upright Row (Overhand)', 'Target: Shoulders & Traps', 'https://www.youtube.com/watch?v=vRn2-mX6wjI', 12, 2);
INSERT INTO exercise_muscle (exercise_id, muscle_id, intensity) VALUES (144, 3, 10);
INSERT INTO exercise_muscle (exercise_id, muscle_id, intensity) VALUES (144, 9, 7);
INSERT INTO exercise_muscle (exercise_id, muscle_id, intensity) VALUES (144, 8, 4);

-- Exercise ID: 145
INSERT INTO Exercise (id, title, description, link, equipment_id, training_type_id) VALUES (145, 'Barbell Walking Lunge', 'Target: Quads & Glutes', 'https://www.youtube.com/watch?v=r0DBxI9XiNM', 12, 2);
INSERT INTO exercise_muscle (exercise_id, muscle_id, intensity) VALUES (145, 13, 10);
INSERT INTO exercise_muscle (exercise_id, muscle_id, intensity) VALUES (145, 21, 7);
INSERT INTO exercise_muscle (exercise_id, muscle_id, intensity) VALUES (145, 22, 4);

-- Exercise ID: 146
INSERT INTO Exercise (id, title, description, link, equipment_id, training_type_id) VALUES (146, 'Barbell Wide-Grip Biceps Curl', 'Target: Biceps (short head)', 'https://www.youtube.com/watch?v=jnfveKq1i3E', 12, 2);
INSERT INTO exercise_muscle (exercise_id, muscle_id, intensity) VALUES (146, 8, 10);
INSERT INTO exercise_muscle (exercise_id, muscle_id, intensity) VALUES (146, 10, 7);

-- Exercise ID: 147
INSERT INTO Exercise (id, title, description, link, equipment_id, training_type_id) VALUES (147, 'Barbell Z Press', 'Target: Shoulders & Core Stability', 'https://www.youtube.com/watch?v=0fHdnBH9Gdo', 12, 2);
INSERT INTO exercise_muscle (exercise_id, muscle_id, intensity) VALUES (147, 2, 10);
INSERT INTO exercise_muscle (exercise_id, muscle_id, intensity) VALUES (147, 3, 7);
INSERT INTO exercise_muscle (exercise_id, muscle_id, intensity) VALUES (147, 11, 4);

-- Exercise ID: 148
INSERT INTO Exercise (id, title, description, link, equipment_id, training_type_id) VALUES (148, 'Battle Rope', 'Target: Full Body Conditioning', 'https://www.youtube.com/watch?v=658VcTBuovQ', 32, 10);
INSERT INTO exercise_muscle (exercise_id, muscle_id, intensity) VALUES (148, 10, 10);
INSERT INTO exercise_muscle (exercise_id, muscle_id, intensity) VALUES (148, 2, 7);
INSERT INTO exercise_muscle (exercise_id, muscle_id, intensity) VALUES (148, 11, 4);

-- Exercise ID: 149
INSERT INTO Exercise (id, title, description, link, equipment_id, training_type_id) VALUES (149, 'Bear Crawl', 'Target: Core, Shoulders, Quads', 'https://www.youtube.com/watch?v=Ee1BQNI6zN4', 2, 5);
INSERT INTO exercise_muscle (exercise_id, muscle_id, intensity) VALUES (149, 11, 10);
INSERT INTO exercise_muscle (exercise_id, muscle_id, intensity) VALUES (149, 13, 7);
INSERT INTO exercise_muscle (exercise_id, muscle_id, intensity) VALUES (149, 2, 4);

-- Exercise ID: 150
INSERT INTO Exercise (id, title, description, link, equipment_id, training_type_id) VALUES (150, 'Bear Knee Taps', 'Target: Core Stability', 'https://www.youtube.com/watch?v=R0s1lxjh2OM', 2, 5);
INSERT INTO exercise_muscle (exercise_id, muscle_id, intensity) VALUES (150, 11, 10);
INSERT INTO exercise_muscle (exercise_id, muscle_id, intensity) VALUES (150, 13, 7);
INSERT INTO exercise_muscle (exercise_id, muscle_id, intensity) VALUES (150, 12, 4);

-- Exercise ID: 151
INSERT INTO Exercise (id, title, description, link, equipment_id, training_type_id) VALUES (151, 'Bear Plank 360''s', 'Target: Core & Shoulder Stability', 'https://www.youtube.com/watch?v=ASThkQl4fWg', 2, 5);
INSERT INTO exercise_muscle (exercise_id, muscle_id, intensity) VALUES (151, 12, 10);
INSERT INTO exercise_muscle (exercise_id, muscle_id, intensity) VALUES (151, 11, 7);
INSERT INTO exercise_muscle (exercise_id, muscle_id, intensity) VALUES (151, 13, 4);

-- Exercise ID: 152
INSERT INTO Exercise (id, title, description, link, equipment_id, training_type_id) VALUES (152, 'Bear Plank Hip Abduction', 'Target: Glute Medius & Core', 'https://www.youtube.com/watch?v=eqEjbNIh8F4', 2, 5);
INSERT INTO exercise_muscle (exercise_id, muscle_id, intensity) VALUES (152, 15, 10);
INSERT INTO exercise_muscle (exercise_id, muscle_id, intensity) VALUES (152, 12, 7);
INSERT INTO exercise_muscle (exercise_id, muscle_id, intensity) VALUES (152, 21, 4);

-- Exercise ID: 153
INSERT INTO Exercise (id, title, description, link, equipment_id, training_type_id) VALUES (153, 'Belt Squat', 'Target: Quads & Glutes', 'https://www.youtube.com/watch?v=ydyqe7RzTkA', NULL, 2);
INSERT INTO exercise_muscle (exercise_id, muscle_id, intensity) VALUES (153, 13, 10);
INSERT INTO exercise_muscle (exercise_id, muscle_id, intensity) VALUES (153, 21, 7);
INSERT INTO exercise_muscle (exercise_id, muscle_id, intensity) VALUES (153, 14, 4);

-- Exercise ID: 154
INSERT INTO Exercise (id, title, description, link, equipment_id, training_type_id) VALUES (154, 'Bench Hops', 'Target: Lower Body Power', 'https://www.youtube.com/watch?v=9ODXwMo2Dzc', 9, 9);
INSERT INTO exercise_muscle (exercise_id, muscle_id, intensity) VALUES (154, 13, 10);
INSERT INTO exercise_muscle (exercise_id, muscle_id, intensity) VALUES (154, 6, 7);
INSERT INTO exercise_muscle (exercise_id, muscle_id, intensity) VALUES (154, 21, 4);

-- Exercise ID: 155
INSERT INTO Exercise (id, title, description, link, equipment_id, training_type_id) VALUES (155, 'Bench Lateral Stretch', 'Target: Lats & Obliques', 'https://www.youtube.com/watch?v=6Fc0u9xPkL8', 9, 8);
INSERT INTO exercise_muscle (exercise_id, muscle_id, intensity) VALUES (155, 17, 10);
INSERT INTO exercise_muscle (exercise_id, muscle_id, intensity) VALUES (155, 12, 7);

-- Exercise ID: 156
INSERT INTO Exercise (id, title, description, link, equipment_id, training_type_id) VALUES (156, 'Bench Push-ups', 'Target: Chest & Triceps', 'https://www.youtube.com/watch?v=5MhQS8nU-HU', 9, 4);
INSERT INTO exercise_muscle (exercise_id, muscle_id, intensity) VALUES (156, 7, 10);
INSERT INTO exercise_muscle (exercise_id, muscle_id, intensity) VALUES (156, 4, 7);
INSERT INTO exercise_muscle (exercise_id, muscle_id, intensity) VALUES (156, 2, 4);

-- Exercise ID: 157
INSERT INTO Exercise (id, title, description, link, equipment_id, training_type_id) VALUES (157, 'Bench Stretch', 'Target: Lats & Shoulders', 'https://www.youtube.com/watch?v=PMW9R3uZyxw', 9, 8);
INSERT INTO exercise_muscle (exercise_id, muscle_id, intensity) VALUES (157, 17, 10);
INSERT INTO exercise_muscle (exercise_id, muscle_id, intensity) VALUES (157, 7, 7);
INSERT INTO exercise_muscle (exercise_id, muscle_id, intensity) VALUES (157, 18, 4);

-- Exercise ID: 158
INSERT INTO Exercise (id, title, description, link, equipment_id, training_type_id) VALUES (158, 'Bent Knee Air Crunch', 'Target: Abs', 'https://www.youtube.com/watch?v=shT17pjkMaI', 2, 2);
INSERT INTO exercise_muscle (exercise_id, muscle_id, intensity) VALUES (158, 11, 10);

-- Exercise ID: 159
INSERT INTO Exercise (id, title, description, link, equipment_id, training_type_id) VALUES (159, 'Bent Knee Jack Knife', 'Target: Abs', 'https://www.youtube.com/watch?v=QMTsahie_98', 2, 2);
INSERT INTO exercise_muscle (exercise_id, muscle_id, intensity) VALUES (159, 11, 10);
INSERT INTO exercise_muscle (exercise_id, muscle_id, intensity) VALUES (159, 12, 7);

-- Exercise ID: 160
INSERT INTO Exercise (id, title, description, link, equipment_id, training_type_id) VALUES (160, 'Bent Knee Single Leg Lifts', 'Target: Lower Abs', 'https://www.youtube.com/watch?v=zo2pqw794B0', 2, 1);
INSERT INTO exercise_muscle (exercise_id, muscle_id, intensity) VALUES (160, 11, 10);
INSERT INTO exercise_muscle (exercise_id, muscle_id, intensity) VALUES (160, 13, 7);

-- Exercise ID: 161
INSERT INTO Exercise (id, title, description, link, equipment_id, training_type_id) VALUES (161, 'Bent Knee Sit Ups', 'Target: Abs', 'https://www.youtube.com/watch?v=eP8jUKP9RT8', 2, 2);
INSERT INTO exercise_muscle (exercise_id, muscle_id, intensity) VALUES (161, 11, 10);
INSERT INTO exercise_muscle (exercise_id, muscle_id, intensity) VALUES (161, 13, 7);

-- Exercise ID: 162
INSERT INTO Exercise (id, title, description, link, equipment_id, training_type_id) VALUES (162, 'Bent Knee V-Ups with Arms', 'Target: Abs & Obliques', 'https://www.youtube.com/watch?v=nfWQihJo-Mc', 2, 2);
INSERT INTO exercise_muscle (exercise_id, muscle_id, intensity) VALUES (162, 11, 10);
INSERT INTO exercise_muscle (exercise_id, muscle_id, intensity) VALUES (162, 12, 7);

-- Exercise ID: 163
INSERT INTO Exercise (id, title, description, link, equipment_id, training_type_id) VALUES (163, 'Bent Over Alternating Row', 'Target: Back, Lats & Biceps', 'https://www.youtube.com/watch?v=UKjQMYiQnS0', 6, 2);
INSERT INTO exercise_muscle (exercise_id, muscle_id, intensity) VALUES (163, 17, 10);
INSERT INTO exercise_muscle (exercise_id, muscle_id, intensity) VALUES (163, 18, 7);
INSERT INTO exercise_muscle (exercise_id, muscle_id, intensity) VALUES (163, 8, 4);

-- Exercise ID: 164
INSERT INTO Exercise (id, title, description, link, equipment_id, training_type_id) VALUES (164, 'Bent Over Barbell Row', 'Target: Back, Lats, Biceps', 'https://www.youtube.com/watch?v=Nqh7q3zDCoQ', 12, 2);
INSERT INTO exercise_muscle (exercise_id, muscle_id, intensity) VALUES (164, 17, 10);
INSERT INTO exercise_muscle (exercise_id, muscle_id, intensity) VALUES (164, 18, 7);
INSERT INTO exercise_muscle (exercise_id, muscle_id, intensity) VALUES (164, 8, 4);

-- Exercise ID: 165
INSERT INTO Exercise (id, title, description, link, equipment_id, training_type_id) VALUES (165, 'Bent Over Palm Up Row to Curl', 'Target: Biceps & Back', 'https://www.youtube.com/watch?v=gQvdAcH1j9Q', 6, 2);
INSERT INTO exercise_muscle (exercise_id, muscle_id, intensity) VALUES (165, 8, 10);
INSERT INTO exercise_muscle (exercise_id, muscle_id, intensity) VALUES (165, 17, 7);
INSERT INTO exercise_muscle (exercise_id, muscle_id, intensity) VALUES (165, 18, 4);

-- Exercise ID: 166
INSERT INTO Exercise (id, title, description, link, equipment_id, training_type_id) VALUES (166, 'Bent Over Plate Row', 'Target: Upper Back & Lats', 'https://www.youtube.com/watch?v=GV-5bHCEKEc', 22, 2);
INSERT INTO exercise_muscle (exercise_id, muscle_id, intensity) VALUES (166, 18, 10);
INSERT INTO exercise_muscle (exercise_id, muscle_id, intensity) VALUES (166, 17, 7);
INSERT INTO exercise_muscle (exercise_id, muscle_id, intensity) VALUES (166, 19, 4);

-- Exercise ID: 167
INSERT INTO Exercise (id, title, description, link, equipment_id, training_type_id) VALUES (167, 'Bent Over Pronated Grip (Overhand) Row', 'Target: Upper Back & Lats', 'https://www.youtube.com/watch?v=CU3AZYX0u2Q', 6, 2);
INSERT INTO exercise_muscle (exercise_id, muscle_id, intensity) VALUES (167, 18, 10);
INSERT INTO exercise_muscle (exercise_id, muscle_id, intensity) VALUES (167, 17, 7);
INSERT INTO exercise_muscle (exercise_id, muscle_id, intensity) VALUES (167, 8, 4);

-- Exercise ID: 168
INSERT INTO Exercise (id, title, description, link, equipment_id, training_type_id) VALUES (168, 'Bent Over Rear Delt Row', 'Target: Rear Delts & Upper Back', 'https://www.youtube.com/watch?v=2S9juCSwxWw', 6, 2);
INSERT INTO exercise_muscle (exercise_id, muscle_id, intensity) VALUES (168, 19, 10);
INSERT INTO exercise_muscle (exercise_id, muscle_id, intensity) VALUES (168, 18, 7);

-- Exercise ID: 169
INSERT INTO Exercise (id, title, description, link, equipment_id, training_type_id) VALUES (169, 'Bent Over Reverse Fly', 'Target: Rear Delts & Upper Back', 'https://www.youtube.com/watch?v=YVQaCafbGOo', 6, 2);
INSERT INTO exercise_muscle (exercise_id, muscle_id, intensity) VALUES (169, 19, 10);
INSERT INTO exercise_muscle (exercise_id, muscle_id, intensity) VALUES (169, 18, 7);

-- Exercise ID: 170
INSERT INTO Exercise (id, title, description, link, equipment_id, training_type_id) VALUES (170, 'Bent Over Reverse Flyes', 'Target: Rear Delts & Upper Back', 'https://www.youtube.com/watch?v=YVQaCafbGOo', 6, 2);
INSERT INTO exercise_muscle (exercise_id, muscle_id, intensity) VALUES (170, 19, 10);
INSERT INTO exercise_muscle (exercise_id, muscle_id, intensity) VALUES (170, 18, 7);

-- Exercise ID: 171
INSERT INTO Exercise (id, title, description, link, equipment_id, training_type_id) VALUES (171, 'Bent Over Row to Bicep Curl', 'Target: Back & Biceps', 'https://www.youtube.com/watch?v=gQvdAcH1j9Q', 6, 2);
INSERT INTO exercise_muscle (exercise_id, muscle_id, intensity) VALUES (171, 17, 10);
INSERT INTO exercise_muscle (exercise_id, muscle_id, intensity) VALUES (171, 8, 7);
INSERT INTO exercise_muscle (exercise_id, muscle_id, intensity) VALUES (171, 18, 4);

-- Exercise ID: 172
INSERT INTO Exercise (id, title, description, link, equipment_id, training_type_id) VALUES (172, 'Bent Over Row to Overhead Press', 'Target: Back & Shoulders', 'https://www.youtube.com/watch?v=pq4ars8_E3Q', 6, 2);
INSERT INTO exercise_muscle (exercise_id, muscle_id, intensity) VALUES (172, 17, 10);
INSERT INTO exercise_muscle (exercise_id, muscle_id, intensity) VALUES (172, 2, 7);
INSERT INTO exercise_muscle (exercise_id, muscle_id, intensity) VALUES (172, 18, 4);

-- Exercise ID: 173
INSERT INTO Exercise (id, title, description, link, equipment_id, training_type_id) VALUES (173, 'Bent Over Tempo Rows', 'Target: Lats & Back', 'https://www.youtube.com/watch?v=yQ3Q-lSdR6o', 6, 2);
INSERT INTO exercise_muscle (exercise_id, muscle_id, intensity) VALUES (173, 17, 10);
INSERT INTO exercise_muscle (exercise_id, muscle_id, intensity) VALUES (173, 18, 7);
INSERT INTO exercise_muscle (exercise_id, muscle_id, intensity) VALUES (173, 8, 4);

-- Exercise ID: 174
INSERT INTO Exercise (id, title, description, link, equipment_id, training_type_id) VALUES (174, 'Bent-Knee Hamstring Dynamic', 'Target: Hamstring Mobility', 'https://www.youtube.com/watch?v=f0lBxfbZO3c', 2, 8);
INSERT INTO exercise_muscle (exercise_id, muscle_id, intensity) VALUES (174, 22, 10);

-- Exercise ID: 175
INSERT INTO Exercise (id, title, description, link, equipment_id, training_type_id) VALUES (175, 'Bent-Knee Jackknives', 'Target: Abs & Obliques', 'https://www.youtube.com/watch?v=zg_xPBbmXiw', 2, 2);
INSERT INTO exercise_muscle (exercise_id, muscle_id, intensity) VALUES (175, 11, 10);
INSERT INTO exercise_muscle (exercise_id, muscle_id, intensity) VALUES (175, 12, 7);

-- Exercise ID: 176
INSERT INTO Exercise (id, title, description, link, equipment_id, training_type_id) VALUES (176, 'Bent-Over Dumbbell Row', 'Target: Back, Lats, Biceps', 'https://www.youtube.com/watch?v=knB5Q4FN4ck', 6, 2);
INSERT INTO exercise_muscle (exercise_id, muscle_id, intensity) VALUES (176, 17, 10);
INSERT INTO exercise_muscle (exercise_id, muscle_id, intensity) VALUES (176, 18, 7);
INSERT INTO exercise_muscle (exercise_id, muscle_id, intensity) VALUES (176, 8, 4);

-- Exercise ID: 177
INSERT INTO Exercise (id, title, description, link, equipment_id, training_type_id) VALUES (177, 'Bicep Curl', 'Target: Biceps', 'https://www.youtube.com/watch?v=ykJmrZ5v0Oo', 6, 2);
INSERT INTO exercise_muscle (exercise_id, muscle_id, intensity) VALUES (177, 8, 10);
INSERT INTO exercise_muscle (exercise_id, muscle_id, intensity) VALUES (177, 10, 7);

-- Exercise ID: 178
INSERT INTO Exercise (id, title, description, link, equipment_id, training_type_id) VALUES (178, 'Bicycle Crunch', 'Target: Obliques & Abs', 'https://www.youtube.com/watch?v=1we3bh9uhqY', 2, 2);
INSERT INTO exercise_muscle (exercise_id, muscle_id, intensity) VALUES (178, 12, 10);
INSERT INTO exercise_muscle (exercise_id, muscle_id, intensity) VALUES (178, 11, 7);

-- Exercise ID: 179
INSERT INTO Exercise (id, title, description, link, equipment_id, training_type_id) VALUES (179, 'Bird Dog', 'Target: Core Stability', 'https://www.youtube.com/watch?v=wiFNA3sqjCA', 2, 1);
INSERT INTO exercise_muscle (exercise_id, muscle_id, intensity) VALUES (179, 11, 10);
INSERT INTO exercise_muscle (exercise_id, muscle_id, intensity) VALUES (179, 20, 7);
INSERT INTO exercise_muscle (exercise_id, muscle_id, intensity) VALUES (179, 21, 4);

-- Exercise ID: 180
INSERT INTO Exercise (id, title, description, link, equipment_id, training_type_id) VALUES (180, 'Body Weight Ab Crunch', 'Target: Abs', 'https://www.youtube.com/watch?v=z6LRile4YiE', 2, 2);
INSERT INTO exercise_muscle (exercise_id, muscle_id, intensity) VALUES (180, 11, 10);

-- Exercise ID: 181
INSERT INTO Exercise (id, title, description, link, equipment_id, training_type_id) VALUES (181, 'Body Weight Back Extension', 'Target: Lower Back & Glutes', 'https://www.youtube.com/watch?v=H8Swl1N-uis', 2, 2);
INSERT INTO exercise_muscle (exercise_id, muscle_id, intensity) VALUES (181, 20, 10);
INSERT INTO exercise_muscle (exercise_id, muscle_id, intensity) VALUES (181, 21, 7);
INSERT INTO exercise_muscle (exercise_id, muscle_id, intensity) VALUES (181, 22, 4);

-- Exercise ID: 182
INSERT INTO Exercise (id, title, description, link, equipment_id, training_type_id) VALUES (182, 'Body Weight Bench Dip', 'Target: Triceps', 'https://www.youtube.com/watch?v=0326dy_-CzM', 9, 4);
INSERT INTO exercise_muscle (exercise_id, muscle_id, intensity) VALUES (182, 4, 10);
INSERT INTO exercise_muscle (exercise_id, muscle_id, intensity) VALUES (182, 7, 7);
INSERT INTO exercise_muscle (exercise_id, muscle_id, intensity) VALUES (182, 2, 4);

-- Exercise ID: 183
INSERT INTO Exercise (id, title, description, link, equipment_id, training_type_id) VALUES (183, 'Body Weight Bulgarian Split-Squat', 'Target: Quads & Glutes', 'https://www.youtube.com/watch?v=aSJbKnDRIiQ', 2, 4);
INSERT INTO exercise_muscle (exercise_id, muscle_id, intensity) VALUES (183, 13, 10);
INSERT INTO exercise_muscle (exercise_id, muscle_id, intensity) VALUES (183, 21, 7);

-- Exercise ID: 184
INSERT INTO Exercise (id, title, description, link, equipment_id, training_type_id) VALUES (184, 'Body Weight Pike Push-Up', 'Target: Shoulders & Triceps', 'https://www.youtube.com/shorts/0cT6ug3WVn4', 2, 4);
INSERT INTO exercise_muscle (exercise_id, muscle_id, intensity) VALUES (184, 2, 10);
INSERT INTO exercise_muscle (exercise_id, muscle_id, intensity) VALUES (184, 4, 7);
INSERT INTO exercise_muscle (exercise_id, muscle_id, intensity) VALUES (184, 7, 4);

-- Exercise ID: 185
INSERT INTO Exercise (id, title, description, link, equipment_id, training_type_id) VALUES (185, 'Body Weight Pistol Squat', 'Target: Quads, Glutes & Balance', 'https://www.youtube.com/watch?v=T2ZIdwvsq1w', 2, 4);
INSERT INTO exercise_muscle (exercise_id, muscle_id, intensity) VALUES (185, 13, 10);
INSERT INTO exercise_muscle (exercise_id, muscle_id, intensity) VALUES (185, 21, 7);
INSERT INTO exercise_muscle (exercise_id, muscle_id, intensity) VALUES (185, 22, 4);

-- Exercise ID: 186
INSERT INTO Exercise (id, title, description, link, equipment_id, training_type_id) VALUES (186, 'Body Weight Plank', 'Target: Core', 'https://www.youtube.com/watch?v=OOi3tmzUzJo', 2, 1);
INSERT INTO exercise_muscle (exercise_id, muscle_id, intensity) VALUES (186, 11, 10);
INSERT INTO exercise_muscle (exercise_id, muscle_id, intensity) VALUES (186, 12, 7);

-- Exercise ID: 187
INSERT INTO Exercise (id, title, description, link, equipment_id, training_type_id) VALUES (187, 'Body Weight Pull-Up', 'Target: Lats & Back', 'https://www.youtube.com/watch?v=XUkb6H9ddiQ', 16, 4);
INSERT INTO exercise_muscle (exercise_id, muscle_id, intensity) VALUES (187, 17, 10);
INSERT INTO exercise_muscle (exercise_id, muscle_id, intensity) VALUES (187, 18, 7);
INSERT INTO exercise_muscle (exercise_id, muscle_id, intensity) VALUES (187, 8, 4);

-- Exercise ID: 188
INSERT INTO Exercise (id, title, description, link, equipment_id, training_type_id) VALUES (188, 'Body Weight Squat', 'Target: Quads & Glutes', 'https://www.youtube.com/watch?v=X8DnpBl7Hwk', 2, 4);
INSERT INTO exercise_muscle (exercise_id, muscle_id, intensity) VALUES (188, 13, 10);
INSERT INTO exercise_muscle (exercise_id, muscle_id, intensity) VALUES (188, 21, 7);
INSERT INTO exercise_muscle (exercise_id, muscle_id, intensity) VALUES (188, 22, 4);

-- Exercise ID: 189
INSERT INTO Exercise (id, title, description, link, equipment_id, training_type_id) VALUES (189, 'Body Weight Standing Lunge', 'Target: Quads & Glutes', 'https://www.youtube.com/watch?v=3XDriUn0udo', 2, 4);
INSERT INTO exercise_muscle (exercise_id, muscle_id, intensity) VALUES (189, 13, 10);
INSERT INTO exercise_muscle (exercise_id, muscle_id, intensity) VALUES (189, 21, 7);

-- Exercise ID: 190
INSERT INTO Exercise (id, title, description, link, equipment_id, training_type_id) VALUES (190, 'Body Weight Step Up', 'Target: Quads & Glutes', 'https://www.youtube.com/watch?v=WCFCdxzFBa4', 27, 4);
INSERT INTO exercise_muscle (exercise_id, muscle_id, intensity) VALUES (190, 13, 10);
INSERT INTO exercise_muscle (exercise_id, muscle_id, intensity) VALUES (190, 21, 7);

-- Exercise ID: 191
INSERT INTO Exercise (id, title, description, link, equipment_id, training_type_id) VALUES (191, 'Body Weight Walking Lunge', 'Target: Quads & Glutes', 'https://www.youtube.com/watch?v=YpKz7GDOgXg', 2, 4);
INSERT INTO exercise_muscle (exercise_id, muscle_id, intensity) VALUES (191, 13, 10);
INSERT INTO exercise_muscle (exercise_id, muscle_id, intensity) VALUES (191, 21, 7);

-- Exercise ID: 192
INSERT INTO Exercise (id, title, description, link, equipment_id, training_type_id) VALUES (192, 'Bodyweight Bulgarian Split Squat', 'Target: Quads & Glutes', 'https://www.youtube.com/watch?v=uODWo4YqbT8', 2, 4);
INSERT INTO exercise_muscle (exercise_id, muscle_id, intensity) VALUES (192, 13, 10);
INSERT INTO exercise_muscle (exercise_id, muscle_id, intensity) VALUES (192, 21, 7);

-- Exercise ID: 193
INSERT INTO Exercise (id, title, description, link, equipment_id, training_type_id) VALUES (193, 'Bodyweight Cross-Over Step-Up', 'Target: Glutes & Adductors', 'https://www.youtube.com/watch?v=2u-8FNBy6Ik', 27, 2);
INSERT INTO exercise_muscle (exercise_id, muscle_id, intensity) VALUES (193, 21, 10);
INSERT INTO exercise_muscle (exercise_id, muscle_id, intensity) VALUES (193, 14, 7);
INSERT INTO exercise_muscle (exercise_id, muscle_id, intensity) VALUES (193, 15, 4);

-- Exercise ID: 194
INSERT INTO Exercise (id, title, description, link, equipment_id, training_type_id) VALUES (194, 'Bodyweight Get-Up', 'Target: Full Body Coordination & Core', 'https://www.youtube.com/watch?v=KJVa28Rd6HA', 2, 8);
INSERT INTO exercise_muscle (exercise_id, muscle_id, intensity) VALUES (194, 11, 10);
INSERT INTO exercise_muscle (exercise_id, muscle_id, intensity) VALUES (194, 13, 7);
INSERT INTO exercise_muscle (exercise_id, muscle_id, intensity) VALUES (194, 2, 4);

-- Exercise ID: 195
INSERT INTO Exercise (id, title, description, link, equipment_id, training_type_id) VALUES (195, 'Bodyweight Lateral Lunge With Assistance', 'Target: Adductor Mobility', 'https://www.youtube.com/watch?v=t8BrYuUVQl0', 11, 8);
INSERT INTO exercise_muscle (exercise_id, muscle_id, intensity) VALUES (195, 14, 10);
INSERT INTO exercise_muscle (exercise_id, muscle_id, intensity) VALUES (195, 21, 7);
INSERT INTO exercise_muscle (exercise_id, muscle_id, intensity) VALUES (195, 13, 4);

-- Exercise ID: 196
INSERT INTO Exercise (id, title, description, link, equipment_id, training_type_id) VALUES (196, 'Bodyweight Lateral Squat', 'Target: Adductors & Glutes', 'https://www.youtube.com/watch?v=0lLIWWSmMm4', 2, 8);
INSERT INTO exercise_muscle (exercise_id, muscle_id, intensity) VALUES (196, 14, 10);
INSERT INTO exercise_muscle (exercise_id, muscle_id, intensity) VALUES (196, 21, 7);
INSERT INTO exercise_muscle (exercise_id, muscle_id, intensity) VALUES (196, 13, 4);

-- Exercise ID: 197
INSERT INTO Exercise (id, title, description, link, equipment_id, training_type_id) VALUES (197, 'Bodyweight Reverse Lunge With Blocked Knee', 'Target: Quads & Glute Stability', 'https://www.youtube.com/watch?v=jrYAwn2lpFI', 2, 1);
INSERT INTO exercise_muscle (exercise_id, muscle_id, intensity) VALUES (197, 13, 10);
INSERT INTO exercise_muscle (exercise_id, muscle_id, intensity) VALUES (197, 21, 7);
INSERT INTO exercise_muscle (exercise_id, muscle_id, intensity) VALUES (197, 22, 4);

-- Exercise ID: 198
INSERT INTO Exercise (id, title, description, link, equipment_id, training_type_id) VALUES (198, 'Bodyweight Side Steps', 'Target: Abductors & Glutes', 'https://www.youtube.com/watch?v=v7vqOK3VFvI', 2, 8);
INSERT INTO exercise_muscle (exercise_id, muscle_id, intensity) VALUES (198, 15, 10);
INSERT INTO exercise_muscle (exercise_id, muscle_id, intensity) VALUES (198, 21, 7);

-- Exercise ID: 199
INSERT INTO Exercise (id, title, description, link, equipment_id, training_type_id) VALUES (199, 'Bodyweight Split Squats', 'Target: Quads & Glutes', 'https://www.youtube.com/watch?v=vvZHaPGOIWU', 2, 4);
INSERT INTO exercise_muscle (exercise_id, muscle_id, intensity) VALUES (199, 13, 10);
INSERT INTO exercise_muscle (exercise_id, muscle_id, intensity) VALUES (199, 21, 7);

-- Exercise ID: 200
INSERT INTO Exercise (id, title, description, link, equipment_id, training_type_id) VALUES (200, 'Bodyweight Squat Thrust', 'Target: Full Body', 'https://www.youtube.com/watch?v=fysU2ldlXSY', 2, 9);
INSERT INTO exercise_muscle (exercise_id, muscle_id, intensity) VALUES (200, 13, 10);
INSERT INTO exercise_muscle (exercise_id, muscle_id, intensity) VALUES (200, 11, 7);
INSERT INTO exercise_muscle (exercise_id, muscle_id, intensity) VALUES (200, 7, 4);

-- Exercise ID: 201
INSERT INTO Exercise (id, title, description, link, equipment_id, training_type_id) VALUES (201, 'Bodyweight Squat to Box', 'Target: Quads & Glutes', 'https://www.youtube.com/watch?v=70vh8vN40c4', 27, 4);
INSERT INTO exercise_muscle (exercise_id, muscle_id, intensity) VALUES (201, 13, 10);
INSERT INTO exercise_muscle (exercise_id, muscle_id, intensity) VALUES (201, 21, 7);
INSERT INTO exercise_muscle (exercise_id, muscle_id, intensity) VALUES (201, 22, 4);

-- Exercise ID: 202
INSERT INTO Exercise (id, title, description, link, equipment_id, training_type_id) VALUES (202, 'Bodyweight Step-Up', 'Target: Quads & Glutes', 'https://www.youtube.com/watch?v=1jzIPebeINM', 27, 4);
INSERT INTO exercise_muscle (exercise_id, muscle_id, intensity) VALUES (202, 13, 10);
INSERT INTO exercise_muscle (exercise_id, muscle_id, intensity) VALUES (202, 21, 7);

-- Exercise ID: 203
INSERT INTO Exercise (id, title, description, link, equipment_id, training_type_id) VALUES (203, 'Bodyweight Tibialis Raise', 'Target: Tibialis Anterior', 'https://www.youtube.com/watch?v=RXC7tE6IQcc', 2, 1);
INSERT INTO exercise_muscle (exercise_id, muscle_id, intensity) VALUES (203, 5, 10);

-- Exercise ID: 204
INSERT INTO Exercise (id, title, description, link, equipment_id, training_type_id) VALUES (204, 'Bowler Squat', 'Target: Glutes, Quads, Balance', 'https://www.youtube.com/watch?v=zb2ftRZ-GiQ', 2, 12);
INSERT INTO exercise_muscle (exercise_id, muscle_id, intensity) VALUES (204, 21, 10);
INSERT INTO exercise_muscle (exercise_id, muscle_id, intensity) VALUES (204, 13, 7);
INSERT INTO exercise_muscle (exercise_id, muscle_id, intensity) VALUES (204, 22, 4);

-- Exercise ID: 205
INSERT INTO Exercise (id, title, description, link, equipment_id, training_type_id) VALUES (205, 'Box Jumps', 'Target: Lower Body Power', 'https://www.youtube.com/watch?v=NBY9-kTuHEk', 27, 9);
INSERT INTO exercise_muscle (exercise_id, muscle_id, intensity) VALUES (205, 13, 10);
INSERT INTO exercise_muscle (exercise_id, muscle_id, intensity) VALUES (205, 21, 7);
INSERT INTO exercise_muscle (exercise_id, muscle_id, intensity) VALUES (205, 6, 4);

-- Exercise ID: 206
INSERT INTO Exercise (id, title, description, link, equipment_id, training_type_id) VALUES (206, 'Box Squats', 'Target: Posterior Chain', 'https://www.youtube.com/watch?v=rRihE4weYg4', 27, 7);
INSERT INTO exercise_muscle (exercise_id, muscle_id, intensity) VALUES (206, 21, 10);
INSERT INTO exercise_muscle (exercise_id, muscle_id, intensity) VALUES (206, 22, 7);
INSERT INTO exercise_muscle (exercise_id, muscle_id, intensity) VALUES (206, 13, 4);

-- Exercise ID: 207
INSERT INTO Exercise (id, title, description, link, equipment_id, training_type_id) VALUES (207, 'Box/Tuck Jump', 'Target: Lower Body Power', 'https://www.youtube.com/watch?v=MdlpB3LEBVI', 27, 9);
INSERT INTO exercise_muscle (exercise_id, muscle_id, intensity) VALUES (207, 13, 10);
INSERT INTO exercise_muscle (exercise_id, muscle_id, intensity) VALUES (207, 21, 7);
INSERT INTO exercise_muscle (exercise_id, muscle_id, intensity) VALUES (207, 11, 4);

-- Exercise ID: 208
INSERT INTO Exercise (id, title, description, link, equipment_id, training_type_id) VALUES (208, 'Broad Jump', 'Target: Explosive Lower Body', 'https://www.youtube.com/watch?v=uhz-ia-2UcM', 2, 9);
INSERT INTO exercise_muscle (exercise_id, muscle_id, intensity) VALUES (208, 13, 10);
INSERT INTO exercise_muscle (exercise_id, muscle_id, intensity) VALUES (208, 21, 7);
INSERT INTO exercise_muscle (exercise_id, muscle_id, intensity) VALUES (208, 22, 4);

-- Exercise ID: 209
INSERT INTO Exercise (id, title, description, link, equipment_id, training_type_id) VALUES (209, 'Broad Jump, Hustle Back', 'Target: Conditioning & Power', 'https://www.youtube.com/watch?v=w3KaX9dBCfQ', 2, 9);
INSERT INTO exercise_muscle (exercise_id, muscle_id, intensity) VALUES (209, 13, 10);
INSERT INTO exercise_muscle (exercise_id, muscle_id, intensity) VALUES (209, 21, 7);
INSERT INTO exercise_muscle (exercise_id, muscle_id, intensity) VALUES (209, 6, 4);

-- Exercise ID: 210
INSERT INTO Exercise (id, title, description, link, equipment_id, training_type_id) VALUES (210, 'Bulgarian Lunge', 'Target: Quads & Glutes', 'https://www.youtube.com/watch?v=HBYGeyb4sSM', 9, 2);
INSERT INTO exercise_muscle (exercise_id, muscle_id, intensity) VALUES (210, 13, 10);
INSERT INTO exercise_muscle (exercise_id, muscle_id, intensity) VALUES (210, 21, 7);

-- Exercise ID: 211
INSERT INTO Exercise (id, title, description, link, equipment_id, training_type_id) VALUES (211, 'Bulgarian Split Squat', 'Target: Quads & Glutes', 'https://www.youtube.com/watch?v=hPlKPjohFS0', 9, 2);
INSERT INTO exercise_muscle (exercise_id, muscle_id, intensity) VALUES (211, 13, 10);
INSERT INTO exercise_muscle (exercise_id, muscle_id, intensity) VALUES (211, 21, 7);

-- Exercise ID: 212
INSERT INTO Exercise (id, title, description, link, equipment_id, training_type_id) VALUES (212, 'Bulgarian Squat', 'Target: Quads & Glutes', 'https://www.youtube.com/shorts/wtGCCaPg5gE', 9, 2);
INSERT INTO exercise_muscle (exercise_id, muscle_id, intensity) VALUES (212, 13, 10);
INSERT INTO exercise_muscle (exercise_id, muscle_id, intensity) VALUES (212, 21, 7);

-- Exercise ID: 213
INSERT INTO Exercise (id, title, description, link, equipment_id, training_type_id) VALUES (213, 'Bulgarian Squat w/ Tempo', 'Target: Hypertrophy for Quads & Glutes', 'https://www.youtube.com/shorts/F810QU8BnZA', 9, 2);
INSERT INTO exercise_muscle (exercise_id, muscle_id, intensity) VALUES (213, 13, 10);
INSERT INTO exercise_muscle (exercise_id, muscle_id, intensity) VALUES (213, 21, 7);

-- Exercise ID: 214
INSERT INTO Exercise (id, title, description, link, equipment_id, training_type_id) VALUES (214, 'Burpee', 'Target: Full Body Conditioning', 'https://www.youtube.com/watch?v=auBLPXO8Fww', 2, 9);
INSERT INTO exercise_muscle (exercise_id, muscle_id, intensity) VALUES (214, 13, 10);
INSERT INTO exercise_muscle (exercise_id, muscle_id, intensity) VALUES (214, 7, 7);
INSERT INTO exercise_muscle (exercise_id, muscle_id, intensity) VALUES (214, 11, 4);

-- Exercise ID: 215
INSERT INTO Exercise (id, title, description, link, equipment_id, training_type_id) VALUES (215, 'Burpee Plank Jack to Jump Jack', 'Target: Full Body Conditioning', 'https://www.youtube.com/shorts/dN63yXNfgKY', 2, 9);
INSERT INTO exercise_muscle (exercise_id, muscle_id, intensity) VALUES (215, 11, 10);
INSERT INTO exercise_muscle (exercise_id, muscle_id, intensity) VALUES (215, 13, 7);
INSERT INTO exercise_muscle (exercise_id, muscle_id, intensity) VALUES (215, 15, 4);

-- Exercise ID: 216
INSERT INTO Exercise (id, title, description, link, equipment_id, training_type_id) VALUES (216, 'Burpee Push-Up to Break Dancer', 'Target: Full Body Coordination', 'https://www.youtube.com/shorts/qNQfmbHvFHk', 2, 4);
INSERT INTO exercise_muscle (exercise_id, muscle_id, intensity) VALUES (216, 12, 10);
INSERT INTO exercise_muscle (exercise_id, muscle_id, intensity) VALUES (216, 7, 7);
INSERT INTO exercise_muscle (exercise_id, muscle_id, intensity) VALUES (216, 13, 4);

-- Exercise ID: 217
INSERT INTO Exercise (id, title, description, link, equipment_id, training_type_id) VALUES (217, 'Burpee Push-Ups', 'Target: Full Body Conditioning', 'https://www.youtube.com/watch?v=Qe9aeEfgQTM', 2, 9);
INSERT INTO exercise_muscle (exercise_id, muscle_id, intensity) VALUES (217, 7, 10);
INSERT INTO exercise_muscle (exercise_id, muscle_id, intensity) VALUES (217, 13, 7);
INSERT INTO exercise_muscle (exercise_id, muscle_id, intensity) VALUES (217, 11, 4);

-- Exercise ID: 218
INSERT INTO Exercise (id, title, description, link, equipment_id, training_type_id) VALUES (218, 'Burpee to Jump Lunge', 'Target: Full Body Power', 'https://www.youtube.com/watch?v=igd9QiZvEMo', 2, 9);
INSERT INTO exercise_muscle (exercise_id, muscle_id, intensity) VALUES (218, 13, 10);
INSERT INTO exercise_muscle (exercise_id, muscle_id, intensity) VALUES (218, 21, 7);
INSERT INTO exercise_muscle (exercise_id, muscle_id, intensity) VALUES (218, 7, 4);

-- Exercise ID: 219
INSERT INTO Exercise (id, title, description, link, equipment_id, training_type_id) VALUES (219, 'Burpee Without Pushup', 'Target: Conditioning', 'https://www.youtube.com/watch?v=HfV1UBKzQTo', 2, 9);
INSERT INTO exercise_muscle (exercise_id, muscle_id, intensity) VALUES (219, 13, 10);
INSERT INTO exercise_muscle (exercise_id, muscle_id, intensity) VALUES (219, 21, 7);
INSERT INTO exercise_muscle (exercise_id, muscle_id, intensity) VALUES (219, 11, 4);

-- Exercise ID: 220
INSERT INTO Exercise (id, title, description, link, equipment_id, training_type_id) VALUES (220, 'Burpees', 'Target: Full Body Conditioning', 'https://www.youtube.com/watch?v=auBLPXO8Fww', 2, 9);
INSERT INTO exercise_muscle (exercise_id, muscle_id, intensity) VALUES (220, 13, 10);
INSERT INTO exercise_muscle (exercise_id, muscle_id, intensity) VALUES (220, 7, 7);
INSERT INTO exercise_muscle (exercise_id, muscle_id, intensity) VALUES (220, 11, 4);

-- Exercise ID: 221
INSERT INTO Exercise (id, title, description, link, equipment_id, training_type_id) VALUES (221, 'Butt Kicks', 'Target: Hamstring Dynamic Stretch', 'https://www.youtube.com/watch?v=JsxQNiaX43g', 2, 8);
INSERT INTO exercise_muscle (exercise_id, muscle_id, intensity) VALUES (221, 22, 10);
INSERT INTO exercise_muscle (exercise_id, muscle_id, intensity) VALUES (221, 13, 7);

-- Exercise ID: 222
INSERT INTO Exercise (id, title, description, link, equipment_id, training_type_id) VALUES (222, 'Butterfly and Spinal Twist', 'Target: Adductor & Spine Mobility', 'https://www.youtube.com/watch?v=orflHFw3icE', 2, 8);
INSERT INTO exercise_muscle (exercise_id, muscle_id, intensity) VALUES (222, 14, 10);
INSERT INTO exercise_muscle (exercise_id, muscle_id, intensity) VALUES (222, 20, 7);
INSERT INTO exercise_muscle (exercise_id, muscle_id, intensity) VALUES (222, 12, 4);

-- Exercise ID: 223
INSERT INTO Exercise (id, title, description, link, equipment_id, training_type_id) VALUES (223, 'Butterfly Crunches', 'Target: Abs & Adductors', 'https://www.youtube.com/watch?v=Y8FaGgeTvoQ', 2, 2);
INSERT INTO exercise_muscle (exercise_id, muscle_id, intensity) VALUES (223, 11, 10);
INSERT INTO exercise_muscle (exercise_id, muscle_id, intensity) VALUES (223, 14, 7);

-- Exercise ID: 224
INSERT INTO Exercise (id, title, description, link, equipment_id, training_type_id) VALUES (224, 'Butterfly Kicks', 'Target: Lower Abs', 'https://www.youtube.com/watch?v=es9UHMkVv5k', 2, 2);
INSERT INTO exercise_muscle (exercise_id, muscle_id, intensity) VALUES (224, 11, 10);
INSERT INTO exercise_muscle (exercise_id, muscle_id, intensity) VALUES (224, 13, 7);

-- Exercise ID: 225
INSERT INTO Exercise (id, title, description, link, equipment_id, training_type_id) VALUES (225, 'Butterfly Sit Up', 'Target: Abs & Hip Flexors', 'https://www.youtube.com/watch?v=5VbyA9P2eLc', 2, 2);
INSERT INTO exercise_muscle (exercise_id, muscle_id, intensity) VALUES (225, 11, 10);
INSERT INTO exercise_muscle (exercise_id, muscle_id, intensity) VALUES (225, 14, 7);
INSERT INTO exercise_muscle (exercise_id, muscle_id, intensity) VALUES (225, 13, 4);

-- Exercise ID: 226
INSERT INTO Exercise (id, title, description, link, equipment_id, training_type_id) VALUES (226, 'Butterfly Stretch', 'Target: Adductor Stretch', 'https://www.youtube.com/watch?v=4J7kbCmPScQ', 2, 8);
INSERT INTO exercise_muscle (exercise_id, muscle_id, intensity) VALUES (226, 14, 10);
INSERT INTO exercise_muscle (exercise_id, muscle_id, intensity) VALUES (226, 20, 7);

-- Exercise ID: 227
INSERT INTO Exercise (id, title, description, link, equipment_id, training_type_id) VALUES (227, 'Cable Abduction', 'Target: Glute Medius/Abductors', 'https://www.youtube.com/watch?v=EHq78mQYLbI', 8, 2);
INSERT INTO exercise_muscle (exercise_id, muscle_id, intensity) VALUES (227, 15, 10);
INSERT INTO exercise_muscle (exercise_id, muscle_id, intensity) VALUES (227, 21, 7);

-- Exercise ID: 228
INSERT INTO Exercise (id, title, description, link, equipment_id, training_type_id) VALUES (228, 'Cable Bar Biceps Curl', 'Target: Biceps', 'https://www.youtube.com/watch?v=NFzTWp2qpiE', 8, 2);
INSERT INTO exercise_muscle (exercise_id, muscle_id, intensity) VALUES (228, 8, 10);
INSERT INTO exercise_muscle (exercise_id, muscle_id, intensity) VALUES (228, 10, 7);

-- Exercise ID: 229
INSERT INTO Exercise (id, title, description, link, equipment_id, training_type_id) VALUES (229, 'Cable Behind the Neck Lat Pulldown', 'Target: Lats & Upper Back', 'https://www.youtube.com/watch?v=5I_ejzeq9m0', 8, 2);
INSERT INTO exercise_muscle (exercise_id, muscle_id, intensity) VALUES (229, 17, 10);
INSERT INTO exercise_muscle (exercise_id, muscle_id, intensity) VALUES (229, 18, 7);

-- Exercise ID: 230
INSERT INTO Exercise (id, title, description, link, equipment_id, training_type_id) VALUES (230, 'Cable Bicep Curls', 'Target: Biceps', 'https://www.youtube.com/watch?v=NFzTWp2qpiE', 8, 2);
INSERT INTO exercise_muscle (exercise_id, muscle_id, intensity) VALUES (230, 8, 10);
INSERT INTO exercise_muscle (exercise_id, muscle_id, intensity) VALUES (230, 10, 7);

-- Exercise ID: 231
INSERT INTO Exercise (id, title, description, link, equipment_id, training_type_id) VALUES (231, 'Cable Chest Fly', 'Target: Chest', 'https://www.youtube.com/watch?v=mLgYNdxj-Vw', 8, 2);
INSERT INTO exercise_muscle (exercise_id, muscle_id, intensity) VALUES (231, 7, 10);
INSERT INTO exercise_muscle (exercise_id, muscle_id, intensity) VALUES (231, 2, 7);

-- Exercise ID: 232
INSERT INTO Exercise (id, title, description, link, equipment_id, training_type_id) VALUES (232, 'Cable Chest Press (Seated)', 'Target: Chest, Shoulders, Triceps', 'https://www.youtube.com/watch?v=tAILewhtCb0', 8, 2);
INSERT INTO exercise_muscle (exercise_id, muscle_id, intensity) VALUES (232, 7, 10);
INSERT INTO exercise_muscle (exercise_id, muscle_id, intensity) VALUES (232, 4, 7);
INSERT INTO exercise_muscle (exercise_id, muscle_id, intensity) VALUES (232, 2, 4);

-- Exercise ID: 233
INSERT INTO Exercise (id, title, description, link, equipment_id, training_type_id) VALUES (233, 'Cable Chest Press (Standing)', 'Target: Chest & Core', 'https://www.youtube.com/watch?v=FVWJglwid4I', 8, 2);
INSERT INTO exercise_muscle (exercise_id, muscle_id, intensity) VALUES (233, 7, 10);
INSERT INTO exercise_muscle (exercise_id, muscle_id, intensity) VALUES (233, 4, 7);
INSERT INTO exercise_muscle (exercise_id, muscle_id, intensity) VALUES (233, 11, 4);

-- Exercise ID: 234
INSERT INTO Exercise (id, title, description, link, equipment_id, training_type_id) VALUES (234, 'Cable Crossover', 'Target: Chest', 'https://www.youtube.com/watch?v=taI4XduLpTk', 8, 2);
INSERT INTO exercise_muscle (exercise_id, muscle_id, intensity) VALUES (234, 7, 10);
INSERT INTO exercise_muscle (exercise_id, muscle_id, intensity) VALUES (234, 2, 7);

-- Exercise ID: 235
INSERT INTO Exercise (id, title, description, link, equipment_id, training_type_id) VALUES (235, 'Cable Curls', 'Target: Biceps', 'https://www.youtube.com/watch?v=NFzTWp2qpiE', 8, 2);
INSERT INTO exercise_muscle (exercise_id, muscle_id, intensity) VALUES (235, 8, 10);
INSERT INTO exercise_muscle (exercise_id, muscle_id, intensity) VALUES (235, 10, 7);

-- Exercise ID: 236
INSERT INTO Exercise (id, title, description, link, equipment_id, training_type_id) VALUES (236, 'Cable Deadlifts', 'Target: Glutes & Hamstrings', 'https://www.youtube.com/watch?v=_4U_5JO3oiE', 8, 2);
INSERT INTO exercise_muscle (exercise_id, muscle_id, intensity) VALUES (236, 21, 10);
INSERT INTO exercise_muscle (exercise_id, muscle_id, intensity) VALUES (236, 22, 7);
INSERT INTO exercise_muscle (exercise_id, muscle_id, intensity) VALUES (236, 20, 4);

-- Exercise ID: 237
INSERT INTO Exercise (id, title, description, link, equipment_id, training_type_id) VALUES (237, 'Cable Decline Bench Triceps Extension', 'Target: Triceps', 'https://www.youtube.com/watch?v=vVM2JlDliDg', 8, 2);
INSERT INTO exercise_muscle (exercise_id, muscle_id, intensity) VALUES (237, 4, 10);

-- Exercise ID: 238
INSERT INTO Exercise (id, title, description, link, equipment_id, training_type_id) VALUES (238, 'Cable External Rotation at 30 Degrees Abduction', 'Target: Rotator Cuff', 'https://www.youtube.com/watch?v=jRry9lKQRGo', 8, 1);
INSERT INTO exercise_muscle (exercise_id, muscle_id, intensity) VALUES (238, 19, 10);
INSERT INTO exercise_muscle (exercise_id, muscle_id, intensity) VALUES (238, 18, 7);

-- Exercise ID: 239
INSERT INTO Exercise (id, title, description, link, equipment_id, training_type_id) VALUES (239, 'Cable External Rotation at 90 Degrees Abduction', 'Target: Rotator Cuff', 'https://www.youtube.com/watch?v=D5QdEQyhmVM', 8, 1);
INSERT INTO exercise_muscle (exercise_id, muscle_id, intensity) VALUES (239, 19, 10);
INSERT INTO exercise_muscle (exercise_id, muscle_id, intensity) VALUES (239, 18, 7);

-- Exercise ID: 240
INSERT INTO Exercise (id, title, description, link, equipment_id, training_type_id) VALUES (240, 'Cable External Rotation on Knee', 'Target: Rotator Cuff', 'https://www.youtube.com/watch?v=JlxndP60w8E', 8, 1);
INSERT INTO exercise_muscle (exercise_id, muscle_id, intensity) VALUES (240, 19, 10);
INSERT INTO exercise_muscle (exercise_id, muscle_id, intensity) VALUES (240, 18, 7);

-- Exercise ID: 241
INSERT INTO Exercise (id, title, description, link, equipment_id, training_type_id) VALUES (241, 'Cable Face Pull', 'Target: Rear Delts & Upper Back', 'https://www.youtube.com/watch?v=V8dZ3pyiCBo', 8, 1);
INSERT INTO exercise_muscle (exercise_id, muscle_id, intensity) VALUES (241, 19, 10);
INSERT INTO exercise_muscle (exercise_id, muscle_id, intensity) VALUES (241, 18, 7);
INSERT INTO exercise_muscle (exercise_id, muscle_id, intensity) VALUES (241, 9, 4);

-- Exercise ID: 242
INSERT INTO Exercise (id, title, description, link, equipment_id, training_type_id) VALUES (242, 'Cable Flat Bench Fly', 'Target: Chest', 'https://www.youtube.com/watch?v=D04sUKQi85Y', 8, 2);
INSERT INTO exercise_muscle (exercise_id, muscle_id, intensity) VALUES (242, 7, 10);
INSERT INTO exercise_muscle (exercise_id, muscle_id, intensity) VALUES (242, 2, 7);

-- Exercise ID: 243
INSERT INTO Exercise (id, title, description, link, equipment_id, training_type_id) VALUES (243, 'Cable Flat Bench Triceps Extension', 'Target: Triceps', 'https://www.youtube.com/watch?v=MwfWEn04I8I', 8, 2);
INSERT INTO exercise_muscle (exercise_id, muscle_id, intensity) VALUES (243, 4, 10);

-- Exercise ID: 244
INSERT INTO Exercise (id, title, description, link, equipment_id, training_type_id) VALUES (244, 'Cable Front Raise', 'Target: Front Deltoids', 'https://www.youtube.com/watch?v=fqUgPii8Nm8', 8, 2);
INSERT INTO exercise_muscle (exercise_id, muscle_id, intensity) VALUES (244, 2, 10);
INSERT INTO exercise_muscle (exercise_id, muscle_id, intensity) VALUES (244, 3, 7);

-- Exercise ID: 245
INSERT INTO Exercise (id, title, description, link, equipment_id, training_type_id) VALUES (245, 'Cable Front Raise (Rope)', 'Target: Front Deltoids', 'https://www.youtube.com/watch?v=PmXz2Ik-On4', 8, 2);
INSERT INTO exercise_muscle (exercise_id, muscle_id, intensity) VALUES (245, 2, 10);
INSERT INTO exercise_muscle (exercise_id, muscle_id, intensity) VALUES (245, 3, 7);

-- Exercise ID: 246
INSERT INTO Exercise (id, title, description, link, equipment_id, training_type_id) VALUES (246, 'Cable Hammer Curl', 'Target: Biceps & Forearms', 'https://www.youtube.com/watch?v=laKjkStPiWE', 8, 2);
INSERT INTO exercise_muscle (exercise_id, muscle_id, intensity) VALUES (246, 8, 10);
INSERT INTO exercise_muscle (exercise_id, muscle_id, intensity) VALUES (246, 10, 7);

-- Exercise ID: 247
INSERT INTO Exercise (id, title, description, link, equipment_id, training_type_id) VALUES (247, 'Cable Incline Bench Biceps Curl', 'Target: Biceps', 'https://www.youtube.com/watch?v=Vzmc5bOmAYs', 8, 2);
INSERT INTO exercise_muscle (exercise_id, muscle_id, intensity) VALUES (247, 8, 10);

-- Exercise ID: 248
INSERT INTO Exercise (id, title, description, link, equipment_id, training_type_id) VALUES (248, 'Cable Incline Bench Fly', 'Target: Upper Chest', 'https://www.youtube.com/watch?v=GtHNC-5GtR0', 8, 2);
INSERT INTO exercise_muscle (exercise_id, muscle_id, intensity) VALUES (248, 7, 10);
INSERT INTO exercise_muscle (exercise_id, muscle_id, intensity) VALUES (248, 2, 7);

-- Exercise ID: 249
INSERT INTO Exercise (id, title, description, link, equipment_id, training_type_id) VALUES (249, 'Cable Incline Bench Press', 'Target: Upper Chest, Shoulders, Triceps', 'https://www.youtube.com/watch?v=GtHNC-5GtR0', 8, 2);
INSERT INTO exercise_muscle (exercise_id, muscle_id, intensity) VALUES (249, 7, 10);
INSERT INTO exercise_muscle (exercise_id, muscle_id, intensity) VALUES (249, 2, 7);
INSERT INTO exercise_muscle (exercise_id, muscle_id, intensity) VALUES (249, 4, 4);

-- Exercise ID: 250
INSERT INTO Exercise (id, title, description, link, equipment_id, training_type_id) VALUES (250, 'Cable Incline Bench Triceps Extension', 'Target: Triceps', 'https://www.youtube.com/watch?v=DBiWdDx99ms', 8, 2);
INSERT INTO exercise_muscle (exercise_id, muscle_id, intensity) VALUES (250, 4, 10);

-- Exercise ID: 251
INSERT INTO Exercise (id, title, description, link, equipment_id, training_type_id) VALUES (251, 'Cable Kickback', 'Target: Glutes', 'https://www.youtube.com/watch?v=ifP5sFBT7IE', 8, 2);
INSERT INTO exercise_muscle (exercise_id, muscle_id, intensity) VALUES (251, 21, 10);
INSERT INTO exercise_muscle (exercise_id, muscle_id, intensity) VALUES (251, 22, 7);

-- Exercise ID: 252
INSERT INTO Exercise (id, title, description, link, equipment_id, training_type_id) VALUES (252, 'Cable Lat Pull-down', 'Target: Lats & Upper Back', 'https://www.youtube.com/watch?v=CAwf7n6Luuc', 8, 2);
INSERT INTO exercise_muscle (exercise_id, muscle_id, intensity) VALUES (252, 17, 10);
INSERT INTO exercise_muscle (exercise_id, muscle_id, intensity) VALUES (252, 18, 7);
INSERT INTO exercise_muscle (exercise_id, muscle_id, intensity) VALUES (252, 8, 4);

-- Exercise ID: 253
INSERT INTO Exercise (id, title, description, link, equipment_id, training_type_id) VALUES (253, 'Cable Lat Pull-down (Close grip)', 'Target: Lats & Biceps', 'http://v/', 8, 2);
INSERT INTO exercise_muscle (exercise_id, muscle_id, intensity) VALUES (253, 17, 10);
INSERT INTO exercise_muscle (exercise_id, muscle_id, intensity) VALUES (253, 8, 7);
INSERT INTO exercise_muscle (exercise_id, muscle_id, intensity) VALUES (253, 18, 4);

-- Exercise ID: 254
INSERT INTO Exercise (id, title, description, link, equipment_id, training_type_id) VALUES (254, 'Cable Lat Pull-down (Supinated grip)', 'Target: Lats & Biceps', 'http://v/', 8, 2);
INSERT INTO exercise_muscle (exercise_id, muscle_id, intensity) VALUES (254, 17, 10);
INSERT INTO exercise_muscle (exercise_id, muscle_id, intensity) VALUES (254, 8, 7);
INSERT INTO exercise_muscle (exercise_id, muscle_id, intensity) VALUES (254, 18, 4);

-- Exercise ID: 255
INSERT INTO Exercise (id, title, description, link, equipment_id, training_type_id) VALUES (255, 'Cable Lateral Kicks', 'Target: Glute Abductors', 'https://www.youtube.com/watch?v=JcRnAtNN7vs', 8, 2);
INSERT INTO exercise_muscle (exercise_id, muscle_id, intensity) VALUES (255, 15, 10);
INSERT INTO exercise_muscle (exercise_id, muscle_id, intensity) VALUES (255, 21, 7);

-- Exercise ID: 256
INSERT INTO Exercise (id, title, description, link, equipment_id, training_type_id) VALUES (256, 'Cable Lateral Raise', 'Target: Side Deltoids', 'https://www.youtube.com/shorts/EZSAOY7b3g4', 8, 2);
INSERT INTO exercise_muscle (exercise_id, muscle_id, intensity) VALUES (256, 3, 10);
INSERT INTO exercise_muscle (exercise_id, muscle_id, intensity) VALUES (256, 2, 7);
INSERT INTO exercise_muscle (exercise_id, muscle_id, intensity) VALUES (256, 9, 4);

-- Exercise ID: 257
INSERT INTO Exercise (id, title, description, link, equipment_id, training_type_id) VALUES (257, 'Cable Narrow-Grip Lat Pull-Down', 'Target: Lats & Biceps', 'https://www.youtube.com/watch?v=gZr4wiQTfMM', 8, 2);
INSERT INTO exercise_muscle (exercise_id, muscle_id, intensity) VALUES (257, 17, 10);
INSERT INTO exercise_muscle (exercise_id, muscle_id, intensity) VALUES (257, 8, 7);
INSERT INTO exercise_muscle (exercise_id, muscle_id, intensity) VALUES (257, 18, 4);

-- Exercise ID: 258
INSERT INTO Exercise (id, title, description, link, equipment_id, training_type_id) VALUES (258, 'Cable One-Arm Biceps Curl', 'Target: Biceps', 'http://v/', 8, 2);
INSERT INTO exercise_muscle (exercise_id, muscle_id, intensity) VALUES (258, 8, 10);
INSERT INTO exercise_muscle (exercise_id, muscle_id, intensity) VALUES (258, 10, 7);

-- Exercise ID: 259
INSERT INTO Exercise (id, title, description, link, equipment_id, training_type_id) VALUES (259, 'Cable One-Arm Lat Pull-Down', 'Target: Lats', 'https://www.youtube.com/watch?v=0BT533ueEdI', 8, 2);
INSERT INTO exercise_muscle (exercise_id, muscle_id, intensity) VALUES (259, 17, 10);
INSERT INTO exercise_muscle (exercise_id, muscle_id, intensity) VALUES (259, 18, 7);
INSERT INTO exercise_muscle (exercise_id, muscle_id, intensity) VALUES (259, 8, 4);

-- Exercise ID: 260
INSERT INTO Exercise (id, title, description, link, equipment_id, training_type_id) VALUES (260, 'Cable One-Arm Overhead Triceps Extension', 'Target: Triceps', 'https://www.youtube.com/watch?v=FE_AsjcTImc', 8, 2);
INSERT INTO exercise_muscle (exercise_id, muscle_id, intensity) VALUES (260, 4, 10);

-- Exercise ID: 261
INSERT INTO Exercise (id, title, description, link, equipment_id, training_type_id) VALUES (261, 'Cable One-Arm Row (Seated)', 'Target: Lats & Back', 'https://www.youtube.com/watch?v=CrylzZHfO1c', 8, 2);
INSERT INTO exercise_muscle (exercise_id, muscle_id, intensity) VALUES (261, 17, 10);
INSERT INTO exercise_muscle (exercise_id, muscle_id, intensity) VALUES (261, 18, 7);
INSERT INTO exercise_muscle (exercise_id, muscle_id, intensity) VALUES (261, 8, 4);

-- Exercise ID: 262
INSERT INTO Exercise (id, title, description, link, equipment_id, training_type_id) VALUES (262, 'Cable One-Legged Kickback', 'Target: Glutes', 'https://www.youtube.com/watch?v=ifP5sFBT7IE', 8, 2);
INSERT INTO exercise_muscle (exercise_id, muscle_id, intensity) VALUES (262, 21, 10);
INSERT INTO exercise_muscle (exercise_id, muscle_id, intensity) VALUES (262, 22, 7);

-- Exercise ID: 263
INSERT INTO Exercise (id, title, description, link, equipment_id, training_type_id) VALUES (263, 'Cable Overhead Curl', 'Target: Biceps', 'https://www.youtube.com/watch?v=5_n3gVeGEqc', 8, 2);
INSERT INTO exercise_muscle (exercise_id, muscle_id, intensity) VALUES (263, 8, 10);

-- Exercise ID: 264
INSERT INTO Exercise (id, title, description, link, equipment_id, training_type_id) VALUES (264, 'Cable Overhead Tricep Extension', 'Target: Triceps', 'https://www.youtube.com/watch?v=1u18yJELsh0', 8, 2);
INSERT INTO exercise_muscle (exercise_id, muscle_id, intensity) VALUES (264, 4, 10);

-- Exercise ID: 265
INSERT INTO Exercise (id, title, description, link, equipment_id, training_type_id) VALUES (265, 'Cable Overhead Triceps Extension', 'Target: Triceps', 'https://www.youtube.com/watch?v=GzmlxvSFE7A', 8, 2);
INSERT INTO exercise_muscle (exercise_id, muscle_id, intensity) VALUES (265, 4, 10);

-- Exercise ID: 266
INSERT INTO Exercise (id, title, description, link, equipment_id, training_type_id) VALUES (266, 'Cable Pull Through', 'Target: Glutes & Hamstrings', 'https://www.youtube.com/watch?v=4oZ_0_bQcOg', 8, 2);
INSERT INTO exercise_muscle (exercise_id, muscle_id, intensity) VALUES (266, 21, 10);
INSERT INTO exercise_muscle (exercise_id, muscle_id, intensity) VALUES (266, 22, 7);
INSERT INTO exercise_muscle (exercise_id, muscle_id, intensity) VALUES (266, 20, 4);

-- Exercise ID: 267
INSERT INTO Exercise (id, title, description, link, equipment_id, training_type_id) VALUES (267, 'Cable Pull-Down', 'Target: Lats', 'https://www.youtube.com/watch?v=AjCCGN2tU3Q', 8, 2);
INSERT INTO exercise_muscle (exercise_id, muscle_id, intensity) VALUES (267, 17, 10);
INSERT INTO exercise_muscle (exercise_id, muscle_id, intensity) VALUES (267, 4, 7);
INSERT INTO exercise_muscle (exercise_id, muscle_id, intensity) VALUES (267, 7, 4);

-- Exercise ID: 268
INSERT INTO Exercise (id, title, description, link, equipment_id, training_type_id) VALUES (268, 'Cable Rear Delt Fly', 'Target: Rear Deltoids & Upper Back', 'https://www.youtube.com/watch?v=JENKmsEZQO8', 8, 2);
INSERT INTO exercise_muscle (exercise_id, muscle_id, intensity) VALUES (268, 19, 10);
INSERT INTO exercise_muscle (exercise_id, muscle_id, intensity) VALUES (268, 18, 7);

-- Exercise ID: 269
INSERT INTO Exercise (id, title, description, link, equipment_id, training_type_id) VALUES (269, 'Cable Reverse-Grip Lat Pull-Down', 'Target: Lats & Biceps', 'https://www.youtube.com/watch?v=D-aYXhHBDI8', 8, 2);
INSERT INTO exercise_muscle (exercise_id, muscle_id, intensity) VALUES (269, 17, 10);
INSERT INTO exercise_muscle (exercise_id, muscle_id, intensity) VALUES (269, 8, 7);
INSERT INTO exercise_muscle (exercise_id, muscle_id, intensity) VALUES (269, 18, 4);

-- Exercise ID: 270
INSERT INTO Exercise (id, title, description, link, equipment_id, training_type_id) VALUES (270, 'Cable Reverse-Grip Triceps Push-Down', 'Target: Triceps', 'https://www.youtube.com/watch?v=7R88yqmcGrw', 8, 2);
INSERT INTO exercise_muscle (exercise_id, muscle_id, intensity) VALUES (270, 4, 10);

-- Exercise ID: 271
INSERT INTO Exercise (id, title, description, link, equipment_id, training_type_id) VALUES (271, 'Cable Rope Biceps Curl', 'Target: Biceps & Forearms', 'https://www.youtube.com/watch?v=Odz1T8WmDBI', 8, 2);
INSERT INTO exercise_muscle (exercise_id, muscle_id, intensity) VALUES (271, 8, 10);
INSERT INTO exercise_muscle (exercise_id, muscle_id, intensity) VALUES (271, 10, 7);

-- Exercise ID: 272
INSERT INTO Exercise (id, title, description, link, equipment_id, training_type_id) VALUES (272, 'Cable Rope Seated High Row', 'Target: Upper Back & Rear Delts', 'https://www.youtube.com/watch?v=dt7zkcKEAJo', 8, 2);
INSERT INTO exercise_muscle (exercise_id, muscle_id, intensity) VALUES (272, 18, 10);
INSERT INTO exercise_muscle (exercise_id, muscle_id, intensity) VALUES (272, 19, 7);
INSERT INTO exercise_muscle (exercise_id, muscle_id, intensity) VALUES (272, 17, 4);

-- Exercise ID: 273
INSERT INTO Exercise (id, title, description, link, equipment_id, training_type_id) VALUES (273, 'Cable Rope Triceps Push-Down', 'Target: Triceps', 'https://www.youtube.com/watch?v=yUeuSjH2wqA', 8, 2);
INSERT INTO exercise_muscle (exercise_id, muscle_id, intensity) VALUES (273, 4, 10);

-- Exercise ID: 274
INSERT INTO Exercise (id, title, description, link, equipment_id, training_type_id) VALUES (274, 'Cable Row (Seated)', 'Target: Lats & Upper Back', 'https://www.youtube.com/watch?v=vwHG9Jfu4sw', 8, 2);
INSERT INTO exercise_muscle (exercise_id, muscle_id, intensity) VALUES (274, 17, 10);
INSERT INTO exercise_muscle (exercise_id, muscle_id, intensity) VALUES (274, 18, 7);
INSERT INTO exercise_muscle (exercise_id, muscle_id, intensity) VALUES (274, 8, 4);

-- Exercise ID: 275
INSERT INTO Exercise (id, title, description, link, equipment_id, training_type_id) VALUES (275, 'Cable Shoulder Press (Seated)', 'Target: Shoulders & Triceps', 'https://www.youtube.com/watch?v=fBTGwHChaf4', 8, 2);
INSERT INTO exercise_muscle (exercise_id, muscle_id, intensity) VALUES (275, 2, 10);
INSERT INTO exercise_muscle (exercise_id, muscle_id, intensity) VALUES (275, 3, 7);
INSERT INTO exercise_muscle (exercise_id, muscle_id, intensity) VALUES (275, 4, 4);

-- Exercise ID: 276
INSERT INTO Exercise (id, title, description, link, equipment_id, training_type_id) VALUES (276, 'Cable Squats', 'Target: Quads & Glutes', 'https://www.youtube.com/watch?v=nPrz-nyFKgU', 8, 2);
INSERT INTO exercise_muscle (exercise_id, muscle_id, intensity) VALUES (276, 13, 10);
INSERT INTO exercise_muscle (exercise_id, muscle_id, intensity) VALUES (276, 21, 7);

-- Exercise ID: 277
INSERT INTO Exercise (id, title, description, link, equipment_id, training_type_id) VALUES (277, 'Cable Standing Shoulder Press (Standing)', 'Target: Shoulders & Triceps', 'https://www.youtube.com/watch?v=QFHIkW3vbfI', 8, 2);
INSERT INTO exercise_muscle (exercise_id, muscle_id, intensity) VALUES (277, 2, 10);
INSERT INTO exercise_muscle (exercise_id, muscle_id, intensity) VALUES (277, 3, 7);
INSERT INTO exercise_muscle (exercise_id, muscle_id, intensity) VALUES (277, 4, 4);

-- Exercise ID: 278
INSERT INTO Exercise (id, title, description, link, equipment_id, training_type_id) VALUES (278, 'Cable Straight-Arm Pull-Down', 'Target: Lats', 'https://www.youtube.com/watch?v=wcVDItawocI', 8, 2);
INSERT INTO exercise_muscle (exercise_id, muscle_id, intensity) VALUES (278, 17, 10);
INSERT INTO exercise_muscle (exercise_id, muscle_id, intensity) VALUES (278, 4, 7);

-- Exercise ID: 279
INSERT INTO Exercise (id, title, description, link, equipment_id, training_type_id) VALUES (279, 'Cable Straight-Bar Triceps Push-Down', 'Target: Triceps', 'https://www.youtube.com/watch?v=Vwf9n6TwF0g', 8, 2);
INSERT INTO exercise_muscle (exercise_id, muscle_id, intensity) VALUES (279, 4, 10);

-- Exercise ID: 280
INSERT INTO Exercise (id, title, description, link, equipment_id, training_type_id) VALUES (280, 'Cable Tricep Extension', 'Target: Triceps', 'http://v/', 8, 2);
INSERT INTO exercise_muscle (exercise_id, muscle_id, intensity) VALUES (280, 4, 10);

-- Exercise ID: 281
INSERT INTO Exercise (id, title, description, link, equipment_id, training_type_id) VALUES (281, 'Cable Upright Row', 'Target: Side Deltoids & Traps', 'https://www.youtube.com/watch?v=9Q-j2tPu2Sk', 8, 2);
INSERT INTO exercise_muscle (exercise_id, muscle_id, intensity) VALUES (281, 3, 10);
INSERT INTO exercise_muscle (exercise_id, muscle_id, intensity) VALUES (281, 9, 7);
INSERT INTO exercise_muscle (exercise_id, muscle_id, intensity) VALUES (281, 8, 4);

-- Exercise ID: 282
INSERT INTO Exercise (id, title, description, link, equipment_id, training_type_id) VALUES (282, 'Cable V-Bar Lat Pull-Down', 'Target: Lats & Upper Back', 'http://v/', 8, 2);
INSERT INTO exercise_muscle (exercise_id, muscle_id, intensity) VALUES (282, 17, 10);
INSERT INTO exercise_muscle (exercise_id, muscle_id, intensity) VALUES (282, 18, 7);
INSERT INTO exercise_muscle (exercise_id, muscle_id, intensity) VALUES (282, 8, 4);

-- Exercise ID: 283
INSERT INTO Exercise (id, title, description, link, equipment_id, training_type_id) VALUES (283, 'Cable V-Bar Triceps Push-Down', 'Target: Triceps', 'https://www.youtube.com/watch?v=2-LAMcpzODU', 8, 2);
INSERT INTO exercise_muscle (exercise_id, muscle_id, intensity) VALUES (283, 4, 10);

-- Exercise ID: 284
INSERT INTO Exercise (id, title, description, link, equipment_id, training_type_id) VALUES (284, 'Cable Wide-Grip Lat Pull-Down', 'Target: Lats & Upper Back', 'https://www.youtube.com/watch?v=lueEJGjTuPQ', 8, 2);
INSERT INTO exercise_muscle (exercise_id, muscle_id, intensity) VALUES (284, 17, 10);
INSERT INTO exercise_muscle (exercise_id, muscle_id, intensity) VALUES (284, 18, 7);
INSERT INTO exercise_muscle (exercise_id, muscle_id, intensity) VALUES (284, 8, 4);

-- Exercise ID: 285
INSERT INTO Exercise (id, title, description, link, equipment_id, training_type_id) VALUES (285, 'Calf Stretch', 'Target: Calves', 'https://www.youtube.com/watch?v=YfjeXeiREic', 2, 8);
INSERT INTO exercise_muscle (exercise_id, muscle_id, intensity) VALUES (285, 6, 10);

-- Exercise ID: 286
INSERT INTO Exercise (id, title, description, link, equipment_id, training_type_id) VALUES (286, 'Captain''s Chair Knee Raise', 'Target: Abs & Hip Flexors', 'https://www.youtube.com/watch?v=711U6NbJRmc', NULL, 2);
INSERT INTO exercise_muscle (exercise_id, muscle_id, intensity) VALUES (286, 11, 10);
INSERT INTO exercise_muscle (exercise_id, muscle_id, intensity) VALUES (286, 13, 7);

-- Exercise ID: 287
INSERT INTO Exercise (id, title, description, link, equipment_id, training_type_id) VALUES (287, 'Cat Cows', 'Target: Spinal Mobility', 'https://www.youtube.com/watch?v=KpNznspZZEY', 2, 8);
INSERT INTO exercise_muscle (exercise_id, muscle_id, intensity) VALUES (287, 20, 10);
INSERT INTO exercise_muscle (exercise_id, muscle_id, intensity) VALUES (287, 18, 7);
INSERT INTO exercise_muscle (exercise_id, muscle_id, intensity) VALUES (287, 11, 4);

-- Exercise ID: 288
INSERT INTO Exercise (id, title, description, link, equipment_id, training_type_id) VALUES (288, 'Chair Assisted Knee to Chest Stretch', 'Target: Glute & Lower Back Stretch', 'http://v/', 2, 8);
INSERT INTO exercise_muscle (exercise_id, muscle_id, intensity) VALUES (288, 21, 10);
INSERT INTO exercise_muscle (exercise_id, muscle_id, intensity) VALUES (288, 20, 7);

-- Exercise ID: 289
INSERT INTO Exercise (id, title, description, link, equipment_id, training_type_id) VALUES (289, 'Charlie''s Angels Abs', 'Target: Obliques & Abs', 'https://www.youtube.com/watch?v=VZltbTn_X5U', 2, 2);
INSERT INTO exercise_muscle (exercise_id, muscle_id, intensity) VALUES (289, 12, 10);
INSERT INTO exercise_muscle (exercise_id, muscle_id, intensity) VALUES (289, 11, 7);

-- Exercise ID: 290
INSERT INTO Exercise (id, title, description, link, equipment_id, training_type_id) VALUES (290, 'Chest Dips', 'Target: Chest & Triceps', 'https://www.youtube.com/watch?v=dX_nSOOJIsE', 4, 4);
INSERT INTO exercise_muscle (exercise_id, muscle_id, intensity) VALUES (290, 7, 10);
INSERT INTO exercise_muscle (exercise_id, muscle_id, intensity) VALUES (290, 4, 7);
INSERT INTO exercise_muscle (exercise_id, muscle_id, intensity) VALUES (290, 2, 4);

-- Exercise ID: 291
INSERT INTO Exercise (id, title, description, link, equipment_id, training_type_id) VALUES (291, 'Chest Fly Dead Bugs', 'Target: Core, Chest, Shoulders', 'https://www.youtube.com/shorts/5M_MYQ9nhN8', 6, 1);
INSERT INTO exercise_muscle (exercise_id, muscle_id, intensity) VALUES (291, 11, 10);
INSERT INTO exercise_muscle (exercise_id, muscle_id, intensity) VALUES (291, 7, 7);
INSERT INTO exercise_muscle (exercise_id, muscle_id, intensity) VALUES (291, 12, 4);

-- Exercise ID: 292
INSERT INTO Exercise (id, title, description, link, equipment_id, training_type_id) VALUES (292, 'Chest Fly Machine', 'Target: Chest', 'https://www.youtube.com/watch?v=u56jywgbvE4', NULL, 2);
INSERT INTO exercise_muscle (exercise_id, muscle_id, intensity) VALUES (292, 7, 10);
INSERT INTO exercise_muscle (exercise_id, muscle_id, intensity) VALUES (292, 2, 7);

-- Exercise ID: 293
INSERT INTO Exercise (id, title, description, link, equipment_id, training_type_id) VALUES (293, 'Chest Medicine Ball Throws', 'Target: Chest Power', 'https://www.youtube.com/shorts/kKki4IPqWso', 10, 9);
INSERT INTO exercise_muscle (exercise_id, muscle_id, intensity) VALUES (293, 7, 10);
INSERT INTO exercise_muscle (exercise_id, muscle_id, intensity) VALUES (293, 4, 7);
INSERT INTO exercise_muscle (exercise_id, muscle_id, intensity) VALUES (293, 2, 4);

-- Exercise ID: 294
INSERT INTO Exercise (id, title, description, link, equipment_id, training_type_id) VALUES (294, 'Chest Opener Knee Raise', 'Target: Chest Mobility & Abs', 'https://www.youtube.com/shorts/UqmbxvOgnX4', 2, 8);
INSERT INTO exercise_muscle (exercise_id, muscle_id, intensity) VALUES (294, 7, 10);
INSERT INTO exercise_muscle (exercise_id, muscle_id, intensity) VALUES (294, 11, 7);

-- Exercise ID: 295
INSERT INTO Exercise (id, title, description, link, equipment_id, training_type_id) VALUES (295, 'Chest Press + Hollow Hold', 'Target: Abs & Chest', 'https://www.youtube.com/watch?v=aXkLkMSfwrg', 6, 2);
INSERT INTO exercise_muscle (exercise_id, muscle_id, intensity) VALUES (295, 11, 10);
INSERT INTO exercise_muscle (exercise_id, muscle_id, intensity) VALUES (295, 7, 7);
INSERT INTO exercise_muscle (exercise_id, muscle_id, intensity) VALUES (295, 4, 4);

-- Exercise ID: 296
INSERT INTO Exercise (id, title, description, link, equipment_id, training_type_id) VALUES (296, 'Chest Press Band- Resisted', 'Target: Chest & Triceps', 'https://www.youtube.com/watch?v=j3ccNPK-P4U', 21, 2);
INSERT INTO exercise_muscle (exercise_id, muscle_id, intensity) VALUES (296, 7, 10);
INSERT INTO exercise_muscle (exercise_id, muscle_id, intensity) VALUES (296, 4, 7);
INSERT INTO exercise_muscle (exercise_id, muscle_id, intensity) VALUES (296, 2, 4);

-- Exercise ID: 297
INSERT INTO Exercise (id, title, description, link, equipment_id, training_type_id) VALUES (297, 'Chest Press Machine', 'Target: Chest, Shoulders, Triceps', 'https://www.youtube.com/watch?v=mlXTzUUR9AE', NULL, 2);
INSERT INTO exercise_muscle (exercise_id, muscle_id, intensity) VALUES (297, 7, 10);
INSERT INTO exercise_muscle (exercise_id, muscle_id, intensity) VALUES (297, 4, 7);
INSERT INTO exercise_muscle (exercise_id, muscle_id, intensity) VALUES (297, 2, 4);

-- Exercise ID: 298
INSERT INTO Exercise (id, title, description, link, equipment_id, training_type_id) VALUES (298, 'Chest Press w/ Dead Bug Legs', 'Target: Chest & Core', 'https://www.youtube.com/watch?v=NrfJODuEXHo', 6, 1);
INSERT INTO exercise_muscle (exercise_id, muscle_id, intensity) VALUES (298, 7, 10);
INSERT INTO exercise_muscle (exercise_id, muscle_id, intensity) VALUES (298, 11, 7);
INSERT INTO exercise_muscle (exercise_id, muscle_id, intensity) VALUES (298, 4, 4);

-- Exercise ID: 299
INSERT INTO Exercise (id, title, description, link, equipment_id, training_type_id) VALUES (299, 'Chest Supported Dumbbell Row', 'Target: Back & Lats', 'https://www.youtube.com/watch?v=ym-Mp8tCF00', 6, 2);
INSERT INTO exercise_muscle (exercise_id, muscle_id, intensity) VALUES (299, 18, 10);
INSERT INTO exercise_muscle (exercise_id, muscle_id, intensity) VALUES (299, 17, 7);
INSERT INTO exercise_muscle (exercise_id, muscle_id, intensity) VALUES (299, 19, 4);

-- Exercise ID: 300
INSERT INTO Exercise (id, title, description, link, equipment_id, training_type_id) VALUES (300, 'Chest Supported Machine Row', 'Target: Back & Lats', 'https://www.youtube.com/watch?v=9WwRJQ003hU', NULL, 2);
INSERT INTO exercise_muscle (exercise_id, muscle_id, intensity) VALUES (300, 18, 10);
INSERT INTO exercise_muscle (exercise_id, muscle_id, intensity) VALUES (300, 17, 7);
INSERT INTO exercise_muscle (exercise_id, muscle_id, intensity) VALUES (300, 19, 4);

-- Exercise ID: 301
INSERT INTO Exercise (id, title, description, link, equipment_id, training_type_id) VALUES (301, 'Chest-Supported Dumbbell Row', 'Target: Back & Lats', 'https://www.youtube.com/watch?v=ym-Mp8tCF00', 6, 2);
INSERT INTO exercise_muscle (exercise_id, muscle_id, intensity) VALUES (301, 18, 10);
INSERT INTO exercise_muscle (exercise_id, muscle_id, intensity) VALUES (301, 17, 7);
INSERT INTO exercise_muscle (exercise_id, muscle_id, intensity) VALUES (301, 19, 4);

-- Exercise ID: 302
INSERT INTO Exercise (id, title, description, link, equipment_id, training_type_id) VALUES (302, 'Chin Ups', 'Target: Lats & Biceps', 'https://www.youtube.com/watch?v=mRy9m2Q9_1I', 16, 4);
INSERT INTO exercise_muscle (exercise_id, muscle_id, intensity) VALUES (302, 17, 10);
INSERT INTO exercise_muscle (exercise_id, muscle_id, intensity) VALUES (302, 8, 7);
INSERT INTO exercise_muscle (exercise_id, muscle_id, intensity) VALUES (302, 18, 4);

-- Exercise ID: 303
INSERT INTO Exercise (id, title, description, link, equipment_id, training_type_id) VALUES (303, 'Chops w/ Ball', 'Target: Rotational Core', 'https://www.youtube.com/watch?v=EygfY8ByyhQ', 10, 1);
INSERT INTO exercise_muscle (exercise_id, muscle_id, intensity) VALUES (303, 12, 10);
INSERT INTO exercise_muscle (exercise_id, muscle_id, intensity) VALUES (303, 11, 7);
INSERT INTO exercise_muscle (exercise_id, muscle_id, intensity) VALUES (303, 2, 4);

-- Exercise ID: 304
INSERT INTO Exercise (id, title, description, link, equipment_id, training_type_id) VALUES (304, 'Clam Shell', 'Target: Glute Abductors', 'http://v/', 2, 1);
INSERT INTO exercise_muscle (exercise_id, muscle_id, intensity) VALUES (304, 15, 10);
INSERT INTO exercise_muscle (exercise_id, muscle_id, intensity) VALUES (304, 21, 7);

-- Exercise ID: 305
INSERT INTO Exercise (id, title, description, link, equipment_id, training_type_id) VALUES (305, 'Clamshell', 'Target: Glute Abductors', 'https://www.youtube.com/watch?v=CiqvDV8pzRk', 2, 1);
INSERT INTO exercise_muscle (exercise_id, muscle_id, intensity) VALUES (305, 15, 10);
INSERT INTO exercise_muscle (exercise_id, muscle_id, intensity) VALUES (305, 21, 7);

-- Exercise ID: 306
INSERT INTO Exercise (id, title, description, link, equipment_id, training_type_id) VALUES (306, 'Close Grip Bench Press', 'Target: Triceps & Chest', 'https://www.youtube.com/watch?v=vEUyEOVn3yM', 12, 2);
INSERT INTO exercise_muscle (exercise_id, muscle_id, intensity) VALUES (306, 4, 10);
INSERT INTO exercise_muscle (exercise_id, muscle_id, intensity) VALUES (306, 7, 7);
INSERT INTO exercise_muscle (exercise_id, muscle_id, intensity) VALUES (306, 2, 4);

-- Exercise ID: 307
INSERT INTO Exercise (id, title, description, link, equipment_id, training_type_id) VALUES (307, 'Close Grip Incline Bench Press', 'Target: Triceps & Upper Chest', 'https://www.youtube.com/watch?v=sVr4fZOVr34', 12, 2);
INSERT INTO exercise_muscle (exercise_id, muscle_id, intensity) VALUES (307, 4, 10);
INSERT INTO exercise_muscle (exercise_id, muscle_id, intensity) VALUES (307, 7, 7);
INSERT INTO exercise_muscle (exercise_id, muscle_id, intensity) VALUES (307, 2, 4);

-- Exercise ID: 308
INSERT INTO Exercise (id, title, description, link, equipment_id, training_type_id) VALUES (308, 'Close Grip Pulldown', 'Target: Lats & Biceps', 'https://www.youtube.com/watch?v=gZr4wiQTfMM', 8, 2);
INSERT INTO exercise_muscle (exercise_id, muscle_id, intensity) VALUES (308, 17, 10);
INSERT INTO exercise_muscle (exercise_id, muscle_id, intensity) VALUES (308, 8, 7);
INSERT INTO exercise_muscle (exercise_id, muscle_id, intensity) VALUES (308, 18, 4);

-- Exercise ID: 309
INSERT INTO Exercise (id, title, description, link, equipment_id, training_type_id) VALUES (309, 'Contralateral Clean to Press', 'Target: Full Body Power', 'https://www.youtube.com/watch?v=egMfgzQbykY', 6, 10);
INSERT INTO exercise_muscle (exercise_id, muscle_id, intensity) VALUES (309, 2, 10);
INSERT INTO exercise_muscle (exercise_id, muscle_id, intensity) VALUES (309, 21, 7);
INSERT INTO exercise_muscle (exercise_id, muscle_id, intensity) VALUES (309, 13, 4);

-- Exercise ID: 310
INSERT INTO Exercise (id, title, description, link, equipment_id, training_type_id) VALUES (310, 'Contralateral Overhead Reverse Lunge', 'Target: Full Body Stability', 'https://www.youtube.com/watch?v=qhlGekPq-8s', 6, 12);
INSERT INTO exercise_muscle (exercise_id, muscle_id, intensity) VALUES (310, 13, 10);
INSERT INTO exercise_muscle (exercise_id, muscle_id, intensity) VALUES (310, 21, 7);
INSERT INTO exercise_muscle (exercise_id, muscle_id, intensity) VALUES (310, 12, 4);

-- Exercise ID: 311
INSERT INTO Exercise (id, title, description, link, equipment_id, training_type_id) VALUES (311, 'Contralateral Single Leg Deadlift', 'Target: Hamstrings, Glutes, Balance', 'https://www.youtube.com/watch?v=rQiTDw_NeR0', 6, 12);
INSERT INTO exercise_muscle (exercise_id, muscle_id, intensity) VALUES (311, 22, 10);
INSERT INTO exercise_muscle (exercise_id, muscle_id, intensity) VALUES (311, 21, 7);
INSERT INTO exercise_muscle (exercise_id, muscle_id, intensity) VALUES (311, 12, 4);

-- Exercise ID: 312
INSERT INTO Exercise (id, title, description, link, equipment_id, training_type_id) VALUES (312, 'Contralateral Snatch', 'Target: Full Body Explosiveness', 'https://www.youtube.com/watch?v=hpmrK0pUVGw', 6, 11);
INSERT INTO exercise_muscle (exercise_id, muscle_id, intensity) VALUES (312, 21, 10);
INSERT INTO exercise_muscle (exercise_id, muscle_id, intensity) VALUES (312, 13, 7);
INSERT INTO exercise_muscle (exercise_id, muscle_id, intensity) VALUES (312, 2, 4);

-- Exercise ID: 313
INSERT INTO Exercise (id, title, description, link, equipment_id, training_type_id) VALUES (313, 'Cossack Squat', 'Target: Adductors, Glutes, Mobility', 'https://www.youtube.com/watch?v=dhDjKmTX8tU', 2, 8);
INSERT INTO exercise_muscle (exercise_id, muscle_id, intensity) VALUES (313, 14, 10);
INSERT INTO exercise_muscle (exercise_id, muscle_id, intensity) VALUES (313, 13, 7);
INSERT INTO exercise_muscle (exercise_id, muscle_id, intensity) VALUES (313, 21, 4);

-- Exercise ID: 314
INSERT INTO Exercise (id, title, description, link, equipment_id, training_type_id) VALUES (314, 'Couch Stretch', 'Target: Quads & Hip Flexors', 'https://www.youtube.com/watch?v=fHKndvWwenc', 2, 8);
INSERT INTO exercise_muscle (exercise_id, muscle_id, intensity) VALUES (314, 13, 10);

-- Exercise ID: 315
INSERT INTO Exercise (id, title, description, link, equipment_id, training_type_id) VALUES (315, 'Criss Cross Jumping Jacks', 'Target: Cardio & Coordination', 'https://www.youtube.com/watch?v=lF1vpdVQsUU', 2, 3);
INSERT INTO exercise_muscle (exercise_id, muscle_id, intensity) VALUES (315, 14, 10);
INSERT INTO exercise_muscle (exercise_id, muscle_id, intensity) VALUES (315, 15, 7);
INSERT INTO exercise_muscle (exercise_id, muscle_id, intensity) VALUES (315, 6, 4);

-- Exercise ID: 316
INSERT INTO Exercise (id, title, description, link, equipment_id, training_type_id) VALUES (316, 'Cross Body Cable Tricep Extension', 'Target: Triceps', 'https://www.youtube.com/watch?v=TctfJadtxq0', 8, 2);
INSERT INTO exercise_muscle (exercise_id, muscle_id, intensity) VALUES (316, 4, 10);

-- Exercise ID: 317
INSERT INTO Exercise (id, title, description, link, equipment_id, training_type_id) VALUES (317, 'Cross Body Sit-Ups', 'Target: Obliques & Abs', 'https://www.youtube.com/watch?v=_eK01SNwob0', 2, 2);
INSERT INTO exercise_muscle (exercise_id, muscle_id, intensity) VALUES (317, 12, 10);
INSERT INTO exercise_muscle (exercise_id, muscle_id, intensity) VALUES (317, 11, 7);

-- Exercise ID: 318
INSERT INTO Exercise (id, title, description, link, equipment_id, training_type_id) VALUES (318, 'Cross Jump Touch Down', 'Target: Glutes, Quads, Power', 'https://www.youtube.com/watch?v=xCazgyElCpg', 2, 9);
INSERT INTO exercise_muscle (exercise_id, muscle_id, intensity) VALUES (318, 21, 10);
INSERT INTO exercise_muscle (exercise_id, muscle_id, intensity) VALUES (318, 13, 7);
INSERT INTO exercise_muscle (exercise_id, muscle_id, intensity) VALUES (318, 12, 4);

-- Exercise ID: 319
INSERT INTO Exercise (id, title, description, link, equipment_id, training_type_id) VALUES (319, 'Cross-Body Lat Mobilization', 'Target: Lat Mobility', 'https://www.youtube.com/watch?v=ToSAFXPU6Z4', 2, 8);
INSERT INTO exercise_muscle (exercise_id, muscle_id, intensity) VALUES (319, 17, 10);
INSERT INTO exercise_muscle (exercise_id, muscle_id, intensity) VALUES (319, 12, 7);

-- Exercise ID: 320
INSERT INTO Exercise (id, title, description, link, equipment_id, training_type_id) VALUES (320, 'Crossbody Knee Drive', 'Target: Obliques & Abs', 'https://www.youtube.com/shorts/CfjLu7GB938', 2, 2);
INSERT INTO exercise_muscle (exercise_id, muscle_id, intensity) VALUES (320, 12, 10);
INSERT INTO exercise_muscle (exercise_id, muscle_id, intensity) VALUES (320, 11, 7);
INSERT INTO exercise_muscle (exercise_id, muscle_id, intensity) VALUES (320, 13, 4);

-- Exercise ID: 321
INSERT INTO Exercise (id, title, description, link, equipment_id, training_type_id) VALUES (321, 'Crossbody Mountain Climbers', 'Target: Obliques & Abs', 'https://www.youtube.com/shorts/CfjLu7GB938', 2, 2);
INSERT INTO exercise_muscle (exercise_id, muscle_id, intensity) VALUES (321, 12, 10);
INSERT INTO exercise_muscle (exercise_id, muscle_id, intensity) VALUES (321, 11, 7);
INSERT INTO exercise_muscle (exercise_id, muscle_id, intensity) VALUES (321, 2, 4);

-- Exercise ID: 322
INSERT INTO Exercise (id, title, description, link, equipment_id, training_type_id) VALUES (322, 'Curl to Press to Tricep Extension', 'Target: Biceps, Shoulders, Triceps', 'https://www.youtube.com/shorts/G4x6LCrQE_E', 6, 2);
INSERT INTO exercise_muscle (exercise_id, muscle_id, intensity) VALUES (322, 8, 10);
INSERT INTO exercise_muscle (exercise_id, muscle_id, intensity) VALUES (322, 2, 7);
INSERT INTO exercise_muscle (exercise_id, muscle_id, intensity) VALUES (322, 4, 4);

-- Exercise ID: 323
INSERT INTO Exercise (id, title, description, link, equipment_id, training_type_id) VALUES (323, 'Curtsey Lunge', 'Target: Glutes & Adductors', 'https://www.youtube.com/watch?v=Ix_SFZVDy0I', 2, 2);
INSERT INTO exercise_muscle (exercise_id, muscle_id, intensity) VALUES (323, 21, 10);
INSERT INTO exercise_muscle (exercise_id, muscle_id, intensity) VALUES (323, 14, 7);
INSERT INTO exercise_muscle (exercise_id, muscle_id, intensity) VALUES (323, 13, 4);

-- Exercise ID: 324
INSERT INTO Exercise (id, title, description, link, equipment_id, training_type_id) VALUES (324, 'Curtsey Lunge with Pause', 'Target: Glutes & Adductors', 'https://www.youtube.com/watch?v=cVYnf2CFO9M', 2, 2);
INSERT INTO exercise_muscle (exercise_id, muscle_id, intensity) VALUES (324, 21, 10);
INSERT INTO exercise_muscle (exercise_id, muscle_id, intensity) VALUES (324, 14, 7);
INSERT INTO exercise_muscle (exercise_id, muscle_id, intensity) VALUES (324, 13, 4);

-- Exercise ID: 325
INSERT INTO Exercise (id, title, description, link, equipment_id, training_type_id) VALUES (325, 'Curtsy Lunge', 'Target: Glutes & Adductors', 'https://www.youtube.com/watch?v=cVYnf2CFO9M', 2, 2);
INSERT INTO exercise_muscle (exercise_id, muscle_id, intensity) VALUES (325, 21, 10);
INSERT INTO exercise_muscle (exercise_id, muscle_id, intensity) VALUES (325, 14, 7);
INSERT INTO exercise_muscle (exercise_id, muscle_id, intensity) VALUES (325, 13, 4);

-- Exercise ID: 326
INSERT INTO Exercise (id, title, description, link, equipment_id, training_type_id) VALUES (326, 'DB Bulgarian Split Squat', 'Target: Quads & Glutes', 'https://www.youtube.com/watch?v=vLuhN_glFZ8', 6, 2);
INSERT INTO exercise_muscle (exercise_id, muscle_id, intensity) VALUES (326, 13, 10);
INSERT INTO exercise_muscle (exercise_id, muscle_id, intensity) VALUES (326, 21, 7);

-- Exercise ID: 327
INSERT INTO Exercise (id, title, description, link, equipment_id, training_type_id) VALUES (327, 'DB Calf Raise', 'Target: Calves', 'https://www.youtube.com/watch?v=Xfe4ZqiKvnY', 6, 2);
INSERT INTO exercise_muscle (exercise_id, muscle_id, intensity) VALUES (327, 6, 10);

-- Exercise ID: 328
INSERT INTO Exercise (id, title, description, link, equipment_id, training_type_id) VALUES (328, 'DB Chest Press', 'Target: Chest, Shoulders, Triceps', 'https://www.youtube.com/watch?v=VmB1G1K7v94', 6, 2);
INSERT INTO exercise_muscle (exercise_id, muscle_id, intensity) VALUES (328, 7, 10);
INSERT INTO exercise_muscle (exercise_id, muscle_id, intensity) VALUES (328, 4, 7);
INSERT INTO exercise_muscle (exercise_id, muscle_id, intensity) VALUES (328, 2, 4);

-- Exercise ID: 329
INSERT INTO Exercise (id, title, description, link, equipment_id, training_type_id) VALUES (329, 'DB Cossack Squat', 'Target: Adductors, Glutes, Mobility', 'https://www.youtube.com/watch?v=twXorSeA0BM', 6, 8);
INSERT INTO exercise_muscle (exercise_id, muscle_id, intensity) VALUES (329, 14, 10);
INSERT INTO exercise_muscle (exercise_id, muscle_id, intensity) VALUES (329, 13, 7);
INSERT INTO exercise_muscle (exercise_id, muscle_id, intensity) VALUES (329, 21, 4);

-- Exercise ID: 330
INSERT INTO Exercise (id, title, description, link, equipment_id, training_type_id) VALUES (330, 'DB Deficit Split Squat', 'Target: Glutes & Quads', 'https://www.youtube.com/shorts/IfvwciB5Rwc', 6, 2);
INSERT INTO exercise_muscle (exercise_id, muscle_id, intensity) VALUES (330, 21, 10);
INSERT INTO exercise_muscle (exercise_id, muscle_id, intensity) VALUES (330, 13, 7);
INSERT INTO exercise_muscle (exercise_id, muscle_id, intensity) VALUES (330, 22, 4);

-- Exercise ID: 331
INSERT INTO Exercise (id, title, description, link, equipment_id, training_type_id) VALUES (331, 'DB Farmer Walk', 'Target: Grip, Core, Traps', 'https://www.youtube.com/watch?v=VBobkldqqvk', 6, 6);
INSERT INTO exercise_muscle (exercise_id, muscle_id, intensity) VALUES (331, 10, 10);
INSERT INTO exercise_muscle (exercise_id, muscle_id, intensity) VALUES (331, 9, 7);
INSERT INTO exercise_muscle (exercise_id, muscle_id, intensity) VALUES (331, 11, 4);

-- Exercise ID: 332
INSERT INTO Exercise (id, title, description, link, equipment_id, training_type_id) VALUES (332, 'DB Flat Chest Fly', 'Target: Chest', 'https://www.youtube.com/watch?v=eozdVDA78K0', 6, 2);
INSERT INTO exercise_muscle (exercise_id, muscle_id, intensity) VALUES (332, 7, 10);
INSERT INTO exercise_muscle (exercise_id, muscle_id, intensity) VALUES (332, 2, 7);

-- Exercise ID: 333
INSERT INTO Exercise (id, title, description, link, equipment_id, training_type_id) VALUES (333, 'DB Flat Chest Press', 'Target: Chest, Shoulders, Triceps', 'https://www.youtube.com/watch?v=QsYre__-aro', 6, 2);
INSERT INTO exercise_muscle (exercise_id, muscle_id, intensity) VALUES (333, 7, 10);
INSERT INTO exercise_muscle (exercise_id, muscle_id, intensity) VALUES (333, 4, 7);
INSERT INTO exercise_muscle (exercise_id, muscle_id, intensity) VALUES (333, 2, 4);

-- Exercise ID: 334
INSERT INTO Exercise (id, title, description, link, equipment_id, training_type_id) VALUES (334, 'DB Forward Lunges', 'Target: Quads & Glutes', 'https://www.youtube.com/watch?v=t7DBjlOTwAk', 6, 2);
INSERT INTO exercise_muscle (exercise_id, muscle_id, intensity) VALUES (334, 13, 10);
INSERT INTO exercise_muscle (exercise_id, muscle_id, intensity) VALUES (334, 21, 7);

-- Exercise ID: 335
INSERT INTO Exercise (id, title, description, link, equipment_id, training_type_id) VALUES (335, 'DB Frog Pump', 'Target: Glutes', 'https://www.youtube.com/watch?v=MQ62r2V7Lw8', 6, 2);
INSERT INTO exercise_muscle (exercise_id, muscle_id, intensity) VALUES (335, 21, 10);
INSERT INTO exercise_muscle (exercise_id, muscle_id, intensity) VALUES (335, 14, 7);

-- Exercise ID: 336
INSERT INTO Exercise (id, title, description, link, equipment_id, training_type_id) VALUES (336, 'DB Front Foot Elevated Squat', 'Target: Quads', 'https://www.youtube.com/watch?v=OFmW8Re5Zos', 6, 2);
INSERT INTO exercise_muscle (exercise_id, muscle_id, intensity) VALUES (336, 13, 10);
INSERT INTO exercise_muscle (exercise_id, muscle_id, intensity) VALUES (336, 21, 7);

-- Exercise ID: 337
INSERT INTO Exercise (id, title, description, link, equipment_id, training_type_id) VALUES (337, 'DB Glute Bridge', 'Target: Glutes & Hamstrings', 'https://www.youtube.com/watch?v=FSiUH5jn3Cs', 6, 2);
INSERT INTO exercise_muscle (exercise_id, muscle_id, intensity) VALUES (337, 21, 10);
INSERT INTO exercise_muscle (exercise_id, muscle_id, intensity) VALUES (337, 22, 7);

-- Exercise ID: 338
INSERT INTO Exercise (id, title, description, link, equipment_id, training_type_id) VALUES (338, 'DB Goblet Squat', 'Target: Quads, Glutes, Core', 'https://www.youtube.com/watch?v=Xjo_fY9Hl9w', 6, 2);
INSERT INTO exercise_muscle (exercise_id, muscle_id, intensity) VALUES (338, 13, 10);
INSERT INTO exercise_muscle (exercise_id, muscle_id, intensity) VALUES (338, 21, 7);
INSERT INTO exercise_muscle (exercise_id, muscle_id, intensity) VALUES (338, 11, 4);

-- Exercise ID: 339
INSERT INTO Exercise (id, title, description, link, equipment_id, training_type_id) VALUES (339, 'DB Incline Bench Reverse Fly', 'Target: Rear Delts & Upper Back', 'https://www.youtube.com/watch?v=WCvRMULhUVU', 6, 2);
INSERT INTO exercise_muscle (exercise_id, muscle_id, intensity) VALUES (339, 19, 10);
INSERT INTO exercise_muscle (exercise_id, muscle_id, intensity) VALUES (339, 18, 7);

-- Exercise ID: 340
INSERT INTO Exercise (id, title, description, link, equipment_id, training_type_id) VALUES (340, 'DB Incline Bench Row', 'Target: Back & Lats', 'https://www.youtube.com/watch?v=x6nEPnQ37FQ', 6, 2);
INSERT INTO exercise_muscle (exercise_id, muscle_id, intensity) VALUES (340, 18, 10);
INSERT INTO exercise_muscle (exercise_id, muscle_id, intensity) VALUES (340, 17, 7);
INSERT INTO exercise_muscle (exercise_id, muscle_id, intensity) VALUES (340, 19, 4);

-- Exercise ID: 341
INSERT INTO Exercise (id, title, description, link, equipment_id, training_type_id) VALUES (341, 'DB Incline Bicep Curls', 'Target: Biceps', 'https://www.youtube.com/watch?v=soxrZlIl35U', 6, 2);
INSERT INTO exercise_muscle (exercise_id, muscle_id, intensity) VALUES (341, 8, 10);
INSERT INTO exercise_muscle (exercise_id, muscle_id, intensity) VALUES (341, 10, 7);

-- Exercise ID: 342
INSERT INTO Exercise (id, title, description, link, equipment_id, training_type_id) VALUES (342, 'DB Incline Chest Fly', 'Target: Upper Chest', 'http://v/', 6, 2);
INSERT INTO exercise_muscle (exercise_id, muscle_id, intensity) VALUES (342, 7, 10);
INSERT INTO exercise_muscle (exercise_id, muscle_id, intensity) VALUES (342, 2, 7);

-- Exercise ID: 343
INSERT INTO Exercise (id, title, description, link, equipment_id, training_type_id) VALUES (343, 'DB Incline Chest Press', 'Target: Upper Chest & Shoulders', 'https://www.youtube.com/watch?v=8iPEnn-ltC8', 6, 2);
INSERT INTO exercise_muscle (exercise_id, muscle_id, intensity) VALUES (343, 7, 10);
INSERT INTO exercise_muscle (exercise_id, muscle_id, intensity) VALUES (343, 2, 7);
INSERT INTO exercise_muscle (exercise_id, muscle_id, intensity) VALUES (343, 4, 4);

-- Exercise ID: 344
INSERT INTO Exercise (id, title, description, link, equipment_id, training_type_id) VALUES (344, 'DB Incline Hammer Curls', 'Target: Biceps & Forearms', 'https://www.youtube.com/watch?v=cbRSu8Ws_hs', 6, 2);
INSERT INTO exercise_muscle (exercise_id, muscle_id, intensity) VALUES (344, 8, 10);
INSERT INTO exercise_muscle (exercise_id, muscle_id, intensity) VALUES (344, 10, 7);

-- Exercise ID: 345
INSERT INTO Exercise (id, title, description, link, equipment_id, training_type_id) VALUES (345, 'DB Incline Skull Crushers', 'Target: Triceps', 'https://www.youtube.com/watch?v=osHzkwG-9JE', 6, 2);
INSERT INTO exercise_muscle (exercise_id, muscle_id, intensity) VALUES (345, 4, 10);

-- Exercise ID: 346
INSERT INTO Exercise (id, title, description, link, equipment_id, training_type_id) VALUES (346, 'DB Lateral Lunges', 'Target: Adductors & Glutes', 'http://v/', 6, 2);
INSERT INTO exercise_muscle (exercise_id, muscle_id, intensity) VALUES (346, 14, 10);
INSERT INTO exercise_muscle (exercise_id, muscle_id, intensity) VALUES (346, 21, 7);
INSERT INTO exercise_muscle (exercise_id, muscle_id, intensity) VALUES (346, 13, 4);

-- Exercise ID: 347
INSERT INTO Exercise (id, title, description, link, equipment_id, training_type_id) VALUES (347, 'DB Lateral Raise', 'Target: Side Deltoids', 'https://www.youtube.com/watch?v=XPPfnSEATJA', 6, 2);
INSERT INTO exercise_muscle (exercise_id, muscle_id, intensity) VALUES (347, 3, 10);
INSERT INTO exercise_muscle (exercise_id, muscle_id, intensity) VALUES (347, 9, 7);

-- Exercise ID: 348
INSERT INTO Exercise (id, title, description, link, equipment_id, training_type_id) VALUES (348, 'DB Leg Raises', 'Target: Lower Abs', 'https://www.youtube.com/watch?v=PcDvVDIxvto', 6, 2);
INSERT INTO exercise_muscle (exercise_id, muscle_id, intensity) VALUES (348, 11, 10);
INSERT INTO exercise_muscle (exercise_id, muscle_id, intensity) VALUES (348, 13, 7);

-- Exercise ID: 349
INSERT INTO Exercise (id, title, description, link, equipment_id, training_type_id) VALUES (349, 'DB Pullovers', 'Target: Lats & Chest', 'https://www.youtube.com/watch?v=FK4rHfWKEac', 6, 2);
INSERT INTO exercise_muscle (exercise_id, muscle_id, intensity) VALUES (349, 17, 10);
INSERT INTO exercise_muscle (exercise_id, muscle_id, intensity) VALUES (349, 7, 7);
INSERT INTO exercise_muscle (exercise_id, muscle_id, intensity) VALUES (349, 4, 4);

-- Exercise ID: 350
INSERT INTO Exercise (id, title, description, link, equipment_id, training_type_id) VALUES (350, 'DB RDL', 'Target: Hamstrings & Glutes', 'https://www.youtube.com/watch?v=hQgFixeXdZo', 6, 2);
INSERT INTO exercise_muscle (exercise_id, muscle_id, intensity) VALUES (350, 22, 10);
INSERT INTO exercise_muscle (exercise_id, muscle_id, intensity) VALUES (350, 21, 7);
INSERT INTO exercise_muscle (exercise_id, muscle_id, intensity) VALUES (350, 20, 4);

-- Exercise ID: 351
INSERT INTO Exercise (id, title, description, link, equipment_id, training_type_id) VALUES (351, 'DB Reverse Flys', 'Target: Rear Delts & Upper Back', 'https://www.youtube.com/watch?v=JoCRRZ3zRtI', 6, 2);
INSERT INTO exercise_muscle (exercise_id, muscle_id, intensity) VALUES (351, 19, 10);
INSERT INTO exercise_muscle (exercise_id, muscle_id, intensity) VALUES (351, 18, 7);

-- Exercise ID: 352
INSERT INTO Exercise (id, title, description, link, equipment_id, training_type_id) VALUES (352, 'DB Reverse Lunges', 'Target: Quads & Glutes', 'https://www.youtube.com/watch?v=NfMIqYNNLl8', 6, 2);
INSERT INTO exercise_muscle (exercise_id, muscle_id, intensity) VALUES (352, 13, 10);
INSERT INTO exercise_muscle (exercise_id, muscle_id, intensity) VALUES (352, 21, 7);

-- Exercise ID: 353
INSERT INTO Exercise (id, title, description, link, equipment_id, training_type_id) VALUES (353, 'DB Romanian Deadlift', 'Target: Hamstrings & Glutes', 'https://www.youtube.com/watch?v=hQgFixeXdZo', 6, 2);
INSERT INTO exercise_muscle (exercise_id, muscle_id, intensity) VALUES (353, 22, 10);
INSERT INTO exercise_muscle (exercise_id, muscle_id, intensity) VALUES (353, 21, 7);
INSERT INTO exercise_muscle (exercise_id, muscle_id, intensity) VALUES (353, 20, 4);

-- Exercise ID: 354
INSERT INTO Exercise (id, title, description, link, equipment_id, training_type_id) VALUES (354, 'DB Shrug', 'Target: Trapezius', 'https://www.youtube.com/watch?v=cJRVVxmytaM', 6, 2);
INSERT INTO exercise_muscle (exercise_id, muscle_id, intensity) VALUES (354, 9, 10);
INSERT INTO exercise_muscle (exercise_id, muscle_id, intensity) VALUES (354, 10, 7);

-- Exercise ID: 355
INSERT INTO Exercise (id, title, description, link, equipment_id, training_type_id) VALUES (355, 'DB Side Bends', 'Target: Obliques', 'https://www.youtube.com/watch?v=ARAWlmlgPbg', 6, 2);
INSERT INTO exercise_muscle (exercise_id, muscle_id, intensity) VALUES (355, 12, 10);
INSERT INTO exercise_muscle (exercise_id, muscle_id, intensity) VALUES (355, 11, 4);

-- Exercise ID: 356
INSERT INTO Exercise (id, title, description, link, equipment_id, training_type_id) VALUES (356, 'DB Snatch to Press', 'Target: Full Body Power & Shoulders', 'https://www.youtube.com/watch?v=HHsOcHb_IFI', 6, 11);
INSERT INTO exercise_muscle (exercise_id, muscle_id, intensity) VALUES (356, 21, 10);
INSERT INTO exercise_muscle (exercise_id, muscle_id, intensity) VALUES (356, 2, 7);
INSERT INTO exercise_muscle (exercise_id, muscle_id, intensity) VALUES (356, 13, 4);

-- Exercise ID: 357
INSERT INTO Exercise (id, title, description, link, equipment_id, training_type_id) VALUES (357, 'DB Split Squat', 'Target: Quads & Glutes', 'https://www.youtube.com/watch?v=MEG6blZtUpc', 6, 2);
INSERT INTO exercise_muscle (exercise_id, muscle_id, intensity) VALUES (357, 13, 10);
INSERT INTO exercise_muscle (exercise_id, muscle_id, intensity) VALUES (357, 21, 7);

-- Exercise ID: 358
INSERT INTO Exercise (id, title, description, link, equipment_id, training_type_id) VALUES (358, 'DB Squats', 'Target: Quads & Glutes', 'https://www.youtube.com/watch?v=v_c67Omje48', 6, 2);
INSERT INTO exercise_muscle (exercise_id, muscle_id, intensity) VALUES (358, 13, 10);
INSERT INTO exercise_muscle (exercise_id, muscle_id, intensity) VALUES (358, 21, 7);
INSERT INTO exercise_muscle (exercise_id, muscle_id, intensity) VALUES (358, 22, 4);

-- Exercise ID: 359
INSERT INTO Exercise (id, title, description, link, equipment_id, training_type_id) VALUES (359, 'DB Step-up', 'Target: Quads & Glutes', 'https://www.youtube.com/watch?v=37tVohr7LcE', 6, 2);
INSERT INTO exercise_muscle (exercise_id, muscle_id, intensity) VALUES (359, 13, 10);
INSERT INTO exercise_muscle (exercise_id, muscle_id, intensity) VALUES (359, 21, 7);

-- Exercise ID: 360
INSERT INTO Exercise (id, title, description, link, equipment_id, training_type_id) VALUES (360, 'DB Walking Lunges', 'Target: Quads & Glutes', 'https://www.youtube.com/watch?v=I34ysEkPK7w', 6, 2);
INSERT INTO exercise_muscle (exercise_id, muscle_id, intensity) VALUES (360, 13, 10);
INSERT INTO exercise_muscle (exercise_id, muscle_id, intensity) VALUES (360, 21, 7);

-- Exercise ID: 361
INSERT INTO Exercise (id, title, description, link, equipment_id, training_type_id) VALUES (361, 'Dead Bug', 'Target: Core Stability', 'https://www.youtube.com/watch?v=4XLEnwUr1d8', 2, 1);
INSERT INTO exercise_muscle (exercise_id, muscle_id, intensity) VALUES (361, 11, 10);
INSERT INTO exercise_muscle (exercise_id, muscle_id, intensity) VALUES (361, 12, 7);
INSERT INTO exercise_muscle (exercise_id, muscle_id, intensity) VALUES (361, 20, 4);

-- Exercise ID: 362
INSERT INTO Exercise (id, title, description, link, equipment_id, training_type_id) VALUES (362, 'Deadlift', 'Target: Posterior Chain', 'https://www.youtube.com/watch?v=uBOHgf_xIXU', 12, 7);
INSERT INTO exercise_muscle (exercise_id, muscle_id, intensity) VALUES (362, 22, 10);
INSERT INTO exercise_muscle (exercise_id, muscle_id, intensity) VALUES (362, 21, 7);
INSERT INTO exercise_muscle (exercise_id, muscle_id, intensity) VALUES (362, 20, 4);

-- Exercise ID: 363
INSERT INTO Exercise (id, title, description, link, equipment_id, training_type_id) VALUES (363, 'Deadlift to Clean to Squat', 'Target: Full Body Strength', 'https://www.youtube.com/watch?v=W3u6KQG_S-I', 6, 11);
INSERT INTO exercise_muscle (exercise_id, muscle_id, intensity) VALUES (363, 13, 10);
INSERT INTO exercise_muscle (exercise_id, muscle_id, intensity) VALUES (363, 21, 7);
INSERT INTO exercise_muscle (exercise_id, muscle_id, intensity) VALUES (363, 18, 4);

-- Exercise ID: 364
INSERT INTO Exercise (id, title, description, link, equipment_id, training_type_id) VALUES (364, 'Deadmill Sprint', 'Target: Full Body Power', 'https://www.youtube.com/watch?v=HvHJM-kNiA0', NULL, 10);
INSERT INTO exercise_muscle (exercise_id, muscle_id, intensity) VALUES (364, 13, 10);
INSERT INTO exercise_muscle (exercise_id, muscle_id, intensity) VALUES (364, 21, 7);
INSERT INTO exercise_muscle (exercise_id, muscle_id, intensity) VALUES (364, 6, 4);

-- Exercise ID: 365
INSERT INTO Exercise (id, title, description, link, equipment_id, training_type_id) VALUES (365, 'Decline Push Up', 'Target: Upper Chest & Shoulders', 'https://www.youtube.com/watch?v=SKPab2YC8BE', 2, 4);
INSERT INTO exercise_muscle (exercise_id, muscle_id, intensity) VALUES (365, 7, 10);
INSERT INTO exercise_muscle (exercise_id, muscle_id, intensity) VALUES (365, 2, 7);
INSERT INTO exercise_muscle (exercise_id, muscle_id, intensity) VALUES (365, 4, 4);

-- Exercise ID: 366
INSERT INTO Exercise (id, title, description, link, equipment_id, training_type_id) VALUES (366, 'Deep Neck Flexor Activation and Suboccipital Stretch', 'Target: Neck Mobility & Posture', 'https://www.youtube.com/watch?v=CpwvQT8axGk', 2, 1);
INSERT INTO exercise_muscle (exercise_id, muscle_id, intensity) VALUES (366, 1, 10);

-- Exercise ID: 367
INSERT INTO Exercise (id, title, description, link, equipment_id, training_type_id) VALUES (367, 'Deep Squat to Hamstring Stretch', 'Target: Mobility', 'https://www.youtube.com/watch?v=1oQSsXhbhjk', 2, 8);
INSERT INTO exercise_muscle (exercise_id, muscle_id, intensity) VALUES (367, 22, 10);
INSERT INTO exercise_muscle (exercise_id, muscle_id, intensity) VALUES (367, 21, 7);
INSERT INTO exercise_muscle (exercise_id, muscle_id, intensity) VALUES (367, 20, 4);

-- Exercise ID: 368
INSERT INTO Exercise (id, title, description, link, equipment_id, training_type_id) VALUES (368, 'Deep Squat Wall Stretch', 'Target: Hip & Ankle Mobility', 'https://www.youtube.com/watch?v=zkj-1XvAcKM', 2, 8);
INSERT INTO exercise_muscle (exercise_id, muscle_id, intensity) VALUES (368, 14, 10);
INSERT INTO exercise_muscle (exercise_id, muscle_id, intensity) VALUES (368, 21, 7);
INSERT INTO exercise_muscle (exercise_id, muscle_id, intensity) VALUES (368, 6, 4);

-- Exercise ID: 369
INSERT INTO Exercise (id, title, description, link, equipment_id, training_type_id) VALUES (369, 'Deep Squat with Reach', 'Target: Hip & Thoracic Mobility', 'https://www.youtube.com/watch?v=H-T1kqSpecM', 2, 8);
INSERT INTO exercise_muscle (exercise_id, muscle_id, intensity) VALUES (369, 18, 10);
INSERT INTO exercise_muscle (exercise_id, muscle_id, intensity) VALUES (369, 21, 7);
INSERT INTO exercise_muscle (exercise_id, muscle_id, intensity) VALUES (369, 14, 4);

-- Exercise ID: 370
INSERT INTO Exercise (id, title, description, link, equipment_id, training_type_id) VALUES (370, 'Deficit Reverse Lunge', 'Target: Glutes & Quads', 'https://www.youtube.com/watch?v=W0wZ-yk6WR4', 2, 2);
INSERT INTO exercise_muscle (exercise_id, muscle_id, intensity) VALUES (370, 21, 10);
INSERT INTO exercise_muscle (exercise_id, muscle_id, intensity) VALUES (370, 13, 7);
INSERT INTO exercise_muscle (exercise_id, muscle_id, intensity) VALUES (370, 22, 4);

-- Exercise ID: 371
INSERT INTO Exercise (id, title, description, link, equipment_id, training_type_id) VALUES (371, 'Depth Drop', 'Target: Shock Absorption', 'https://www.youtube.com/watch?v=drLJzzzhepE', 27, 9);
INSERT INTO exercise_muscle (exercise_id, muscle_id, intensity) VALUES (371, 13, 10);
INSERT INTO exercise_muscle (exercise_id, muscle_id, intensity) VALUES (371, 21, 7);
INSERT INTO exercise_muscle (exercise_id, muscle_id, intensity) VALUES (371, 6, 4);

-- Exercise ID: 372
INSERT INTO Exercise (id, title, description, link, equipment_id, training_type_id) VALUES (372, 'Depth Drop To Vertical Jump', 'Target: Plyometric Power', 'https://www.youtube.com/watch?v=q4ogzEdb3sI', 27, 9);
INSERT INTO exercise_muscle (exercise_id, muscle_id, intensity) VALUES (372, 13, 10);
INSERT INTO exercise_muscle (exercise_id, muscle_id, intensity) VALUES (372, 21, 7);
INSERT INTO exercise_muscle (exercise_id, muscle_id, intensity) VALUES (372, 6, 4);

-- Exercise ID: 373
INSERT INTO Exercise (id, title, description, link, equipment_id, training_type_id) VALUES (373, 'Diamond Push-up', 'Target: Triceps', 'https://www.youtube.com/watch?v=J0DnG1_S92I', 2, 4);
INSERT INTO exercise_muscle (exercise_id, muscle_id, intensity) VALUES (373, 4, 10);
INSERT INTO exercise_muscle (exercise_id, muscle_id, intensity) VALUES (373, 7, 7);
INSERT INTO exercise_muscle (exercise_id, muscle_id, intensity) VALUES (373, 2, 4);

-- Exercise ID: 374
INSERT INTO Exercise (id, title, description, link, equipment_id, training_type_id) VALUES (374, 'Dips', 'Target: Triceps & Chest', 'https://www.youtube.com/watch?v=2z8JmcrW-As', 4, 4);
INSERT INTO exercise_muscle (exercise_id, muscle_id, intensity) VALUES (374, 4, 10);
INSERT INTO exercise_muscle (exercise_id, muscle_id, intensity) VALUES (374, 7, 7);
INSERT INTO exercise_muscle (exercise_id, muscle_id, intensity) VALUES (374, 2, 4);

-- Exercise ID: 375
INSERT INTO Exercise (id, title, description, link, equipment_id, training_type_id) VALUES (375, 'Dolphin Push Ups', 'Target: Shoulders & Core', 'https://www.youtube.com/watch?v=V5JLXeNGvhg', 2, 4);
INSERT INTO exercise_muscle (exercise_id, muscle_id, intensity) VALUES (375, 2, 10);
INSERT INTO exercise_muscle (exercise_id, muscle_id, intensity) VALUES (375, 11, 7);
INSERT INTO exercise_muscle (exercise_id, muscle_id, intensity) VALUES (375, 4, 4);

-- Exercise ID: 376
INSERT INTO Exercise (id, title, description, link, equipment_id, training_type_id) VALUES (376, 'Double Bounce High Knees', 'Target: Calves & Quads', 'https://www.youtube.com/watch?v=2XYP2gbYN3A', 2, 9);
INSERT INTO exercise_muscle (exercise_id, muscle_id, intensity) VALUES (376, 6, 10);
INSERT INTO exercise_muscle (exercise_id, muscle_id, intensity) VALUES (376, 13, 7);

-- Exercise ID: 377
INSERT INTO Exercise (id, title, description, link, equipment_id, training_type_id) VALUES (377, 'Double Dumbbell Swings', 'Target: Posterior Chain Power', 'https://www.youtube.com/watch?v=99GbmjyajY8', 6, 10);
INSERT INTO exercise_muscle (exercise_id, muscle_id, intensity) VALUES (377, 21, 10);
INSERT INTO exercise_muscle (exercise_id, muscle_id, intensity) VALUES (377, 22, 7);
INSERT INTO exercise_muscle (exercise_id, muscle_id, intensity) VALUES (377, 20, 4);

-- Exercise ID: 378
INSERT INTO Exercise (id, title, description, link, equipment_id, training_type_id) VALUES (378, 'Double Under', 'Target: Conditioning & Calves', 'https://www.youtube.com/watch?v=82jNjDS19lg', NULL, 9);
INSERT INTO exercise_muscle (exercise_id, muscle_id, intensity) VALUES (378, 6, 10);
INSERT INTO exercise_muscle (exercise_id, muscle_id, intensity) VALUES (378, 10, 7);

-- Exercise ID: 379
INSERT INTO Exercise (id, title, description, link, equipment_id, training_type_id) VALUES (379, 'Downward Dog to World''s Greatest Stretch', 'Target: Full Body Mobility', 'https://www.youtube.com/watch?v=1qQ_ZqdIMzA', 2, 8);
INSERT INTO exercise_muscle (exercise_id, muscle_id, intensity) VALUES (379, 22, 10);
INSERT INTO exercise_muscle (exercise_id, muscle_id, intensity) VALUES (379, 18, 7);
INSERT INTO exercise_muscle (exercise_id, muscle_id, intensity) VALUES (379, 21, 4);

-- Exercise ID: 380
INSERT INTO Exercise (id, title, description, link, equipment_id, training_type_id) VALUES (380, 'Drag Curls', 'Target: Biceps', 'https://www.youtube.com/watch?v=BjBmtkfy1-0', 12, 2);
INSERT INTO exercise_muscle (exercise_id, muscle_id, intensity) VALUES (380, 8, 10);
INSERT INTO exercise_muscle (exercise_id, muscle_id, intensity) VALUES (380, 18, 7);

-- Exercise ID: 381
INSERT INTO Exercise (id, title, description, link, equipment_id, training_type_id) VALUES (381, 'Drop Squats', 'Target: Plyometric Leg Power', 'https://www.youtube.com/watch?v=voJ1KrwEIcc', 2, 9);
INSERT INTO exercise_muscle (exercise_id, muscle_id, intensity) VALUES (381, 13, 10);
INSERT INTO exercise_muscle (exercise_id, muscle_id, intensity) VALUES (381, 21, 7);
INSERT INTO exercise_muscle (exercise_id, muscle_id, intensity) VALUES (381, 15, 4);

-- Exercise ID: 382
INSERT INTO Exercise (id, title, description, link, equipment_id, training_type_id) VALUES (382, 'Duck Walk Forward and Back', 'Target: Hip & Ankle Mobility', 'https://www.youtube.com/watch?v=b_T7odhetFk', 2, 8);
INSERT INTO exercise_muscle (exercise_id, muscle_id, intensity) VALUES (382, 13, 10);
INSERT INTO exercise_muscle (exercise_id, muscle_id, intensity) VALUES (382, 14, 7);
INSERT INTO exercise_muscle (exercise_id, muscle_id, intensity) VALUES (382, 21, 4);

-- Exercise ID: 383
INSERT INTO Exercise (id, title, description, link, equipment_id, training_type_id) VALUES (383, 'Dumbbell 1 1/4 Full Squat', 'Target: Quads', 'https://www.youtube.com/watch?v=dbMvGAbdKkI', 6, 2);
INSERT INTO exercise_muscle (exercise_id, muscle_id, intensity) VALUES (383, 13, 10);
INSERT INTO exercise_muscle (exercise_id, muscle_id, intensity) VALUES (383, 21, 7);
INSERT INTO exercise_muscle (exercise_id, muscle_id, intensity) VALUES (383, 14, 4);

-- Exercise ID: 384
INSERT INTO Exercise (id, title, description, link, equipment_id, training_type_id) VALUES (384, 'Dumbbell Ab Twist', 'Target: Obliques', 'https://www.youtube.com/watch?v=q1MeZPov8eM', 6, 2);
INSERT INTO exercise_muscle (exercise_id, muscle_id, intensity) VALUES (384, 12, 10);
INSERT INTO exercise_muscle (exercise_id, muscle_id, intensity) VALUES (384, 11, 7);

-- Exercise ID: 385
INSERT INTO Exercise (id, title, description, link, equipment_id, training_type_id) VALUES (385, 'Dumbbell Alternate Biceps Curl', 'Target: Biceps', 'https://www.youtube.com/watch?v=sAq_ocpRh_I', 6, 2);
INSERT INTO exercise_muscle (exercise_id, muscle_id, intensity) VALUES (385, 8, 10);
INSERT INTO exercise_muscle (exercise_id, muscle_id, intensity) VALUES (385, 10, 7);

-- Exercise ID: 386
INSERT INTO Exercise (id, title, description, link, equipment_id, training_type_id) VALUES (386, 'Dumbbell Arnold Press', 'Target: Shoulders', 'https://www.youtube.com/watch?v=3ml7BH7mNwQ', 6, 2);
INSERT INTO exercise_muscle (exercise_id, muscle_id, intensity) VALUES (386, 2, 10);
INSERT INTO exercise_muscle (exercise_id, muscle_id, intensity) VALUES (386, 3, 7);
INSERT INTO exercise_muscle (exercise_id, muscle_id, intensity) VALUES (386, 4, 4);

-- Exercise ID: 387
INSERT INTO Exercise (id, title, description, link, equipment_id, training_type_id) VALUES (387, 'Eccentric Chin Up', 'Target: Lats & Biceps (Negative)', 'https://www.youtube.com/watch?v=dJXAuZ5oIVQ', 16, 4);
INSERT INTO exercise_muscle (exercise_id, muscle_id, intensity) VALUES (387, 17, 10);
INSERT INTO exercise_muscle (exercise_id, muscle_id, intensity) VALUES (387, 8, 7);
INSERT INTO exercise_muscle (exercise_id, muscle_id, intensity) VALUES (387, 18, 4);

-- Exercise ID: 388
INSERT INTO Exercise (id, title, description, link, equipment_id, training_type_id) VALUES (388, 'Eccentric Pull-Up', 'Target: Lats & Back (Negative)', 'https://www.youtube.com/watch?v=hvhQXzJ4vhM', 16, 4);
INSERT INTO exercise_muscle (exercise_id, muscle_id, intensity) VALUES (388, 17, 10);
INSERT INTO exercise_muscle (exercise_id, muscle_id, intensity) VALUES (388, 18, 7);
INSERT INTO exercise_muscle (exercise_id, muscle_id, intensity) VALUES (388, 8, 4);

-- Exercise ID: 389
INSERT INTO Exercise (id, title, description, link, equipment_id, training_type_id) VALUES (389, 'Eccentric Push-Up', 'Target: Chest & Triceps (Negative)', 'https://www.youtube.com/watch?v=cK-OUgfhgak', 2, 4);
INSERT INTO exercise_muscle (exercise_id, muscle_id, intensity) VALUES (389, 7, 10);
INSERT INTO exercise_muscle (exercise_id, muscle_id, intensity) VALUES (389, 4, 7);
INSERT INTO exercise_muscle (exercise_id, muscle_id, intensity) VALUES (389, 2, 4);

-- Exercise ID: 390
INSERT INTO Exercise (id, title, description, link, equipment_id, training_type_id) VALUES (390, 'Elbow Plank Bodysaw', 'Target: Core & Lats', 'https://www.youtube.com/watch?v=zD0pIEs0AYo', 2, 1);
INSERT INTO exercise_muscle (exercise_id, muscle_id, intensity) VALUES (390, 11, 10);
INSERT INTO exercise_muscle (exercise_id, muscle_id, intensity) VALUES (390, 17, 7);
INSERT INTO exercise_muscle (exercise_id, muscle_id, intensity) VALUES (390, 2, 4);

-- Exercise ID: 391
INSERT INTO Exercise (id, title, description, link, equipment_id, training_type_id) VALUES (391, 'Elbow Plank Jacks', 'Target: Core & Abductors', 'https://www.youtube.com/watch?v=eP1T4JeQtOQ', 2, 4);
INSERT INTO exercise_muscle (exercise_id, muscle_id, intensity) VALUES (391, 11, 10);
INSERT INTO exercise_muscle (exercise_id, muscle_id, intensity) VALUES (391, 12, 7);
INSERT INTO exercise_muscle (exercise_id, muscle_id, intensity) VALUES (391, 15, 4);

-- Exercise ID: 392
INSERT INTO Exercise (id, title, description, link, equipment_id, training_type_id) VALUES (392, 'Elevated Plank Row', 'Target: Lats & Core Stability', 'https://www.youtube.com/watch?v=QJCbrhH5Exo', 6, 4);
INSERT INTO exercise_muscle (exercise_id, muscle_id, intensity) VALUES (392, 17, 10);
INSERT INTO exercise_muscle (exercise_id, muscle_id, intensity) VALUES (392, 11, 7);
INSERT INTO exercise_muscle (exercise_id, muscle_id, intensity) VALUES (392, 12, 4);

-- Exercise ID: 393
INSERT INTO Exercise (id, title, description, link, equipment_id, training_type_id) VALUES (393, 'Elevated RDL''s', 'Target: Hamstrings & Glutes', 'https://www.youtube.com/watch?v=3Ch7uK-0j9c', 6, 2);
INSERT INTO exercise_muscle (exercise_id, muscle_id, intensity) VALUES (393, 22, 10);
INSERT INTO exercise_muscle (exercise_id, muscle_id, intensity) VALUES (393, 21, 7);
INSERT INTO exercise_muscle (exercise_id, muscle_id, intensity) VALUES (393, 20, 4);

-- Exercise ID: 394
INSERT INTO Exercise (id, title, description, link, equipment_id, training_type_id) VALUES (394, 'Elevated Toes Stiff Leg Deadlift', 'Target: Hamstrings', 'https://www.youtube.com/watch?v=3Ch7uK-0j9c', 6, 2);
INSERT INTO exercise_muscle (exercise_id, muscle_id, intensity) VALUES (394, 22, 10);
INSERT INTO exercise_muscle (exercise_id, muscle_id, intensity) VALUES (394, 21, 7);
INSERT INTO exercise_muscle (exercise_id, muscle_id, intensity) VALUES (394, 20, 4);

-- Exercise ID: 395
INSERT INTO Exercise (id, title, description, link, equipment_id, training_type_id) VALUES (395, 'End Range Cable Lateral Raise', 'Target: Side Deltoids', 'https://www.youtube.com/watch?v=PPrzBWZDOhA', 8, 2);
INSERT INTO exercise_muscle (exercise_id, muscle_id, intensity) VALUES (395, 3, 10);
INSERT INTO exercise_muscle (exercise_id, muscle_id, intensity) VALUES (395, 9, 7);

-- Exercise ID: 396
INSERT INTO Exercise (id, title, description, link, equipment_id, training_type_id) VALUES (396, 'Explosive Pushup', 'Target: Chest Power', 'https://www.youtube.com/watch?v=CvgV8W98inA', 2, 9);
INSERT INTO exercise_muscle (exercise_id, muscle_id, intensity) VALUES (396, 7, 10);
INSERT INTO exercise_muscle (exercise_id, muscle_id, intensity) VALUES (396, 4, 7);
INSERT INTO exercise_muscle (exercise_id, muscle_id, intensity) VALUES (396, 2, 4);

-- Exercise ID: 397
INSERT INTO Exercise (id, title, description, link, equipment_id, training_type_id) VALUES (397, 'External Hip Rotation to Lateral Lunge', 'Target: Hip Mobility', 'https://www.youtube.com/watch?v=-AruuHWQZZQ', 2, 8);
INSERT INTO exercise_muscle (exercise_id, muscle_id, intensity) VALUES (397, 15, 10);
INSERT INTO exercise_muscle (exercise_id, muscle_id, intensity) VALUES (397, 14, 7);
INSERT INTO exercise_muscle (exercise_id, muscle_id, intensity) VALUES (397, 21, 4);

-- Exercise ID: 398
INSERT INTO Exercise (id, title, description, link, equipment_id, training_type_id) VALUES (398, 'EZ Bar Bicep Curls', 'Target: Biceps', 'https://www.youtube.com/watch?v=kwG2ipFRgfo', 18, 2);
INSERT INTO exercise_muscle (exercise_id, muscle_id, intensity) VALUES (398, 8, 10);
INSERT INTO exercise_muscle (exercise_id, muscle_id, intensity) VALUES (398, 10, 7);

-- Exercise ID: 399
INSERT INTO Exercise (id, title, description, link, equipment_id, training_type_id) VALUES (399, 'Face Pulls', 'Target: Rear Delts & Upper Back', 'https://www.youtube.com/watch?v=V8dZ3pyiCBo', 8, 1);
INSERT INTO exercise_muscle (exercise_id, muscle_id, intensity) VALUES (399, 19, 10);
INSERT INTO exercise_muscle (exercise_id, muscle_id, intensity) VALUES (399, 18, 7);
INSERT INTO exercise_muscle (exercise_id, muscle_id, intensity) VALUES (399, 9, 4);

-- Exercise ID: 400
INSERT INTO Exercise (id, title, description, link, equipment_id, training_type_id) VALUES (400, 'Farmers Carry', 'Target: Grip, Core, Traps', 'https://www.youtube.com/watch?v=z7E_YU9P1jU', 15, 6);
INSERT INTO exercise_muscle (exercise_id, muscle_id, intensity) VALUES (400, 10, 10);
INSERT INTO exercise_muscle (exercise_id, muscle_id, intensity) VALUES (400, 9, 7);
INSERT INTO exercise_muscle (exercise_id, muscle_id, intensity) VALUES (400, 11, 4);

-- Exercise ID: 401
INSERT INTO Exercise (id, title, description, link, equipment_id, training_type_id) VALUES (401, 'Feet Elevated Sit Up', 'Target: Upper Abs', 'https://www.youtube.com/watch?v=5vQAMgBJIVk', 2, 2);
INSERT INTO exercise_muscle (exercise_id, muscle_id, intensity) VALUES (401, 11, 10);
INSERT INTO exercise_muscle (exercise_id, muscle_id, intensity) VALUES (401, 13, 7);

-- Exercise ID: 402
INSERT INTO Exercise (id, title, description, link, equipment_id, training_type_id) VALUES (402, 'Feet-Elevated Band-Resisted Pushup', 'Target: Upper Chest & Shoulders', 'https://www.youtube.com/watch?v=joAjlFPXfkM', 21, 2);
INSERT INTO exercise_muscle (exercise_id, muscle_id, intensity) VALUES (402, 7, 10);
INSERT INTO exercise_muscle (exercise_id, muscle_id, intensity) VALUES (402, 2, 7);
INSERT INTO exercise_muscle (exercise_id, muscle_id, intensity) VALUES (402, 4, 4);

-- Exercise ID: 403
INSERT INTO Exercise (id, title, description, link, equipment_id, training_type_id) VALUES (403, 'Feet-Elevated Pushup', 'Target: Upper Chest & Shoulders', 'https://www.youtube.com/watch?v=yvBlNJCvTOI', 2, 4);
INSERT INTO exercise_muscle (exercise_id, muscle_id, intensity) VALUES (403, 7, 10);
INSERT INTO exercise_muscle (exercise_id, muscle_id, intensity) VALUES (403, 2, 7);
INSERT INTO exercise_muscle (exercise_id, muscle_id, intensity) VALUES (403, 4, 4);

-- Exercise ID: 404
INSERT INTO Exercise (id, title, description, link, equipment_id, training_type_id) VALUES (404, 'FHL Calf Raise', 'Target: Calves (Flexor Hallucis Longus)', 'https://www.youtube.com/watch?v=PX-8ExAl13k', 2, 1);
INSERT INTO exercise_muscle (exercise_id, muscle_id, intensity) VALUES (404, 6, 10);

-- Exercise ID: 405
INSERT INTO Exercise (id, title, description, link, equipment_id, training_type_id) VALUES (405, 'Figure 4 Cross Body Bike Crunch', 'Target: Obliques & Abs', 'https://www.youtube.com/watch?v=yzg6OTbsmcQ', 2, 2);
INSERT INTO exercise_muscle (exercise_id, muscle_id, intensity) VALUES (405, 12, 10);
INSERT INTO exercise_muscle (exercise_id, muscle_id, intensity) VALUES (405, 11, 7);
INSERT INTO exercise_muscle (exercise_id, muscle_id, intensity) VALUES (405, 21, 4);

-- Exercise ID: 406
INSERT INTO Exercise (id, title, description, link, equipment_id, training_type_id) VALUES (406, 'Figure 4 Crunch', 'Target: Abs', 'https://www.youtube.com/watch?v=yzg6OTbsmcQ', 2, 2);
INSERT INTO exercise_muscle (exercise_id, muscle_id, intensity) VALUES (406, 11, 10);
INSERT INTO exercise_muscle (exercise_id, muscle_id, intensity) VALUES (406, 12, 7);

-- Exercise ID: 407
INSERT INTO Exercise (id, title, description, link, equipment_id, training_type_id) VALUES (407, 'Figure 4 Hip Ups', 'Target: Glutes', 'https://www.youtube.com/watch?v=Xb5gHdYtHnk', 2, 2);
INSERT INTO exercise_muscle (exercise_id, muscle_id, intensity) VALUES (407, 21, 10);
INSERT INTO exercise_muscle (exercise_id, muscle_id, intensity) VALUES (407, 22, 7);

-- Exercise ID: 408
INSERT INTO Exercise (id, title, description, link, equipment_id, training_type_id) VALUES (408, 'Figure 4 Stretch', 'Target: Glute & Piriformis Stretch', 'https://www.youtube.com/watch?v=Xb5gHdYtHnk', 2, 8);
INSERT INTO exercise_muscle (exercise_id, muscle_id, intensity) VALUES (408, 21, 10);
INSERT INTO exercise_muscle (exercise_id, muscle_id, intensity) VALUES (408, 15, 7);

-- Exercise ID: 409
INSERT INTO Exercise (id, title, description, link, equipment_id, training_type_id) VALUES (409, 'Fire Hydrant Leg Extension', 'Target: Glute Abductors', 'https://www.youtube.com/watch?v=5ZITPjWrUzQ', 2, 2);
INSERT INTO exercise_muscle (exercise_id, muscle_id, intensity) VALUES (409, 15, 10);
INSERT INTO exercise_muscle (exercise_id, muscle_id, intensity) VALUES (409, 21, 7);

-- Exercise ID: 410
INSERT INTO Exercise (id, title, description, link, equipment_id, training_type_id) VALUES (410, 'Fire Hydrants', 'Target: Glute Abductors', 'https://www.youtube.com/watch?v=hjMEwbXhya4', 2, 1);
INSERT INTO exercise_muscle (exercise_id, muscle_id, intensity) VALUES (410, 15, 10);
INSERT INTO exercise_muscle (exercise_id, muscle_id, intensity) VALUES (410, 21, 7);

-- Exercise ID: 411
INSERT INTO Exercise (id, title, description, link, equipment_id, training_type_id) VALUES (411, 'Fire Hydrants to Kick Back', 'Target: Glutes & Abductors', 'https://www.youtube.com/watch?v=tdSOoPOqqDQ', 2, 2);
INSERT INTO exercise_muscle (exercise_id, muscle_id, intensity) VALUES (411, 21, 10);
INSERT INTO exercise_muscle (exercise_id, muscle_id, intensity) VALUES (411, 15, 7);

-- Exercise ID: 412
INSERT INTO Exercise (id, title, description, link, equipment_id, training_type_id) VALUES (412, 'Floor Chest Press Hollow Hold', 'Target: Chest & Abs', 'https://www.youtube.com/watch?v=iYAbu_CLPu8', 6, 2);
INSERT INTO exercise_muscle (exercise_id, muscle_id, intensity) VALUES (412, 11, 10);
INSERT INTO exercise_muscle (exercise_id, muscle_id, intensity) VALUES (412, 7, 7);
INSERT INTO exercise_muscle (exercise_id, muscle_id, intensity) VALUES (412, 4, 4);

-- Exercise ID: 413
INSERT INTO Exercise (id, title, description, link, equipment_id, training_type_id) VALUES (413, 'Floor DB Hip Thrust', 'Target: Glutes', 'https://www.youtube.com/watch?v=QPTcLlOWSl4', 6, 2);
INSERT INTO exercise_muscle (exercise_id, muscle_id, intensity) VALUES (413, 21, 10);
INSERT INTO exercise_muscle (exercise_id, muscle_id, intensity) VALUES (413, 22, 7);

-- Exercise ID: 414
INSERT INTO Exercise (id, title, description, link, equipment_id, training_type_id) VALUES (414, 'Floor Slides', 'Target: Scapular & Shoulder Mobility', 'https://www.youtube.com/watch?v=pAgixGIu7os', 2, 8);
INSERT INTO exercise_muscle (exercise_id, muscle_id, intensity) VALUES (414, 18, 10);
INSERT INTO exercise_muscle (exercise_id, muscle_id, intensity) VALUES (414, 19, 7);

-- Exercise ID: 415
INSERT INTO Exercise (id, title, description, link, equipment_id, training_type_id) VALUES (415, 'Floor Tricep Dips', 'Target: Triceps', 'https://www.youtube.com/watch?v=s3Mppxwx1o8', 2, 4);
INSERT INTO exercise_muscle (exercise_id, muscle_id, intensity) VALUES (415, 4, 10);
INSERT INTO exercise_muscle (exercise_id, muscle_id, intensity) VALUES (415, 7, 7);

-- Exercise ID: 416
INSERT INTO Exercise (id, title, description, link, equipment_id, training_type_id) VALUES (416, 'Foam Roll', 'Target: Myofascial Release', 'https://www.youtube.com/watch?v=Oz4xHEgMaLY', NULL, 8);
INSERT INTO exercise_muscle (exercise_id, muscle_id, intensity) VALUES (416, 20, 10);
INSERT INTO exercise_muscle (exercise_id, muscle_id, intensity) VALUES (416, 17, 7);
INSERT INTO exercise_muscle (exercise_id, muscle_id, intensity) VALUES (416, 13, 4);

-- Exercise ID: 417
INSERT INTO Exercise (id, title, description, link, equipment_id, training_type_id) VALUES (417, 'Forearm Plank', 'Target: Core Endurance', 'https://www.youtube.com/watch?v=mH5Sfb_KTGg', 2, 1);
INSERT INTO exercise_muscle (exercise_id, muscle_id, intensity) VALUES (417, 11, 10);
INSERT INTO exercise_muscle (exercise_id, muscle_id, intensity) VALUES (417, 12, 7);
INSERT INTO exercise_muscle (exercise_id, muscle_id, intensity) VALUES (417, 2, 4);

-- Exercise ID: 418
INSERT INTO Exercise (id, title, description, link, equipment_id, training_type_id) VALUES (418, 'Forearm Wall-Slide at 135 Degrees', 'Target: Scapular Control', 'https://www.youtube.com/watch?v=GovLGiJSXwU', 2, 1);
INSERT INTO exercise_muscle (exercise_id, muscle_id, intensity) VALUES (418, 18, 10);
INSERT INTO exercise_muscle (exercise_id, muscle_id, intensity) VALUES (418, 9, 7);

-- Exercise ID: 419
INSERT INTO Exercise (id, title, description, link, equipment_id, training_type_id) VALUES (419, 'Forward Lunge', 'Target: Quads & Glutes', 'https://www.youtube.com/watch?v=GA-GIqoOWek', 2, 4);
INSERT INTO exercise_muscle (exercise_id, muscle_id, intensity) VALUES (419, 13, 10);
INSERT INTO exercise_muscle (exercise_id, muscle_id, intensity) VALUES (419, 21, 7);

-- Exercise ID: 420
INSERT INTO Exercise (id, title, description, link, equipment_id, training_type_id) VALUES (420, 'Forward Lunge w/ Twist', 'Target: Legs & Obliques', 'https://www.youtube.com/watch?v=btsKBsnysqM', 2, 8);
INSERT INTO exercise_muscle (exercise_id, muscle_id, intensity) VALUES (420, 13, 10);
INSERT INTO exercise_muscle (exercise_id, muscle_id, intensity) VALUES (420, 12, 7);
INSERT INTO exercise_muscle (exercise_id, muscle_id, intensity) VALUES (420, 21, 4);

-- Exercise ID: 421
INSERT INTO Exercise (id, title, description, link, equipment_id, training_type_id) VALUES (421, 'Forward Lunge with Bicep Curl', 'Target: Legs & Biceps', 'https://www.youtube.com/watch?v=fIvr9ootgos', 6, 2);
INSERT INTO exercise_muscle (exercise_id, muscle_id, intensity) VALUES (421, 13, 10);
INSERT INTO exercise_muscle (exercise_id, muscle_id, intensity) VALUES (421, 8, 7);
INSERT INTO exercise_muscle (exercise_id, muscle_id, intensity) VALUES (421, 21, 4);

-- Exercise ID: 422
INSERT INTO Exercise (id, title, description, link, equipment_id, training_type_id) VALUES (422, 'Forward Lunge with Reach', 'Target: Legs & Thoracic Mobility', 'https://www.youtube.com/watch?v=_oVuaQjj4Zw', 2, 8);
INSERT INTO exercise_muscle (exercise_id, muscle_id, intensity) VALUES (422, 13, 10);
INSERT INTO exercise_muscle (exercise_id, muscle_id, intensity) VALUES (422, 18, 7);
INSERT INTO exercise_muscle (exercise_id, muscle_id, intensity) VALUES (422, 21, 4);

-- Exercise ID: 423
INSERT INTO Exercise (id, title, description, link, equipment_id, training_type_id) VALUES (423, 'Forward Lunge with Rotation', 'Target: Legs & Obliques', 'https://www.youtube.com/watch?v=jNXZ3xjzaXI', 2, 8);
INSERT INTO exercise_muscle (exercise_id, muscle_id, intensity) VALUES (423, 13, 10);
INSERT INTO exercise_muscle (exercise_id, muscle_id, intensity) VALUES (423, 12, 7);
INSERT INTO exercise_muscle (exercise_id, muscle_id, intensity) VALUES (423, 21, 4);

-- Exercise ID: 424
INSERT INTO Exercise (id, title, description, link, equipment_id, training_type_id) VALUES (424, 'Forward Lunge With Twist', 'Target: Legs & Obliques', 'https://www.youtube.com/watch?v=btsKBsnysqM', 2, 8);
INSERT INTO exercise_muscle (exercise_id, muscle_id, intensity) VALUES (424, 13, 10);
INSERT INTO exercise_muscle (exercise_id, muscle_id, intensity) VALUES (424, 12, 7);
INSERT INTO exercise_muscle (exercise_id, muscle_id, intensity) VALUES (424, 21, 4);

-- Exercise ID: 425
INSERT INTO Exercise (id, title, description, link, equipment_id, training_type_id) VALUES (425, 'Frankensteins', 'Target: Dynamic Hamstring Stretch', 'https://www.youtube.com/watch?v=47a71yHMN54', 2, 8);
INSERT INTO exercise_muscle (exercise_id, muscle_id, intensity) VALUES (425, 22, 10);
INSERT INTO exercise_muscle (exercise_id, muscle_id, intensity) VALUES (425, 13, 7);

-- Exercise ID: 426
INSERT INTO Exercise (id, title, description, link, equipment_id, training_type_id) VALUES (426, 'French Press', 'Target: Triceps', 'https://www.youtube.com/watch?v=JImgCWzCHwI', 6, 2);
INSERT INTO exercise_muscle (exercise_id, muscle_id, intensity) VALUES (426, 4, 10);

-- Exercise ID: 427
INSERT INTO Exercise (id, title, description, link, equipment_id, training_type_id) VALUES (427, 'Frog Pose', 'Target: Adductor & Hip Stretch', 'https://www.youtube.com/watch?v=bxO4MK8YDWE', 2, 8);
INSERT INTO exercise_muscle (exercise_id, muscle_id, intensity) VALUES (427, 14, 10);

-- Exercise ID: 428
INSERT INTO Exercise (id, title, description, link, equipment_id, training_type_id) VALUES (428, 'Froggers', 'Target: Hip Mobility & Cardio', 'https://www.youtube.com/watch?v=e5O850feKz8', 2, 5);
INSERT INTO exercise_muscle (exercise_id, muscle_id, intensity) VALUES (428, 14, 10);
INSERT INTO exercise_muscle (exercise_id, muscle_id, intensity) VALUES (428, 13, 7);
INSERT INTO exercise_muscle (exercise_id, muscle_id, intensity) VALUES (428, 11, 4);

-- Exercise ID: 429
INSERT INTO Exercise (id, title, description, link, equipment_id, training_type_id) VALUES (429, 'Front and Back Lunge', 'Target: Quads & Glutes', 'https://www.youtube.com/watch?v=AbNA7vXyioM', 2, 4);
INSERT INTO exercise_muscle (exercise_id, muscle_id, intensity) VALUES (429, 13, 10);
INSERT INTO exercise_muscle (exercise_id, muscle_id, intensity) VALUES (429, 21, 7);

-- Exercise ID: 430
INSERT INTO Exercise (id, title, description, link, equipment_id, training_type_id) VALUES (430, 'Front Foot Elevated Lunges', 'Target: Quads', 'https://www.youtube.com/watch?v=UDuoOVkcvjo', 2, 2);
INSERT INTO exercise_muscle (exercise_id, muscle_id, intensity) VALUES (430, 13, 10);
INSERT INTO exercise_muscle (exercise_id, muscle_id, intensity) VALUES (430, 21, 7);

-- Exercise ID: 431
INSERT INTO Exercise (id, title, description, link, equipment_id, training_type_id) VALUES (431, 'Front Lunge to Overhead Triceps', 'Target: Legs, Core, Triceps', 'https://www.youtube.com/watch?v=cRAPFi5n_NE', 6, 2);
INSERT INTO exercise_muscle (exercise_id, muscle_id, intensity) VALUES (431, 13, 10);
INSERT INTO exercise_muscle (exercise_id, muscle_id, intensity) VALUES (431, 4, 7);
INSERT INTO exercise_muscle (exercise_id, muscle_id, intensity) VALUES (431, 21, 4);

-- Exercise ID: 432
INSERT INTO Exercise (id, title, description, link, equipment_id, training_type_id) VALUES (432, 'Front Rack Reverse Lunge', 'Target: Quads, Glutes, Core', 'https://www.youtube.com/watch?v=Vlgh0ImT5oU', 15, 2);
INSERT INTO exercise_muscle (exercise_id, muscle_id, intensity) VALUES (432, 13, 10);
INSERT INTO exercise_muscle (exercise_id, muscle_id, intensity) VALUES (432, 21, 7);
INSERT INTO exercise_muscle (exercise_id, muscle_id, intensity) VALUES (432, 11, 4);

-- Exercise ID: 433
INSERT INTO Exercise (id, title, description, link, equipment_id, training_type_id) VALUES (433, 'Get Up Sit Up', 'Target: Abs & Core', 'https://www.youtube.com/watch?v=rASjuHdAxew', 2, 2);
INSERT INTO exercise_muscle (exercise_id, muscle_id, intensity) VALUES (433, 11, 10);
INSERT INTO exercise_muscle (exercise_id, muscle_id, intensity) VALUES (433, 12, 7);

-- Exercise ID: 434
INSERT INTO Exercise (id, title, description, link, equipment_id, training_type_id) VALUES (434, 'GHD Hip Extension', 'Target: Glutes & Hamstrings', 'https://www.youtube.com/watch?v=ZRar3mBCdmA', NULL, 2);
INSERT INTO exercise_muscle (exercise_id, muscle_id, intensity) VALUES (434, 21, 10);
INSERT INTO exercise_muscle (exercise_id, muscle_id, intensity) VALUES (434, 22, 7);
INSERT INTO exercise_muscle (exercise_id, muscle_id, intensity) VALUES (434, 20, 4);

-- Exercise ID: 435
INSERT INTO Exercise (id, title, description, link, equipment_id, training_type_id) VALUES (435, 'GHD Russian Twist', 'Target: Obliques', 'https://www.youtube.com/shorts/g-hztBRGNKY', NULL, 2);
INSERT INTO exercise_muscle (exercise_id, muscle_id, intensity) VALUES (435, 12, 10);
INSERT INTO exercise_muscle (exercise_id, muscle_id, intensity) VALUES (435, 11, 7);

-- Exercise ID: 436
INSERT INTO Exercise (id, title, description, link, equipment_id, training_type_id) VALUES (436, 'GHD Sit-up', 'Target: Abs & Hip Flexors', 'https://www.youtube.com/watch?v=1pbZ8mX2D1U', NULL, 2);
INSERT INTO exercise_muscle (exercise_id, muscle_id, intensity) VALUES (436, 11, 10);
INSERT INTO exercise_muscle (exercise_id, muscle_id, intensity) VALUES (436, 13, 7);

-- Exercise ID: 437
INSERT INTO Exercise (id, title, description, link, equipment_id, training_type_id) VALUES (437, 'Glute Biased Leg Press', 'Target: Glutes', 'https://www.youtube.com/watch?v=2WzJbFY__lk', NULL, 2);
INSERT INTO exercise_muscle (exercise_id, muscle_id, intensity) VALUES (437, 21, 10);
INSERT INTO exercise_muscle (exercise_id, muscle_id, intensity) VALUES (437, 13, 7);
INSERT INTO exercise_muscle (exercise_id, muscle_id, intensity) VALUES (437, 22, 4);

-- Exercise ID: 438
INSERT INTO Exercise (id, title, description, link, equipment_id, training_type_id) VALUES (438, 'Glute Bridge Chest Press', 'Target: Glutes & Chest', 'https://www.youtube.com/watch?v=A-wKJcMrMRs', 6, 2);
INSERT INTO exercise_muscle (exercise_id, muscle_id, intensity) VALUES (438, 21, 10);
INSERT INTO exercise_muscle (exercise_id, muscle_id, intensity) VALUES (438, 7, 7);
INSERT INTO exercise_muscle (exercise_id, muscle_id, intensity) VALUES (438, 4, 4);

-- Exercise ID: 439
INSERT INTO Exercise (id, title, description, link, equipment_id, training_type_id) VALUES (439, 'Glute Bridge to Sit Up', 'Target: Glutes & Abs', 'https://www.youtube.com/watch?v=cGdhGft43Tc', 2, 2);
INSERT INTO exercise_muscle (exercise_id, muscle_id, intensity) VALUES (439, 21, 10);
INSERT INTO exercise_muscle (exercise_id, muscle_id, intensity) VALUES (439, 11, 7);
INSERT INTO exercise_muscle (exercise_id, muscle_id, intensity) VALUES (439, 22, 4);

-- Exercise ID: 440
INSERT INTO Exercise (id, title, description, link, equipment_id, training_type_id) VALUES (440, 'Glute Bridge with Calf Raises', 'Target: Glutes & Calves', 'https://www.youtube.com/shorts/YDSjolCIDmQ', 2, 2);
INSERT INTO exercise_muscle (exercise_id, muscle_id, intensity) VALUES (440, 21, 10);
INSERT INTO exercise_muscle (exercise_id, muscle_id, intensity) VALUES (440, 6, 7);
INSERT INTO exercise_muscle (exercise_id, muscle_id, intensity) VALUES (440, 22, 4);

-- Exercise ID: 441
INSERT INTO Exercise (id, title, description, link, equipment_id, training_type_id) VALUES (441, 'Glute Focused Hip Extension', 'Target: Glutes', 'https://www.youtube.com/watch?v=w5QPcMaT_DQ', NULL, 2);
INSERT INTO exercise_muscle (exercise_id, muscle_id, intensity) VALUES (441, 21, 10);
INSERT INTO exercise_muscle (exercise_id, muscle_id, intensity) VALUES (441, 20, 7);
INSERT INTO exercise_muscle (exercise_id, muscle_id, intensity) VALUES (441, 22, 4);

-- Exercise ID: 442
INSERT INTO Exercise (id, title, description, link, equipment_id, training_type_id) VALUES (442, 'Glute Focused Hyper Extension', 'Target: Glutes', 'https://www.youtube.com/watch?v=YGUOyLf6BUg', NULL, 2);
INSERT INTO exercise_muscle (exercise_id, muscle_id, intensity) VALUES (442, 21, 10);
INSERT INTO exercise_muscle (exercise_id, muscle_id, intensity) VALUES (442, 20, 7);
INSERT INTO exercise_muscle (exercise_id, muscle_id, intensity) VALUES (442, 22, 4);

-- Exercise ID: 443
INSERT INTO Exercise (id, title, description, link, equipment_id, training_type_id) VALUES (443, 'Glute Focused RDL', 'Target: Glutes & Hamstrings', 'https://www.youtube.com/watch?v=WIcpu2UkJoY', 6, 2);
INSERT INTO exercise_muscle (exercise_id, muscle_id, intensity) VALUES (443, 21, 10);
INSERT INTO exercise_muscle (exercise_id, muscle_id, intensity) VALUES (443, 22, 7);
INSERT INTO exercise_muscle (exercise_id, muscle_id, intensity) VALUES (443, 20, 4);

-- Exercise ID: 444
INSERT INTO Exercise (id, title, description, link, equipment_id, training_type_id) VALUES (444, 'Glute Focused Split Squats', 'Target: Glutes', 'https://www.youtube.com/watch?v=hPlKPjohFS0', 2, 2);
INSERT INTO exercise_muscle (exercise_id, muscle_id, intensity) VALUES (444, 21, 10);
INSERT INTO exercise_muscle (exercise_id, muscle_id, intensity) VALUES (444, 13, 7);

-- Exercise ID: 445
INSERT INTO Exercise (id, title, description, link, equipment_id, training_type_id) VALUES (445, 'Glute-Ham Raise', 'Target: Hamstrings & Glutes', 'https://www.youtube.com/watch?v=m0AIU1dCVkU', NULL, 2);
INSERT INTO exercise_muscle (exercise_id, muscle_id, intensity) VALUES (445, 22, 10);
INSERT INTO exercise_muscle (exercise_id, muscle_id, intensity) VALUES (445, 21, 7);
INSERT INTO exercise_muscle (exercise_id, muscle_id, intensity) VALUES (445, 6, 4);

-- Exercise ID: 446
INSERT INTO Exercise (id, title, description, link, equipment_id, training_type_id) VALUES (446, 'Glute-Iso Step Ups', 'Target: Glutes', 'https://www.youtube.com/shorts/TG3xUe-UvCQ', 27, 2);
INSERT INTO exercise_muscle (exercise_id, muscle_id, intensity) VALUES (446, 21, 10);
INSERT INTO exercise_muscle (exercise_id, muscle_id, intensity) VALUES (446, 13, 7);

-- Exercise ID: 447
INSERT INTO Exercise (id, title, description, link, equipment_id, training_type_id) VALUES (447, 'Goblet 1 1/4 Squat', 'Target: Quads & Glutes', 'https://www.youtube.com/watch?v=N5_xeuCiyJg', 15, 2);
INSERT INTO exercise_muscle (exercise_id, muscle_id, intensity) VALUES (447, 13, 10);
INSERT INTO exercise_muscle (exercise_id, muscle_id, intensity) VALUES (447, 21, 7);
INSERT INTO exercise_muscle (exercise_id, muscle_id, intensity) VALUES (447, 14, 4);

-- Exercise ID: 448
INSERT INTO Exercise (id, title, description, link, equipment_id, training_type_id) VALUES (448, 'Goblet Lateral Lunge', 'Target: Adductors & Glutes', 'https://www.youtube.com/watch?v=6DMXBtF_Spg', 15, 2);
INSERT INTO exercise_muscle (exercise_id, muscle_id, intensity) VALUES (448, 14, 10);
INSERT INTO exercise_muscle (exercise_id, muscle_id, intensity) VALUES (448, 21, 7);
INSERT INTO exercise_muscle (exercise_id, muscle_id, intensity) VALUES (448, 13, 4);

-- Exercise ID: 449
INSERT INTO Exercise (id, title, description, link, equipment_id, training_type_id) VALUES (449, 'Goblet Lateral Lunge Walk', 'Target: Adductors, Glutes, Quads', 'https://www.youtube.com/watch?v=mpNAxv0MgVM', 15, 2);
INSERT INTO exercise_muscle (exercise_id, muscle_id, intensity) VALUES (449, 14, 10);
INSERT INTO exercise_muscle (exercise_id, muscle_id, intensity) VALUES (449, 13, 7);
INSERT INTO exercise_muscle (exercise_id, muscle_id, intensity) VALUES (449, 21, 4);

-- Exercise ID: 450
INSERT INTO Exercise (id, title, description, link, equipment_id, training_type_id) VALUES (450, 'Goblet Lateral Squat', 'Target: Adductors, Glutes, Quads', 'https://www.youtube.com/watch?v=QbzKij6Zx6s', 15, 2);
INSERT INTO exercise_muscle (exercise_id, muscle_id, intensity) VALUES (450, 14, 10);
INSERT INTO exercise_muscle (exercise_id, muscle_id, intensity) VALUES (450, 13, 7);
INSERT INTO exercise_muscle (exercise_id, muscle_id, intensity) VALUES (450, 21, 4);

-- Exercise ID: 451
INSERT INTO Exercise (id, title, description, link, equipment_id, training_type_id) VALUES (451, 'Goblet Lunge', 'Target: Quads & Glutes', 'https://www.youtube.com/watch?v=rTJRq7TASsg', 15, 2);
INSERT INTO exercise_muscle (exercise_id, muscle_id, intensity) VALUES (451, 13, 10);
INSERT INTO exercise_muscle (exercise_id, muscle_id, intensity) VALUES (451, 21, 7);

-- Exercise ID: 452
INSERT INTO Exercise (id, title, description, link, equipment_id, training_type_id) VALUES (452, 'Goblet Reverse Lunge', 'Target: Quads & Glutes', 'https://www.youtube.com/watch?v=rYrbrFS2bqE', 15, 2);
INSERT INTO exercise_muscle (exercise_id, muscle_id, intensity) VALUES (452, 13, 10);
INSERT INTO exercise_muscle (exercise_id, muscle_id, intensity) VALUES (452, 21, 7);

-- Exercise ID: 453
INSERT INTO Exercise (id, title, description, link, equipment_id, training_type_id) VALUES (453, 'Goblet Reverse Lunge With Blocked Knee', 'Target: Quad & Glute Stability', 'https://www.youtube.com/watch?v=ce0okBGTKB4', 15, 1);
INSERT INTO exercise_muscle (exercise_id, muscle_id, intensity) VALUES (453, 13, 10);
INSERT INTO exercise_muscle (exercise_id, muscle_id, intensity) VALUES (453, 21, 7);
INSERT INTO exercise_muscle (exercise_id, muscle_id, intensity) VALUES (453, 11, 4);

-- Exercise ID: 454
INSERT INTO Exercise (id, title, description, link, equipment_id, training_type_id) VALUES (454, 'Goblet Split Squat', 'Target: Quads & Glutes', 'https://www.youtube.com/watch?v=X13mW_a88Hw', 15, 2);
INSERT INTO exercise_muscle (exercise_id, muscle_id, intensity) VALUES (454, 13, 10);
INSERT INTO exercise_muscle (exercise_id, muscle_id, intensity) VALUES (454, 21, 7);

-- Exercise ID: 455
INSERT INTO Exercise (id, title, description, link, equipment_id, training_type_id) VALUES (455, 'Goblet Split Squat With Blocked Knee', 'Target: Quad & Glute Stability', 'https://www.youtube.com/watch?v=jZRiY-jwePk', 15, 1);
INSERT INTO exercise_muscle (exercise_id, muscle_id, intensity) VALUES (455, 13, 10);
INSERT INTO exercise_muscle (exercise_id, muscle_id, intensity) VALUES (455, 21, 7);
INSERT INTO exercise_muscle (exercise_id, muscle_id, intensity) VALUES (455, 11, 4);

-- Exercise ID: 456
INSERT INTO Exercise (id, title, description, link, equipment_id, training_type_id) VALUES (456, 'Goblet Squat', 'Target: Quads, Glutes, Core', 'https://www.youtube.com/watch?v=f-Vf2yRRqOg', 15, 2);
INSERT INTO exercise_muscle (exercise_id, muscle_id, intensity) VALUES (456, 13, 10);
INSERT INTO exercise_muscle (exercise_id, muscle_id, intensity) VALUES (456, 21, 7);
INSERT INTO exercise_muscle (exercise_id, muscle_id, intensity) VALUES (456, 11, 4);

-- Exercise ID: 457
INSERT INTO Exercise (id, title, description, link, equipment_id, training_type_id) VALUES (457, 'Goblet Squat Iso', 'Target: Quads & Glute Endurance', 'https://www.youtube.com/watch?v=qauQpg8QZw4', 15, 6);
INSERT INTO exercise_muscle (exercise_id, muscle_id, intensity) VALUES (457, 13, 10);
INSERT INTO exercise_muscle (exercise_id, muscle_id, intensity) VALUES (457, 21, 7);
INSERT INTO exercise_muscle (exercise_id, muscle_id, intensity) VALUES (457, 11, 4);

-- Exercise ID: 458
INSERT INTO Exercise (id, title, description, link, equipment_id, training_type_id) VALUES (458, 'Goblet Squat to Box', 'Target: Quads & Glutes', 'https://www.youtube.com/watch?v=Aub3U8uHNQk', 15, 2);
INSERT INTO exercise_muscle (exercise_id, muscle_id, intensity) VALUES (458, 13, 10);
INSERT INTO exercise_muscle (exercise_id, muscle_id, intensity) VALUES (458, 21, 7);
INSERT INTO exercise_muscle (exercise_id, muscle_id, intensity) VALUES (458, 22, 4);

-- Exercise ID: 459
INSERT INTO Exercise (id, title, description, link, equipment_id, training_type_id) VALUES (459, 'Goblet Squat With Pulse', 'Target: Quads & Glutes', 'https://www.youtube.com/watch?v=j9R9ISazx9c', 15, 2);
INSERT INTO exercise_muscle (exercise_id, muscle_id, intensity) VALUES (459, 13, 10);
INSERT INTO exercise_muscle (exercise_id, muscle_id, intensity) VALUES (459, 21, 7);
INSERT INTO exercise_muscle (exercise_id, muscle_id, intensity) VALUES (459, 14, 4);

-- Exercise ID: 460
INSERT INTO Exercise (id, title, description, link, equipment_id, training_type_id) VALUES (460, 'Goblet Squats', 'Target: Quads, Glutes, Core', 'https://www.youtube.com/watch?v=3gpXflqRiEc', 15, 2);
INSERT INTO exercise_muscle (exercise_id, muscle_id, intensity) VALUES (460, 13, 10);
INSERT INTO exercise_muscle (exercise_id, muscle_id, intensity) VALUES (460, 21, 7);
INSERT INTO exercise_muscle (exercise_id, muscle_id, intensity) VALUES (460, 11, 4);

-- Exercise ID: 461
INSERT INTO Exercise (id, title, description, link, equipment_id, training_type_id) VALUES (461, 'Goblet Step-Up', 'Target: Quads & Glutes', 'https://www.youtube.com/watch?v=ci0s9-U1S50', 15, 2);
INSERT INTO exercise_muscle (exercise_id, muscle_id, intensity) VALUES (461, 13, 10);
INSERT INTO exercise_muscle (exercise_id, muscle_id, intensity) VALUES (461, 21, 7);

-- Exercise ID: 462
INSERT INTO Exercise (id, title, description, link, equipment_id, training_type_id) VALUES (462, 'Goblet Sumo Squats', 'Target: Adductors & Glutes', 'https://www.youtube.com/watch?v=L6vkuSVCRs4', 15, 2);
INSERT INTO exercise_muscle (exercise_id, muscle_id, intensity) VALUES (462, 14, 10);
INSERT INTO exercise_muscle (exercise_id, muscle_id, intensity) VALUES (462, 21, 7);
INSERT INTO exercise_muscle (exercise_id, muscle_id, intensity) VALUES (462, 13, 4);

-- Exercise ID: 463
INSERT INTO Exercise (id, title, description, link, equipment_id, training_type_id) VALUES (463, 'Good Morning', 'Target: Hamstrings & Lower Back', 'https://www.youtube.com/watch?v=OWz0f3CN_xg', 12, 2);
INSERT INTO exercise_muscle (exercise_id, muscle_id, intensity) VALUES (463, 22, 10);
INSERT INTO exercise_muscle (exercise_id, muscle_id, intensity) VALUES (463, 20, 7);
INSERT INTO exercise_muscle (exercise_id, muscle_id, intensity) VALUES (463, 21, 4);

-- Exercise ID: 464
INSERT INTO Exercise (id, title, description, link, equipment_id, training_type_id) VALUES (464, 'Gorilla Squat', 'Target: Hip Mobility & Quads', 'https://www.youtube.com/watch?v=_e1T17mMggo', 2, 8);
INSERT INTO exercise_muscle (exercise_id, muscle_id, intensity) VALUES (464, 13, 10);
INSERT INTO exercise_muscle (exercise_id, muscle_id, intensity) VALUES (464, 21, 7);
INSERT INTO exercise_muscle (exercise_id, muscle_id, intensity) VALUES (464, 14, 4);

-- Exercise ID: 465
INSERT INTO Exercise (id, title, description, link, equipment_id, training_type_id) VALUES (465, 'Ground to Overhead Press', 'Target: Full Body Power', 'https://www.youtube.com/watch?v=e2aZotdgaZs', 6, 11);
INSERT INTO exercise_muscle (exercise_id, muscle_id, intensity) VALUES (465, 2, 10);
INSERT INTO exercise_muscle (exercise_id, muscle_id, intensity) VALUES (465, 13, 7);
INSERT INTO exercise_muscle (exercise_id, muscle_id, intensity) VALUES (465, 21, 4);

-- Exercise ID: 466
INSERT INTO Exercise (id, title, description, link, equipment_id, training_type_id) VALUES (466, 'Hack Squat', 'Target: Quads', 'https://www.youtube.com/watch?v=0tn5K9NlCfo', NULL, 2);
INSERT INTO exercise_muscle (exercise_id, muscle_id, intensity) VALUES (466, 13, 10);
INSERT INTO exercise_muscle (exercise_id, muscle_id, intensity) VALUES (466, 21, 7);

-- Exercise ID: 467
INSERT INTO Exercise (id, title, description, link, equipment_id, training_type_id) VALUES (467, 'Half Burpees', 'Target: Conditioning', 'https://www.youtube.com/watch?v=8GJoTBRtdbg', 2, 9);
INSERT INTO exercise_muscle (exercise_id, muscle_id, intensity) VALUES (467, 13, 10);
INSERT INTO exercise_muscle (exercise_id, muscle_id, intensity) VALUES (467, 11, 7);
INSERT INTO exercise_muscle (exercise_id, muscle_id, intensity) VALUES (467, 21, 4);

-- Exercise ID: 468
INSERT INTO Exercise (id, title, description, link, equipment_id, training_type_id) VALUES (468, 'Half Dead Bugs', 'Target: Core Stability', 'https://www.youtube.com/watch?v=YFh534WC3uw', 2, 1);
INSERT INTO exercise_muscle (exercise_id, muscle_id, intensity) VALUES (468, 11, 10);
INSERT INTO exercise_muscle (exercise_id, muscle_id, intensity) VALUES (468, 12, 7);

-- Exercise ID: 469
INSERT INTO Exercise (id, title, description, link, equipment_id, training_type_id) VALUES (469, 'Half Get-Up', 'Target: Core, Shoulders, Stability', 'https://www.youtube.com/watch?v=vmYnRlWcEjU', 15, 6);
INSERT INTO exercise_muscle (exercise_id, muscle_id, intensity) VALUES (469, 11, 10);
INSERT INTO exercise_muscle (exercise_id, muscle_id, intensity) VALUES (469, 12, 7);
INSERT INTO exercise_muscle (exercise_id, muscle_id, intensity) VALUES (469, 2, 4);

-- Exercise ID: 470
INSERT INTO Exercise (id, title, description, link, equipment_id, training_type_id) VALUES (470, 'Half Kneeling Face Pulls', 'Target: Rear Delts & Upper Back', 'https://www.youtube.com/watch?v=ieJ9z19OJu4', 8, 1);
INSERT INTO exercise_muscle (exercise_id, muscle_id, intensity) VALUES (470, 19, 10);
INSERT INTO exercise_muscle (exercise_id, muscle_id, intensity) VALUES (470, 18, 7);
INSERT INTO exercise_muscle (exercise_id, muscle_id, intensity) VALUES (470, 9, 4);

-- Exercise ID: 471
INSERT INTO Exercise (id, title, description, link, equipment_id, training_type_id) VALUES (471, 'Half Kneeling Lift and Chop', 'Target: Rotational Core', 'https://www.youtube.com/watch?v=Psmkt_Tft5E', 8, 1);
INSERT INTO exercise_muscle (exercise_id, muscle_id, intensity) VALUES (471, 12, 10);
INSERT INTO exercise_muscle (exercise_id, muscle_id, intensity) VALUES (471, 11, 7);
INSERT INTO exercise_muscle (exercise_id, muscle_id, intensity) VALUES (471, 2, 4);

-- Exercise ID: 472
INSERT INTO Exercise (id, title, description, link, equipment_id, training_type_id) VALUES (472, 'Half Kneeling Overhead Press', 'Target: Shoulders & Core Stability', 'https://www.youtube.com/watch?v=PDWNs3oPCow', 6, 2);
INSERT INTO exercise_muscle (exercise_id, muscle_id, intensity) VALUES (472, 2, 10);
INSERT INTO exercise_muscle (exercise_id, muscle_id, intensity) VALUES (472, 11, 7);
INSERT INTO exercise_muscle (exercise_id, muscle_id, intensity) VALUES (472, 4, 4);

-- Exercise ID: 473
INSERT INTO Exercise (id, title, description, link, equipment_id, training_type_id) VALUES (473, 'Half Kneeling Palloffs', 'Target: Anti-Rotation Core', 'https://www.youtube.com/watch?v=DWwI61I1KAM', 8, 1);
INSERT INTO exercise_muscle (exercise_id, muscle_id, intensity) VALUES (473, 12, 10);
INSERT INTO exercise_muscle (exercise_id, muscle_id, intensity) VALUES (473, 11, 7);

-- Exercise ID: 474
INSERT INTO Exercise (id, title, description, link, equipment_id, training_type_id) VALUES (474, 'Half Kneeling Rows', 'Target: Back & Core Stability', 'https://www.youtube.com/watch?v=Yri2Z-R-Ze4', 8, 2);
INSERT INTO exercise_muscle (exercise_id, muscle_id, intensity) VALUES (474, 17, 10);
INSERT INTO exercise_muscle (exercise_id, muscle_id, intensity) VALUES (474, 18, 7);
INSERT INTO exercise_muscle (exercise_id, muscle_id, intensity) VALUES (474, 11, 4);

-- Exercise ID: 475
INSERT INTO Exercise (id, title, description, link, equipment_id, training_type_id) VALUES (475, 'Half Kneeling Shoulder Press', 'Target: Shoulders & Core Stability', 'https://www.youtube.com/watch?v=8Fx7b81Gs1E', 6, 2);
INSERT INTO exercise_muscle (exercise_id, muscle_id, intensity) VALUES (475, 2, 10);
INSERT INTO exercise_muscle (exercise_id, muscle_id, intensity) VALUES (475, 11, 7);
INSERT INTO exercise_muscle (exercise_id, muscle_id, intensity) VALUES (475, 4, 4);

-- Exercise ID: 476
INSERT INTO Exercise (id, title, description, link, equipment_id, training_type_id) VALUES (476, 'Half Kneeling Single Arm Arnold Press', 'Target: Shoulders & Core', 'https://www.youtube.com/watch?v=V7oyQrIvF0M', 6, 2);
INSERT INTO exercise_muscle (exercise_id, muscle_id, intensity) VALUES (476, 2, 10);
INSERT INTO exercise_muscle (exercise_id, muscle_id, intensity) VALUES (476, 11, 7);
INSERT INTO exercise_muscle (exercise_id, muscle_id, intensity) VALUES (476, 3, 4);

-- Exercise ID: 477
INSERT INTO Exercise (id, title, description, link, equipment_id, training_type_id) VALUES (477, 'Half Kneeling Single-Arm Press', 'Target: Shoulders & Core', 'https://www.youtube.com/watch?v=4DUIY95jX6Y', 6, 2);
INSERT INTO exercise_muscle (exercise_id, muscle_id, intensity) VALUES (477, 2, 10);
INSERT INTO exercise_muscle (exercise_id, muscle_id, intensity) VALUES (477, 11, 7);
INSERT INTO exercise_muscle (exercise_id, muscle_id, intensity) VALUES (477, 4, 4);

-- Exercise ID: 478
INSERT INTO Exercise (id, title, description, link, equipment_id, training_type_id) VALUES (478, 'Half Turkish Get Up', 'Target: Full Body Stability', 'https://www.youtube.com/watch?v=sgd8n917Zv0', 15, 6);
INSERT INTO exercise_muscle (exercise_id, muscle_id, intensity) VALUES (478, 11, 10);
INSERT INTO exercise_muscle (exercise_id, muscle_id, intensity) VALUES (478, 2, 7);
INSERT INTO exercise_muscle (exercise_id, muscle_id, intensity) VALUES (478, 12, 4);

-- Exercise ID: 479
INSERT INTO Exercise (id, title, description, link, equipment_id, training_type_id) VALUES (479, 'Half-Kneeling Band Chop', 'Target: Rotational Core', 'https://www.youtube.com/watch?v=8gu5U580aM8', 21, 1);
INSERT INTO exercise_muscle (exercise_id, muscle_id, intensity) VALUES (479, 12, 10);
INSERT INTO exercise_muscle (exercise_id, muscle_id, intensity) VALUES (479, 11, 7);

-- Exercise ID: 480
INSERT INTO Exercise (id, title, description, link, equipment_id, training_type_id) VALUES (480, 'Half-Kneeling Band Lift', 'Target: Rotational Core', 'https://www.youtube.com/watch?v=qC_QDWMShi8', 21, 1);
INSERT INTO exercise_muscle (exercise_id, muscle_id, intensity) VALUES (480, 12, 10);
INSERT INTO exercise_muscle (exercise_id, muscle_id, intensity) VALUES (480, 11, 7);

-- Exercise ID: 481
INSERT INTO Exercise (id, title, description, link, equipment_id, training_type_id) VALUES (481, 'Half-Kneeling Band Overhead Shrug', 'Target: Traps & Core', 'https://www.youtube.com/watch?v=EevLTIs3yGA', 21, 1);
INSERT INTO exercise_muscle (exercise_id, muscle_id, intensity) VALUES (481, 9, 10);
INSERT INTO exercise_muscle (exercise_id, muscle_id, intensity) VALUES (481, 11, 7);

-- Exercise ID: 482
INSERT INTO Exercise (id, title, description, link, equipment_id, training_type_id) VALUES (482, 'Half-Kneeling Cable Chop', 'Target: Rotational Core', 'https://www.youtube.com/watch?v=c1m8jdJaaS8', 8, 1);
INSERT INTO exercise_muscle (exercise_id, muscle_id, intensity) VALUES (482, 12, 10);
INSERT INTO exercise_muscle (exercise_id, muscle_id, intensity) VALUES (482, 11, 7);

-- Exercise ID: 483
INSERT INTO Exercise (id, title, description, link, equipment_id, training_type_id) VALUES (483, 'Half-Kneeling Cable Lift', 'Target: Rotational Core', 'https://www.youtube.com/watch?v=0d0JDpUupxs', 8, 1);
INSERT INTO exercise_muscle (exercise_id, muscle_id, intensity) VALUES (483, 12, 10);
INSERT INTO exercise_muscle (exercise_id, muscle_id, intensity) VALUES (483, 11, 7);

-- Exercise ID: 484
INSERT INTO Exercise (id, title, description, link, equipment_id, training_type_id) VALUES (484, 'Half-Kneeling Pallof Press Iso', 'Target: Anti-Rotation Core', 'https://www.youtube.com/watch?v=daqBRjkFwk8', 8, 1);
INSERT INTO exercise_muscle (exercise_id, muscle_id, intensity) VALUES (484, 12, 10);
INSERT INTO exercise_muscle (exercise_id, muscle_id, intensity) VALUES (484, 11, 7);

-- Exercise ID: 485
INSERT INTO Exercise (id, title, description, link, equipment_id, training_type_id) VALUES (485, 'Half-Kneeling Pallof Press Iso With Band', 'Target: Anti-Rotation Core', 'https://www.youtube.com/watch?v=CRHHSmoakC8', 21, 1);
INSERT INTO exercise_muscle (exercise_id, muscle_id, intensity) VALUES (485, 12, 10);
INSERT INTO exercise_muscle (exercise_id, muscle_id, intensity) VALUES (485, 11, 7);

-- Exercise ID: 486
INSERT INTO Exercise (id, title, description, link, equipment_id, training_type_id) VALUES (486, 'Hammer Cable Curl', 'Target: Biceps & Forearms', 'https://www.youtube.com/watch?v=vsarApmqJmo', 8, 2);
INSERT INTO exercise_muscle (exercise_id, muscle_id, intensity) VALUES (486, 8, 10);
INSERT INTO exercise_muscle (exercise_id, muscle_id, intensity) VALUES (486, 10, 7);

-- Exercise ID: 487
INSERT INTO Exercise (id, title, description, link, equipment_id, training_type_id) VALUES (487, 'Hammer Curl', 'Target: Biceps & Forearms', 'https://www.youtube.com/watch?v=zC3nLlEvin4', 6, 2);
INSERT INTO exercise_muscle (exercise_id, muscle_id, intensity) VALUES (487, 8, 10);
INSERT INTO exercise_muscle (exercise_id, muscle_id, intensity) VALUES (487, 10, 7);

-- Exercise ID: 488
INSERT INTO Exercise (id, title, description, link, equipment_id, training_type_id) VALUES (488, 'Hammer Curl to Eccentric Suppination', 'Target: Biceps & Forearms', 'https://www.youtube.com/watch?v=vPPVFaKC1M4', 6, 2);
INSERT INTO exercise_muscle (exercise_id, muscle_id, intensity) VALUES (488, 8, 10);
INSERT INTO exercise_muscle (exercise_id, muscle_id, intensity) VALUES (488, 10, 7);

-- Exercise ID: 489
INSERT INTO Exercise (id, title, description, link, equipment_id, training_type_id) VALUES (489, 'Hamstring Curl', 'Target: Hamstrings', 'https://www.youtube.com/watch?v=SbSNUXPRkc8', NULL, 2);
INSERT INTO exercise_muscle (exercise_id, muscle_id, intensity) VALUES (489, 22, 10);
INSERT INTO exercise_muscle (exercise_id, muscle_id, intensity) VALUES (489, 6, 7);

-- Exercise ID: 490
INSERT INTO Exercise (id, title, description, link, equipment_id, training_type_id) VALUES (490, 'Hamstring Mobilization With Lacrosse Ball', 'Target: Hamstring Mobility', 'https://www.youtube.com/watch?v=DHPLhWH1dY4', NULL, 8);
INSERT INTO exercise_muscle (exercise_id, muscle_id, intensity) VALUES (490, 22, 10);

-- Exercise ID: 491
INSERT INTO Exercise (id, title, description, link, equipment_id, training_type_id) VALUES (491, 'Hamstring Scoops', 'Target: Dynamic Hamstring Stretch', 'https://www.youtube.com/watch?v=9VX1IOp_qrw', 2, 8);
INSERT INTO exercise_muscle (exercise_id, muscle_id, intensity) VALUES (491, 22, 10);

-- Exercise ID: 492
INSERT INTO Exercise (id, title, description, link, equipment_id, training_type_id) VALUES (492, 'Hamstring Slides', 'Target: Hamstrings', 'https://www.youtube.com/watch?v=Dlazt593cuA', 14, 4);
INSERT INTO exercise_muscle (exercise_id, muscle_id, intensity) VALUES (492, 22, 10);
INSERT INTO exercise_muscle (exercise_id, muscle_id, intensity) VALUES (492, 21, 7);

-- Exercise ID: 493
INSERT INTO Exercise (id, title, description, link, equipment_id, training_type_id) VALUES (493, 'Hamstring Strap Stretch', 'Target: Hamstring Stretch', 'https://www.youtube.com/watch?v=JR94frfcfWs', 21, 8);
INSERT INTO exercise_muscle (exercise_id, muscle_id, intensity) VALUES (493, 22, 10);

-- Exercise ID: 494
INSERT INTO Exercise (id, title, description, link, equipment_id, training_type_id) VALUES (494, 'Hamstring Switches', 'Target: Hamstring & Hip Flexor Mobility', 'https://www.youtube.com/watch?v=74jrJjbcVd4', 2, 8);
INSERT INTO exercise_muscle (exercise_id, muscle_id, intensity) VALUES (494, 22, 10);
INSERT INTO exercise_muscle (exercise_id, muscle_id, intensity) VALUES (494, 13, 7);

-- Exercise ID: 495
INSERT INTO Exercise (id, title, description, link, equipment_id, training_type_id) VALUES (495, 'Hamstring Walk Outs', 'Target: Hamstrings & Core', 'https://www.youtube.com/watch?v=KUQ1RldKLHk', 2, 4);
INSERT INTO exercise_muscle (exercise_id, muscle_id, intensity) VALUES (495, 22, 10);
INSERT INTO exercise_muscle (exercise_id, muscle_id, intensity) VALUES (495, 11, 7);
INSERT INTO exercise_muscle (exercise_id, muscle_id, intensity) VALUES (495, 21, 4);

-- Exercise ID: 496
INSERT INTO Exercise (id, title, description, link, equipment_id, training_type_id) VALUES (496, 'Hand-Supported V-Ups', 'Target: Abs', 'https://www.youtube.com/watch?v=S1ViGdqyDqM', 2, 2);
INSERT INTO exercise_muscle (exercise_id, muscle_id, intensity) VALUES (496, 11, 10);
INSERT INTO exercise_muscle (exercise_id, muscle_id, intensity) VALUES (496, 12, 7);

-- Exercise ID: 497
INSERT INTO Exercise (id, title, description, link, equipment_id, training_type_id) VALUES (497, 'Hands-Elevated Pushup', 'Target: Chest & Triceps (Easier)', 'https://www.youtube.com/watch?v=N-O6f4U58Dk', 9, 4);
INSERT INTO exercise_muscle (exercise_id, muscle_id, intensity) VALUES (497, 7, 10);
INSERT INTO exercise_muscle (exercise_id, muscle_id, intensity) VALUES (497, 4, 7);
INSERT INTO exercise_muscle (exercise_id, muscle_id, intensity) VALUES (497, 2, 4);

-- Exercise ID: 498
INSERT INTO Exercise (id, title, description, link, equipment_id, training_type_id) VALUES (498, 'Hands-Elevated Pushup to Single-Arm Support', 'Target: Chest, Triceps, Core', 'https://www.youtube.com/watch?v=N-O6f4U58Dk', 9, 4);
INSERT INTO exercise_muscle (exercise_id, muscle_id, intensity) VALUES (498, 7, 10);
INSERT INTO exercise_muscle (exercise_id, muscle_id, intensity) VALUES (498, 11, 7);
INSERT INTO exercise_muscle (exercise_id, muscle_id, intensity) VALUES (498, 4, 4);

-- Exercise ID: 499
INSERT INTO Exercise (id, title, description, link, equipment_id, training_type_id) VALUES (499, 'Hang Clean', 'Target: Full Body Power', 'https://www.youtube.com/watch?v=DaKC_BEN5bk', 12, 11);
INSERT INTO exercise_muscle (exercise_id, muscle_id, intensity) VALUES (499, 13, 10);
INSERT INTO exercise_muscle (exercise_id, muscle_id, intensity) VALUES (499, 21, 7);
INSERT INTO exercise_muscle (exercise_id, muscle_id, intensity) VALUES (499, 9, 4);

-- Exercise ID: 500
INSERT INTO Exercise (id, title, description, link, equipment_id, training_type_id) VALUES (500, 'Hanging Anti-Lateral Flexion', 'Target: Obliques & Grip', 'https://www.youtube.com/watch?v=f95XQj-bUDM', 16, 1);
INSERT INTO exercise_muscle (exercise_id, muscle_id, intensity) VALUES (500, 12, 10);
INSERT INTO exercise_muscle (exercise_id, muscle_id, intensity) VALUES (500, 10, 7);
INSERT INTO exercise_muscle (exercise_id, muscle_id, intensity) VALUES (500, 17, 4);

-- Exercise ID: 501
INSERT INTO Exercise (id, title, description, link, equipment_id, training_type_id) VALUES (501, 'Hanging Around The World Leg Raise', 'Target: Abs & Obliques', 'https://www.youtube.com/watch?v=g52W8r1poZE', 16, 4);
INSERT INTO exercise_muscle (exercise_id, muscle_id, intensity) VALUES (501, 11, 10);
INSERT INTO exercise_muscle (exercise_id, muscle_id, intensity) VALUES (501, 12, 7);
INSERT INTO exercise_muscle (exercise_id, muscle_id, intensity) VALUES (501, 13, 4);

-- Exercise ID: 502
INSERT INTO Exercise (id, title, description, link, equipment_id, training_type_id) VALUES (502, 'Hanging Knee Raise', 'Target: Lower Abs & Hip Flexors', 'https://www.youtube.com/watch?v=RD_A-Z15ER4', 16, 4);
INSERT INTO exercise_muscle (exercise_id, muscle_id, intensity) VALUES (502, 11, 10);
INSERT INTO exercise_muscle (exercise_id, muscle_id, intensity) VALUES (502, 13, 7);
INSERT INTO exercise_muscle (exercise_id, muscle_id, intensity) VALUES (502, 10, 4);

-- Exercise ID: 503
INSERT INTO Exercise (id, title, description, link, equipment_id, training_type_id) VALUES (503, 'Hanging Leg Raise', 'Target: Abs & Hip Flexors', 'https://www.youtube.com/watch?v=RuIdJSVTKO4', 16, 4);
INSERT INTO exercise_muscle (exercise_id, muscle_id, intensity) VALUES (503, 11, 10);
INSERT INTO exercise_muscle (exercise_id, muscle_id, intensity) VALUES (503, 13, 7);
INSERT INTO exercise_muscle (exercise_id, muscle_id, intensity) VALUES (503, 10, 4);

-- Exercise ID: 504
INSERT INTO Exercise (id, title, description, link, equipment_id, training_type_id) VALUES (504, 'Hanging Twisting Leg Raise', 'Target: Obliques & Abs', 'https://www.youtube.com/watch?v=Pr1ieGZ5atk', 16, 4);
INSERT INTO exercise_muscle (exercise_id, muscle_id, intensity) VALUES (504, 12, 10);
INSERT INTO exercise_muscle (exercise_id, muscle_id, intensity) VALUES (504, 11, 7);
INSERT INTO exercise_muscle (exercise_id, muscle_id, intensity) VALUES (504, 13, 4);

-- Exercise ID: 505
INSERT INTO Exercise (id, title, description, link, equipment_id, training_type_id) VALUES (505, 'Hanging Unilateral March', 'Target: Core Stability & Grip', 'https://www.youtube.com/shorts/P_7fVVPvMu4', 16, 1);
INSERT INTO exercise_muscle (exercise_id, muscle_id, intensity) VALUES (505, 11, 10);
INSERT INTO exercise_muscle (exercise_id, muscle_id, intensity) VALUES (505, 12, 7);
INSERT INTO exercise_muscle (exercise_id, muscle_id, intensity) VALUES (505, 10, 4);

-- Exercise ID: 506
INSERT INTO Exercise (id, title, description, link, equipment_id, training_type_id) VALUES (506, 'Heel Elevated Barbell Squat', 'Target: Quads', 'https://www.youtube.com/shorts/gslEzVggur8', 12, 2);
INSERT INTO exercise_muscle (exercise_id, muscle_id, intensity) VALUES (506, 13, 10);
INSERT INTO exercise_muscle (exercise_id, muscle_id, intensity) VALUES (506, 21, 7);
INSERT INTO exercise_muscle (exercise_id, muscle_id, intensity) VALUES (506, 14, 4);

-- Exercise ID: 507
INSERT INTO Exercise (id, title, description, link, equipment_id, training_type_id) VALUES (507, 'Heel Elevated Single Hip Thrust', 'Target: Glutes', 'https://www.youtube.com/watch?v=YZW3mw_h_DA', 9, 2);
INSERT INTO exercise_muscle (exercise_id, muscle_id, intensity) VALUES (507, 21, 10);
INSERT INTO exercise_muscle (exercise_id, muscle_id, intensity) VALUES (507, 22, 7);

-- Exercise ID: 508
INSERT INTO Exercise (id, title, description, link, equipment_id, training_type_id) VALUES (508, 'Heel Elevated Step Down', 'Target: VMO/Quad Strength', 'https://www.youtube.com/watch?v=mJOCFguZRUE', 27, 1);
INSERT INTO exercise_muscle (exercise_id, muscle_id, intensity) VALUES (508, 13, 10);
INSERT INTO exercise_muscle (exercise_id, muscle_id, intensity) VALUES (508, 16, 7);
INSERT INTO exercise_muscle (exercise_id, muscle_id, intensity) VALUES (508, 21, 4);

-- Exercise ID: 509
INSERT INTO Exercise (id, title, description, link, equipment_id, training_type_id) VALUES (509, 'Heel Taps', 'Target: Obliques', 'https://www.youtube.com/watch?v=YIOIGUQMck8', 2, 2);
INSERT INTO exercise_muscle (exercise_id, muscle_id, intensity) VALUES (509, 12, 10);
INSERT INTO exercise_muscle (exercise_id, muscle_id, intensity) VALUES (509, 11, 7);

-- Exercise ID: 510
INSERT INTO Exercise (id, title, description, link, equipment_id, training_type_id) VALUES (510, 'Heels Elevated Close Squat', 'Target: Quads & Adductors', 'http://v/', 2, 2);
INSERT INTO exercise_muscle (exercise_id, muscle_id, intensity) VALUES (510, 13, 10);
INSERT INTO exercise_muscle (exercise_id, muscle_id, intensity) VALUES (510, 14, 7);
INSERT INTO exercise_muscle (exercise_id, muscle_id, intensity) VALUES (510, 21, 4);

-- Exercise ID: 511
INSERT INTO Exercise (id, title, description, link, equipment_id, training_type_id) VALUES (511, 'Heels Elevated Sumo Squat Pulses', 'Target: Adductors & Glutes', 'https://www.youtube.com/watch?v=iPcEh_orLxI', 15, 2);
INSERT INTO exercise_muscle (exercise_id, muscle_id, intensity) VALUES (511, 14, 10);
INSERT INTO exercise_muscle (exercise_id, muscle_id, intensity) VALUES (511, 21, 7);
INSERT INTO exercise_muscle (exercise_id, muscle_id, intensity) VALUES (511, 13, 4);

-- Exercise ID: 512
INSERT INTO Exercise (id, title, description, link, equipment_id, training_type_id) VALUES (512, 'Helms Dumbbell Row', 'Target: Upper Back & Rear Delts', 'https://www.youtube.com/watch?v=G1UsKHGv_MY', 6, 2);
INSERT INTO exercise_muscle (exercise_id, muscle_id, intensity) VALUES (512, 18, 10);
INSERT INTO exercise_muscle (exercise_id, muscle_id, intensity) VALUES (512, 19, 7);
INSERT INTO exercise_muscle (exercise_id, muscle_id, intensity) VALUES (512, 17, 4);

-- Exercise ID: 513
INSERT INTO Exercise (id, title, description, link, equipment_id, training_type_id) VALUES (513, 'High Cable Bicep Curl', 'Target: Biceps (Short Head)', 'https://www.youtube.com/watch?v=0Gef7oq3cv4', 8, 2);
INSERT INTO exercise_muscle (exercise_id, muscle_id, intensity) VALUES (513, 8, 10);
INSERT INTO exercise_muscle (exercise_id, muscle_id, intensity) VALUES (513, 2, 7);

-- Exercise ID: 514
INSERT INTO Exercise (id, title, description, link, equipment_id, training_type_id) VALUES (514, 'High Heel Kicks', 'Target: Dynamic Hamstring Stretch', 'https://www.youtube.com/shorts/TDgeiFy7_ws', 2, 8);
INSERT INTO exercise_muscle (exercise_id, muscle_id, intensity) VALUES (514, 22, 10);

-- Exercise ID: 515
INSERT INTO Exercise (id, title, description, link, equipment_id, training_type_id) VALUES (515, 'High Knees', 'Target: Warm-up & Cardio', 'https://www.youtube.com/watch?v=DfjpR6dzLVg', 2, 9);
INSERT INTO exercise_muscle (exercise_id, muscle_id, intensity) VALUES (515, 13, 10);
INSERT INTO exercise_muscle (exercise_id, muscle_id, intensity) VALUES (515, 11, 7);
INSERT INTO exercise_muscle (exercise_id, muscle_id, intensity) VALUES (515, 6, 4);

-- Exercise ID: 516
INSERT INTO Exercise (id, title, description, link, equipment_id, training_type_id) VALUES (516, 'High Knees Hands Behind Head', 'Target: Cardio & Core', 'https://www.youtube.com/watch?v=UJC-T11TsQU', 2, 9);
INSERT INTO exercise_muscle (exercise_id, muscle_id, intensity) VALUES (516, 13, 10);
INSERT INTO exercise_muscle (exercise_id, muscle_id, intensity) VALUES (516, 11, 7);
INSERT INTO exercise_muscle (exercise_id, muscle_id, intensity) VALUES (516, 12, 4);

-- Exercise ID: 517
INSERT INTO Exercise (id, title, description, link, equipment_id, training_type_id) VALUES (517, 'High Knees with Overhead Extension', 'Target: Full Body Mobility', 'https://www.youtube.com/shorts/OpjDCHAUpaA', 2, 8);
INSERT INTO exercise_muscle (exercise_id, muscle_id, intensity) VALUES (517, 13, 10);
INSERT INTO exercise_muscle (exercise_id, muscle_id, intensity) VALUES (517, 11, 7);
INSERT INTO exercise_muscle (exercise_id, muscle_id, intensity) VALUES (517, 2, 4);

-- Exercise ID: 518
INSERT INTO Exercise (id, title, description, link, equipment_id, training_type_id) VALUES (518, 'High Plank to Downward Dog', 'Target: Shoulder & Hamstring Mobility', 'https://www.youtube.com/watch?v=J8QhVr5Pvig', 2, 8);
INSERT INTO exercise_muscle (exercise_id, muscle_id, intensity) VALUES (518, 22, 10);
INSERT INTO exercise_muscle (exercise_id, muscle_id, intensity) VALUES (518, 11, 7);
INSERT INTO exercise_muscle (exercise_id, muscle_id, intensity) VALUES (518, 2, 4);

-- Exercise ID: 519
INSERT INTO Exercise (id, title, description, link, equipment_id, training_type_id) VALUES (519, 'High Pull', 'Target: Shoulders & Traps', 'https://www.youtube.com/watch?v=_5tJG8iNpkA', 12, 11);
INSERT INTO exercise_muscle (exercise_id, muscle_id, intensity) VALUES (519, 9, 10);
INSERT INTO exercise_muscle (exercise_id, muscle_id, intensity) VALUES (519, 3, 7);
INSERT INTO exercise_muscle (exercise_id, muscle_id, intensity) VALUES (519, 21, 4);

-- Exercise ID: 520
INSERT INTO Exercise (id, title, description, link, equipment_id, training_type_id) VALUES (520, 'Hip Abductions', 'Target: Glute Abductors', 'https://www.youtube.com/watch?v=CP4LjhZ_Wq0', NULL, 2);
INSERT INTO exercise_muscle (exercise_id, muscle_id, intensity) VALUES (520, 15, 10);
INSERT INTO exercise_muscle (exercise_id, muscle_id, intensity) VALUES (520, 21, 7);

-- Exercise ID: 521
INSERT INTO Exercise (id, title, description, link, equipment_id, training_type_id) VALUES (521, 'Hip CARS', 'Target: Hip Mobility', 'https://www.youtube.com/watch?v=wz1GbxKLkKg', 2, 8);
INSERT INTO exercise_muscle (exercise_id, muscle_id, intensity) VALUES (521, 21, 10);
INSERT INTO exercise_muscle (exercise_id, muscle_id, intensity) VALUES (521, 15, 7);
INSERT INTO exercise_muscle (exercise_id, muscle_id, intensity) VALUES (521, 14, 4);

-- Exercise ID: 522
INSERT INTO Exercise (id, title, description, link, equipment_id, training_type_id) VALUES (522, 'Hip Dips', 'Target: Obliques', 'https://www.youtube.com/watch?v=em4gADvYvMA', 2, 2);
INSERT INTO exercise_muscle (exercise_id, muscle_id, intensity) VALUES (522, 12, 10);
INSERT INTO exercise_muscle (exercise_id, muscle_id, intensity) VALUES (522, 11, 7);

-- Exercise ID: 523
INSERT INTO Exercise (id, title, description, link, equipment_id, training_type_id) VALUES (523, 'Hip Extension Machine', 'Target: Glutes & Hamstrings', 'https://www.youtube.com/watch?v=O0YvpJZsf9I', NULL, 2);
INSERT INTO exercise_muscle (exercise_id, muscle_id, intensity) VALUES (523, 21, 10);
INSERT INTO exercise_muscle (exercise_id, muscle_id, intensity) VALUES (523, 22, 7);
INSERT INTO exercise_muscle (exercise_id, muscle_id, intensity) VALUES (523, 20, 4);

-- Exercise ID: 524
INSERT INTO Exercise (id, title, description, link, equipment_id, training_type_id) VALUES (524, 'Hip Flexor Rockers', 'Target: Hip Flexor Mobility', 'https://www.youtube.com/shorts/V4wtvX841A4', 2, 8);
INSERT INTO exercise_muscle (exercise_id, muscle_id, intensity) VALUES (524, 13, 10);
INSERT INTO exercise_muscle (exercise_id, muscle_id, intensity) VALUES (524, 14, 7);

-- Exercise ID: 525
INSERT INTO Exercise (id, title, description, link, equipment_id, training_type_id) VALUES (525, 'Hip Flexor Stretch', 'Target: Hip Flexors & Quads', 'https://www.youtube.com/watch?v=m2UEzPheLYk', 2, 8);
INSERT INTO exercise_muscle (exercise_id, muscle_id, intensity) VALUES (525, 13, 10);

-- Exercise ID: 526
INSERT INTO Exercise (id, title, description, link, equipment_id, training_type_id) VALUES (526, 'Hip Rotation', 'Target: Hip Mobility', 'https://www.youtube.com/watch?v=JwancB1LTsQ', 2, 8);
INSERT INTO exercise_muscle (exercise_id, muscle_id, intensity) VALUES (526, 15, 10);
INSERT INTO exercise_muscle (exercise_id, muscle_id, intensity) VALUES (526, 14, 7);
INSERT INTO exercise_muscle (exercise_id, muscle_id, intensity) VALUES (526, 21, 4);

-- Exercise ID: 527
INSERT INTO Exercise (id, title, description, link, equipment_id, training_type_id) VALUES (527, 'Hip-Belt Squat', 'Target: Quads & Glutes', 'https://www.youtube.com/watch?v=Khcg0HgdpOY', NULL, 2);
INSERT INTO exercise_muscle (exercise_id, muscle_id, intensity) VALUES (527, 13, 10);
INSERT INTO exercise_muscle (exercise_id, muscle_id, intensity) VALUES (527, 21, 7);
INSERT INTO exercise_muscle (exercise_id, muscle_id, intensity) VALUES (527, 14, 4);

-- Exercise ID: 528
INSERT INTO Exercise (id, title, description, link, equipment_id, training_type_id) VALUES (528, 'In and Out Jumps', 'Target: Leg Power & Agility', 'https://www.youtube.com/watch?v=ZAK9zuAmEgM', 2, 9);
INSERT INTO exercise_muscle (exercise_id, muscle_id, intensity) VALUES (528, 13, 10);
INSERT INTO exercise_muscle (exercise_id, muscle_id, intensity) VALUES (528, 15, 7);
INSERT INTO exercise_muscle (exercise_id, muscle_id, intensity) VALUES (528, 14, 4);

-- Exercise ID: 529
INSERT INTO Exercise (id, title, description, link, equipment_id, training_type_id) VALUES (529, 'Inch Worm', 'Target: Full Body Mobility', 'https://www.youtube.com/watch?v=VSp0z7Mp5IU', 2, 8);
INSERT INTO exercise_muscle (exercise_id, muscle_id, intensity) VALUES (529, 22, 10);
INSERT INTO exercise_muscle (exercise_id, muscle_id, intensity) VALUES (529, 11, 7);
INSERT INTO exercise_muscle (exercise_id, muscle_id, intensity) VALUES (529, 2, 4);

-- Exercise ID: 530
INSERT INTO Exercise (id, title, description, link, equipment_id, training_type_id) VALUES (530, 'Jefferson Curls (KB)', 'Target: Spinal & Hamstring Mobility', 'https://www.youtube.com/watch?v=y80cxEpuYEU', 15, 8);
INSERT INTO exercise_muscle (exercise_id, muscle_id, intensity) VALUES (530, 20, 10);
INSERT INTO exercise_muscle (exercise_id, muscle_id, intensity) VALUES (530, 22, 7);

-- Exercise ID: 531
INSERT INTO Exercise (id, title, description, link, equipment_id, training_type_id) VALUES (531, 'Jump Lunge', 'Target: Plyometric Leg Power', 'https://www.youtube.com/watch?v=v4-w6r5bASs', 2, 9);
INSERT INTO exercise_muscle (exercise_id, muscle_id, intensity) VALUES (531, 13, 10);
INSERT INTO exercise_muscle (exercise_id, muscle_id, intensity) VALUES (531, 21, 7);
INSERT INTO exercise_muscle (exercise_id, muscle_id, intensity) VALUES (531, 6, 4);

-- Exercise ID: 532
INSERT INTO Exercise (id, title, description, link, equipment_id, training_type_id) VALUES (532, 'Jump Lunges with Overhead Extension', 'Target: Plyo Power & Shoulder Stability', 'https://www.youtube.com/shorts/a5Hyo_rlWQw', 6, 9);
INSERT INTO exercise_muscle (exercise_id, muscle_id, intensity) VALUES (532, 13, 10);
INSERT INTO exercise_muscle (exercise_id, muscle_id, intensity) VALUES (532, 2, 7);
INSERT INTO exercise_muscle (exercise_id, muscle_id, intensity) VALUES (532, 21, 4);

-- Exercise ID: 533
INSERT INTO Exercise (id, title, description, link, equipment_id, training_type_id) VALUES (533, 'Jump Lunges with Punches', 'Target: Plyo Power & Core', 'https://www.youtube.com/watch?v=NFnCuyJCx7c', 2, 9);
INSERT INTO exercise_muscle (exercise_id, muscle_id, intensity) VALUES (533, 13, 10);
INSERT INTO exercise_muscle (exercise_id, muscle_id, intensity) VALUES (533, 21, 7);
INSERT INTO exercise_muscle (exercise_id, muscle_id, intensity) VALUES (533, 12, 4);

-- Exercise ID: 534
INSERT INTO Exercise (id, title, description, link, equipment_id, training_type_id) VALUES (534, 'Jump Rope', 'Target: Cardio & Calves', 'https://www.youtube.com/watch?v=1-KvIEU03yc', NULL, 9);
INSERT INTO exercise_muscle (exercise_id, muscle_id, intensity) VALUES (534, 6, 10);
INSERT INTO exercise_muscle (exercise_id, muscle_id, intensity) VALUES (534, 10, 7);

-- Exercise ID: 535
INSERT INTO Exercise (id, title, description, link, equipment_id, training_type_id) VALUES (535, 'Jump Squats', 'Target: Plyometric Leg Power', 'https://www.youtube.com/watch?v=A-cFYWvaHr0', 2, 9);
INSERT INTO exercise_muscle (exercise_id, muscle_id, intensity) VALUES (535, 13, 10);
INSERT INTO exercise_muscle (exercise_id, muscle_id, intensity) VALUES (535, 21, 7);
INSERT INTO exercise_muscle (exercise_id, muscle_id, intensity) VALUES (535, 6, 4);

-- Exercise ID: 536
INSERT INTO Exercise (id, title, description, link, equipment_id, training_type_id) VALUES (536, 'Jumping Jacks', 'Target: Full Body Cardio', 'https://www.youtube.com/shorts/yg3KQQn3QWg', 2, 3);
INSERT INTO exercise_muscle (exercise_id, muscle_id, intensity) VALUES (536, 6, 10);
INSERT INTO exercise_muscle (exercise_id, muscle_id, intensity) VALUES (536, 3, 7);
INSERT INTO exercise_muscle (exercise_id, muscle_id, intensity) VALUES (536, 15, 4);

-- Exercise ID: 537
INSERT INTO Exercise (id, title, description, link, equipment_id, training_type_id) VALUES (537, 'KAS Hip Thrust', 'Target: Glute Isolation', 'https://www.youtube.com/watch?v=ylqOMMVUoVw', 12, 2);
INSERT INTO exercise_muscle (exercise_id, muscle_id, intensity) VALUES (537, 21, 10);

-- Exercise ID: 538
INSERT INTO Exercise (id, title, description, link, equipment_id, training_type_id) VALUES (538, 'KB Deadlift', 'Target: Posterior Chain', 'https://www.youtube.com/watch?v=hinonqqzatk', 15, 6);
INSERT INTO exercise_muscle (exercise_id, muscle_id, intensity) VALUES (538, 21, 10);
INSERT INTO exercise_muscle (exercise_id, muscle_id, intensity) VALUES (538, 22, 7);
INSERT INTO exercise_muscle (exercise_id, muscle_id, intensity) VALUES (538, 20, 4);

-- Exercise ID: 539
INSERT INTO Exercise (id, title, description, link, equipment_id, training_type_id) VALUES (539, 'KB Standing March', 'Target: Core Stability', 'https://www.youtube.com/watch?v=2_mHMuzJ4c0', 15, 1);
INSERT INTO exercise_muscle (exercise_id, muscle_id, intensity) VALUES (539, 11, 10);
INSERT INTO exercise_muscle (exercise_id, muscle_id, intensity) VALUES (539, 13, 7);
INSERT INTO exercise_muscle (exercise_id, muscle_id, intensity) VALUES (539, 12, 4);

-- Exercise ID: 540
INSERT INTO Exercise (id, title, description, link, equipment_id, training_type_id) VALUES (540, 'Kettlebell Armbar', 'Target: Shoulder Stability', 'https://www.youtube.com/watch?v=IAByZREjXp8', 15, 1);
INSERT INTO exercise_muscle (exercise_id, muscle_id, intensity) VALUES (540, 2, 10);
INSERT INTO exercise_muscle (exercise_id, muscle_id, intensity) VALUES (540, 12, 7);
INSERT INTO exercise_muscle (exercise_id, muscle_id, intensity) VALUES (540, 7, 4);

-- Exercise ID: 541
INSERT INTO Exercise (id, title, description, link, equipment_id, training_type_id) VALUES (541, 'Kettlebell Deadlift', 'Target: Posterior Chain', 'https://www.youtube.com/watch?v=hinonqqzatk', 15, 6);
INSERT INTO exercise_muscle (exercise_id, muscle_id, intensity) VALUES (541, 21, 10);
INSERT INTO exercise_muscle (exercise_id, muscle_id, intensity) VALUES (541, 22, 7);
INSERT INTO exercise_muscle (exercise_id, muscle_id, intensity) VALUES (541, 20, 4);

-- Exercise ID: 542
INSERT INTO Exercise (id, title, description, link, equipment_id, training_type_id) VALUES (542, 'Kettlebell Swing', 'Target: Posterior Chain Power', 'https://www.youtube.com/watch?v=YSxHifyI6s8', 15, 10);
INSERT INTO exercise_muscle (exercise_id, muscle_id, intensity) VALUES (542, 21, 10);
INSERT INTO exercise_muscle (exercise_id, muscle_id, intensity) VALUES (542, 22, 7);
INSERT INTO exercise_muscle (exercise_id, muscle_id, intensity) VALUES (542, 20, 4);

-- Exercise ID: 543
INSERT INTO Exercise (id, title, description, link, equipment_id, training_type_id) VALUES (543, 'Kettlebell Turkish Get Up', 'Target: Full Body Stability & Strength', 'https://www.youtube.com/watch?v=sgd8n917Zv0', 15, 6);
INSERT INTO exercise_muscle (exercise_id, muscle_id, intensity) VALUES (543, 11, 10);
INSERT INTO exercise_muscle (exercise_id, muscle_id, intensity) VALUES (543, 2, 7);
INSERT INTO exercise_muscle (exercise_id, muscle_id, intensity) VALUES (543, 21, 4);

-- Exercise ID: 544
INSERT INTO Exercise (id, title, description, link, equipment_id, training_type_id) VALUES (544, 'Kick Back to Knees to Elbows Both Ways', 'Target: Glutes & Core', 'https://www.youtube.com/watch?v=07XM_0jFFk8', 2, 2);
INSERT INTO exercise_muscle (exercise_id, muscle_id, intensity) VALUES (544, 21, 10);
INSERT INTO exercise_muscle (exercise_id, muscle_id, intensity) VALUES (544, 12, 7);
INSERT INTO exercise_muscle (exercise_id, muscle_id, intensity) VALUES (544, 11, 4);

-- Exercise ID: 545
INSERT INTO Exercise (id, title, description, link, equipment_id, training_type_id) VALUES (545, 'Knee Hugs', 'Target: Glute & Lower Back Mobility', 'https://www.youtube.com/watch?v=eP0DkztNhcs', 2, 8);
INSERT INTO exercise_muscle (exercise_id, muscle_id, intensity) VALUES (545, 21, 10);
INSERT INTO exercise_muscle (exercise_id, muscle_id, intensity) VALUES (545, 20, 7);

-- Exercise ID: 546
INSERT INTO Exercise (id, title, description, link, equipment_id, training_type_id) VALUES (546, 'Knee Over Toe Lunge', 'Target: VMO/Quad & Ankle Mobility', 'https://www.youtube.com/watch?v=4qPJUSczLcM', 2, 1);
INSERT INTO exercise_muscle (exercise_id, muscle_id, intensity) VALUES (546, 13, 10);
INSERT INTO exercise_muscle (exercise_id, muscle_id, intensity) VALUES (546, 16, 7);
INSERT INTO exercise_muscle (exercise_id, muscle_id, intensity) VALUES (546, 5, 4);

-- Exercise ID: 547
INSERT INTO Exercise (id, title, description, link, equipment_id, training_type_id) VALUES (547, 'Knee to Chest', 'Target: Glute & Lower Back Stretch', 'https://www.youtube.com/watch?v=8kzfXDNq_P8', 2, 8);
INSERT INTO exercise_muscle (exercise_id, muscle_id, intensity) VALUES (547, 21, 10);
INSERT INTO exercise_muscle (exercise_id, muscle_id, intensity) VALUES (547, 20, 7);

-- Exercise ID: 548
INSERT INTO Exercise (id, title, description, link, equipment_id, training_type_id) VALUES (548, 'Kneeling Chops', 'Target: Rotational Core', 'https://www.youtube.com/watch?v=knZfggvbS50', 8, 1);
INSERT INTO exercise_muscle (exercise_id, muscle_id, intensity) VALUES (548, 12, 10);
INSERT INTO exercise_muscle (exercise_id, muscle_id, intensity) VALUES (548, 11, 7);
INSERT INTO exercise_muscle (exercise_id, muscle_id, intensity) VALUES (548, 2, 4);

-- Exercise ID: 549
INSERT INTO Exercise (id, title, description, link, equipment_id, training_type_id) VALUES (549, 'Kneeling Cossack Squat', 'Target: Adductor & Hip Mobility', 'https://www.youtube.com/watch?v=W3Ut2oNJ_o8', 2, 8);
INSERT INTO exercise_muscle (exercise_id, muscle_id, intensity) VALUES (549, 14, 10);
INSERT INTO exercise_muscle (exercise_id, muscle_id, intensity) VALUES (549, 21, 7);

-- Exercise ID: 550
INSERT INTO Exercise (id, title, description, link, equipment_id, training_type_id) VALUES (550, 'Kneeling Lat Pulldown', 'Target: Lats', 'https://www.youtube.com/shorts/kPRdPr0usbY', 8, 2);
INSERT INTO exercise_muscle (exercise_id, muscle_id, intensity) VALUES (550, 17, 10);
INSERT INTO exercise_muscle (exercise_id, muscle_id, intensity) VALUES (550, 18, 7);
INSERT INTO exercise_muscle (exercise_id, muscle_id, intensity) VALUES (550, 8, 4);

-- Exercise ID: 551
INSERT INTO Exercise (id, title, description, link, equipment_id, training_type_id) VALUES (551, 'Kneeling Lift and Chop', 'Target: Rotational Core', 'https://www.youtube.com/watch?v=knZfggvbS50', 8, 1);
INSERT INTO exercise_muscle (exercise_id, muscle_id, intensity) VALUES (551, 12, 10);
INSERT INTO exercise_muscle (exercise_id, muscle_id, intensity) VALUES (551, 11, 7);
INSERT INTO exercise_muscle (exercise_id, muscle_id, intensity) VALUES (551, 2, 4);

-- Exercise ID: 552
INSERT INTO Exercise (id, title, description, link, equipment_id, training_type_id) VALUES (552, 'Kneeling MB Chops', 'Target: Rotational Core', 'https://www.youtube.com/watch?v=kzYkGZ3Aa50', 10, 1);
INSERT INTO exercise_muscle (exercise_id, muscle_id, intensity) VALUES (552, 12, 10);
INSERT INTO exercise_muscle (exercise_id, muscle_id, intensity) VALUES (552, 11, 7);
INSERT INTO exercise_muscle (exercise_id, muscle_id, intensity) VALUES (552, 2, 4);

-- Exercise ID: 553
INSERT INTO Exercise (id, title, description, link, equipment_id, training_type_id) VALUES (553, 'Kneeling Overhead Press', 'Target: Shoulders & Core', 'https://www.youtube.com/watch?v=PDWNs3oPCow', 6, 2);
INSERT INTO exercise_muscle (exercise_id, muscle_id, intensity) VALUES (553, 2, 10);
INSERT INTO exercise_muscle (exercise_id, muscle_id, intensity) VALUES (553, 4, 7);
INSERT INTO exercise_muscle (exercise_id, muscle_id, intensity) VALUES (553, 11, 4);

-- Exercise ID: 554
INSERT INTO Exercise (id, title, description, link, equipment_id, training_type_id) VALUES (554, 'L Sit Circles', 'Target: Abs & Quads', 'https://www.youtube.com/shorts/jgKCDwPyW2U', 2, 4);
INSERT INTO exercise_muscle (exercise_id, muscle_id, intensity) VALUES (554, 11, 10);
INSERT INTO exercise_muscle (exercise_id, muscle_id, intensity) VALUES (554, 13, 7);
INSERT INTO exercise_muscle (exercise_id, muscle_id, intensity) VALUES (554, 12, 4);

-- Exercise ID: 555
INSERT INTO Exercise (id, title, description, link, equipment_id, training_type_id) VALUES (555, 'Landmine Chest Press', 'Target: Chest & Shoulders', 'https://www.youtube.com/watch?v=7i64SnEJv6A', 19, 2);
INSERT INTO exercise_muscle (exercise_id, muscle_id, intensity) VALUES (555, 7, 10);
INSERT INTO exercise_muscle (exercise_id, muscle_id, intensity) VALUES (555, 2, 7);
INSERT INTO exercise_muscle (exercise_id, muscle_id, intensity) VALUES (555, 4, 4);

-- Exercise ID: 556
INSERT INTO Exercise (id, title, description, link, equipment_id, training_type_id) VALUES (556, 'Landmine Goblet Squat', 'Target: Quads & Glutes', 'https://www.youtube.com/watch?v=JrtJYtUqGHE', 19, 2);
INSERT INTO exercise_muscle (exercise_id, muscle_id, intensity) VALUES (556, 13, 10);
INSERT INTO exercise_muscle (exercise_id, muscle_id, intensity) VALUES (556, 21, 7);
INSERT INTO exercise_muscle (exercise_id, muscle_id, intensity) VALUES (556, 11, 4);

-- Exercise ID: 557
INSERT INTO Exercise (id, title, description, link, equipment_id, training_type_id) VALUES (557, 'Landmine Press', 'Target: Shoulders & Chest', 'https://www.youtube.com/watch?v=nDBKgITcI3I', 19, 2);
INSERT INTO exercise_muscle (exercise_id, muscle_id, intensity) VALUES (557, 2, 10);
INSERT INTO exercise_muscle (exercise_id, muscle_id, intensity) VALUES (557, 7, 7);
INSERT INTO exercise_muscle (exercise_id, muscle_id, intensity) VALUES (557, 4, 4);

-- Exercise ID: 558
INSERT INTO Exercise (id, title, description, link, equipment_id, training_type_id) VALUES (558, 'Landmine Rainbow', 'Target: Rotational Core', 'https://www.youtube.com/watch?v=911qQuwcEMQ', 19, 1);
INSERT INTO exercise_muscle (exercise_id, muscle_id, intensity) VALUES (558, 12, 10);
INSERT INTO exercise_muscle (exercise_id, muscle_id, intensity) VALUES (558, 11, 7);
INSERT INTO exercise_muscle (exercise_id, muscle_id, intensity) VALUES (558, 2, 4);

-- Exercise ID: 559
INSERT INTO Exercise (id, title, description, link, equipment_id, training_type_id) VALUES (559, 'Landmine RDL', 'Target: Hamstrings & Glutes', 'https://www.youtube.com/watch?v=cIYWlhhroVA', 19, 2);
INSERT INTO exercise_muscle (exercise_id, muscle_id, intensity) VALUES (559, 22, 10);
INSERT INTO exercise_muscle (exercise_id, muscle_id, intensity) VALUES (559, 21, 7);
INSERT INTO exercise_muscle (exercise_id, muscle_id, intensity) VALUES (559, 20, 4);

-- Exercise ID: 560
INSERT INTO Exercise (id, title, description, link, equipment_id, training_type_id) VALUES (560, 'Landmine Reverse Lunge', 'Target: Quads & Glutes', 'https://www.youtube.com/watch?v=s70b_r3heMs', 19, 2);
INSERT INTO exercise_muscle (exercise_id, muscle_id, intensity) VALUES (560, 13, 10);
INSERT INTO exercise_muscle (exercise_id, muscle_id, intensity) VALUES (560, 21, 7);
INSERT INTO exercise_muscle (exercise_id, muscle_id, intensity) VALUES (560, 22, 4);

-- Exercise ID: 561
INSERT INTO Exercise (id, title, description, link, equipment_id, training_type_id) VALUES (561, 'Landmine Shoulder Press', 'Target: Shoulders & Chest', 'https://www.youtube.com/watch?v=t9GuiNQo1O4', 19, 2);
INSERT INTO exercise_muscle (exercise_id, muscle_id, intensity) VALUES (561, 2, 10);
INSERT INTO exercise_muscle (exercise_id, muscle_id, intensity) VALUES (561, 7, 7);
INSERT INTO exercise_muscle (exercise_id, muscle_id, intensity) VALUES (561, 4, 4);

-- Exercise ID: 562
INSERT INTO Exercise (id, title, description, link, equipment_id, training_type_id) VALUES (562, 'Landmine Thruster', 'Target: Full Body Power', 'https://www.youtube.com/watch?v=jLvQenjeus8', 19, 9);
INSERT INTO exercise_muscle (exercise_id, muscle_id, intensity) VALUES (562, 13, 10);
INSERT INTO exercise_muscle (exercise_id, muscle_id, intensity) VALUES (562, 2, 7);
INSERT INTO exercise_muscle (exercise_id, muscle_id, intensity) VALUES (562, 21, 4);

-- Exercise ID: 563
INSERT INTO Exercise (id, title, description, link, equipment_id, training_type_id) VALUES (563, 'Lat and Triceps Stretch', 'Target: Lats & Triceps Mobility', 'https://www.youtube.com/watch?v=izMQh1NeyRU', 2, 8);
INSERT INTO exercise_muscle (exercise_id, muscle_id, intensity) VALUES (563, 17, 10);
INSERT INTO exercise_muscle (exercise_id, muscle_id, intensity) VALUES (563, 4, 7);

-- Exercise ID: 564
INSERT INTO Exercise (id, title, description, link, equipment_id, training_type_id) VALUES (564, 'Lat Pulldown', 'Target: Lats & Back', 'https://www.youtube.com/watch?v=trZQjegcRx0', 8, 2);
INSERT INTO exercise_muscle (exercise_id, muscle_id, intensity) VALUES (564, 17, 10);
INSERT INTO exercise_muscle (exercise_id, muscle_id, intensity) VALUES (564, 18, 7);
INSERT INTO exercise_muscle (exercise_id, muscle_id, intensity) VALUES (564, 8, 4);

-- Exercise ID: 565
INSERT INTO Exercise (id, title, description, link, equipment_id, training_type_id) VALUES (565, 'Lat Pullover', 'Target: Lats & Chest', 'https://www.youtube.com/watch?v=KjlphIQd3ok', 6, 2);
INSERT INTO exercise_muscle (exercise_id, muscle_id, intensity) VALUES (565, 17, 10);
INSERT INTO exercise_muscle (exercise_id, muscle_id, intensity) VALUES (565, 7, 7);
INSERT INTO exercise_muscle (exercise_id, muscle_id, intensity) VALUES (565, 4, 4);

-- Exercise ID: 566
INSERT INTO Exercise (id, title, description, link, equipment_id, training_type_id) VALUES (566, 'Lat Stretchers', 'Target: Lat Mobility', 'https://www.youtube.com/watch?v=s8nr6LyYmtc', 2, 8);
INSERT INTO exercise_muscle (exercise_id, muscle_id, intensity) VALUES (566, 17, 10);
INSERT INTO exercise_muscle (exercise_id, muscle_id, intensity) VALUES (566, 18, 7);

-- Exercise ID: 567
INSERT INTO Exercise (id, title, description, link, equipment_id, training_type_id) VALUES (567, 'Lateral Lunge', 'Target: Adductors & Glutes', 'https://www.youtube.com/watch?v=gwWv7aPcD88', 2, 2);
INSERT INTO exercise_muscle (exercise_id, muscle_id, intensity) VALUES (567, 14, 10);
INSERT INTO exercise_muscle (exercise_id, muscle_id, intensity) VALUES (567, 21, 7);
INSERT INTO exercise_muscle (exercise_id, muscle_id, intensity) VALUES (567, 13, 4);

-- Exercise ID: 568
INSERT INTO Exercise (id, title, description, link, equipment_id, training_type_id) VALUES (568, 'Lateral Lunges', 'Target: Adductors & Glutes', 'https://www.youtube.com/watch?v=gwWv7aPcD88', 2, 2);
INSERT INTO exercise_muscle (exercise_id, muscle_id, intensity) VALUES (568, 14, 10);
INSERT INTO exercise_muscle (exercise_id, muscle_id, intensity) VALUES (568, 21, 7);
INSERT INTO exercise_muscle (exercise_id, muscle_id, intensity) VALUES (568, 13, 4);

-- Exercise ID: 569
INSERT INTO Exercise (id, title, description, link, equipment_id, training_type_id) VALUES (569, 'Lateral Raises', 'Target: Side Deltoids', 'https://www.youtube.com/watch?v=pOmbQuGeHf8', 6, 2);
INSERT INTO exercise_muscle (exercise_id, muscle_id, intensity) VALUES (569, 3, 10);
INSERT INTO exercise_muscle (exercise_id, muscle_id, intensity) VALUES (569, 9, 7);

-- Exercise ID: 570
INSERT INTO Exercise (id, title, description, link, equipment_id, training_type_id) VALUES (570, 'Lateral to Forward Raise', 'Target: Side & Front Deltoids', 'https://www.youtube.com/watch?v=SqTLytmDy_8', 6, 2);
INSERT INTO exercise_muscle (exercise_id, muscle_id, intensity) VALUES (570, 3, 10);
INSERT INTO exercise_muscle (exercise_id, muscle_id, intensity) VALUES (570, 2, 7);
INSERT INTO exercise_muscle (exercise_id, muscle_id, intensity) VALUES (570, 9, 4);

-- Exercise ID: 571
INSERT INTO Exercise (id, title, description, link, equipment_id, training_type_id) VALUES (571, 'Lateral to Front Raise', 'Target: Side & Front Deltoids', 'https://www.youtube.com/watch?v=DOkR3ce3t40', 6, 2);
INSERT INTO exercise_muscle (exercise_id, muscle_id, intensity) VALUES (571, 3, 10);
INSERT INTO exercise_muscle (exercise_id, muscle_id, intensity) VALUES (571, 2, 7);
INSERT INTO exercise_muscle (exercise_id, muscle_id, intensity) VALUES (571, 9, 4);

-- Exercise ID: 572
INSERT INTO Exercise (id, title, description, link, equipment_id, training_type_id) VALUES (572, 'Lateral Twist (Spinal Lateral Flexion)', 'Target: Oblique Mobility', 'https://www.youtube.com/watch?v=19w3QByPWLk', 2, 8);
INSERT INTO exercise_muscle (exercise_id, muscle_id, intensity) VALUES (572, 12, 10);
INSERT INTO exercise_muscle (exercise_id, muscle_id, intensity) VALUES (572, 20, 7);

-- Exercise ID: 573
INSERT INTO Exercise (id, title, description, link, equipment_id, training_type_id) VALUES (573, 'Leaning Y''s', 'Target: Upper Back & Scapula', 'https://www.youtube.com/watch?v=lq7eLC30b9w', 2, 1);
INSERT INTO exercise_muscle (exercise_id, muscle_id, intensity) VALUES (573, 18, 10);
INSERT INTO exercise_muscle (exercise_id, muscle_id, intensity) VALUES (573, 19, 7);
INSERT INTO exercise_muscle (exercise_id, muscle_id, intensity) VALUES (573, 9, 4);

-- Exercise ID: 574
INSERT INTO Exercise (id, title, description, link, equipment_id, training_type_id) VALUES (574, 'Leg Circles', 'Target: Hip Mobility', 'https://www.youtube.com/watch?v=pg4WRNkbnjA', 2, 8);
INSERT INTO exercise_muscle (exercise_id, muscle_id, intensity) VALUES (574, 13, 10);
INSERT INTO exercise_muscle (exercise_id, muscle_id, intensity) VALUES (574, 15, 7);
INSERT INTO exercise_muscle (exercise_id, muscle_id, intensity) VALUES (574, 14, 4);

-- Exercise ID: 575
INSERT INTO Exercise (id, title, description, link, equipment_id, training_type_id) VALUES (575, 'Leg Drops', 'Target: Lower Abs', 'https://www.youtube.com/watch?v=vO_kTH4nW7Y', 2, 2);
INSERT INTO exercise_muscle (exercise_id, muscle_id, intensity) VALUES (575, 11, 10);
INSERT INTO exercise_muscle (exercise_id, muscle_id, intensity) VALUES (575, 12, 7);

-- Exercise ID: 576
INSERT INTO Exercise (id, title, description, link, equipment_id, training_type_id) VALUES (576, 'Leg Extension', 'Target: Quads', 'https://www.youtube.com/watch?v=YyvSfVjQeL0', NULL, 2);
INSERT INTO exercise_muscle (exercise_id, muscle_id, intensity) VALUES (576, 13, 10);

-- Exercise ID: 577
INSERT INTO Exercise (id, title, description, link, equipment_id, training_type_id) VALUES (577, 'Leg Lift and Touch Through', 'Target: Core & Obliques', 'https://www.youtube.com/shorts/luADNuPcBP8', 2, 4);
INSERT INTO exercise_muscle (exercise_id, muscle_id, intensity) VALUES (577, 11, 10);
INSERT INTO exercise_muscle (exercise_id, muscle_id, intensity) VALUES (577, 12, 7);
INSERT INTO exercise_muscle (exercise_id, muscle_id, intensity) VALUES (577, 13, 4);

-- Exercise ID: 578
INSERT INTO Exercise (id, title, description, link, equipment_id, training_type_id) VALUES (578, 'Leg Lifts', 'Target: Lower Abs', 'https://www.youtube.com/watch?v=JB2oyawG9KI', 2, 2);
INSERT INTO exercise_muscle (exercise_id, muscle_id, intensity) VALUES (578, 11, 10);
INSERT INTO exercise_muscle (exercise_id, muscle_id, intensity) VALUES (578, 13, 7);

-- Exercise ID: 579
INSERT INTO Exercise (id, title, description, link, equipment_id, training_type_id) VALUES (579, 'Leg Lowers', 'Target: Lower Abs', 'https://www.youtube.com/watch?v=3t9egVYlPcM', 2, 2);
INSERT INTO exercise_muscle (exercise_id, muscle_id, intensity) VALUES (579, 11, 10);
INSERT INTO exercise_muscle (exercise_id, muscle_id, intensity) VALUES (579, 13, 7);

-- Exercise ID: 580
INSERT INTO Exercise (id, title, description, link, equipment_id, training_type_id) VALUES (580, 'Leg Press', 'Target: Quads, Glutes, Hamstrings', 'https://www.youtube.com/watch?v=yZmx_Ac3880', NULL, 2);
INSERT INTO exercise_muscle (exercise_id, muscle_id, intensity) VALUES (580, 13, 10);
INSERT INTO exercise_muscle (exercise_id, muscle_id, intensity) VALUES (580, 21, 7);
INSERT INTO exercise_muscle (exercise_id, muscle_id, intensity) VALUES (580, 22, 4);

-- Exercise ID: 581
INSERT INTO Exercise (id, title, description, link, equipment_id, training_type_id) VALUES (581, 'Leg Raises', 'Target: Lower Abs', 'https://www.youtube.com/watch?v=JB2oyawG9KI', 2, 2);
INSERT INTO exercise_muscle (exercise_id, muscle_id, intensity) VALUES (581, 11, 10);
INSERT INTO exercise_muscle (exercise_id, muscle_id, intensity) VALUES (581, 13, 7);

-- Exercise ID: 582
INSERT INTO Exercise (id, title, description, link, equipment_id, training_type_id) VALUES (582, 'Long Lever Glute Bridge', 'Target: Hamstrings & Glutes', 'https://www.youtube.com/shorts/h0CZ3xqgBsM', 2, 2);
INSERT INTO exercise_muscle (exercise_id, muscle_id, intensity) VALUES (582, 22, 10);
INSERT INTO exercise_muscle (exercise_id, muscle_id, intensity) VALUES (582, 21, 7);

-- Exercise ID: 583
INSERT INTO Exercise (id, title, description, link, equipment_id, training_type_id) VALUES (583, 'Long-Lever Plank', 'Target: Core & Lats', 'https://www.youtube.com/watch?v=XM96fe7jAXE', 2, 1);
INSERT INTO exercise_muscle (exercise_id, muscle_id, intensity) VALUES (583, 11, 10);
INSERT INTO exercise_muscle (exercise_id, muscle_id, intensity) VALUES (583, 17, 7);
INSERT INTO exercise_muscle (exercise_id, muscle_id, intensity) VALUES (583, 12, 4);

-- Exercise ID: 584
INSERT INTO Exercise (id, title, description, link, equipment_id, training_type_id) VALUES (584, 'Low Plank Hip Twists', 'Target: Obliques', 'https://www.youtube.com/watch?v=-v2xs6a2JnM', 2, 2);
INSERT INTO exercise_muscle (exercise_id, muscle_id, intensity) VALUES (584, 12, 10);
INSERT INTO exercise_muscle (exercise_id, muscle_id, intensity) VALUES (584, 11, 7);

-- Exercise ID: 585
INSERT INTO Exercise (id, title, description, link, equipment_id, training_type_id) VALUES (585, 'Lying Alternating Tricep Extensions', 'Target: Triceps', 'https://www.youtube.com/watch?v=OOQiQ_mYWoo', 6, 2);
INSERT INTO exercise_muscle (exercise_id, muscle_id, intensity) VALUES (585, 4, 10);

-- Exercise ID: 586
INSERT INTO Exercise (id, title, description, link, equipment_id, training_type_id) VALUES (586, 'Lying Dumbbell Triceps Extension', 'Target: Triceps', 'https://www.youtube.com/watch?v=MO_03opCc0g', 6, 2);
INSERT INTO exercise_muscle (exercise_id, muscle_id, intensity) VALUES (586, 4, 10);

-- Exercise ID: 587
INSERT INTO Exercise (id, title, description, link, equipment_id, training_type_id) VALUES (587, 'Lying Hamstring Curl', 'Target: Hamstrings', 'https://www.youtube.com/watch?v=vl5nUdE9mWM', NULL, 2);
INSERT INTO exercise_muscle (exercise_id, muscle_id, intensity) VALUES (587, 22, 10);
INSERT INTO exercise_muscle (exercise_id, muscle_id, intensity) VALUES (587, 6, 7);

-- Exercise ID: 588
INSERT INTO Exercise (id, title, description, link, equipment_id, training_type_id) VALUES (588, 'Machine Ab Crunch', 'Target: Abs', 'https://www.youtube.com/watch?v=fuPFq2EYswE', NULL, 2);
INSERT INTO exercise_muscle (exercise_id, muscle_id, intensity) VALUES (588, 11, 10);

-- Exercise ID: 589
INSERT INTO Exercise (id, title, description, link, equipment_id, training_type_id) VALUES (589, 'Machine Assisted Chin-Up', 'Target: Lats & Biceps', 'https://www.youtube.com/watch?v=y00_rMYk1Oc', NULL, 2);
INSERT INTO exercise_muscle (exercise_id, muscle_id, intensity) VALUES (589, 17, 10);
INSERT INTO exercise_muscle (exercise_id, muscle_id, intensity) VALUES (589, 8, 7);
INSERT INTO exercise_muscle (exercise_id, muscle_id, intensity) VALUES (589, 18, 4);

-- Exercise ID: 590
INSERT INTO Exercise (id, title, description, link, equipment_id, training_type_id) VALUES (590, 'Machine Assisted Dip (Chest Variation)', 'Target: Chest & Triceps', 'https://www.youtube.com/watch?v=yN6Q1UI_xkE', NULL, 2);
INSERT INTO exercise_muscle (exercise_id, muscle_id, intensity) VALUES (590, 7, 10);
INSERT INTO exercise_muscle (exercise_id, muscle_id, intensity) VALUES (590, 4, 7);
INSERT INTO exercise_muscle (exercise_id, muscle_id, intensity) VALUES (590, 2, 4);

-- Exercise ID: 591
INSERT INTO Exercise (id, title, description, link, equipment_id, training_type_id) VALUES (591, 'Machine Assisted Dips (Triceps Variation)', 'Target: Triceps & Chest', 'https://www.youtube.com/watch?v=OjQvJt4sn2Y', NULL, 2);
INSERT INTO exercise_muscle (exercise_id, muscle_id, intensity) VALUES (591, 4, 10);
INSERT INTO exercise_muscle (exercise_id, muscle_id, intensity) VALUES (591, 7, 7);
INSERT INTO exercise_muscle (exercise_id, muscle_id, intensity) VALUES (591, 2, 4);

-- Exercise ID: 592
INSERT INTO Exercise (id, title, description, link, equipment_id, training_type_id) VALUES (592, 'Machine Assisted Pull-Up', 'Target: Lats & Back', 'https://www.youtube.com/watch?v=wFj808u2HWU', NULL, 2);
INSERT INTO exercise_muscle (exercise_id, muscle_id, intensity) VALUES (592, 17, 10);
INSERT INTO exercise_muscle (exercise_id, muscle_id, intensity) VALUES (592, 18, 7);
INSERT INTO exercise_muscle (exercise_id, muscle_id, intensity) VALUES (592, 8, 4);

-- Exercise ID: 593
INSERT INTO Exercise (id, title, description, link, equipment_id, training_type_id) VALUES (593, 'Machine Back Cable Row', 'Target: Back & Lats', 'https://www.youtube.com/watch?v=GZbfZ033f74', NULL, 2);
INSERT INTO exercise_muscle (exercise_id, muscle_id, intensity) VALUES (593, 17, 10);
INSERT INTO exercise_muscle (exercise_id, muscle_id, intensity) VALUES (593, 18, 7);
INSERT INTO exercise_muscle (exercise_id, muscle_id, intensity) VALUES (593, 8, 4);

-- Exercise ID: 594
INSERT INTO Exercise (id, title, description, link, equipment_id, training_type_id) VALUES (594, 'Machine Biceps Curl', 'Target: Biceps', 'https://www.youtube.com/watch?v=Ja6ZlIDONac', NULL, 2);
INSERT INTO exercise_muscle (exercise_id, muscle_id, intensity) VALUES (594, 8, 10);

-- Exercise ID: 595
INSERT INTO Exercise (id, title, description, link, equipment_id, training_type_id) VALUES (595, 'Machine Butterfly', 'Target: Chest', 'https://www.youtube.com/watch?v=WpVu2duHnQE', NULL, 2);
INSERT INTO exercise_muscle (exercise_id, muscle_id, intensity) VALUES (595, 7, 10);
INSERT INTO exercise_muscle (exercise_id, muscle_id, intensity) VALUES (595, 2, 7);

-- Exercise ID: 596
INSERT INTO Exercise (id, title, description, link, equipment_id, training_type_id) VALUES (596, 'Machine Chest Press', 'Target: Chest & Triceps', 'https://www.youtube.com/watch?v=NwzUje3z0qY', NULL, 2);
INSERT INTO exercise_muscle (exercise_id, muscle_id, intensity) VALUES (596, 7, 10);
INSERT INTO exercise_muscle (exercise_id, muscle_id, intensity) VALUES (596, 4, 7);
INSERT INTO exercise_muscle (exercise_id, muscle_id, intensity) VALUES (596, 2, 4);

-- Exercise ID: 597
INSERT INTO Exercise (id, title, description, link, equipment_id, training_type_id) VALUES (597, 'Machine Chest Supported Row', 'Target: Back & Lats', 'https://www.youtube.com/watch?v=_FrrYQxA6kc', NULL, 2);
INSERT INTO exercise_muscle (exercise_id, muscle_id, intensity) VALUES (597, 18, 10);
INSERT INTO exercise_muscle (exercise_id, muscle_id, intensity) VALUES (597, 17, 7);
INSERT INTO exercise_muscle (exercise_id, muscle_id, intensity) VALUES (597, 19, 4);

-- Exercise ID: 598
INSERT INTO Exercise (id, title, description, link, equipment_id, training_type_id) VALUES (598, 'Machine Decline Chest Press', 'Target: Lower Chest', 'https://www.youtube.com/watch?v=sZQwv0HzinU', NULL, 2);
INSERT INTO exercise_muscle (exercise_id, muscle_id, intensity) VALUES (598, 7, 10);
INSERT INTO exercise_muscle (exercise_id, muscle_id, intensity) VALUES (598, 4, 7);
INSERT INTO exercise_muscle (exercise_id, muscle_id, intensity) VALUES (598, 2, 4);

-- Exercise ID: 599
INSERT INTO Exercise (id, title, description, link, equipment_id, training_type_id) VALUES (599, 'Machine Glute-Ham Raise', 'Target: Hamstrings & Glutes', 'https://www.youtube.com/watch?v=z15C9UZUbss', NULL, 2);
INSERT INTO exercise_muscle (exercise_id, muscle_id, intensity) VALUES (599, 22, 10);
INSERT INTO exercise_muscle (exercise_id, muscle_id, intensity) VALUES (599, 21, 7);
INSERT INTO exercise_muscle (exercise_id, muscle_id, intensity) VALUES (599, 20, 4);

-- Exercise ID: 600
INSERT INTO Exercise (id, title, description, link, equipment_id, training_type_id) VALUES (600, 'Machine Hack Squat', 'Target: Quads', 'https://www.youtube.com/watch?v=LfEhHboTcow', NULL, 2);
INSERT INTO exercise_muscle (exercise_id, muscle_id, intensity) VALUES (600, 13, 10);
INSERT INTO exercise_muscle (exercise_id, muscle_id, intensity) VALUES (600, 21, 7);

-- Exercise ID: 601
INSERT INTO Exercise (id, title, description, link, equipment_id, training_type_id) VALUES (601, 'Machine Hip Abduction', 'Target: Abductors', 'https://www.youtube.com/watch?v=dL92FqMJqVY', NULL, 2);
INSERT INTO exercise_muscle (exercise_id, muscle_id, intensity) VALUES (601, 15, 10);
INSERT INTO exercise_muscle (exercise_id, muscle_id, intensity) VALUES (601, 21, 7);

-- Exercise ID: 602
INSERT INTO Exercise (id, title, description, link, equipment_id, training_type_id) VALUES (602, 'Machine Hip Adduction', 'Target: Adductors', 'https://www.youtube.com/watch?v=GmRSV_n2E_0', NULL, 2);
INSERT INTO exercise_muscle (exercise_id, muscle_id, intensity) VALUES (602, 14, 10);

-- Exercise ID: 603
INSERT INTO Exercise (id, title, description, link, equipment_id, training_type_id) VALUES (603, 'Machine Incline Chest Press', 'Target: Upper Chest, Shoulders, Triceps', 'https://www.youtube.com/watch?v=TrTSvn5-MTk', NULL, 2);
INSERT INTO exercise_muscle (exercise_id, muscle_id, intensity) VALUES (603, 7, 10);
INSERT INTO exercise_muscle (exercise_id, muscle_id, intensity) VALUES (603, 2, 7);
INSERT INTO exercise_muscle (exercise_id, muscle_id, intensity) VALUES (603, 4, 4);

-- Exercise ID: 604
INSERT INTO Exercise (id, title, description, link, equipment_id, training_type_id) VALUES (604, 'Machine Iso Row', 'Target: Lats & Back', 'https://www.youtube.com/watch?v=W5UqY9SRhBM', NULL, 2);
INSERT INTO exercise_muscle (exercise_id, muscle_id, intensity) VALUES (604, 17, 10);
INSERT INTO exercise_muscle (exercise_id, muscle_id, intensity) VALUES (604, 18, 7);
INSERT INTO exercise_muscle (exercise_id, muscle_id, intensity) VALUES (604, 8, 4);

-- Exercise ID: 605
INSERT INTO Exercise (id, title, description, link, equipment_id, training_type_id) VALUES (605, 'Machine Lat Pull-down', 'Target: Lats & Back', 'https://www.youtube.com/watch?v=kwJeh3QyhVE', NULL, 2);
INSERT INTO exercise_muscle (exercise_id, muscle_id, intensity) VALUES (605, 17, 10);
INSERT INTO exercise_muscle (exercise_id, muscle_id, intensity) VALUES (605, 18, 7);
INSERT INTO exercise_muscle (exercise_id, muscle_id, intensity) VALUES (605, 8, 4);

-- Exercise ID: 606
INSERT INTO Exercise (id, title, description, link, equipment_id, training_type_id) VALUES (606, 'Machine Lateral Raise', 'Target: Side Deltoids', 'https://www.youtube.com/watch?v=0FUpcwj_1z4', NULL, 2);
INSERT INTO exercise_muscle (exercise_id, muscle_id, intensity) VALUES (606, 3, 10);
INSERT INTO exercise_muscle (exercise_id, muscle_id, intensity) VALUES (606, 9, 7);

-- Exercise ID: 607
INSERT INTO Exercise (id, title, description, link, equipment_id, training_type_id) VALUES (607, 'Machine Laying Leg Curl', 'Target: Hamstrings', 'https://www.youtube.com/watch?v=5xR8tvg4-yM', NULL, 2);
INSERT INTO exercise_muscle (exercise_id, muscle_id, intensity) VALUES (607, 22, 10);
INSERT INTO exercise_muscle (exercise_id, muscle_id, intensity) VALUES (607, 6, 7);

-- Exercise ID: 608
INSERT INTO Exercise (id, title, description, link, equipment_id, training_type_id) VALUES (608, 'Machine Laying Leg Press', 'Target: Quads & Glutes', 'https://www.youtube.com/watch?v=VFk3RzndUEc', NULL, 2);
INSERT INTO exercise_muscle (exercise_id, muscle_id, intensity) VALUES (608, 13, 10);
INSERT INTO exercise_muscle (exercise_id, muscle_id, intensity) VALUES (608, 21, 7);
INSERT INTO exercise_muscle (exercise_id, muscle_id, intensity) VALUES (608, 22, 4);

-- Exercise ID: 609
INSERT INTO Exercise (id, title, description, link, equipment_id, training_type_id) VALUES (609, 'Machine Leg Curl (Single)', 'Target: Hamstrings', 'https://www.youtube.com/watch?v=h5NievMGthk', NULL, 2);
INSERT INTO exercise_muscle (exercise_id, muscle_id, intensity) VALUES (609, 22, 10);
INSERT INTO exercise_muscle (exercise_id, muscle_id, intensity) VALUES (609, 6, 7);

-- Exercise ID: 610
INSERT INTO Exercise (id, title, description, link, equipment_id, training_type_id) VALUES (610, 'Machine Leg Press', 'Target: Quads, Glutes, Hamstrings', 'https://www.youtube.com/watch?v=IZxyjW7MPJQ', NULL, 2);
INSERT INTO exercise_muscle (exercise_id, muscle_id, intensity) VALUES (610, 13, 10);
INSERT INTO exercise_muscle (exercise_id, muscle_id, intensity) VALUES (610, 21, 7);
INSERT INTO exercise_muscle (exercise_id, muscle_id, intensity) VALUES (610, 22, 4);

-- Exercise ID: 611
INSERT INTO Exercise (id, title, description, link, equipment_id, training_type_id) VALUES (611, 'Machine Pec Deck Chest Fly', 'Target: Chest', 'https://www.youtube.com/watch?v=eGjt4lk6g34', NULL, 2);
INSERT INTO exercise_muscle (exercise_id, muscle_id, intensity) VALUES (611, 7, 10);
INSERT INTO exercise_muscle (exercise_id, muscle_id, intensity) VALUES (611, 2, 7);

-- Exercise ID: 612
INSERT INTO Exercise (id, title, description, link, equipment_id, training_type_id) VALUES (612, 'Machine Pec Deck Reverse Fly', 'Target: Rear Delts & Upper Back', 'https://www.youtube.com/watch?v=6cHY60y7QRU', NULL, 2);
INSERT INTO exercise_muscle (exercise_id, muscle_id, intensity) VALUES (612, 19, 10);
INSERT INTO exercise_muscle (exercise_id, muscle_id, intensity) VALUES (612, 18, 7);

-- Exercise ID: 613
INSERT INTO Exercise (id, title, description, link, equipment_id, training_type_id) VALUES (613, 'Machine Preacher Biceps Curl', 'Target: Biceps', 'https://www.youtube.com/watch?v=Ja6ZlIDONac', NULL, 2);
INSERT INTO exercise_muscle (exercise_id, muscle_id, intensity) VALUES (613, 8, 10);

-- Exercise ID: 614
INSERT INTO Exercise (id, title, description, link, equipment_id, training_type_id) VALUES (614, 'Machine Reverse Fly', 'Target: Rear Delts & Upper Back', 'https://www.youtube.com/watch?v=rtkvodbZfGY', NULL, 2);
INSERT INTO exercise_muscle (exercise_id, muscle_id, intensity) VALUES (614, 19, 10);
INSERT INTO exercise_muscle (exercise_id, muscle_id, intensity) VALUES (614, 18, 7);

-- Exercise ID: 615
INSERT INTO Exercise (id, title, description, link, equipment_id, training_type_id) VALUES (615, 'Machine Reverse Hyperextension', 'Target: Glutes, Hamstrings, Lower Back', 'https://www.youtube.com/watch?v=kTf-fU5Tab8', NULL, 2);
INSERT INTO exercise_muscle (exercise_id, muscle_id, intensity) VALUES (615, 21, 10);
INSERT INTO exercise_muscle (exercise_id, muscle_id, intensity) VALUES (615, 20, 7);
INSERT INTO exercise_muscle (exercise_id, muscle_id, intensity) VALUES (615, 22, 4);

-- Exercise ID: 616
INSERT INTO Exercise (id, title, description, link, equipment_id, training_type_id) VALUES (616, 'Machine Seated Leg Curl', 'Target: Hamstrings', 'https://www.youtube.com/watch?v=fK0uZ3KRZRI', NULL, 2);
INSERT INTO exercise_muscle (exercise_id, muscle_id, intensity) VALUES (616, 22, 10);
INSERT INTO exercise_muscle (exercise_id, muscle_id, intensity) VALUES (616, 6, 7);

-- Exercise ID: 617
INSERT INTO Exercise (id, title, description, link, equipment_id, training_type_id) VALUES (617, 'Machine Shoulder Press', 'Target: Shoulders & Triceps', 'https://www.youtube.com/watch?v=3R14MnZbcpw', NULL, 2);
INSERT INTO exercise_muscle (exercise_id, muscle_id, intensity) VALUES (617, 2, 10);
INSERT INTO exercise_muscle (exercise_id, muscle_id, intensity) VALUES (617, 3, 7);
INSERT INTO exercise_muscle (exercise_id, muscle_id, intensity) VALUES (617, 4, 4);

-- Exercise ID: 618
INSERT INTO Exercise (id, title, description, link, equipment_id, training_type_id) VALUES (618, 'Machine Shrug', 'Target: Trapezius', 'https://www.youtube.com/watch?v=3FG0onSF_n4', NULL, 2);
INSERT INTO exercise_muscle (exercise_id, muscle_id, intensity) VALUES (618, 9, 10);

-- Exercise ID: 619
INSERT INTO Exercise (id, title, description, link, equipment_id, training_type_id) VALUES (619, 'Machine Single-Leg Press', 'Target: Quads & Glutes', 'https://www.youtube.com/watch?v=ZYDTJaAM-gE', NULL, 2);
INSERT INTO exercise_muscle (exercise_id, muscle_id, intensity) VALUES (619, 13, 10);
INSERT INTO exercise_muscle (exercise_id, muscle_id, intensity) VALUES (619, 21, 7);

-- Exercise ID: 620
INSERT INTO Exercise (id, title, description, link, equipment_id, training_type_id) VALUES (620, 'Machine Standing Leg Curl', 'Target: Hamstrings', 'https://www.youtube.com/shorts/P2KTb8zyqsM', NULL, 2);
INSERT INTO exercise_muscle (exercise_id, muscle_id, intensity) VALUES (620, 22, 10);
INSERT INTO exercise_muscle (exercise_id, muscle_id, intensity) VALUES (620, 6, 7);

-- Exercise ID: 621
INSERT INTO Exercise (id, title, description, link, equipment_id, training_type_id) VALUES (621, 'Machine Tricep Dips', 'Target: Triceps & Chest', 'https://www.youtube.com/watch?v=IsYLsO16y7g', NULL, 2);
INSERT INTO exercise_muscle (exercise_id, muscle_id, intensity) VALUES (621, 4, 10);
INSERT INTO exercise_muscle (exercise_id, muscle_id, intensity) VALUES (621, 7, 7);
INSERT INTO exercise_muscle (exercise_id, muscle_id, intensity) VALUES (621, 2, 4);

-- Exercise ID: 622
INSERT INTO Exercise (id, title, description, link, equipment_id, training_type_id) VALUES (622, 'Machine Tricep Pushdown', 'Target: Triceps', 'https://www.youtube.com/watch?v=OChuGyCSC7U', NULL, 2);
INSERT INTO exercise_muscle (exercise_id, muscle_id, intensity) VALUES (622, 4, 10);

-- Exercise ID: 623
INSERT INTO Exercise (id, title, description, link, equipment_id, training_type_id) VALUES (623, 'Machine Triceps Extension', 'Target: Triceps', 'https://www.youtube.com/watch?v=Bx8ga1BLHLE', NULL, 2);
INSERT INTO exercise_muscle (exercise_id, muscle_id, intensity) VALUES (623, 4, 10);

-- Exercise ID: 624
INSERT INTO Exercise (id, title, description, link, equipment_id, training_type_id) VALUES (624, 'Machine Upright Row', 'Target: Side Deltoids & Traps', 'https://www.youtube.com/watch?v=QIpa-9dtkgA', NULL, 2);
INSERT INTO exercise_muscle (exercise_id, muscle_id, intensity) VALUES (624, 3, 10);
INSERT INTO exercise_muscle (exercise_id, muscle_id, intensity) VALUES (624, 9, 7);
INSERT INTO exercise_muscle (exercise_id, muscle_id, intensity) VALUES (624, 8, 4);

-- Exercise ID: 625
INSERT INTO Exercise (id, title, description, link, equipment_id, training_type_id) VALUES (625, 'Marching Bridge', 'Target: Glutes & Core Stability', 'https://www.youtube.com/watch?v=IxDVTDKDxSU', 2, 1);
INSERT INTO exercise_muscle (exercise_id, muscle_id, intensity) VALUES (625, 21, 10);
INSERT INTO exercise_muscle (exercise_id, muscle_id, intensity) VALUES (625, 11, 7);
INSERT INTO exercise_muscle (exercise_id, muscle_id, intensity) VALUES (625, 22, 4);

-- Exercise ID: 626
INSERT INTO Exercise (id, title, description, link, equipment_id, training_type_id) VALUES (626, 'Marching Glute Bridge with Hold', 'Target: Glutes & Core Stability', 'https://www.youtube.com/watch?v=4LQUPybxCnI', 2, 1);
INSERT INTO exercise_muscle (exercise_id, muscle_id, intensity) VALUES (626, 21, 10);
INSERT INTO exercise_muscle (exercise_id, muscle_id, intensity) VALUES (626, 11, 7);
INSERT INTO exercise_muscle (exercise_id, muscle_id, intensity) VALUES (626, 22, 4);

-- Exercise ID: 627
INSERT INTO Exercise (id, title, description, link, equipment_id, training_type_id) VALUES (627, 'Meadows Row', 'Target: Upper Back & Lats', 'https://www.youtube.com/watch?v=sRRQgK8Fm44', 19, 2);
INSERT INTO exercise_muscle (exercise_id, muscle_id, intensity) VALUES (627, 18, 10);
INSERT INTO exercise_muscle (exercise_id, muscle_id, intensity) VALUES (627, 17, 7);
INSERT INTO exercise_muscle (exercise_id, muscle_id, intensity) VALUES (627, 8, 4);

-- Exercise ID: 628
INSERT INTO Exercise (id, title, description, link, equipment_id, training_type_id) VALUES (628, 'Medicine Ball Wall Slam', 'Target: Lats & Core Power', 'https://www.youtube.com/watch?v=jpM5l0HVtE8', 10, 10);
INSERT INTO exercise_muscle (exercise_id, muscle_id, intensity) VALUES (628, 17, 10);
INSERT INTO exercise_muscle (exercise_id, muscle_id, intensity) VALUES (628, 11, 7);
INSERT INTO exercise_muscle (exercise_id, muscle_id, intensity) VALUES (628, 12, 4);

-- Exercise ID: 629
INSERT INTO Exercise (id, title, description, link, equipment_id, training_type_id) VALUES (629, 'Military Crunch', 'Target: Abs', 'https://www.youtube.com/watch?v=5qS_q9FaeC4', 2, 2);
INSERT INTO exercise_muscle (exercise_id, muscle_id, intensity) VALUES (629, 11, 10);
INSERT INTO exercise_muscle (exercise_id, muscle_id, intensity) VALUES (629, 12, 7);

-- Exercise ID: 630
INSERT INTO Exercise (id, title, description, link, equipment_id, training_type_id) VALUES (630, 'Military Press', 'Target: Shoulders & Triceps', 'https://www.youtube.com/watch?v=2yjwXTZQDDI', 12, 7);
INSERT INTO exercise_muscle (exercise_id, muscle_id, intensity) VALUES (630, 2, 10);
INSERT INTO exercise_muscle (exercise_id, muscle_id, intensity) VALUES (630, 3, 7);
INSERT INTO exercise_muscle (exercise_id, muscle_id, intensity) VALUES (630, 4, 4);

-- Exercise ID: 631
INSERT INTO Exercise (id, title, description, link, equipment_id, training_type_id) VALUES (631, 'Modified 21''s', 'Target: Biceps', 'https://www.youtube.com/watch?v=-5BWIpgacL4', 6, 2);
INSERT INTO exercise_muscle (exercise_id, muscle_id, intensity) VALUES (631, 8, 10);
INSERT INTO exercise_muscle (exercise_id, muscle_id, intensity) VALUES (631, 10, 7);

-- Exercise ID: 632
INSERT INTO Exercise (id, title, description, link, equipment_id, training_type_id) VALUES (632, 'Mountain Climber', 'Target: Core & Conditioning', 'https://www.youtube.com/watch?v=cnyTQDSE884', 2, 4);
INSERT INTO exercise_muscle (exercise_id, muscle_id, intensity) VALUES (632, 11, 10);
INSERT INTO exercise_muscle (exercise_id, muscle_id, intensity) VALUES (632, 13, 7);
INSERT INTO exercise_muscle (exercise_id, muscle_id, intensity) VALUES (632, 2, 4);

-- Exercise ID: 633
INSERT INTO Exercise (id, title, description, link, equipment_id, training_type_id) VALUES (633, 'Narrow Front Squats', 'Target: Quads & Adductors', 'https://www.youtube.com/watch?v=U7Y-bY4bZj0', 12, 2);
INSERT INTO exercise_muscle (exercise_id, muscle_id, intensity) VALUES (633, 13, 10);
INSERT INTO exercise_muscle (exercise_id, muscle_id, intensity) VALUES (633, 14, 7);
INSERT INTO exercise_muscle (exercise_id, muscle_id, intensity) VALUES (633, 21, 4);

-- Exercise ID: 634
INSERT INTO Exercise (id, title, description, link, equipment_id, training_type_id) VALUES (634, 'Neck Side Stretch', 'Target: Neck & Trap Mobility', 'https://www.youtube.com/watch?v=54y0JAT46vE', 2, 8);
INSERT INTO exercise_muscle (exercise_id, muscle_id, intensity) VALUES (634, 1, 10);
INSERT INTO exercise_muscle (exercise_id, muscle_id, intensity) VALUES (634, 9, 7);

-- Exercise ID: 635
INSERT INTO Exercise (id, title, description, link, equipment_id, training_type_id) VALUES (635, 'Negative Pull Ups', 'Target: Lats & Back (Eccentric)', 'https://www.youtube.com/watch?v=gbPURTSxQLY', 16, 4);
INSERT INTO exercise_muscle (exercise_id, muscle_id, intensity) VALUES (635, 17, 10);
INSERT INTO exercise_muscle (exercise_id, muscle_id, intensity) VALUES (635, 18, 7);
INSERT INTO exercise_muscle (exercise_id, muscle_id, intensity) VALUES (635, 8, 4);

-- Exercise ID: 636
INSERT INTO Exercise (id, title, description, link, equipment_id, training_type_id) VALUES (636, 'Nordic Curls', 'Target: Hamstrings', 'https://www.youtube.com/watch?v=6NCN6kOagfY', 2, 2);
INSERT INTO exercise_muscle (exercise_id, muscle_id, intensity) VALUES (636, 22, 10);
INSERT INTO exercise_muscle (exercise_id, muscle_id, intensity) VALUES (636, 21, 7);
INSERT INTO exercise_muscle (exercise_id, muscle_id, intensity) VALUES (636, 6, 4);

-- Exercise ID: 637
INSERT INTO Exercise (id, title, description, link, equipment_id, training_type_id) VALUES (637, 'Nordic Hamstring Curl', 'Target: Hamstrings', 'https://www.youtube.com/watch?v=6NCN6kOagfY', 2, 2);
INSERT INTO exercise_muscle (exercise_id, muscle_id, intensity) VALUES (637, 22, 10);
INSERT INTO exercise_muscle (exercise_id, muscle_id, intensity) VALUES (637, 21, 7);
INSERT INTO exercise_muscle (exercise_id, muscle_id, intensity) VALUES (637, 6, 4);

-- Exercise ID: 638
INSERT INTO Exercise (id, title, description, link, equipment_id, training_type_id) VALUES (638, 'Nordic Hamstring Curls (Barbell)', 'Target: Hamstrings', 'https://www.youtube.com/shorts/flNgfYGvleU', 12, 2);
INSERT INTO exercise_muscle (exercise_id, muscle_id, intensity) VALUES (638, 22, 10);
INSERT INTO exercise_muscle (exercise_id, muscle_id, intensity) VALUES (638, 21, 7);
INSERT INTO exercise_muscle (exercise_id, muscle_id, intensity) VALUES (638, 6, 4);

-- Exercise ID: 639
INSERT INTO Exercise (id, title, description, link, equipment_id, training_type_id) VALUES (639, 'Oblique Jump Lunges', 'Target: Obliques & Legs', 'https://www.youtube.com/shorts/qdDbwIj-8ok', 2, 9);
INSERT INTO exercise_muscle (exercise_id, muscle_id, intensity) VALUES (639, 12, 10);
INSERT INTO exercise_muscle (exercise_id, muscle_id, intensity) VALUES (639, 13, 7);
INSERT INTO exercise_muscle (exercise_id, muscle_id, intensity) VALUES (639, 21, 4);

-- Exercise ID: 640
INSERT INTO Exercise (id, title, description, link, equipment_id, training_type_id) VALUES (640, 'Oblique Mountain Climbers', 'Target: Obliques & Core', 'https://www.youtube.com/watch?v=6D-rpfVuzA0', 2, 4);
INSERT INTO exercise_muscle (exercise_id, muscle_id, intensity) VALUES (640, 12, 10);
INSERT INTO exercise_muscle (exercise_id, muscle_id, intensity) VALUES (640, 11, 7);
INSERT INTO exercise_muscle (exercise_id, muscle_id, intensity) VALUES (640, 13, 4);

-- Exercise ID: 641
INSERT INTO Exercise (id, title, description, link, equipment_id, training_type_id) VALUES (641, 'Offset Dumbbell Cross-Over Step-Up', 'Target: Glutes & Core Stability', 'https://www.youtube.com/watch?v=68yrP2-wIzA', 6, 2);
INSERT INTO exercise_muscle (exercise_id, muscle_id, intensity) VALUES (641, 21, 10);
INSERT INTO exercise_muscle (exercise_id, muscle_id, intensity) VALUES (641, 13, 7);
INSERT INTO exercise_muscle (exercise_id, muscle_id, intensity) VALUES (641, 12, 4);

-- Exercise ID: 642
INSERT INTO Exercise (id, title, description, link, equipment_id, training_type_id) VALUES (642, 'Offset Dumbbell Reverse Lunge', 'Target: Quads, Glutes, Core', 'https://www.youtube.com/shorts/aFsk57XmgHY', 6, 2);
INSERT INTO exercise_muscle (exercise_id, muscle_id, intensity) VALUES (642, 13, 10);
INSERT INTO exercise_muscle (exercise_id, muscle_id, intensity) VALUES (642, 21, 7);
INSERT INTO exercise_muscle (exercise_id, muscle_id, intensity) VALUES (642, 12, 4);

-- Exercise ID: 643
INSERT INTO Exercise (id, title, description, link, equipment_id, training_type_id) VALUES (643, 'Offset Dumbbell Reverse Lunge From Deficit', 'Target: Glutes & Quads', 'https://www.youtube.com/watch?v=qidn3D01muY', 6, 2);
INSERT INTO exercise_muscle (exercise_id, muscle_id, intensity) VALUES (643, 21, 10);
INSERT INTO exercise_muscle (exercise_id, muscle_id, intensity) VALUES (643, 13, 7);
INSERT INTO exercise_muscle (exercise_id, muscle_id, intensity) VALUES (643, 12, 4);

-- Exercise ID: 644
INSERT INTO Exercise (id, title, description, link, equipment_id, training_type_id) VALUES (644, 'Offset Dumbbell Reverse Lunge to Romanian Deadlift', 'Target: Hamstrings & Glutes', 'https://www.youtube.com/watch?v=xeNEeJ7IqKQ', 6, 2);
INSERT INTO exercise_muscle (exercise_id, muscle_id, intensity) VALUES (644, 22, 10);
INSERT INTO exercise_muscle (exercise_id, muscle_id, intensity) VALUES (644, 21, 7);
INSERT INTO exercise_muscle (exercise_id, muscle_id, intensity) VALUES (644, 13, 4);

-- Exercise ID: 645
INSERT INTO Exercise (id, title, description, link, equipment_id, training_type_id) VALUES (645, 'Offset Dumbbell Split Squat', 'Target: Quads, Glutes, Core', 'https://www.youtube.com/watch?v=fynqcP1g-vw', 6, 2);
INSERT INTO exercise_muscle (exercise_id, muscle_id, intensity) VALUES (645, 13, 10);
INSERT INTO exercise_muscle (exercise_id, muscle_id, intensity) VALUES (645, 21, 7);
INSERT INTO exercise_muscle (exercise_id, muscle_id, intensity) VALUES (645, 12, 4);

-- Exercise ID: 646
INSERT INTO Exercise (id, title, description, link, equipment_id, training_type_id) VALUES (646, 'Offset Dumbbell Step-Up', 'Target: Quads, Glutes, Core', 'https://www.youtube.com/watch?v=pEFBMrM4818', 6, 2);
INSERT INTO exercise_muscle (exercise_id, muscle_id, intensity) VALUES (646, 13, 10);
INSERT INTO exercise_muscle (exercise_id, muscle_id, intensity) VALUES (646, 21, 7);
INSERT INTO exercise_muscle (exercise_id, muscle_id, intensity) VALUES (646, 12, 4);

-- Exercise ID: 647
INSERT INTO Exercise (id, title, description, link, equipment_id, training_type_id) VALUES (647, 'Offset Goblet Squat', 'Target: Quads, Glutes, Core', 'https://www.youtube.com/watch?v=c636wmM2SV0', 15, 2);
INSERT INTO exercise_muscle (exercise_id, muscle_id, intensity) VALUES (647, 13, 10);
INSERT INTO exercise_muscle (exercise_id, muscle_id, intensity) VALUES (647, 12, 7);
INSERT INTO exercise_muscle (exercise_id, muscle_id, intensity) VALUES (647, 21, 4);

-- Exercise ID: 648
INSERT INTO Exercise (id, title, description, link, equipment_id, training_type_id) VALUES (648, 'One Foot Elevated Front Squat', 'Target: Quads & Glutes', 'https://www.youtube.com/watch?v=OFmW8Re5Zos', 6, 2);
INSERT INTO exercise_muscle (exercise_id, muscle_id, intensity) VALUES (648, 13, 10);
INSERT INTO exercise_muscle (exercise_id, muscle_id, intensity) VALUES (648, 21, 7);

-- Exercise ID: 649
INSERT INTO Exercise (id, title, description, link, equipment_id, training_type_id) VALUES (649, 'Outward DB Bicep Curls', 'Target: Biceps (Short Head)', 'https://www.youtube.com/watch?v=BNagnogKP5A', 6, 2);
INSERT INTO exercise_muscle (exercise_id, muscle_id, intensity) VALUES (649, 8, 10);
INSERT INTO exercise_muscle (exercise_id, muscle_id, intensity) VALUES (649, 10, 7);

-- Exercise ID: 650
INSERT INTO Exercise (id, title, description, link, equipment_id, training_type_id) VALUES (650, 'Overhead Sit Ups', 'Target: Abs & Lats', 'https://www.youtube.com/watch?v=rBLLfvmNIIs', 22, 2);
INSERT INTO exercise_muscle (exercise_id, muscle_id, intensity) VALUES (650, 11, 10);
INSERT INTO exercise_muscle (exercise_id, muscle_id, intensity) VALUES (650, 17, 7);
INSERT INTO exercise_muscle (exercise_id, muscle_id, intensity) VALUES (650, 13, 4);

-- Exercise ID: 651
INSERT INTO Exercise (id, title, description, link, equipment_id, training_type_id) VALUES (651, 'Overhead Squat', 'Target: Mobility, Stability, Strength', 'https://www.youtube.com/watch?v=pn8mqlG0nkE', 12, 11);
INSERT INTO exercise_muscle (exercise_id, muscle_id, intensity) VALUES (651, 13, 10);
INSERT INTO exercise_muscle (exercise_id, muscle_id, intensity) VALUES (651, 18, 7);
INSERT INTO exercise_muscle (exercise_id, muscle_id, intensity) VALUES (651, 2, 4);

-- Exercise ID: 652
INSERT INTO Exercise (id, title, description, link, equipment_id, training_type_id) VALUES (652, 'Overhead Tricep Extension', 'Target: Triceps', 'https://www.youtube.com/shorts/Q3bO1Fh4734', 21, 2);
INSERT INTO exercise_muscle (exercise_id, muscle_id, intensity) VALUES (652, 4, 10);

-- Exercise ID: 653
INSERT INTO Exercise (id, title, description, link, equipment_id, training_type_id) VALUES (653, 'Overhead Tricep Extension (DB)', 'Target: Triceps', 'https://www.youtube.com/shorts/8FNGBJUHfsA', 6, 2);
INSERT INTO exercise_muscle (exercise_id, muscle_id, intensity) VALUES (653, 4, 10);

-- Exercise ID: 654
INSERT INTO Exercise (id, title, description, link, equipment_id, training_type_id) VALUES (654, 'Pallof Press', 'Target: Anti-Rotation Core', 'https://www.youtube.com/watch?v=ZDAW6zLajKU', 8, 1);
INSERT INTO exercise_muscle (exercise_id, muscle_id, intensity) VALUES (654, 12, 10);
INSERT INTO exercise_muscle (exercise_id, muscle_id, intensity) VALUES (654, 11, 7);

-- Exercise ID: 655
INSERT INTO Exercise (id, title, description, link, equipment_id, training_type_id) VALUES (655, 'Palloff Press Horizontal Circles', 'Target: Rotational Core Control', 'https://www.youtube.com/watch?v=kqZVLzPrgnQ', 8, 1);
INSERT INTO exercise_muscle (exercise_id, muscle_id, intensity) VALUES (655, 12, 10);
INSERT INTO exercise_muscle (exercise_id, muscle_id, intensity) VALUES (655, 11, 7);
INSERT INTO exercise_muscle (exercise_id, muscle_id, intensity) VALUES (655, 2, 4);

-- Exercise ID: 656
INSERT INTO Exercise (id, title, description, link, equipment_id, training_type_id) VALUES (656, 'Palm Up Raises', 'Target: Front Deltoids', 'https://www.youtube.com/watch?v=2DtsvvK2Vng', 6, 2);
INSERT INTO exercise_muscle (exercise_id, muscle_id, intensity) VALUES (656, 2, 10);
INSERT INTO exercise_muscle (exercise_id, muscle_id, intensity) VALUES (656, 3, 7);

-- Exercise ID: 657
INSERT INTO Exercise (id, title, description, link, equipment_id, training_type_id) VALUES (657, 'Pec Minor Broomstick Mobilization', 'Target: Chest Mobility', 'https://www.youtube.com/watch?v=IbATWRMM58A', 2, 8);
INSERT INTO exercise_muscle (exercise_id, muscle_id, intensity) VALUES (657, 7, 10);

-- Exercise ID: 658
INSERT INTO Exercise (id, title, description, link, equipment_id, training_type_id) VALUES (658, 'Pec Mobilization With Lacrosse Ball', 'Target: Chest Mobility', 'https://www.youtube.com/watch?v=FnTyO4LQxj4', NULL, 8);
INSERT INTO exercise_muscle (exercise_id, muscle_id, intensity) VALUES (658, 7, 10);

-- Exercise ID: 659
INSERT INTO Exercise (id, title, description, link, equipment_id, training_type_id) VALUES (659, 'Pelvic Thrusts', 'Target: Glutes & Hamstrings', 'https://www.youtube.com/watch?v=OWC4YK_mhF8', 2, 2);
INSERT INTO exercise_muscle (exercise_id, muscle_id, intensity) VALUES (659, 21, 10);
INSERT INTO exercise_muscle (exercise_id, muscle_id, intensity) VALUES (659, 22, 7);
INSERT INTO exercise_muscle (exercise_id, muscle_id, intensity) VALUES (659, 20, 4);

-- Exercise ID: 660
INSERT INTO Exercise (id, title, description, link, equipment_id, training_type_id) VALUES (660, 'Pendlay Row', 'Target: Upper Back Power', 'https://www.youtube.com/watch?v=h4nkoayPFWw', 12, 7);
INSERT INTO exercise_muscle (exercise_id, muscle_id, intensity) VALUES (660, 18, 10);
INSERT INTO exercise_muscle (exercise_id, muscle_id, intensity) VALUES (660, 17, 7);
INSERT INTO exercise_muscle (exercise_id, muscle_id, intensity) VALUES (660, 20, 4);

-- Exercise ID: 661
INSERT INTO Exercise (id, title, description, link, equipment_id, training_type_id) VALUES (661, 'Pendulum Squat', 'Target: Quads', 'https://www.youtube.com/watch?v=wc2t62qiqAI', NULL, 2);
INSERT INTO exercise_muscle (exercise_id, muscle_id, intensity) VALUES (661, 13, 10);
INSERT INTO exercise_muscle (exercise_id, muscle_id, intensity) VALUES (661, 21, 7);

-- Exercise ID: 662
INSERT INTO Exercise (id, title, description, link, equipment_id, training_type_id) VALUES (662, 'Pigeon Stretch', 'Target: Glute & Hip Mobility', 'https://www.youtube.com/watch?v=op-eDU9eNqM', 2, 8);
INSERT INTO exercise_muscle (exercise_id, muscle_id, intensity) VALUES (662, 21, 10);
INSERT INTO exercise_muscle (exercise_id, muscle_id, intensity) VALUES (662, 15, 7);

-- Exercise ID: 663
INSERT INTO Exercise (id, title, description, link, equipment_id, training_type_id) VALUES (663, 'Pike Push-Up', 'Target: Shoulders & Triceps', 'https://www.youtube.com/watch?v=66x0qQiJ-MA', 2, 4);
INSERT INTO exercise_muscle (exercise_id, muscle_id, intensity) VALUES (663, 2, 10);
INSERT INTO exercise_muscle (exercise_id, muscle_id, intensity) VALUES (663, 4, 7);
INSERT INTO exercise_muscle (exercise_id, muscle_id, intensity) VALUES (663, 7, 4);

-- Exercise ID: 664
INSERT INTO Exercise (id, title, description, link, equipment_id, training_type_id) VALUES (664, 'Piriformis Mobilization', 'Target: Glute & Hip Mobility', 'https://www.youtube.com/shorts/1GhiPpQvBCA', 2, 8);
INSERT INTO exercise_muscle (exercise_id, muscle_id, intensity) VALUES (664, 21, 10);
INSERT INTO exercise_muscle (exercise_id, muscle_id, intensity) VALUES (664, 15, 7);

-- Exercise ID: 665
INSERT INTO Exercise (id, title, description, link, equipment_id, training_type_id) VALUES (665, 'Pistol Squat', 'Target: Quads, Glutes & Balance', 'https://www.youtube.com/watch?v=vq5-vdgJc0I', 2, 4);
INSERT INTO exercise_muscle (exercise_id, muscle_id, intensity) VALUES (665, 13, 10);
INSERT INTO exercise_muscle (exercise_id, muscle_id, intensity) VALUES (665, 21, 7);

-- Exercise ID: 666
INSERT INTO Exercise (id, title, description, link, equipment_id, training_type_id) VALUES (666, 'Plank', 'Target: Core Endurance', 'https://www.youtube.com/watch?v=yeKv5oX_6GY', 2, 1);
INSERT INTO exercise_muscle (exercise_id, muscle_id, intensity) VALUES (666, 11, 10);
INSERT INTO exercise_muscle (exercise_id, muscle_id, intensity) VALUES (666, 12, 7);

-- Exercise ID: 667
INSERT INTO Exercise (id, title, description, link, equipment_id, training_type_id) VALUES (667, 'Plank Alternating Arm/Leg Extensions', 'Target: Core Stability', 'https://www.youtube.com/watch?v=r8aHO-GlPcE', 2, 1);
INSERT INTO exercise_muscle (exercise_id, muscle_id, intensity) VALUES (667, 11, 10);
INSERT INTO exercise_muscle (exercise_id, muscle_id, intensity) VALUES (667, 21, 7);
INSERT INTO exercise_muscle (exercise_id, muscle_id, intensity) VALUES (667, 20, 4);

-- Exercise ID: 668
INSERT INTO Exercise (id, title, description, link, equipment_id, training_type_id) VALUES (668, 'Plank Alternating Reaches', 'Target: Core & Shoulder Stability', 'https://www.youtube.com/watch?v=5vGaSkJArwI', 2, 1);
INSERT INTO exercise_muscle (exercise_id, muscle_id, intensity) VALUES (668, 11, 10);
INSERT INTO exercise_muscle (exercise_id, muscle_id, intensity) VALUES (668, 12, 7);
INSERT INTO exercise_muscle (exercise_id, muscle_id, intensity) VALUES (668, 2, 4);

-- Exercise ID: 669
INSERT INTO Exercise (id, title, description, link, equipment_id, training_type_id) VALUES (669, 'Plank Arm Abduction', 'Target: Core & Shoulder Stability', 'https://www.youtube.com/watch?v=5vGaSkJArwI', 2, 1);
INSERT INTO exercise_muscle (exercise_id, muscle_id, intensity) VALUES (669, 11, 10);
INSERT INTO exercise_muscle (exercise_id, muscle_id, intensity) VALUES (669, 12, 7);
INSERT INTO exercise_muscle (exercise_id, muscle_id, intensity) VALUES (669, 2, 4);

-- Exercise ID: 670
INSERT INTO Exercise (id, title, description, link, equipment_id, training_type_id) VALUES (670, 'Plank Arm Extensions', 'Target: Core & Shoulder Stability', 'https://www.youtube.com/watch?v=iz55LbMVHOM', 2, 1);
INSERT INTO exercise_muscle (exercise_id, muscle_id, intensity) VALUES (670, 11, 10);
INSERT INTO exercise_muscle (exercise_id, muscle_id, intensity) VALUES (670, 2, 7);
INSERT INTO exercise_muscle (exercise_id, muscle_id, intensity) VALUES (670, 12, 4);

-- Exercise ID: 671
INSERT INTO Exercise (id, title, description, link, equipment_id, training_type_id) VALUES (671, 'Plank Arm March', 'Target: Core & Shoulder Stability', 'https://www.youtube.com/watch?v=GbsgMtyN9d4', 2, 1);
INSERT INTO exercise_muscle (exercise_id, muscle_id, intensity) VALUES (671, 11, 10);
INSERT INTO exercise_muscle (exercise_id, muscle_id, intensity) VALUES (671, 12, 7);
INSERT INTO exercise_muscle (exercise_id, muscle_id, intensity) VALUES (671, 2, 4);

-- Exercise ID: 672
INSERT INTO Exercise (id, title, description, link, equipment_id, training_type_id) VALUES (672, 'Plank Circles', 'Target: Core & Shoulders', 'https://www.youtube.com/watch?v=hji_3KGD3uQ', 2, 1);
INSERT INTO exercise_muscle (exercise_id, muscle_id, intensity) VALUES (672, 11, 10);
INSERT INTO exercise_muscle (exercise_id, muscle_id, intensity) VALUES (672, 12, 7);
INSERT INTO exercise_muscle (exercise_id, muscle_id, intensity) VALUES (672, 2, 4);

-- Exercise ID: 673
INSERT INTO Exercise (id, title, description, link, equipment_id, training_type_id) VALUES (673, 'Plank Elbow-to-Knee Touches', 'Target: Obliques & Abs', 'https://www.youtube.com/watch?v=vr1T-fTdll0', 2, 4);
INSERT INTO exercise_muscle (exercise_id, muscle_id, intensity) VALUES (673, 12, 10);
INSERT INTO exercise_muscle (exercise_id, muscle_id, intensity) VALUES (673, 11, 7);

-- Exercise ID: 674
INSERT INTO Exercise (id, title, description, link, equipment_id, training_type_id) VALUES (674, 'Plank Hold Walk-Out', 'Target: Core & Hamstring Mobility', 'https://www.youtube.com/watch?v=Nbg-aizDWnQ', 2, 8);
INSERT INTO exercise_muscle (exercise_id, muscle_id, intensity) VALUES (674, 11, 10);
INSERT INTO exercise_muscle (exercise_id, muscle_id, intensity) VALUES (674, 22, 7);
INSERT INTO exercise_muscle (exercise_id, muscle_id, intensity) VALUES (674, 2, 4);

-- Exercise ID: 675
INSERT INTO Exercise (id, title, description, link, equipment_id, training_type_id) VALUES (675, 'Plank Hops In-and-Out', 'Target: Core, Adductors, Abductors', 'https://www.youtube.com/watch?v=m6WSIkhYQyY', 2, 9);
INSERT INTO exercise_muscle (exercise_id, muscle_id, intensity) VALUES (675, 11, 10);
INSERT INTO exercise_muscle (exercise_id, muscle_id, intensity) VALUES (675, 14, 7);
INSERT INTO exercise_muscle (exercise_id, muscle_id, intensity) VALUES (675, 15, 4);

-- Exercise ID: 676
INSERT INTO Exercise (id, title, description, link, equipment_id, training_type_id) VALUES (676, 'Plank Jack with Shoulder Taps', 'Target: Core & Shoulder Stability', 'https://www.youtube.com/watch?v=zruJUdSkHsA', 2, 4);
INSERT INTO exercise_muscle (exercise_id, muscle_id, intensity) VALUES (676, 11, 10);
INSERT INTO exercise_muscle (exercise_id, muscle_id, intensity) VALUES (676, 12, 7);
INSERT INTO exercise_muscle (exercise_id, muscle_id, intensity) VALUES (676, 15, 4);

-- Exercise ID: 677
INSERT INTO Exercise (id, title, description, link, equipment_id, training_type_id) VALUES (677, 'Plank Jacks', 'Target: Core, Adductors, Abductors', 'https://www.youtube.com/watch?v=8Do3ssZ23Mc', 2, 4);
INSERT INTO exercise_muscle (exercise_id, muscle_id, intensity) VALUES (677, 11, 10);
INSERT INTO exercise_muscle (exercise_id, muscle_id, intensity) VALUES (677, 15, 7);
INSERT INTO exercise_muscle (exercise_id, muscle_id, intensity) VALUES (677, 14, 4);

-- Exercise ID: 678
INSERT INTO Exercise (id, title, description, link, equipment_id, training_type_id) VALUES (678, 'Plank Jacks on Elbows', 'Target: Core, Adductors, Abductors', 'https://www.youtube.com/watch?v=ruU6dooUL_g', 2, 4);
INSERT INTO exercise_muscle (exercise_id, muscle_id, intensity) VALUES (678, 11, 10);
INSERT INTO exercise_muscle (exercise_id, muscle_id, intensity) VALUES (678, 15, 7);
INSERT INTO exercise_muscle (exercise_id, muscle_id, intensity) VALUES (678, 14, 4);

-- Exercise ID: 679
INSERT INTO Exercise (id, title, description, link, equipment_id, training_type_id) VALUES (679, 'Plank Knees to Elbow', 'Target: Obliques & Abs', 'https://www.youtube.com/watch?v=pI7uWJXcfPE', 2, 4);
INSERT INTO exercise_muscle (exercise_id, muscle_id, intensity) VALUES (679, 12, 10);
INSERT INTO exercise_muscle (exercise_id, muscle_id, intensity) VALUES (679, 11, 7);

-- Exercise ID: 680
INSERT INTO Exercise (id, title, description, link, equipment_id, training_type_id) VALUES (680, 'Plank Opposite Toe Touch', 'Target: Core & Hamstring Mobility', 'https://www.youtube.com/watch?v=XprFkq1V9I0', 2, 4);
INSERT INTO exercise_muscle (exercise_id, muscle_id, intensity) VALUES (680, 11, 10);
INSERT INTO exercise_muscle (exercise_id, muscle_id, intensity) VALUES (680, 12, 7);
INSERT INTO exercise_muscle (exercise_id, muscle_id, intensity) VALUES (680, 22, 4);

-- Exercise ID: 681
INSERT INTO Exercise (id, title, description, link, equipment_id, training_type_id) VALUES (681, 'Plank Pop Ups', 'Target: Full Body Power', 'https://www.youtube.com/watch?v=vGwFp2B-AnU', 2, 9);
INSERT INTO exercise_muscle (exercise_id, muscle_id, intensity) VALUES (681, 11, 10);
INSERT INTO exercise_muscle (exercise_id, muscle_id, intensity) VALUES (681, 13, 7);
INSERT INTO exercise_muscle (exercise_id, muscle_id, intensity) VALUES (681, 7, 4);

-- Exercise ID: 682
INSERT INTO Exercise (id, title, description, link, equipment_id, training_type_id) VALUES (682, 'Plank Pulls', 'Target: Lats & Core', 'https://www.youtube.com/watch?v=aS8FD3Lblak', 14, 4);
INSERT INTO exercise_muscle (exercise_id, muscle_id, intensity) VALUES (682, 17, 10);
INSERT INTO exercise_muscle (exercise_id, muscle_id, intensity) VALUES (682, 11, 7);
INSERT INTO exercise_muscle (exercise_id, muscle_id, intensity) VALUES (682, 12, 4);

-- Exercise ID: 683
INSERT INTO Exercise (id, title, description, link, equipment_id, training_type_id) VALUES (683, 'Plank Row', 'Target: Lats, Back, Core', 'https://www.youtube.com/watch?v=Gtc_Ns3qYYo', 6, 4);
INSERT INTO exercise_muscle (exercise_id, muscle_id, intensity) VALUES (683, 17, 10);
INSERT INTO exercise_muscle (exercise_id, muscle_id, intensity) VALUES (683, 11, 7);
INSERT INTO exercise_muscle (exercise_id, muscle_id, intensity) VALUES (683, 12, 4);

-- Exercise ID: 684
INSERT INTO Exercise (id, title, description, link, equipment_id, training_type_id) VALUES (684, 'Plank Row Rotation', 'Target: Lats & Obliques', 'https://www.youtube.com/watch?v=sRHzrF357H4', 6, 4);
INSERT INTO exercise_muscle (exercise_id, muscle_id, intensity) VALUES (684, 17, 10);
INSERT INTO exercise_muscle (exercise_id, muscle_id, intensity) VALUES (684, 12, 7);
INSERT INTO exercise_muscle (exercise_id, muscle_id, intensity) VALUES (684, 11, 4);

-- Exercise ID: 685
INSERT INTO Exercise (id, title, description, link, equipment_id, training_type_id) VALUES (685, 'Plank Row to Tricep Extension', 'Target: Lats, Core, Triceps', 'https://www.youtube.com/watch?v=vI7qyY2HVFY', 6, 4);
INSERT INTO exercise_muscle (exercise_id, muscle_id, intensity) VALUES (685, 17, 10);
INSERT INTO exercise_muscle (exercise_id, muscle_id, intensity) VALUES (685, 4, 7);
INSERT INTO exercise_muscle (exercise_id, muscle_id, intensity) VALUES (685, 11, 4);

-- Exercise ID: 686
INSERT INTO Exercise (id, title, description, link, equipment_id, training_type_id) VALUES (686, 'Plank Shoulder and Knee Taps', 'Target: Core Stability', 'https://www.youtube.com/shorts/9_IVZekYrgo', 2, 1);
INSERT INTO exercise_muscle (exercise_id, muscle_id, intensity) VALUES (686, 11, 10);
INSERT INTO exercise_muscle (exercise_id, muscle_id, intensity) VALUES (686, 12, 7);

-- Exercise ID: 687
INSERT INTO Exercise (id, title, description, link, equipment_id, training_type_id) VALUES (687, 'Plank Shoulder Taps', 'Target: Core Stability', 'https://www.youtube.com/watch?v=C6At19Q9i2Q', 2, 1);
INSERT INTO exercise_muscle (exercise_id, muscle_id, intensity) VALUES (687, 11, 10);
INSERT INTO exercise_muscle (exercise_id, muscle_id, intensity) VALUES (687, 12, 7);
INSERT INTO exercise_muscle (exercise_id, muscle_id, intensity) VALUES (687, 2, 4);

-- Exercise ID: 688
INSERT INTO Exercise (id, title, description, link, equipment_id, training_type_id) VALUES (688, 'Plank to Downward Dog', 'Target: Mobility', 'https://www.youtube.com/watch?v=5FcS9IOWpSo', 2, 8);
INSERT INTO exercise_muscle (exercise_id, muscle_id, intensity) VALUES (688, 11, 10);
INSERT INTO exercise_muscle (exercise_id, muscle_id, intensity) VALUES (688, 22, 7);
INSERT INTO exercise_muscle (exercise_id, muscle_id, intensity) VALUES (688, 2, 4);

-- Exercise ID: 689
INSERT INTO Exercise (id, title, description, link, equipment_id, training_type_id) VALUES (689, 'Plank Tricep Extension', 'Target: Triceps & Core', 'https://www.youtube.com/watch?v=VYgVTinbx_A', 2, 4);
INSERT INTO exercise_muscle (exercise_id, muscle_id, intensity) VALUES (689, 4, 10);
INSERT INTO exercise_muscle (exercise_id, muscle_id, intensity) VALUES (689, 11, 7);

-- Exercise ID: 690
INSERT INTO Exercise (id, title, description, link, equipment_id, training_type_id) VALUES (690, 'Plank Walk Outs', 'Target: Core & Shoulders', 'https://www.youtube.com/watch?v=99DDQJJQ68c', 2, 4);
INSERT INTO exercise_muscle (exercise_id, muscle_id, intensity) VALUES (690, 11, 10);
INSERT INTO exercise_muscle (exercise_id, muscle_id, intensity) VALUES (690, 2, 7);
INSERT INTO exercise_muscle (exercise_id, muscle_id, intensity) VALUES (690, 12, 4);

-- Exercise ID: 691
INSERT INTO Exercise (id, title, description, link, equipment_id, training_type_id) VALUES (691, 'Plank with Alternating Rows', 'Target: Lats & Core', 'https://www.youtube.com/watch?v=rSc1pmDEhZg', 6, 4);
INSERT INTO exercise_muscle (exercise_id, muscle_id, intensity) VALUES (691, 17, 10);
INSERT INTO exercise_muscle (exercise_id, muscle_id, intensity) VALUES (691, 11, 7);
INSERT INTO exercise_muscle (exercise_id, muscle_id, intensity) VALUES (691, 12, 4);

-- Exercise ID: 692
INSERT INTO Exercise (id, title, description, link, equipment_id, training_type_id) VALUES (692, 'Plank-ups', 'Target: Core, Shoulders, Triceps', 'https://www.youtube.com/watch?v=9667qmn8zdY', 2, 4);
INSERT INTO exercise_muscle (exercise_id, muscle_id, intensity) VALUES (692, 11, 10);
INSERT INTO exercise_muscle (exercise_id, muscle_id, intensity) VALUES (692, 4, 7);
INSERT INTO exercise_muscle (exercise_id, muscle_id, intensity) VALUES (692, 2, 4);

-- Exercise ID: 693
INSERT INTO Exercise (id, title, description, link, equipment_id, training_type_id) VALUES (693, 'Plate Curls', 'Target: Biceps', 'https://www.youtube.com/watch?v=-DWJLKoHFK8', 22, 2);
INSERT INTO exercise_muscle (exercise_id, muscle_id, intensity) VALUES (693, 8, 10);
INSERT INTO exercise_muscle (exercise_id, muscle_id, intensity) VALUES (693, 10, 7);

-- Exercise ID: 694
INSERT INTO Exercise (id, title, description, link, equipment_id, training_type_id) VALUES (694, 'Plate Front Raise', 'Target: Front Deltoids', 'https://www.youtube.com/shorts/YGF-RfaSyDM', 22, 2);
INSERT INTO exercise_muscle (exercise_id, muscle_id, intensity) VALUES (694, 2, 10);

-- Exercise ID: 695
INSERT INTO Exercise (id, title, description, link, equipment_id, training_type_id) VALUES (695, 'Plate Squat', 'Target: Quads & Glutes', 'https://www.youtube.com/watch?v=PKIiYknNvhw', 22, 2);
INSERT INTO exercise_muscle (exercise_id, muscle_id, intensity) VALUES (695, 13, 10);
INSERT INTO exercise_muscle (exercise_id, muscle_id, intensity) VALUES (695, 21, 7);
INSERT INTO exercise_muscle (exercise_id, muscle_id, intensity) VALUES (695, 11, 4);

-- Exercise ID: 696
INSERT INTO Exercise (id, title, description, link, equipment_id, training_type_id) VALUES (696, 'Platform Pushups', 'Target: Chest & Triceps', 'https://www.youtube.com/watch?v=4oN1hd6pJW0', 27, 4);
INSERT INTO exercise_muscle (exercise_id, muscle_id, intensity) VALUES (696, 7, 10);
INSERT INTO exercise_muscle (exercise_id, muscle_id, intensity) VALUES (696, 4, 7);
INSERT INTO exercise_muscle (exercise_id, muscle_id, intensity) VALUES (696, 2, 4);

-- Exercise ID: 697
INSERT INTO Exercise (id, title, description, link, equipment_id, training_type_id) VALUES (697, 'Platform Sumo Squat', 'Target: Adductors & Glutes', 'https://www.youtube.com/watch?v=4eDJa5MnAmY', 27, 2);
INSERT INTO exercise_muscle (exercise_id, muscle_id, intensity) VALUES (697, 14, 10);
INSERT INTO exercise_muscle (exercise_id, muscle_id, intensity) VALUES (697, 21, 7);
INSERT INTO exercise_muscle (exercise_id, muscle_id, intensity) VALUES (697, 13, 4);

-- Exercise ID: 698
INSERT INTO Exercise (id, title, description, link, equipment_id, training_type_id) VALUES (698, 'Plyo Push Up', 'Target: Chest Power', 'https://www.youtube.com/watch?v=Y-uF4F3mQIs', 2, 9);
INSERT INTO exercise_muscle (exercise_id, muscle_id, intensity) VALUES (698, 7, 10);
INSERT INTO exercise_muscle (exercise_id, muscle_id, intensity) VALUES (698, 4, 7);
INSERT INTO exercise_muscle (exercise_id, muscle_id, intensity) VALUES (698, 2, 4);

-- Exercise ID: 699
INSERT INTO Exercise (id, title, description, link, equipment_id, training_type_id) VALUES (699, 'Popcorn Squats', 'Target: Plyometric Leg Power', 'https://www.youtube.com/watch?v=yryqhGC01G4', 2, 9);
INSERT INTO exercise_muscle (exercise_id, muscle_id, intensity) VALUES (699, 13, 10);
INSERT INTO exercise_muscle (exercise_id, muscle_id, intensity) VALUES (699, 21, 7);
INSERT INTO exercise_muscle (exercise_id, muscle_id, intensity) VALUES (699, 6, 4);

-- Exercise ID: 700
INSERT INTO Exercise (id, title, description, link, equipment_id, training_type_id) VALUES (700, 'Preacher Curls', 'Target: Biceps', 'https://www.youtube.com/watch?v=vngli9UR6Hw', 18, 2);
INSERT INTO exercise_muscle (exercise_id, muscle_id, intensity) VALUES (700, 8, 10);
INSERT INTO exercise_muscle (exercise_id, muscle_id, intensity) VALUES (700, 10, 7);

-- Exercise ID: 701
INSERT INTO Exercise (id, title, description, link, equipment_id, training_type_id) VALUES (701, 'Prisoner Squat', 'Target: Quads, Glutes, Upper Back', 'https://www.youtube.com/watch?v=97p3_bDkPUE', 2, 4);
INSERT INTO exercise_muscle (exercise_id, muscle_id, intensity) VALUES (701, 13, 10);
INSERT INTO exercise_muscle (exercise_id, muscle_id, intensity) VALUES (701, 21, 7);
INSERT INTO exercise_muscle (exercise_id, muscle_id, intensity) VALUES (701, 18, 4);

-- Exercise ID: 702
INSERT INTO Exercise (id, title, description, link, equipment_id, training_type_id) VALUES (702, 'Progression/Combo of World''s Greatest Stretch and Crab', 'Target: Full Body Mobility', 'https://www.youtube.com/watch?v=l2PBwCr7Pio', 2, 8);
INSERT INTO exercise_muscle (exercise_id, muscle_id, intensity) VALUES (702, 13, 10);
INSERT INTO exercise_muscle (exercise_id, muscle_id, intensity) VALUES (702, 21, 7);
INSERT INTO exercise_muscle (exercise_id, muscle_id, intensity) VALUES (702, 18, 4);

-- Exercise ID: 703
INSERT INTO Exercise (id, title, description, link, equipment_id, training_type_id) VALUES (703, 'Pronated-Grip Seated Band Row', 'Target: Upper Back & Lats', 'https://www.youtube.com/watch?v=sa0NejgxKbc', 21, 2);
INSERT INTO exercise_muscle (exercise_id, muscle_id, intensity) VALUES (703, 18, 10);
INSERT INTO exercise_muscle (exercise_id, muscle_id, intensity) VALUES (703, 17, 7);
INSERT INTO exercise_muscle (exercise_id, muscle_id, intensity) VALUES (703, 19, 4);

-- Exercise ID: 704
INSERT INTO Exercise (id, title, description, link, equipment_id, training_type_id) VALUES (704, 'Pronated-Grip Seated Cable Row', 'Target: Upper Back & Lats', 'https://www.youtube.com/watch?v=FSoUijeznsM', 8, 2);
INSERT INTO exercise_muscle (exercise_id, muscle_id, intensity) VALUES (704, 18, 10);
INSERT INTO exercise_muscle (exercise_id, muscle_id, intensity) VALUES (704, 17, 7);
INSERT INTO exercise_muscle (exercise_id, muscle_id, intensity) VALUES (704, 19, 4);

-- Exercise ID: 705
INSERT INTO Exercise (id, title, description, link, equipment_id, training_type_id) VALUES (705, 'Prone Dynamic Spinal Twist', 'Target: Spinal Mobility', 'https://www.youtube.com/watch?v=mzCI-LFFK3A', 2, 8);
INSERT INTO exercise_muscle (exercise_id, muscle_id, intensity) VALUES (705, 12, 10);
INSERT INTO exercise_muscle (exercise_id, muscle_id, intensity) VALUES (705, 20, 7);
INSERT INTO exercise_muscle (exercise_id, muscle_id, intensity) VALUES (705, 18, 4);

-- Exercise ID: 706
INSERT INTO Exercise (id, title, description, link, equipment_id, training_type_id) VALUES (706, 'Prone Hip External Rotation', 'Target: Hip Rotator Mobility', 'https://www.youtube.com/watch?v=Kbx5soJUlvM', 2, 8);
INSERT INTO exercise_muscle (exercise_id, muscle_id, intensity) VALUES (706, 15, 10);
INSERT INTO exercise_muscle (exercise_id, muscle_id, intensity) VALUES (706, 21, 7);

-- Exercise ID: 707
INSERT INTO Exercise (id, title, description, link, equipment_id, training_type_id) VALUES (707, 'Prone T Raise', 'Target: Rear Delts & Upper Back', 'https://www.youtube.com/watch?v=rKVuKuR4SA4', 2, 1);
INSERT INTO exercise_muscle (exercise_id, muscle_id, intensity) VALUES (707, 19, 10);
INSERT INTO exercise_muscle (exercise_id, muscle_id, intensity) VALUES (707, 18, 7);

-- Exercise ID: 708
INSERT INTO Exercise (id, title, description, link, equipment_id, training_type_id) VALUES (708, 'Prone Y Raise', 'Target: Lower Traps & Upper Back', 'https://www.youtube.com/watch?v=rKVuKuR4SA4', 2, 1);
INSERT INTO exercise_muscle (exercise_id, muscle_id, intensity) VALUES (708, 18, 10);
INSERT INTO exercise_muscle (exercise_id, muscle_id, intensity) VALUES (708, 9, 7);
INSERT INTO exercise_muscle (exercise_id, muscle_id, intensity) VALUES (708, 19, 4);

-- Exercise ID: 709
INSERT INTO Exercise (id, title, description, link, equipment_id, training_type_id) VALUES (709, 'Prone YTI', 'Target: Full Upper Back', 'https://www.youtube.com/watch?v=rKVuKuR4SA4', 2, 1);
INSERT INTO exercise_muscle (exercise_id, muscle_id, intensity) VALUES (709, 18, 10);
INSERT INTO exercise_muscle (exercise_id, muscle_id, intensity) VALUES (709, 19, 7);
INSERT INTO exercise_muscle (exercise_id, muscle_id, intensity) VALUES (709, 9, 4);

-- Exercise ID: 710
INSERT INTO Exercise (id, title, description, link, equipment_id, training_type_id) VALUES (710, 'Pull Ups', 'Target: Lats & Back', 'https://www.youtube.com/watch?v=eGo4IYlbE5g', 16, 4);
INSERT INTO exercise_muscle (exercise_id, muscle_id, intensity) VALUES (710, 17, 10);
INSERT INTO exercise_muscle (exercise_id, muscle_id, intensity) VALUES (710, 18, 7);
INSERT INTO exercise_muscle (exercise_id, muscle_id, intensity) VALUES (710, 8, 4);

-- Exercise ID: 711
INSERT INTO Exercise (id, title, description, link, equipment_id, training_type_id) VALUES (711, 'Pull-Up With Iso', 'Target: Lats & Back Endurance', 'https://www.youtube.com/watch?v=lTblcfblSlg', 16, 6);
INSERT INTO exercise_muscle (exercise_id, muscle_id, intensity) VALUES (711, 17, 10);
INSERT INTO exercise_muscle (exercise_id, muscle_id, intensity) VALUES (711, 18, 7);
INSERT INTO exercise_muscle (exercise_id, muscle_id, intensity) VALUES (711, 8, 4);

-- Exercise ID: 712
INSERT INTO Exercise (id, title, description, link, equipment_id, training_type_id) VALUES (712, 'Pulse Jump Squat', 'Target: Plyometric Leg Power', 'https://www.youtube.com/watch?v=FCmQN5bj7dY', 2, 9);
INSERT INTO exercise_muscle (exercise_id, muscle_id, intensity) VALUES (712, 13, 10);
INSERT INTO exercise_muscle (exercise_id, muscle_id, intensity) VALUES (712, 21, 7);
INSERT INTO exercise_muscle (exercise_id, muscle_id, intensity) VALUES (712, 6, 4);

-- Exercise ID: 713
INSERT INTO Exercise (id, title, description, link, equipment_id, training_type_id) VALUES (713, 'Pulse Squats', 'Target: Quads & Glutes', 'https://www.youtube.com/watch?v=r8NaWdh8jyE', 2, 2);
INSERT INTO exercise_muscle (exercise_id, muscle_id, intensity) VALUES (713, 13, 10);
INSERT INTO exercise_muscle (exercise_id, muscle_id, intensity) VALUES (713, 21, 7);

-- Exercise ID: 714
INSERT INTO Exercise (id, title, description, link, equipment_id, training_type_id) VALUES (714, 'Push Up', 'Target: Chest, Shoulders, Triceps', 'https://www.youtube.com/watch?v=IODxDxX7oi4', 2, 4);
INSERT INTO exercise_muscle (exercise_id, muscle_id, intensity) VALUES (714, 7, 10);
INSERT INTO exercise_muscle (exercise_id, muscle_id, intensity) VALUES (714, 4, 7);
INSERT INTO exercise_muscle (exercise_id, muscle_id, intensity) VALUES (714, 2, 4);

-- Exercise ID: 715
INSERT INTO Exercise (id, title, description, link, equipment_id, training_type_id) VALUES (715, 'Push ups', 'Target: Chest, Shoulders, Triceps', 'https://www.youtube.com/watch?v=IODxDxX7oi4', 2, 4);
INSERT INTO exercise_muscle (exercise_id, muscle_id, intensity) VALUES (715, 7, 10);
INSERT INTO exercise_muscle (exercise_id, muscle_id, intensity) VALUES (715, 4, 7);
INSERT INTO exercise_muscle (exercise_id, muscle_id, intensity) VALUES (715, 2, 4);

-- Exercise ID: 716
INSERT INTO Exercise (id, title, description, link, equipment_id, training_type_id) VALUES (716, 'Push Up Donkey Kick', 'Target: Chest, Glutes, Core', 'https://www.youtube.com/watch?v=PtMfICbr8CE', 2, 4);
INSERT INTO exercise_muscle (exercise_id, muscle_id, intensity) VALUES (716, 7, 10);
INSERT INTO exercise_muscle (exercise_id, muscle_id, intensity) VALUES (716, 21, 7);
INSERT INTO exercise_muscle (exercise_id, muscle_id, intensity) VALUES (716, 11, 4);

-- Exercise ID: 717
INSERT INTO Exercise (id, title, description, link, equipment_id, training_type_id) VALUES (717, 'Push Up to Alternating Knee Tap', 'Target: Chest & Core', 'https://www.youtube.com/watch?v=5Zy4NBDYsCw', 2, 4);
INSERT INTO exercise_muscle (exercise_id, muscle_id, intensity) VALUES (717, 7, 10);
INSERT INTO exercise_muscle (exercise_id, muscle_id, intensity) VALUES (717, 11, 7);
INSERT INTO exercise_muscle (exercise_id, muscle_id, intensity) VALUES (717, 12, 4);

-- Exercise ID: 718
INSERT INTO Exercise (id, title, description, link, equipment_id, training_type_id) VALUES (718, 'Push Up to Knee Taps', 'Target: Chest & Core', 'https://www.youtube.com/watch?v=5Zy4NBDYsCw', 2, 4);
INSERT INTO exercise_muscle (exercise_id, muscle_id, intensity) VALUES (718, 7, 10);
INSERT INTO exercise_muscle (exercise_id, muscle_id, intensity) VALUES (718, 11, 7);
INSERT INTO exercise_muscle (exercise_id, muscle_id, intensity) VALUES (718, 12, 4);

-- Exercise ID: 719
INSERT INTO Exercise (id, title, description, link, equipment_id, training_type_id) VALUES (719, 'Push Up to Pull Through', 'Target: Chest, Core, Lats', 'https://www.youtube.com/watch?v=3_mq9m6Yau8', 6, 4);
INSERT INTO exercise_muscle (exercise_id, muscle_id, intensity) VALUES (719, 7, 10);
INSERT INTO exercise_muscle (exercise_id, muscle_id, intensity) VALUES (719, 11, 7);
INSERT INTO exercise_muscle (exercise_id, muscle_id, intensity) VALUES (719, 17, 4);

-- Exercise ID: 720
INSERT INTO Exercise (id, title, description, link, equipment_id, training_type_id) VALUES (720, 'Push Up to Reach', 'Target: Chest, Core, Shoulders', 'https://www.youtube.com/watch?v=BzVQ_utfopY', 2, 4);
INSERT INTO exercise_muscle (exercise_id, muscle_id, intensity) VALUES (720, 7, 10);
INSERT INTO exercise_muscle (exercise_id, muscle_id, intensity) VALUES (720, 11, 7);
INSERT INTO exercise_muscle (exercise_id, muscle_id, intensity) VALUES (720, 2, 4);

-- Exercise ID: 721
INSERT INTO Exercise (id, title, description, link, equipment_id, training_type_id) VALUES (721, 'Push Up to Renegade Row', 'Target: Chest, Back, Core', 'https://www.youtube.com/watch?v=clVj2dQ_GoY', 6, 4);
INSERT INTO exercise_muscle (exercise_id, muscle_id, intensity) VALUES (721, 7, 10);
INSERT INTO exercise_muscle (exercise_id, muscle_id, intensity) VALUES (721, 17, 7);
INSERT INTO exercise_muscle (exercise_id, muscle_id, intensity) VALUES (721, 11, 4);

-- Exercise ID: 722
INSERT INTO Exercise (id, title, description, link, equipment_id, training_type_id) VALUES (722, 'Push Up to Starfish', 'Target: Chest, Obliques, Core', 'https://www.youtube.com/shorts/niU_1VlJmeA', 2, 4);
INSERT INTO exercise_muscle (exercise_id, muscle_id, intensity) VALUES (722, 7, 10);
INSERT INTO exercise_muscle (exercise_id, muscle_id, intensity) VALUES (722, 12, 7);
INSERT INTO exercise_muscle (exercise_id, muscle_id, intensity) VALUES (722, 11, 4);

-- Exercise ID: 723
INSERT INTO Exercise (id, title, description, link, equipment_id, training_type_id) VALUES (723, 'Push Up to Superman', 'Target: Chest, Lower Back, Glutes', 'https://www.youtube.com/watch?v=TwXPklkR8ws', 2, 4);
INSERT INTO exercise_muscle (exercise_id, muscle_id, intensity) VALUES (723, 7, 10);
INSERT INTO exercise_muscle (exercise_id, muscle_id, intensity) VALUES (723, 20, 7);
INSERT INTO exercise_muscle (exercise_id, muscle_id, intensity) VALUES (723, 21, 4);

-- Exercise ID: 724
INSERT INTO Exercise (id, title, description, link, equipment_id, training_type_id) VALUES (724, 'Push Up w/ Rotation', 'Target: Chest, Obliques, Shoulders', 'https://www.youtube.com/watch?v=Ohz9RWkCvH0', 2, 4);
INSERT INTO exercise_muscle (exercise_id, muscle_id, intensity) VALUES (724, 7, 10);
INSERT INTO exercise_muscle (exercise_id, muscle_id, intensity) VALUES (724, 12, 7);
INSERT INTO exercise_muscle (exercise_id, muscle_id, intensity) VALUES (724, 2, 4);

-- Exercise ID: 725
INSERT INTO Exercise (id, title, description, link, equipment_id, training_type_id) VALUES (725, 'Push-up', 'Target: Chest, Shoulders, Triceps', 'https://www.youtube.com/watch?v=IODxDxX7oi4', 2, 4);
INSERT INTO exercise_muscle (exercise_id, muscle_id, intensity) VALUES (725, 7, 10);
INSERT INTO exercise_muscle (exercise_id, muscle_id, intensity) VALUES (725, 4, 7);
INSERT INTO exercise_muscle (exercise_id, muscle_id, intensity) VALUES (725, 2, 4);

-- Exercise ID: 726
INSERT INTO Exercise (id, title, description, link, equipment_id, training_type_id) VALUES (726, 'Push-Up to Plank Pull Through', 'Target: Chest, Core, Lats', 'https://www.youtube.com/watch?v=10zRyqH3ckI', 6, 4);
INSERT INTO exercise_muscle (exercise_id, muscle_id, intensity) VALUES (726, 7, 10);
INSERT INTO exercise_muscle (exercise_id, muscle_id, intensity) VALUES (726, 11, 7);
INSERT INTO exercise_muscle (exercise_id, muscle_id, intensity) VALUES (726, 17, 4);

-- Exercise ID: 727
INSERT INTO Exercise (id, title, description, link, equipment_id, training_type_id) VALUES (727, 'Push-Ups on Knees', 'Target: Chest, Shoulders, Triceps', 'https://www.youtube.com/watch?v=jWxvty2KROs', 2, 4);
INSERT INTO exercise_muscle (exercise_id, muscle_id, intensity) VALUES (727, 7, 10);
INSERT INTO exercise_muscle (exercise_id, muscle_id, intensity) VALUES (727, 4, 7);
INSERT INTO exercise_muscle (exercise_id, muscle_id, intensity) VALUES (727, 2, 4);

-- Exercise ID: 728
INSERT INTO Exercise (id, title, description, link, equipment_id, training_type_id) VALUES (728, 'Push-Ups with Shoulder Taps', 'Target: Chest & Core Stability', 'https://www.youtube.com/watch?v=yyFBdDj7EbQ', 2, 4);
INSERT INTO exercise_muscle (exercise_id, muscle_id, intensity) VALUES (728, 7, 10);
INSERT INTO exercise_muscle (exercise_id, muscle_id, intensity) VALUES (728, 11, 7);
INSERT INTO exercise_muscle (exercise_id, muscle_id, intensity) VALUES (728, 4, 4);

-- Exercise ID: 729
INSERT INTO Exercise (id, title, description, link, equipment_id, training_type_id) VALUES (729, 'Quad Rockers', 'Target: Quad & Knee Mobility', 'https://www.youtube.com/watch?v=Z7rFSpUcS5o', 2, 8);
INSERT INTO exercise_muscle (exercise_id, muscle_id, intensity) VALUES (729, 13, 10);
INSERT INTO exercise_muscle (exercise_id, muscle_id, intensity) VALUES (729, 16, 7);

-- Exercise ID: 730
INSERT INTO Exercise (id, title, description, link, equipment_id, training_type_id) VALUES (730, 'Quad Rockers / Child''s Pose', 'Target: Quad & Low Back Mobility', 'https://www.youtube.com/shorts/Q-wr-Hy6B_g', 2, 8);
INSERT INTO exercise_muscle (exercise_id, muscle_id, intensity) VALUES (730, 13, 10);
INSERT INTO exercise_muscle (exercise_id, muscle_id, intensity) VALUES (730, 20, 7);

-- Exercise ID: 731
INSERT INTO Exercise (id, title, description, link, equipment_id, training_type_id) VALUES (731, 'Quad Stretch Lean Forward', 'Target: Quad & Hip Flexor Stretch', 'https://www.youtube.com/shorts/lh_N3speN0I', 2, 8);
INSERT INTO exercise_muscle (exercise_id, muscle_id, intensity) VALUES (731, 13, 10);

-- Exercise ID: 732
INSERT INTO Exercise (id, title, description, link, equipment_id, training_type_id) VALUES (732, 'Quad Stretch with Reach', 'Target: Quads & Lats Stretch', 'https://www.youtube.com/watch?v=H6CXpwaGIxs', 2, 8);
INSERT INTO exercise_muscle (exercise_id, muscle_id, intensity) VALUES (732, 13, 10);
INSERT INTO exercise_muscle (exercise_id, muscle_id, intensity) VALUES (732, 17, 7);

-- Exercise ID: 733
INSERT INTO Exercise (id, title, description, link, equipment_id, training_type_id) VALUES (733, 'Quadruped Extension-Rotation', 'Target: Thoracic Spine Mobility', 'https://www.youtube.com/watch?v=lhMKyeSwUhk', 2, 8);
INSERT INTO exercise_muscle (exercise_id, muscle_id, intensity) VALUES (733, 18, 10);
INSERT INTO exercise_muscle (exercise_id, muscle_id, intensity) VALUES (733, 12, 7);

-- Exercise ID: 734
INSERT INTO Exercise (id, title, description, link, equipment_id, training_type_id) VALUES (734, 'Quadruped Rock Back', 'Target: Low Back & Hip Mobility', 'https://www.youtube.com/watch?v=x1EOLZDWA80', 2, 8);
INSERT INTO exercise_muscle (exercise_id, muscle_id, intensity) VALUES (734, 20, 10);
INSERT INTO exercise_muscle (exercise_id, muscle_id, intensity) VALUES (734, 21, 7);

-- Exercise ID: 735
INSERT INTO Exercise (id, title, description, link, equipment_id, training_type_id) VALUES (735, 'Quadruped Shoulder Taps''', 'Target: Core & Shoulder Stability', 'https://www.youtube.com/watch?v=RUjjKrORHpI', 2, 1);
INSERT INTO exercise_muscle (exercise_id, muscle_id, intensity) VALUES (735, 11, 10);
INSERT INTO exercise_muscle (exercise_id, muscle_id, intensity) VALUES (735, 12, 7);
INSERT INTO exercise_muscle (exercise_id, muscle_id, intensity) VALUES (735, 2, 4);

-- Exercise ID: 736
INSERT INTO Exercise (id, title, description, link, equipment_id, training_type_id) VALUES (736, 'Quick Bounds', 'Target: Plyometric Power & Calves', 'https://www.youtube.com/watch?v=SyB8EaNDi-I', 2, 9);
INSERT INTO exercise_muscle (exercise_id, muscle_id, intensity) VALUES (736, 6, 10);
INSERT INTO exercise_muscle (exercise_id, muscle_id, intensity) VALUES (736, 13, 7);

-- Exercise ID: 737
INSERT INTO Exercise (id, title, description, link, equipment_id, training_type_id) VALUES (737, 'Rack Pull', 'Target: Upper Back & Grip Strength', 'https://www.youtube.com/watch?v=cxVrqTqD_J4', 12, 7);
INSERT INTO exercise_muscle (exercise_id, muscle_id, intensity) VALUES (737, 18, 10);
INSERT INTO exercise_muscle (exercise_id, muscle_id, intensity) VALUES (737, 20, 7);
INSERT INTO exercise_muscle (exercise_id, muscle_id, intensity) VALUES (737, 9, 4);

-- Exercise ID: 738
INSERT INTO Exercise (id, title, description, link, equipment_id, training_type_id) VALUES (738, 'Rainbow Ball Slam', 'Target: Lats, Obliques, Core', 'https://www.youtube.com/watch?v=9kqGbwTpoKQ', 5, 10);
INSERT INTO exercise_muscle (exercise_id, muscle_id, intensity) VALUES (738, 17, 10);
INSERT INTO exercise_muscle (exercise_id, muscle_id, intensity) VALUES (738, 12, 7);
INSERT INTO exercise_muscle (exercise_id, muscle_id, intensity) VALUES (738, 11, 4);

-- Exercise ID: 739
INSERT INTO Exercise (id, title, description, link, equipment_id, training_type_id) VALUES (739, 'Rear-Foot-Elevated Barbell Split Squat', 'Target: Quads & Glutes', 'https://www.youtube.com/watch?v=d0nAqfdrVkc', 12, 2);
INSERT INTO exercise_muscle (exercise_id, muscle_id, intensity) VALUES (739, 13, 10);
INSERT INTO exercise_muscle (exercise_id, muscle_id, intensity) VALUES (739, 21, 7);

-- Exercise ID: 740
INSERT INTO Exercise (id, title, description, link, equipment_id, training_type_id) VALUES (740, 'Rear-Foot-Elevated Bodyweight Split Squat', 'Target: Quads & Glutes', 'https://www.youtube.com/watch?v=kQ1VCHrfbbs', 2, 4);
INSERT INTO exercise_muscle (exercise_id, muscle_id, intensity) VALUES (740, 13, 10);
INSERT INTO exercise_muscle (exercise_id, muscle_id, intensity) VALUES (740, 21, 7);

-- Exercise ID: 741
INSERT INTO Exercise (id, title, description, link, equipment_id, training_type_id) VALUES (741, 'Rear-Foot-Elevated Dumbbell Split Squat', 'Target: Quads & Glutes', 'https://www.youtube.com/watch?v=JXn1Hnv_ZWE', 6, 2);
INSERT INTO exercise_muscle (exercise_id, muscle_id, intensity) VALUES (741, 13, 10);
INSERT INTO exercise_muscle (exercise_id, muscle_id, intensity) VALUES (741, 21, 7);

-- Exercise ID: 742
INSERT INTO Exercise (id, title, description, link, equipment_id, training_type_id) VALUES (742, 'Rear-Foot-Elevated Dumbbell Split Squat Jump', 'Target: Plyometric Leg Power', 'https://www.youtube.com/watch?v=AmgM_PjBq0I', 6, 9);
INSERT INTO exercise_muscle (exercise_id, muscle_id, intensity) VALUES (742, 13, 10);
INSERT INTO exercise_muscle (exercise_id, muscle_id, intensity) VALUES (742, 21, 7);
INSERT INTO exercise_muscle (exercise_id, muscle_id, intensity) VALUES (742, 6, 4);

-- Exercise ID: 743
INSERT INTO Exercise (id, title, description, link, equipment_id, training_type_id) VALUES (743, 'Rear-Foot-Elevated Goblet Split Squat', 'Target: Quads, Glutes, Core', 'https://www.youtube.com/watch?v=z9dhokzNGP8', 15, 2);
INSERT INTO exercise_muscle (exercise_id, muscle_id, intensity) VALUES (743, 13, 10);
INSERT INTO exercise_muscle (exercise_id, muscle_id, intensity) VALUES (743, 21, 7);
INSERT INTO exercise_muscle (exercise_id, muscle_id, intensity) VALUES (743, 11, 4);

-- Exercise ID: 744
INSERT INTO Exercise (id, title, description, link, equipment_id, training_type_id) VALUES (744, 'Renegade Row', 'Target: Back & Core Stability', 'https://www.youtube.com/watch?v=G1AcX8Y_byg', 6, 4);
INSERT INTO exercise_muscle (exercise_id, muscle_id, intensity) VALUES (744, 17, 10);
INSERT INTO exercise_muscle (exercise_id, muscle_id, intensity) VALUES (744, 11, 7);
INSERT INTO exercise_muscle (exercise_id, muscle_id, intensity) VALUES (744, 12, 4);

-- Exercise ID: 745
INSERT INTO Exercise (id, title, description, link, equipment_id, training_type_id) VALUES (745, 'Renegade Row With Pushup', 'Target: Chest, Back, Core', 'https://www.youtube.com/watch?v=731lQp2shpY', 6, 4);
INSERT INTO exercise_muscle (exercise_id, muscle_id, intensity) VALUES (745, 7, 10);
INSERT INTO exercise_muscle (exercise_id, muscle_id, intensity) VALUES (745, 17, 7);
INSERT INTO exercise_muscle (exercise_id, muscle_id, intensity) VALUES (745, 11, 4);

-- Exercise ID: 746
INSERT INTO Exercise (id, title, description, link, equipment_id, training_type_id) VALUES (746, 'Renegade Row With Pushup and Feet Elevated', 'Target: Chest, Back, Core', 'https://www.youtube.com/watch?v=clVj2dQ_GoY', 6, 4);
INSERT INTO exercise_muscle (exercise_id, muscle_id, intensity) VALUES (746, 7, 10);
INSERT INTO exercise_muscle (exercise_id, muscle_id, intensity) VALUES (746, 17, 7);
INSERT INTO exercise_muscle (exercise_id, muscle_id, intensity) VALUES (746, 11, 4);

-- Exercise ID: 747
INSERT INTO Exercise (id, title, description, link, equipment_id, training_type_id) VALUES (747, 'Reverse Crunch', 'Target: Lower Abs', 'https://www.youtube.com/watch?v=hyv14e2QDq0', 2, 2);
INSERT INTO exercise_muscle (exercise_id, muscle_id, intensity) VALUES (747, 11, 10);
INSERT INTO exercise_muscle (exercise_id, muscle_id, intensity) VALUES (747, 12, 7);

-- Exercise ID: 748
INSERT INTO Exercise (id, title, description, link, equipment_id, training_type_id) VALUES (748, 'Reverse Landmine Lunge', 'Target: Quads & Glutes', 'https://www.youtube.com/watch?v=HHzBjUHrWf4', 19, 2);
INSERT INTO exercise_muscle (exercise_id, muscle_id, intensity) VALUES (748, 13, 10);
INSERT INTO exercise_muscle (exercise_id, muscle_id, intensity) VALUES (748, 21, 7);

-- Exercise ID: 749
INSERT INTO Exercise (id, title, description, link, equipment_id, training_type_id) VALUES (749, 'Reverse Lunge', 'Target: Quads & Glutes', 'https://www.youtube.com/watch?v=SXYrUTUwFoc', 2, 4);
INSERT INTO exercise_muscle (exercise_id, muscle_id, intensity) VALUES (749, 13, 10);
INSERT INTO exercise_muscle (exercise_id, muscle_id, intensity) VALUES (749, 21, 7);

-- Exercise ID: 750
INSERT INTO Exercise (id, title, description, link, equipment_id, training_type_id) VALUES (750, 'Reverse Lunge into Knee up', 'Target: Quads, Glutes, Balance', 'https://www.youtube.com/watch?v=NKcPgHedtTg', 2, 4);
INSERT INTO exercise_muscle (exercise_id, muscle_id, intensity) VALUES (750, 13, 10);
INSERT INTO exercise_muscle (exercise_id, muscle_id, intensity) VALUES (750, 21, 7);
INSERT INTO exercise_muscle (exercise_id, muscle_id, intensity) VALUES (750, 11, 4);

-- Exercise ID: 751
INSERT INTO Exercise (id, title, description, link, equipment_id, training_type_id) VALUES (751, 'Reverse Lunge Jump', 'Target: Plyometric Leg Power', 'https://www.youtube.com/watch?v=GE9gUamCGX8', 2, 9);
INSERT INTO exercise_muscle (exercise_id, muscle_id, intensity) VALUES (751, 13, 10);
INSERT INTO exercise_muscle (exercise_id, muscle_id, intensity) VALUES (751, 21, 7);
INSERT INTO exercise_muscle (exercise_id, muscle_id, intensity) VALUES (751, 6, 4);

-- Exercise ID: 752
INSERT INTO Exercise (id, title, description, link, equipment_id, training_type_id) VALUES (752, 'Reverse Lunge Shoulder Press', 'Target: Legs, Shoulders, Core', 'https://www.youtube.com/watch?v=mJT6hPY7gO4', 6, 2);
INSERT INTO exercise_muscle (exercise_id, muscle_id, intensity) VALUES (752, 13, 10);
INSERT INTO exercise_muscle (exercise_id, muscle_id, intensity) VALUES (752, 2, 7);
INSERT INTO exercise_muscle (exercise_id, muscle_id, intensity) VALUES (752, 21, 4);

-- Exercise ID: 753
INSERT INTO Exercise (id, title, description, link, equipment_id, training_type_id) VALUES (753, 'Reverse Lunge to Single-Leg Skip', 'Target: Leg Power & Coordination', 'https://www.youtube.com/watch?v=lKkdBpK2fzU', 2, 9);
INSERT INTO exercise_muscle (exercise_id, muscle_id, intensity) VALUES (753, 13, 10);
INSERT INTO exercise_muscle (exercise_id, muscle_id, intensity) VALUES (753, 21, 7);
INSERT INTO exercise_muscle (exercise_id, muscle_id, intensity) VALUES (753, 6, 4);

-- Exercise ID: 754
INSERT INTO Exercise (id, title, description, link, equipment_id, training_type_id) VALUES (754, 'Reverse Nordic', 'Target: Quads (Eccentric)', 'https://www.youtube.com/watch?v=x2K8uH7dcqg', 2, 2);
INSERT INTO exercise_muscle (exercise_id, muscle_id, intensity) VALUES (754, 13, 10);
INSERT INTO exercise_muscle (exercise_id, muscle_id, intensity) VALUES (754, 11, 7);

-- Exercise ID: 755
INSERT INTO Exercise (id, title, description, link, equipment_id, training_type_id) VALUES (755, 'Reverse Pattern Single-Leg Romanian Deadlift', 'Target: Hamstring Control & Balance', 'https://www.youtube.com/watch?v=FDaAi-dCTz8', 2, 12);
INSERT INTO exercise_muscle (exercise_id, muscle_id, intensity) VALUES (755, 22, 10);
INSERT INTO exercise_muscle (exercise_id, muscle_id, intensity) VALUES (755, 21, 7);
INSERT INTO exercise_muscle (exercise_id, muscle_id, intensity) VALUES (755, 20, 4);

-- Exercise ID: 756
INSERT INTO Exercise (id, title, description, link, equipment_id, training_type_id) VALUES (756, 'Reverse Plank Hold', 'Target: Posterior Chain Endurance', 'https://www.youtube.com/watch?v=uUEKLhpJd1Q', 2, 1);
INSERT INTO exercise_muscle (exercise_id, muscle_id, intensity) VALUES (756, 21, 10);
INSERT INTO exercise_muscle (exercise_id, muscle_id, intensity) VALUES (756, 20, 7);
INSERT INTO exercise_muscle (exercise_id, muscle_id, intensity) VALUES (756, 22, 4);

-- Exercise ID: 757
INSERT INTO Exercise (id, title, description, link, equipment_id, training_type_id) VALUES (757, 'Reverse Plank Knee Drives', 'Target: Glutes, Hamstrings, Core', 'https://www.youtube.com/watch?v=bnu5b61vqGQ', 2, 4);
INSERT INTO exercise_muscle (exercise_id, muscle_id, intensity) VALUES (757, 21, 10);
INSERT INTO exercise_muscle (exercise_id, muscle_id, intensity) VALUES (757, 22, 7);
INSERT INTO exercise_muscle (exercise_id, muscle_id, intensity) VALUES (757, 11, 4);

-- Exercise ID: 758
INSERT INTO Exercise (id, title, description, link, equipment_id, training_type_id) VALUES (758, 'Reverse Planks', 'Target: Posterior Chain', 'https://www.youtube.com/watch?v=bnu5b61vqGQ', 2, 4);
INSERT INTO exercise_muscle (exercise_id, muscle_id, intensity) VALUES (758, 21, 10);
INSERT INTO exercise_muscle (exercise_id, muscle_id, intensity) VALUES (758, 22, 7);
INSERT INTO exercise_muscle (exercise_id, muscle_id, intensity) VALUES (758, 20, 4);

-- Exercise ID: 759
INSERT INTO Exercise (id, title, description, link, equipment_id, training_type_id) VALUES (759, 'Reverse Step Up', 'Target: Hamstrings & Glutes', 'https://www.youtube.com/watch?v=7PV_bGLFlfY', 27, 2);
INSERT INTO exercise_muscle (exercise_id, muscle_id, intensity) VALUES (759, 22, 10);
INSERT INTO exercise_muscle (exercise_id, muscle_id, intensity) VALUES (759, 21, 7);
INSERT INTO exercise_muscle (exercise_id, muscle_id, intensity) VALUES (759, 13, 4);

-- Exercise ID: 760
INSERT INTO Exercise (id, title, description, link, equipment_id, training_type_id) VALUES (760, 'Reverse Table Top Knee Raises', 'Target: Core & Glutes', 'https://www.youtube.com/shorts/F5z-XQ5Hhm8', 2, 4);
INSERT INTO exercise_muscle (exercise_id, muscle_id, intensity) VALUES (760, 11, 10);
INSERT INTO exercise_muscle (exercise_id, muscle_id, intensity) VALUES (760, 21, 7);
INSERT INTO exercise_muscle (exercise_id, muscle_id, intensity) VALUES (760, 4, 4);

-- Exercise ID: 761
INSERT INTO Exercise (id, title, description, link, equipment_id, training_type_id) VALUES (761, 'Reverse Triceps Extension', 'Target: Triceps (Long Head)', 'https://www.youtube.com/watch?v=UiDZEg2y1bc', 6, 2);
INSERT INTO exercise_muscle (exercise_id, muscle_id, intensity) VALUES (761, 4, 10);

-- Exercise ID: 762
INSERT INTO Exercise (id, title, description, link, equipment_id, training_type_id) VALUES (762, 'Ring Plank', 'Target: Core & Shoulder Stability', 'https://www.youtube.com/watch?v=BcaaobXxRbM', 3, 4);
INSERT INTO exercise_muscle (exercise_id, muscle_id, intensity) VALUES (762, 11, 10);
INSERT INTO exercise_muscle (exercise_id, muscle_id, intensity) VALUES (762, 12, 7);
INSERT INTO exercise_muscle (exercise_id, muscle_id, intensity) VALUES (762, 2, 4);

-- Exercise ID: 763
INSERT INTO Exercise (id, title, description, link, equipment_id, training_type_id) VALUES (763, 'Ring Pushup', 'Target: Chest, Triceps, Core', 'https://www.youtube.com/watch?v=FRiiZRhapeU', 3, 4);
INSERT INTO exercise_muscle (exercise_id, muscle_id, intensity) VALUES (763, 7, 10);
INSERT INTO exercise_muscle (exercise_id, muscle_id, intensity) VALUES (763, 4, 7);
INSERT INTO exercise_muscle (exercise_id, muscle_id, intensity) VALUES (763, 11, 4);

-- Exercise ID: 764
INSERT INTO Exercise (id, title, description, link, equipment_id, training_type_id) VALUES (764, 'Ring Row', 'Target: Back & Biceps', 'https://www.youtube.com/watch?v=xhlReCpAE9k', 3, 4);
INSERT INTO exercise_muscle (exercise_id, muscle_id, intensity) VALUES (764, 18, 10);
INSERT INTO exercise_muscle (exercise_id, muscle_id, intensity) VALUES (764, 17, 7);
INSERT INTO exercise_muscle (exercise_id, muscle_id, intensity) VALUES (764, 8, 4);

-- Exercise ID: 765
INSERT INTO Exercise (id, title, description, link, equipment_id, training_type_id) VALUES (765, 'Ring Row With Feet Elevated', 'Target: Back & Biceps (Harder)', 'https://www.youtube.com/watch?v=u3XIZSv2Npw', 3, 4);
INSERT INTO exercise_muscle (exercise_id, muscle_id, intensity) VALUES (765, 18, 10);
INSERT INTO exercise_muscle (exercise_id, muscle_id, intensity) VALUES (765, 17, 7);
INSERT INTO exercise_muscle (exercise_id, muscle_id, intensity) VALUES (765, 8, 4);

-- Exercise ID: 766
INSERT INTO Exercise (id, title, description, link, equipment_id, training_type_id) VALUES (766, 'Rocked-Back Quadruped Extension-Rotation', 'Target: Thoracic Mobility', 'https://www.youtube.com/watch?v=wbwu895NW9w', 2, 8);
INSERT INTO exercise_muscle (exercise_id, muscle_id, intensity) VALUES (766, 18, 10);
INSERT INTO exercise_muscle (exercise_id, muscle_id, intensity) VALUES (766, 12, 7);

-- Exercise ID: 767
INSERT INTO Exercise (id, title, description, link, equipment_id, training_type_id) VALUES (767, 'Romanian Deadlift', 'Target: Hamstrings & Glutes', 'https://www.youtube.com/watch?v=LURGDIX3adY', 12, 2);
INSERT INTO exercise_muscle (exercise_id, muscle_id, intensity) VALUES (767, 22, 10);
INSERT INTO exercise_muscle (exercise_id, muscle_id, intensity) VALUES (767, 21, 7);
INSERT INTO exercise_muscle (exercise_id, muscle_id, intensity) VALUES (767, 20, 4);

-- Exercise ID: 768
INSERT INTO Exercise (id, title, description, link, equipment_id, training_type_id) VALUES (768, 'Romanian Deadlift To Bicep Curl', 'Target: Hamstrings & Biceps', 'https://www.youtube.com/watch?v=nWtmxbMBEJo', 6, 2);
INSERT INTO exercise_muscle (exercise_id, muscle_id, intensity) VALUES (768, 22, 10);
INSERT INTO exercise_muscle (exercise_id, muscle_id, intensity) VALUES (768, 8, 7);
INSERT INTO exercise_muscle (exercise_id, muscle_id, intensity) VALUES (768, 21, 4);

-- Exercise ID: 769
INSERT INTO Exercise (id, title, description, link, equipment_id, training_type_id) VALUES (769, 'Romanian Deadlift With Dowel', 'Target: Hamstring Form & Mobility', 'https://www.youtube.com/watch?v=huKdEsssSUo', 2, 8);
INSERT INTO exercise_muscle (exercise_id, muscle_id, intensity) VALUES (769, 22, 10);
INSERT INTO exercise_muscle (exercise_id, muscle_id, intensity) VALUES (769, 20, 7);

-- Exercise ID: 770
INSERT INTO Exercise (id, title, description, link, equipment_id, training_type_id) VALUES (770, 'Rotating Bear Plank', 'Target: Core & Shoulder Stability', 'https://www.youtube.com/watch?v=ASThkQl4fWg', 2, 5);
INSERT INTO exercise_muscle (exercise_id, muscle_id, intensity) VALUES (770, 12, 10);
INSERT INTO exercise_muscle (exercise_id, muscle_id, intensity) VALUES (770, 11, 7);
INSERT INTO exercise_muscle (exercise_id, muscle_id, intensity) VALUES (770, 13, 4);

-- Exercise ID: 771
INSERT INTO Exercise (id, title, description, link, equipment_id, training_type_id) VALUES (771, 'Row Boats', 'Target: Abs', 'https://www.youtube.com/watch?v=q3F2Bao2Xnk', 2, 2);
INSERT INTO exercise_muscle (exercise_id, muscle_id, intensity) VALUES (771, 11, 10);
INSERT INTO exercise_muscle (exercise_id, muscle_id, intensity) VALUES (771, 12, 7);

-- Exercise ID: 772
INSERT INTO Exercise (id, title, description, link, equipment_id, training_type_id) VALUES (772, 'Rowing', 'Target: Full Body Conditioning', 'https://www.youtube.com/watch?v=ZN0J6qKCIrI', NULL, 3);
INSERT INTO exercise_muscle (exercise_id, muscle_id, intensity) VALUES (772, 17, 10);
INSERT INTO exercise_muscle (exercise_id, muscle_id, intensity) VALUES (772, 13, 7);
INSERT INTO exercise_muscle (exercise_id, muscle_id, intensity) VALUES (772, 18, 4);

-- Exercise ID: 773
INSERT INTO Exercise (id, title, description, link, equipment_id, training_type_id) VALUES (773, 'Runner''s Stretch', 'Target: Hip Flexor & Hamstring Stretch', 'https://www.youtube.com/watch?v=yjB23ki0HHE', 2, 8);
INSERT INTO exercise_muscle (exercise_id, muscle_id, intensity) VALUES (773, 13, 10);
INSERT INTO exercise_muscle (exercise_id, muscle_id, intensity) VALUES (773, 22, 7);

-- Exercise ID: 774
INSERT INTO Exercise (id, title, description, link, equipment_id, training_type_id) VALUES (774, 'Russian Twist', 'Target: Obliques', 'https://www.youtube.com/watch?v=wkD8rjkodUI', 2, 2);
INSERT INTO exercise_muscle (exercise_id, muscle_id, intensity) VALUES (774, 12, 10);
INSERT INTO exercise_muscle (exercise_id, muscle_id, intensity) VALUES (774, 11, 7);

-- Exercise ID: 775
INSERT INTO Exercise (id, title, description, link, equipment_id, training_type_id) VALUES (775, 'Russian Twist (Weighted)', 'Target: Obliques', 'https://www.youtube.com/watch?v=TfTUk2AjV7g', 22, 2);
INSERT INTO exercise_muscle (exercise_id, muscle_id, intensity) VALUES (775, 12, 10);
INSERT INTO exercise_muscle (exercise_id, muscle_id, intensity) VALUES (775, 11, 7);

-- Exercise ID: 776
INSERT INTO Exercise (id, title, description, link, equipment_id, training_type_id) VALUES (776, 'Salute Plank', 'Target: Core & Shoulder Stability', 'https://www.youtube.com/watch?v=_4ev5sIEvfA', 2, 1);
INSERT INTO exercise_muscle (exercise_id, muscle_id, intensity) VALUES (776, 11, 10);
INSERT INTO exercise_muscle (exercise_id, muscle_id, intensity) VALUES (776, 12, 7);
INSERT INTO exercise_muscle (exercise_id, muscle_id, intensity) VALUES (776, 2, 4);

-- Exercise ID: 777
INSERT INTO Exercise (id, title, description, link, equipment_id, training_type_id) VALUES (777, 'SB Crunches', 'Target: Abs', 'https://www.youtube.com/watch?v=RFscllOmYvA', 1, 2);
INSERT INTO exercise_muscle (exercise_id, muscle_id, intensity) VALUES (777, 11, 10);

-- Exercise ID: 778
INSERT INTO Exercise (id, title, description, link, equipment_id, training_type_id) VALUES (778, 'Scap Pull-Ups', 'Target: Scapular Activation & Grip', 'https://www.youtube.com/watch?v=kCoCVLZvI8E', 16, 1);
INSERT INTO exercise_muscle (exercise_id, muscle_id, intensity) VALUES (778, 17, 10);
INSERT INTO exercise_muscle (exercise_id, muscle_id, intensity) VALUES (778, 18, 7);
INSERT INTO exercise_muscle (exercise_id, muscle_id, intensity) VALUES (778, 9, 4);

-- Exercise ID: 779
INSERT INTO Exercise (id, title, description, link, equipment_id, training_type_id) VALUES (779, 'Scapular Push Up', 'Target: Scapular Stability', 'https://www.youtube.com/watch?v=5YHZnEsE9hA', 2, 1);
INSERT INTO exercise_muscle (exercise_id, muscle_id, intensity) VALUES (779, 18, 10);
INSERT INTO exercise_muscle (exercise_id, muscle_id, intensity) VALUES (779, 7, 7);

-- Exercise ID: 780
INSERT INTO Exercise (id, title, description, link, equipment_id, training_type_id) VALUES (780, 'Scapular Pushup on Elbows', 'Target: Scapular Stability', 'https://www.youtube.com/watch?v=Jmyx_fRYDt4', 2, 1);
INSERT INTO exercise_muscle (exercise_id, muscle_id, intensity) VALUES (780, 18, 10);
INSERT INTO exercise_muscle (exercise_id, muscle_id, intensity) VALUES (780, 7, 7);

-- Exercise ID: 781
INSERT INTO Exercise (id, title, description, link, equipment_id, training_type_id) VALUES (781, 'Scapular Wall-Slide', 'Target: Shoulder & Scapular Mobility', 'https://www.youtube.com/watch?v=c1rn3sjgbfY', 2, 8);
INSERT INTO exercise_muscle (exercise_id, muscle_id, intensity) VALUES (781, 18, 10);
INSERT INTO exercise_muscle (exercise_id, muscle_id, intensity) VALUES (781, 19, 7);

-- Exercise ID: 782
INSERT INTO Exercise (id, title, description, link, equipment_id, training_type_id) VALUES (782, 'Scullcrusher', 'Target: Triceps', 'https://www.youtube.com/watch?v=d_KZxkY_0cM', 18, 2);
INSERT INTO exercise_muscle (exercise_id, muscle_id, intensity) VALUES (782, 4, 10);

-- Exercise ID: 783
INSERT INTO Exercise (id, title, description, link, equipment_id, training_type_id) VALUES (783, 'Seal Jacks', 'Target: Cardio & Chest Mobility', 'https://www.youtube.com/watch?v=fxrmaUVAajo', 2, 3);
INSERT INTO exercise_muscle (exercise_id, muscle_id, intensity) VALUES (783, 6, 10);
INSERT INTO exercise_muscle (exercise_id, muscle_id, intensity) VALUES (783, 7, 7);
INSERT INTO exercise_muscle (exercise_id, muscle_id, intensity) VALUES (783, 15, 4);

-- Exercise ID: 784
INSERT INTO Exercise (id, title, description, link, equipment_id, training_type_id) VALUES (784, 'Seated Alternating Dumbbell Press', 'Target: Shoulders & Triceps', 'https://www.youtube.com/watch?v=Z4fmeY-GQ8o', 6, 2);
INSERT INTO exercise_muscle (exercise_id, muscle_id, intensity) VALUES (784, 2, 10);
INSERT INTO exercise_muscle (exercise_id, muscle_id, intensity) VALUES (784, 4, 7);
INSERT INTO exercise_muscle (exercise_id, muscle_id, intensity) VALUES (784, 3, 4);

-- Exercise ID: 785
INSERT INTO Exercise (id, title, description, link, equipment_id, training_type_id) VALUES (785, 'Seated Ankle Dorsiflexsion', 'Target: Ankle Mobility & Tibialis', 'https://www.youtube.com/watch?v=nP2Jab5DAds', 2, 8);
INSERT INTO exercise_muscle (exercise_id, muscle_id, intensity) VALUES (785, 5, 10);

-- Exercise ID: 786
INSERT INTO Exercise (id, title, description, link, equipment_id, training_type_id) VALUES (786, 'Seated Cable Chest Press', 'Target: Chest, Shoulders, Triceps', 'https://www.youtube.com/watch?v=tAILewhtCb0', 8, 2);
INSERT INTO exercise_muscle (exercise_id, muscle_id, intensity) VALUES (786, 7, 10);
INSERT INTO exercise_muscle (exercise_id, muscle_id, intensity) VALUES (786, 4, 7);
INSERT INTO exercise_muscle (exercise_id, muscle_id, intensity) VALUES (786, 2, 4);

-- Exercise ID: 787
INSERT INTO Exercise (id, title, description, link, equipment_id, training_type_id) VALUES (787, 'Seated Cable Row', 'Target: Lats & Back', 'https://www.youtube.com/watch?v=sP_4vybjVJs', 8, 2);
INSERT INTO exercise_muscle (exercise_id, muscle_id, intensity) VALUES (787, 17, 10);
INSERT INTO exercise_muscle (exercise_id, muscle_id, intensity) VALUES (787, 18, 7);
INSERT INTO exercise_muscle (exercise_id, muscle_id, intensity) VALUES (787, 8, 4);

-- Exercise ID: 788
INSERT INTO Exercise (id, title, description, link, equipment_id, training_type_id) VALUES (788, 'Seated Calf Press', 'Target: Calves', 'https://www.youtube.com/watch?v=W-NU8NUS8lI', NULL, 2);
INSERT INTO exercise_muscle (exercise_id, muscle_id, intensity) VALUES (788, 6, 10);

-- Exercise ID: 789
INSERT INTO Exercise (id, title, description, link, equipment_id, training_type_id) VALUES (789, 'Seated Chest Press', 'Target: Chest, Shoulders, Triceps', 'https://www.youtube.com/watch?v=xUm0BiZCWlQ', NULL, 2);
INSERT INTO exercise_muscle (exercise_id, muscle_id, intensity) VALUES (789, 7, 10);
INSERT INTO exercise_muscle (exercise_id, muscle_id, intensity) VALUES (789, 4, 7);
INSERT INTO exercise_muscle (exercise_id, muscle_id, intensity) VALUES (789, 2, 4);

-- Exercise ID: 790
INSERT INTO Exercise (id, title, description, link, equipment_id, training_type_id) VALUES (790, 'Seated DB Overhead Press', 'Target: Shoulders & Triceps', 'https://www.youtube.com/watch?v=HzIiNhHhhtA', 6, 2);
INSERT INTO exercise_muscle (exercise_id, muscle_id, intensity) VALUES (790, 2, 10);
INSERT INTO exercise_muscle (exercise_id, muscle_id, intensity) VALUES (790, 3, 7);
INSERT INTO exercise_muscle (exercise_id, muscle_id, intensity) VALUES (790, 4, 4);

-- Exercise ID: 791
INSERT INTO Exercise (id, title, description, link, equipment_id, training_type_id) VALUES (791, 'Seated Dumbbell Curl', 'Target: Biceps', 'https://www.youtube.com/watch?v=BsULGO70tcU', 6, 2);
INSERT INTO exercise_muscle (exercise_id, muscle_id, intensity) VALUES (791, 8, 10);
INSERT INTO exercise_muscle (exercise_id, muscle_id, intensity) VALUES (791, 10, 7);

-- Exercise ID: 792
INSERT INTO Exercise (id, title, description, link, equipment_id, training_type_id) VALUES (792, 'Seated Dumbbell Hammer Curl', 'Target: Biceps & Forearms', 'https://www.youtube.com/watch?v=WdssQ4YuUSA', 6, 2);
INSERT INTO exercise_muscle (exercise_id, muscle_id, intensity) VALUES (792, 8, 10);
INSERT INTO exercise_muscle (exercise_id, muscle_id, intensity) VALUES (792, 10, 7);

-- Exercise ID: 793
INSERT INTO Exercise (id, title, description, link, equipment_id, training_type_id) VALUES (793, 'Seated Dumbbell Lateral Raise', 'Target: Side Deltoids', 'https://www.youtube.com/watch?v=TiG5Un0pLdA', 6, 2);
INSERT INTO exercise_muscle (exercise_id, muscle_id, intensity) VALUES (793, 3, 10);
INSERT INTO exercise_muscle (exercise_id, muscle_id, intensity) VALUES (793, 9, 7);

-- Exercise ID: 794
INSERT INTO Exercise (id, title, description, link, equipment_id, training_type_id) VALUES (794, 'Seated Dumbbell Overhead Press', 'Target: Shoulders & Triceps', 'https://www.youtube.com/watch?v=qEwKCR5JCog', 6, 2);
INSERT INTO exercise_muscle (exercise_id, muscle_id, intensity) VALUES (794, 2, 10);
INSERT INTO exercise_muscle (exercise_id, muscle_id, intensity) VALUES (794, 3, 7);
INSERT INTO exercise_muscle (exercise_id, muscle_id, intensity) VALUES (794, 4, 4);

-- Exercise ID: 795
INSERT INTO Exercise (id, title, description, link, equipment_id, training_type_id) VALUES (795, 'Seated Dumbbell Shoulder Press', 'Target: Shoulders & Triceps', 'https://www.youtube.com/watch?v=qEwKCR5JCog', 6, 2);
INSERT INTO exercise_muscle (exercise_id, muscle_id, intensity) VALUES (795, 2, 10);
INSERT INTO exercise_muscle (exercise_id, muscle_id, intensity) VALUES (795, 3, 7);
INSERT INTO exercise_muscle (exercise_id, muscle_id, intensity) VALUES (795, 4, 4);

-- Exercise ID: 796
INSERT INTO Exercise (id, title, description, link, equipment_id, training_type_id) VALUES (796, 'Seated Face Pull', 'Target: Rear Delts & Upper Back', 'https://www.youtube.com/watch?v=EnTtxL6o9WI', 8, 1);
INSERT INTO exercise_muscle (exercise_id, muscle_id, intensity) VALUES (796, 19, 10);
INSERT INTO exercise_muscle (exercise_id, muscle_id, intensity) VALUES (796, 18, 7);
INSERT INTO exercise_muscle (exercise_id, muscle_id, intensity) VALUES (796, 9, 4);

-- Exercise ID: 797
INSERT INTO Exercise (id, title, description, link, equipment_id, training_type_id) VALUES (797, 'Seated Hamstring Curl', 'Target: Hamstrings', 'https://www.youtube.com/watch?v=Orxowest56U', NULL, 2);
INSERT INTO exercise_muscle (exercise_id, muscle_id, intensity) VALUES (797, 22, 10);
INSERT INTO exercise_muscle (exercise_id, muscle_id, intensity) VALUES (797, 6, 7);

-- Exercise ID: 798
INSERT INTO Exercise (id, title, description, link, equipment_id, training_type_id) VALUES (798, 'Seated Lateral Raise', 'Target: Side Deltoids', 'https://www.youtube.com/watch?v=3zohLHTjFH0', 6, 2);
INSERT INTO exercise_muscle (exercise_id, muscle_id, intensity) VALUES (798, 3, 10);
INSERT INTO exercise_muscle (exercise_id, muscle_id, intensity) VALUES (798, 9, 7);

-- Exercise ID: 799
INSERT INTO Exercise (id, title, description, link, equipment_id, training_type_id) VALUES (799, 'Seated Leg Extension', 'Target: Quads', 'https://www.youtube.com/watch?v=4ZDm5EbiFI8', NULL, 2);
INSERT INTO exercise_muscle (exercise_id, muscle_id, intensity) VALUES (799, 13, 10);

-- Exercise ID: 800
INSERT INTO Exercise (id, title, description, link, equipment_id, training_type_id) VALUES (800, 'Seated Overhead Press', 'Target: Shoulders & Triceps', 'https://www.youtube.com/watch?v=oBGeXxnigsQ', 12, 2);
INSERT INTO exercise_muscle (exercise_id, muscle_id, intensity) VALUES (800, 2, 10);
INSERT INTO exercise_muscle (exercise_id, muscle_id, intensity) VALUES (800, 3, 7);
INSERT INTO exercise_muscle (exercise_id, muscle_id, intensity) VALUES (800, 4, 4);

-- Exercise ID: 801
INSERT INTO Exercise (id, title, description, link, equipment_id, training_type_id) VALUES (801, 'Seated Overhead Tricep Extension', 'Target: Triceps', 'https://www.youtube.com/watch?v=YbX7Wd8jQ-Q', 6, 2);
INSERT INTO exercise_muscle (exercise_id, muscle_id, intensity) VALUES (801, 4, 10);

-- Exercise ID: 802
INSERT INTO Exercise (id, title, description, link, equipment_id, training_type_id) VALUES (802, 'Seated Plate Loaded Row', 'Target: Lats & Back', 'https://www.youtube.com/watch?v=2E6psSHltl4', NULL, 2);
INSERT INTO exercise_muscle (exercise_id, muscle_id, intensity) VALUES (802, 17, 10);
INSERT INTO exercise_muscle (exercise_id, muscle_id, intensity) VALUES (802, 18, 7);
INSERT INTO exercise_muscle (exercise_id, muscle_id, intensity) VALUES (802, 8, 4);

-- Exercise ID: 803
INSERT INTO Exercise (id, title, description, link, equipment_id, training_type_id) VALUES (803, 'Seated Reverse Fly', 'Target: Rear Deltoids & Upper Back', 'https://www.youtube.com/watch?v=cL1HxbOBkTs', 6, 2);
INSERT INTO exercise_muscle (exercise_id, muscle_id, intensity) VALUES (803, 19, 10);
INSERT INTO exercise_muscle (exercise_id, muscle_id, intensity) VALUES (803, 18, 7);

-- Exercise ID: 804
INSERT INTO Exercise (id, title, description, link, equipment_id, training_type_id) VALUES (804, 'Seated Row', 'Target: Back, Lats, Biceps', 'https://www.youtube.com/watch?v=GZbfZ033f74', 8, 2);
INSERT INTO exercise_muscle (exercise_id, muscle_id, intensity) VALUES (804, 17, 10);
INSERT INTO exercise_muscle (exercise_id, muscle_id, intensity) VALUES (804, 18, 7);
INSERT INTO exercise_muscle (exercise_id, muscle_id, intensity) VALUES (804, 8, 4);

-- Exercise ID: 805
INSERT INTO Exercise (id, title, description, link, equipment_id, training_type_id) VALUES (805, 'Seated Row Machine', 'Target: Back, Lats, Biceps', 'https://www.youtube.com/watch?v=oS_QPtHvgLw', NULL, 2);
INSERT INTO exercise_muscle (exercise_id, muscle_id, intensity) VALUES (805, 17, 10);
INSERT INTO exercise_muscle (exercise_id, muscle_id, intensity) VALUES (805, 18, 7);
INSERT INTO exercise_muscle (exercise_id, muscle_id, intensity) VALUES (805, 8, 4);

-- Exercise ID: 806
INSERT INTO Exercise (id, title, description, link, equipment_id, training_type_id) VALUES (806, 'Seated Single Arm Lat Pulldown', 'Target: Lats', 'https://www.youtube.com/watch?v=0BT533ueEdI', 8, 2);
INSERT INTO exercise_muscle (exercise_id, muscle_id, intensity) VALUES (806, 17, 10);
INSERT INTO exercise_muscle (exercise_id, muscle_id, intensity) VALUES (806, 8, 7);
INSERT INTO exercise_muscle (exercise_id, muscle_id, intensity) VALUES (806, 12, 4);

-- Exercise ID: 807
INSERT INTO Exercise (id, title, description, link, equipment_id, training_type_id) VALUES (807, 'Seated Single Arm Shoulder Press', 'Target: Shoulders & Triceps', 'https://www.youtube.com/watch?v=_KZcLQlkTyU', 6, 2);
INSERT INTO exercise_muscle (exercise_id, muscle_id, intensity) VALUES (807, 2, 10);
INSERT INTO exercise_muscle (exercise_id, muscle_id, intensity) VALUES (807, 4, 7);
INSERT INTO exercise_muscle (exercise_id, muscle_id, intensity) VALUES (807, 3, 4);

-- Exercise ID: 808
INSERT INTO Exercise (id, title, description, link, equipment_id, training_type_id) VALUES (808, 'Seated Single Leg Hamstring Curl', 'Target: Hamstrings', 'https://www.youtube.com/watch?v=O12vEgtY9pE', NULL, 2);
INSERT INTO exercise_muscle (exercise_id, muscle_id, intensity) VALUES (808, 22, 10);
INSERT INTO exercise_muscle (exercise_id, muscle_id, intensity) VALUES (808, 6, 7);

-- Exercise ID: 809
INSERT INTO Exercise (id, title, description, link, equipment_id, training_type_id) VALUES (809, 'Seated Single Leg Leg Press', 'Target: Quads & Glutes', 'https://www.youtube.com/watch?v=yxy8RzT3_fE', NULL, 2);
INSERT INTO exercise_muscle (exercise_id, muscle_id, intensity) VALUES (809, 13, 10);
INSERT INTO exercise_muscle (exercise_id, muscle_id, intensity) VALUES (809, 21, 7);

-- Exercise ID: 810
INSERT INTO Exercise (id, title, description, link, equipment_id, training_type_id) VALUES (810, 'Seated Single-arm DB Overhead Press', 'Target: Shoulders & Triceps', 'https://www.youtube.com/watch?v=9DB2kibw0os', 6, 2);
INSERT INTO exercise_muscle (exercise_id, muscle_id, intensity) VALUES (810, 2, 10);
INSERT INTO exercise_muscle (exercise_id, muscle_id, intensity) VALUES (810, 4, 7);
INSERT INTO exercise_muscle (exercise_id, muscle_id, intensity) VALUES (810, 3, 4);

-- Exercise ID: 811
INSERT INTO Exercise (id, title, description, link, equipment_id, training_type_id) VALUES (811, 'Seated to Squat Jump', 'Target: Lower Body Power', 'https://www.youtube.com/watch?v=jwY9A4HCl_Q', 27, 9);
INSERT INTO exercise_muscle (exercise_id, muscle_id, intensity) VALUES (811, 13, 10);
INSERT INTO exercise_muscle (exercise_id, muscle_id, intensity) VALUES (811, 21, 7);
INSERT INTO exercise_muscle (exercise_id, muscle_id, intensity) VALUES (811, 6, 4);

-- Exercise ID: 812
INSERT INTO Exercise (id, title, description, link, equipment_id, training_type_id) VALUES (812, 'Serratus Anterior Punch', 'Target: Scapular Health', 'https://www.youtube.com/watch?v=1Lg1TbWZUeY', 21, 1);
INSERT INTO exercise_muscle (exercise_id, muscle_id, intensity) VALUES (812, 18, 10);
INSERT INTO exercise_muscle (exercise_id, muscle_id, intensity) VALUES (812, 7, 7);

-- Exercise ID: 813
INSERT INTO Exercise (id, title, description, link, equipment_id, training_type_id) VALUES (813, 'Serratus Anterior Wall Slides', 'Target: Scapular Health', 'http://v/', 2, 1);
INSERT INTO exercise_muscle (exercise_id, muscle_id, intensity) VALUES (813, 18, 10);
INSERT INTO exercise_muscle (exercise_id, muscle_id, intensity) VALUES (813, 7, 7);
INSERT INTO exercise_muscle (exercise_id, muscle_id, intensity) VALUES (813, 19, 4);

-- Exercise ID: 814
INSERT INTO Exercise (id, title, description, link, equipment_id, training_type_id) VALUES (814, 'Shoulder Flossing', 'Target: Shoulder Mobility', 'https://www.youtube.com/watch?v=ICz5ePml9zk', 21, 8);
INSERT INTO exercise_muscle (exercise_id, muscle_id, intensity) VALUES (814, 2, 10);
INSERT INTO exercise_muscle (exercise_id, muscle_id, intensity) VALUES (814, 3, 7);
INSERT INTO exercise_muscle (exercise_id, muscle_id, intensity) VALUES (814, 19, 4);

-- Exercise ID: 815
INSERT INTO Exercise (id, title, description, link, equipment_id, training_type_id) VALUES (815, 'Shoulder Jacks', 'Target: Cardio & Shoulders', 'https://www.youtube.com/watch?v=-CpadtmFgNw', 2, 3);
INSERT INTO exercise_muscle (exercise_id, muscle_id, intensity) VALUES (815, 3, 10);
INSERT INTO exercise_muscle (exercise_id, muscle_id, intensity) VALUES (815, 6, 7);

-- Exercise ID: 816
INSERT INTO Exercise (id, title, description, link, equipment_id, training_type_id) VALUES (816, 'Shoulder Mobility and Chest Opener', 'Target: Shoulder & Chest Mobility', 'https://www.youtube.com/watch?v=SfxyICleU4I', 2, 8);
INSERT INTO exercise_muscle (exercise_id, muscle_id, intensity) VALUES (816, 2, 10);
INSERT INTO exercise_muscle (exercise_id, muscle_id, intensity) VALUES (816, 7, 7);
INSERT INTO exercise_muscle (exercise_id, muscle_id, intensity) VALUES (816, 19, 4);

-- Exercise ID: 817
INSERT INTO Exercise (id, title, description, link, equipment_id, training_type_id) VALUES (817, 'Shoulder Press Machine', 'Target: Shoulders & Triceps', 'https://www.youtube.com/shorts/CkvTfKB-gfs', NULL, 2);
INSERT INTO exercise_muscle (exercise_id, muscle_id, intensity) VALUES (817, 2, 10);
INSERT INTO exercise_muscle (exercise_id, muscle_id, intensity) VALUES (817, 3, 7);
INSERT INTO exercise_muscle (exercise_id, muscle_id, intensity) VALUES (817, 4, 4);

-- Exercise ID: 818
INSERT INTO Exercise (id, title, description, link, equipment_id, training_type_id) VALUES (818, 'Shoulder Shrugs', 'Target: Trapezius', 'https://www.youtube.com/watch?v=JEnhFC1AtHw', 6, 2);
INSERT INTO exercise_muscle (exercise_id, muscle_id, intensity) VALUES (818, 9, 10);
INSERT INTO exercise_muscle (exercise_id, muscle_id, intensity) VALUES (818, 10, 7);

-- Exercise ID: 819
INSERT INTO Exercise (id, title, description, link, equipment_id, training_type_id) VALUES (819, 'Side Lunge', 'Target: Adductors & Glutes', 'https://www.youtube.com/watch?v=rvqLVxYqEvo', 2, 2);
INSERT INTO exercise_muscle (exercise_id, muscle_id, intensity) VALUES (819, 14, 10);
INSERT INTO exercise_muscle (exercise_id, muscle_id, intensity) VALUES (819, 21, 7);
INSERT INTO exercise_muscle (exercise_id, muscle_id, intensity) VALUES (819, 13, 4);

-- Exercise ID: 820
INSERT INTO Exercise (id, title, description, link, equipment_id, training_type_id) VALUES (820, 'Side Plank', 'Target: Obliques & Core', 'https://www.youtube.com/watch?v=kiVFaQAyZAE', 2, 1);
INSERT INTO exercise_muscle (exercise_id, muscle_id, intensity) VALUES (820, 12, 10);
INSERT INTO exercise_muscle (exercise_id, muscle_id, intensity) VALUES (820, 11, 7);

-- Exercise ID: 821
INSERT INTO Exercise (id, title, description, link, equipment_id, training_type_id) VALUES (821, 'Side Plank Crunch', 'Target: Obliques', 'https://www.youtube.com/watch?v=CMJA332bfs0', 2, 2);
INSERT INTO exercise_muscle (exercise_id, muscle_id, intensity) VALUES (821, 12, 10);
INSERT INTO exercise_muscle (exercise_id, muscle_id, intensity) VALUES (821, 11, 7);

-- Exercise ID: 822
INSERT INTO Exercise (id, title, description, link, equipment_id, training_type_id) VALUES (822, 'Side Plank Dips', 'Target: Obliques', 'https://www.youtube.com/watch?v=ibyUMvywMTc', 2, 2);
INSERT INTO exercise_muscle (exercise_id, muscle_id, intensity) VALUES (822, 12, 10);
INSERT INTO exercise_muscle (exercise_id, muscle_id, intensity) VALUES (822, 11, 7);

-- Exercise ID: 823
INSERT INTO Exercise (id, title, description, link, equipment_id, training_type_id) VALUES (823, 'Side Plank Leg Lift', 'Target: Obliques & Abductors', 'https://www.youtube.com/watch?v=edTXNT-etYc', 2, 2);
INSERT INTO exercise_muscle (exercise_id, muscle_id, intensity) VALUES (823, 12, 10);
INSERT INTO exercise_muscle (exercise_id, muscle_id, intensity) VALUES (823, 15, 7);
INSERT INTO exercise_muscle (exercise_id, muscle_id, intensity) VALUES (823, 21, 4);

-- Exercise ID: 824
INSERT INTO Exercise (id, title, description, link, equipment_id, training_type_id) VALUES (824, 'Side Plank Leg Lift (modified)', 'Target: Obliques & Abductors', 'https://www.youtube.com/watch?v=fdODAWKfEuk', 2, 2);
INSERT INTO exercise_muscle (exercise_id, muscle_id, intensity) VALUES (824, 12, 10);
INSERT INTO exercise_muscle (exercise_id, muscle_id, intensity) VALUES (824, 15, 7);
INSERT INTO exercise_muscle (exercise_id, muscle_id, intensity) VALUES (824, 21, 4);

-- Exercise ID: 825
INSERT INTO Exercise (id, title, description, link, equipment_id, training_type_id) VALUES (825, 'Side Plank Reach Through', 'Target: Obliques & Upper Back', 'https://www.youtube.com/watch?v=-ruAdV34H54', 2, 4);
INSERT INTO exercise_muscle (exercise_id, muscle_id, intensity) VALUES (825, 12, 10);
INSERT INTO exercise_muscle (exercise_id, muscle_id, intensity) VALUES (825, 18, 7);
INSERT INTO exercise_muscle (exercise_id, muscle_id, intensity) VALUES (825, 11, 4);

-- Exercise ID: 826
INSERT INTO Exercise (id, title, description, link, equipment_id, training_type_id) VALUES (826, 'Side Plank Reach Through (modified)', 'Target: Obliques & Upper Back', 'https://www.youtube.com/watch?v=-ruAdV34H54', 2, 4);
INSERT INTO exercise_muscle (exercise_id, muscle_id, intensity) VALUES (826, 12, 10);
INSERT INTO exercise_muscle (exercise_id, muscle_id, intensity) VALUES (826, 18, 7);
INSERT INTO exercise_muscle (exercise_id, muscle_id, intensity) VALUES (826, 11, 4);

-- Exercise ID: 827
INSERT INTO Exercise (id, title, description, link, equipment_id, training_type_id) VALUES (827, 'Side Plank Rows', 'Target: Obliques & Lats', 'https://www.youtube.com/watch?v=_K9ZvNNgWyY', 6, 2);
INSERT INTO exercise_muscle (exercise_id, muscle_id, intensity) VALUES (827, 12, 10);
INSERT INTO exercise_muscle (exercise_id, muscle_id, intensity) VALUES (827, 17, 7);
INSERT INTO exercise_muscle (exercise_id, muscle_id, intensity) VALUES (827, 8, 4);

-- Exercise ID: 828
INSERT INTO Exercise (id, title, description, link, equipment_id, training_type_id) VALUES (828, 'Side Plank to Knee Drive', 'Target: Obliques', 'https://www.youtube.com/watch?v=CPR2HCm2cRo', 2, 2);
INSERT INTO exercise_muscle (exercise_id, muscle_id, intensity) VALUES (828, 12, 10);
INSERT INTO exercise_muscle (exercise_id, muscle_id, intensity) VALUES (828, 11, 7);

-- Exercise ID: 829
INSERT INTO Exercise (id, title, description, link, equipment_id, training_type_id) VALUES (829, 'Side Plank Wall-Slide', 'Target: Obliques & Scapular Stability', 'https://www.youtube.com/watch?v=vH-58pbvjHQ', 2, 1);
INSERT INTO exercise_muscle (exercise_id, muscle_id, intensity) VALUES (829, 12, 10);
INSERT INTO exercise_muscle (exercise_id, muscle_id, intensity) VALUES (829, 18, 7);

-- Exercise ID: 830
INSERT INTO Exercise (id, title, description, link, equipment_id, training_type_id) VALUES (830, 'Singe Leg Lifts', 'Target: Lower Abs', 'https://www.youtube.com/watch?v=M5QxJkYbJsM', 2, 2);
INSERT INTO exercise_muscle (exercise_id, muscle_id, intensity) VALUES (830, 11, 10);
INSERT INTO exercise_muscle (exercise_id, muscle_id, intensity) VALUES (830, 13, 7);

-- Exercise ID: 831
INSERT INTO Exercise (id, title, description, link, equipment_id, training_type_id) VALUES (831, 'Single Arm Arnold Press', 'Target: Shoulders & Core', 'https://www.youtube.com/watch?v=V7qZEEenaaU', 6, 2);
INSERT INTO exercise_muscle (exercise_id, muscle_id, intensity) VALUES (831, 2, 10);
INSERT INTO exercise_muscle (exercise_id, muscle_id, intensity) VALUES (831, 3, 7);
INSERT INTO exercise_muscle (exercise_id, muscle_id, intensity) VALUES (831, 12, 4);

-- Exercise ID: 832
INSERT INTO Exercise (id, title, description, link, equipment_id, training_type_id) VALUES (832, 'Single Arm Bent Over Row', 'Target: Lats, Back, Biceps', 'https://www.youtube.com/watch?v=pYcpY20QaE8', 6, 2);
INSERT INTO exercise_muscle (exercise_id, muscle_id, intensity) VALUES (832, 17, 10);
INSERT INTO exercise_muscle (exercise_id, muscle_id, intensity) VALUES (832, 18, 7);
INSERT INTO exercise_muscle (exercise_id, muscle_id, intensity) VALUES (832, 8, 4);

-- Exercise ID: 833
INSERT INTO Exercise (id, title, description, link, equipment_id, training_type_id) VALUES (833, 'Single Arm Cable Tricep Extension', 'Target: Triceps', 'https://www.youtube.com/watch?v=8rl4ioij6lc', 8, 2);
INSERT INTO exercise_muscle (exercise_id, muscle_id, intensity) VALUES (833, 4, 10);

-- Exercise ID: 834
INSERT INTO Exercise (id, title, description, link, equipment_id, training_type_id) VALUES (834, 'Single Arm Clean', 'Target: Full Body Power', 'https://www.youtube.com/watch?v=uLSwoSPhmqI', 6, 11);
INSERT INTO exercise_muscle (exercise_id, muscle_id, intensity) VALUES (834, 21, 10);
INSERT INTO exercise_muscle (exercise_id, muscle_id, intensity) VALUES (834, 13, 7);
INSERT INTO exercise_muscle (exercise_id, muscle_id, intensity) VALUES (834, 18, 4);

-- Exercise ID: 835
INSERT INTO Exercise (id, title, description, link, equipment_id, training_type_id) VALUES (835, 'Single Arm Costal Cable Chest Press', 'Target: Chest & Core', 'https://www.youtube.com/watch?v=D9e8ZBlFPBw', 8, 2);
INSERT INTO exercise_muscle (exercise_id, muscle_id, intensity) VALUES (835, 7, 10);
INSERT INTO exercise_muscle (exercise_id, muscle_id, intensity) VALUES (835, 12, 7);
INSERT INTO exercise_muscle (exercise_id, muscle_id, intensity) VALUES (835, 2, 4);

-- Exercise ID: 836
INSERT INTO Exercise (id, title, description, link, equipment_id, training_type_id) VALUES (836, 'Single Arm DB Plank Row', 'Target: Lats & Core Stability', 'https://www.youtube.com/watch?v=jb_NPNFWqhE', 6, 4);
INSERT INTO exercise_muscle (exercise_id, muscle_id, intensity) VALUES (836, 17, 10);
INSERT INTO exercise_muscle (exercise_id, muscle_id, intensity) VALUES (836, 12, 7);
INSERT INTO exercise_muscle (exercise_id, muscle_id, intensity) VALUES (836, 11, 4);

-- Exercise ID: 837
INSERT INTO Exercise (id, title, description, link, equipment_id, training_type_id) VALUES (837, 'Single Arm DB Press', 'Target: Chest & Core', 'https://www.youtube.com/watch?v=ro1FDXOJT4I', 6, 2);
INSERT INTO exercise_muscle (exercise_id, muscle_id, intensity) VALUES (837, 7, 10);
INSERT INTO exercise_muscle (exercise_id, muscle_id, intensity) VALUES (837, 4, 7);
INSERT INTO exercise_muscle (exercise_id, muscle_id, intensity) VALUES (837, 12, 4);

-- Exercise ID: 838
INSERT INTO Exercise (id, title, description, link, equipment_id, training_type_id) VALUES (838, 'Single Arm DB Row', 'Target: Lats & Back', 'https://www.youtube.com/watch?v=xl1YiqQY2vA', 6, 2);
INSERT INTO exercise_muscle (exercise_id, muscle_id, intensity) VALUES (838, 17, 10);
INSERT INTO exercise_muscle (exercise_id, muscle_id, intensity) VALUES (838, 18, 7);
INSERT INTO exercise_muscle (exercise_id, muscle_id, intensity) VALUES (838, 8, 4);

-- Exercise ID: 839
INSERT INTO Exercise (id, title, description, link, equipment_id, training_type_id) VALUES (839, 'Single Arm Dumbbell Z Press', 'Target: Shoulders & Core', 'https://www.youtube.com/watch?v=Ib-8BOyAgTQ', 6, 2);
INSERT INTO exercise_muscle (exercise_id, muscle_id, intensity) VALUES (839, 2, 10);
INSERT INTO exercise_muscle (exercise_id, muscle_id, intensity) VALUES (839, 12, 7);
INSERT INTO exercise_muscle (exercise_id, muscle_id, intensity) VALUES (839, 4, 4);

-- Exercise ID: 840
INSERT INTO Exercise (id, title, description, link, equipment_id, training_type_id) VALUES (840, 'Single Arm Hang Clean', 'Target: Full Body Power', 'https://www.youtube.com/watch?v=uLSwoSPhmqI', 6, 11);
INSERT INTO exercise_muscle (exercise_id, muscle_id, intensity) VALUES (840, 21, 10);
INSERT INTO exercise_muscle (exercise_id, muscle_id, intensity) VALUES (840, 13, 7);
INSERT INTO exercise_muscle (exercise_id, muscle_id, intensity) VALUES (840, 9, 4);

-- Exercise ID: 841
INSERT INTO Exercise (id, title, description, link, equipment_id, training_type_id) VALUES (841, 'Single Arm Incline Dumbbell Bench Press', 'Target: Upper Chest & Shoulders', 'https://www.youtube.com/watch?v=SnZ75pFB7Wo', 6, 2);
INSERT INTO exercise_muscle (exercise_id, muscle_id, intensity) VALUES (841, 7, 10);
INSERT INTO exercise_muscle (exercise_id, muscle_id, intensity) VALUES (841, 2, 7);
INSERT INTO exercise_muscle (exercise_id, muscle_id, intensity) VALUES (841, 4, 4);

-- Exercise ID: 842
INSERT INTO Exercise (id, title, description, link, equipment_id, training_type_id) VALUES (842, 'Single Arm KB Z Press', 'Target: Shoulders & Core', 'https://www.youtube.com/watch?v=ygiRarZWXHw', 15, 2);
INSERT INTO exercise_muscle (exercise_id, muscle_id, intensity) VALUES (842, 2, 10);
INSERT INTO exercise_muscle (exercise_id, muscle_id, intensity) VALUES (842, 12, 7);
INSERT INTO exercise_muscle (exercise_id, muscle_id, intensity) VALUES (842, 4, 4);

-- Exercise ID: 843
INSERT INTO Exercise (id, title, description, link, equipment_id, training_type_id) VALUES (843, 'Single Arm Kettlebell Z Press', 'Target: Shoulders & Core', 'https://www.youtube.com/watch?v=ygiRarZWXHw', 15, 2);
INSERT INTO exercise_muscle (exercise_id, muscle_id, intensity) VALUES (843, 2, 10);
INSERT INTO exercise_muscle (exercise_id, muscle_id, intensity) VALUES (843, 12, 7);
INSERT INTO exercise_muscle (exercise_id, muscle_id, intensity) VALUES (843, 4, 4);

-- Exercise ID: 844
INSERT INTO Exercise (id, title, description, link, equipment_id, training_type_id) VALUES (844, 'Single Arm Lat Pulldown', 'Target: Lats', 'https://www.youtube.com/watch?v=0BT533ueEdI', 8, 2);
INSERT INTO exercise_muscle (exercise_id, muscle_id, intensity) VALUES (844, 17, 10);
INSERT INTO exercise_muscle (exercise_id, muscle_id, intensity) VALUES (844, 8, 7);
INSERT INTO exercise_muscle (exercise_id, muscle_id, intensity) VALUES (844, 12, 4);

-- Exercise ID: 845
INSERT INTO Exercise (id, title, description, link, equipment_id, training_type_id) VALUES (845, 'Single Arm Lateral Raise', 'Target: Side Deltoids', 'https://www.youtube.com/watch?v=J-6uEOkYAKM', 6, 2);
INSERT INTO exercise_muscle (exercise_id, muscle_id, intensity) VALUES (845, 3, 10);
INSERT INTO exercise_muscle (exercise_id, muscle_id, intensity) VALUES (845, 9, 7);

-- Exercise ID: 846
INSERT INTO Exercise (id, title, description, link, equipment_id, training_type_id) VALUES (846, 'Single Arm Oblique Cable Twist', 'Target: Obliques', 'https://www.youtube.com/watch?v=t1XQ7V7gEm4', 8, 2);
INSERT INTO exercise_muscle (exercise_id, muscle_id, intensity) VALUES (846, 12, 10);
INSERT INTO exercise_muscle (exercise_id, muscle_id, intensity) VALUES (846, 11, 7);

-- Exercise ID: 847
INSERT INTO Exercise (id, title, description, link, equipment_id, training_type_id) VALUES (847, 'Single Arm Overhead Squat', 'Target: Mobility & Stability', 'https://www.youtube.com/watch?v=al0fcJzlSrc', 6, 12);
INSERT INTO exercise_muscle (exercise_id, muscle_id, intensity) VALUES (847, 13, 10);
INSERT INTO exercise_muscle (exercise_id, muscle_id, intensity) VALUES (847, 12, 7);
INSERT INTO exercise_muscle (exercise_id, muscle_id, intensity) VALUES (847, 2, 4);

-- Exercise ID: 848
INSERT INTO Exercise (id, title, description, link, equipment_id, training_type_id) VALUES (848, 'Single Arm Push Press', 'Target: Shoulders & Full Body Power', 'https://www.youtube.com/watch?v=XCErz4Rwwm0', 6, 11);
INSERT INTO exercise_muscle (exercise_id, muscle_id, intensity) VALUES (848, 2, 10);
INSERT INTO exercise_muscle (exercise_id, muscle_id, intensity) VALUES (848, 13, 7);
INSERT INTO exercise_muscle (exercise_id, muscle_id, intensity) VALUES (848, 4, 4);

-- Exercise ID: 849
INSERT INTO Exercise (id, title, description, link, equipment_id, training_type_id) VALUES (849, 'Single Arm Raise to Front Raise', 'Target: Side & Front Deltoids', 'https://www.youtube.com/watch?v=-t7fuZ0KhDA', 6, 2);
INSERT INTO exercise_muscle (exercise_id, muscle_id, intensity) VALUES (849, 3, 10);
INSERT INTO exercise_muscle (exercise_id, muscle_id, intensity) VALUES (849, 2, 7);
INSERT INTO exercise_muscle (exercise_id, muscle_id, intensity) VALUES (849, 9, 4);

-- Exercise ID: 850
INSERT INTO Exercise (id, title, description, link, equipment_id, training_type_id) VALUES (850, 'Single Arm Rear Delt Cable Fly', 'Target: Rear Deltoids', 'https://www.youtube.com/watch?v=UJP3IcIbRe4', 8, 2);
INSERT INTO exercise_muscle (exercise_id, muscle_id, intensity) VALUES (850, 19, 10);
INSERT INTO exercise_muscle (exercise_id, muscle_id, intensity) VALUES (850, 18, 7);

-- Exercise ID: 851
INSERT INTO Exercise (id, title, description, link, equipment_id, training_type_id) VALUES (851, 'Single Arm Rear Delt Raise', 'Target: Rear Deltoids', 'https://www.youtube.com/watch?v=qz1OLup4W_M', 6, 2);
INSERT INTO exercise_muscle (exercise_id, muscle_id, intensity) VALUES (851, 19, 10);
INSERT INTO exercise_muscle (exercise_id, muscle_id, intensity) VALUES (851, 18, 7);

-- Exercise ID: 852
INSERT INTO Exercise (id, title, description, link, equipment_id, training_type_id) VALUES (852, 'Single Arm Row', 'Target: Lats & Back', 'https://www.youtube.com/watch?v=dFzUjzfih7k', 6, 2);
INSERT INTO exercise_muscle (exercise_id, muscle_id, intensity) VALUES (852, 17, 10);
INSERT INTO exercise_muscle (exercise_id, muscle_id, intensity) VALUES (852, 18, 7);
INSERT INTO exercise_muscle (exercise_id, muscle_id, intensity) VALUES (852, 8, 4);

-- Exercise ID: 853
INSERT INTO Exercise (id, title, description, link, equipment_id, training_type_id) VALUES (853, 'Single Arm Row with Leg Extensions', 'Target: Back, Core, Glutes', 'https://www.youtube.com/watch?v=GkEaYIzkZec', 8, 2);
INSERT INTO exercise_muscle (exercise_id, muscle_id, intensity) VALUES (853, 17, 10);
INSERT INTO exercise_muscle (exercise_id, muscle_id, intensity) VALUES (853, 21, 7);
INSERT INTO exercise_muscle (exercise_id, muscle_id, intensity) VALUES (853, 11, 4);

-- Exercise ID: 854
INSERT INTO Exercise (id, title, description, link, equipment_id, training_type_id) VALUES (854, 'Single Arm Side Lying Push-Up', 'Target: Chest, Obliques, Triceps', 'http://cv/', 2, 4);
INSERT INTO exercise_muscle (exercise_id, muscle_id, intensity) VALUES (854, 7, 10);
INSERT INTO exercise_muscle (exercise_id, muscle_id, intensity) VALUES (854, 12, 7);
INSERT INTO exercise_muscle (exercise_id, muscle_id, intensity) VALUES (854, 4, 4);

-- Exercise ID: 855
INSERT INTO Exercise (id, title, description, link, equipment_id, training_type_id) VALUES (855, 'Single Arm Snatch', 'Target: Full Body Power', 'https://www.youtube.com/watch?v=f3s7oAavsAc', 6, 11);
INSERT INTO exercise_muscle (exercise_id, muscle_id, intensity) VALUES (855, 21, 10);
INSERT INTO exercise_muscle (exercise_id, muscle_id, intensity) VALUES (855, 13, 7);
INSERT INTO exercise_muscle (exercise_id, muscle_id, intensity) VALUES (855, 2, 4);

-- Exercise ID: 856
INSERT INTO Exercise (id, title, description, link, equipment_id, training_type_id) VALUES (856, 'Single Arm Staggered Row', 'Target: Lats & Back', 'https://www.youtube.com/watch?v=sARk1TGYlPU', 6, 2);
INSERT INTO exercise_muscle (exercise_id, muscle_id, intensity) VALUES (856, 17, 10);
INSERT INTO exercise_muscle (exercise_id, muscle_id, intensity) VALUES (856, 18, 7);
INSERT INTO exercise_muscle (exercise_id, muscle_id, intensity) VALUES (856, 8, 4);

-- Exercise ID: 857
INSERT INTO Exercise (id, title, description, link, equipment_id, training_type_id) VALUES (857, 'Single Arm Sternal Cable Chest Press', 'Target: Chest & Core', 'https://www.youtube.com/watch?v=D9e8ZBlFPBw', 8, 2);
INSERT INTO exercise_muscle (exercise_id, muscle_id, intensity) VALUES (857, 7, 10);
INSERT INTO exercise_muscle (exercise_id, muscle_id, intensity) VALUES (857, 12, 7);
INSERT INTO exercise_muscle (exercise_id, muscle_id, intensity) VALUES (857, 2, 4);

-- Exercise ID: 858
INSERT INTO Exercise (id, title, description, link, equipment_id, training_type_id) VALUES (858, 'Single Arm Weighted Sit Up', 'Target: Obliques & Abs', 'https://www.youtube.com/watch?v=1iLkzDx57lk', 6, 2);
INSERT INTO exercise_muscle (exercise_id, muscle_id, intensity) VALUES (858, 12, 10);
INSERT INTO exercise_muscle (exercise_id, muscle_id, intensity) VALUES (858, 11, 7);

-- Exercise ID: 859
INSERT INTO Exercise (id, title, description, link, equipment_id, training_type_id) VALUES (859, 'Single Kettlebell Shoulder Press', 'Target: Shoulders, Core, Triceps', 'https://www.youtube.com/watch?v=NcRJ-CpY8Qc', 15, 2);
INSERT INTO exercise_muscle (exercise_id, muscle_id, intensity) VALUES (859, 2, 10);
INSERT INTO exercise_muscle (exercise_id, muscle_id, intensity) VALUES (859, 12, 7);
INSERT INTO exercise_muscle (exercise_id, muscle_id, intensity) VALUES (859, 4, 4);

-- Exercise ID: 860
INSERT INTO Exercise (id, title, description, link, equipment_id, training_type_id) VALUES (860, 'Single Leg Banded Glute Kickbacks', 'Target: Glutes', 'https://www.youtube.com/watch?v=rONpWaNIhE8', 13, 2);
INSERT INTO exercise_muscle (exercise_id, muscle_id, intensity) VALUES (860, 21, 10);
INSERT INTO exercise_muscle (exercise_id, muscle_id, intensity) VALUES (860, 22, 7);

-- Exercise ID: 861
INSERT INTO Exercise (id, title, description, link, equipment_id, training_type_id) VALUES (861, 'Single Leg Bent Knee', 'Target: Lower Abs & Hip Flexors', 'https://www.youtube.com/watch?v=y-v4seZ7eZ8', 2, 2);
INSERT INTO exercise_muscle (exercise_id, muscle_id, intensity) VALUES (861, 11, 10);
INSERT INTO exercise_muscle (exercise_id, muscle_id, intensity) VALUES (861, 13, 7);

-- Exercise ID: 862
INSERT INTO Exercise (id, title, description, link, equipment_id, training_type_id) VALUES (862, 'Single Leg Bounds', 'Target: Plyometric Leg Power', 'https://www.youtube.com/watch?v=I7ChaipZVM4', 2, 9);
INSERT INTO exercise_muscle (exercise_id, muscle_id, intensity) VALUES (862, 13, 10);
INSERT INTO exercise_muscle (exercise_id, muscle_id, intensity) VALUES (862, 21, 7);
INSERT INTO exercise_muscle (exercise_id, muscle_id, intensity) VALUES (862, 6, 4);

-- Exercise ID: 863
INSERT INTO Exercise (id, title, description, link, equipment_id, training_type_id) VALUES (863, 'Single Leg Bridge Press', 'Target: Glutes, Chest, Core', 'https://www.youtube.com/watch?v=Ru_OVppzC08', 6, 2);
INSERT INTO exercise_muscle (exercise_id, muscle_id, intensity) VALUES (863, 21, 10);
INSERT INTO exercise_muscle (exercise_id, muscle_id, intensity) VALUES (863, 7, 7);
INSERT INTO exercise_muscle (exercise_id, muscle_id, intensity) VALUES (863, 11, 4);

-- Exercise ID: 864
INSERT INTO Exercise (id, title, description, link, equipment_id, training_type_id) VALUES (864, 'Single Leg Chest Press', 'Target: Chest & Core Stability', 'https://www.youtube.com/watch?v=5kXuVg9tQkE', 6, 2);
INSERT INTO exercise_muscle (exercise_id, muscle_id, intensity) VALUES (864, 7, 10);
INSERT INTO exercise_muscle (exercise_id, muscle_id, intensity) VALUES (864, 11, 7);
INSERT INTO exercise_muscle (exercise_id, muscle_id, intensity) VALUES (864, 4, 4);

-- Exercise ID: 865
INSERT INTO Exercise (id, title, description, link, equipment_id, training_type_id) VALUES (865, 'Single Leg Deadlift', 'Target: Hamstrings, Glutes, Balance', 'https://www.youtube.com/watch?v=84hrdsHgDuQ', 2, 12);
INSERT INTO exercise_muscle (exercise_id, muscle_id, intensity) VALUES (865, 22, 10);
INSERT INTO exercise_muscle (exercise_id, muscle_id, intensity) VALUES (865, 21, 7);
INSERT INTO exercise_muscle (exercise_id, muscle_id, intensity) VALUES (865, 20, 4);

-- Exercise ID: 866
INSERT INTO Exercise (id, title, description, link, equipment_id, training_type_id) VALUES (866, 'Single Leg Deadlift Pulses', 'Target: Hamstrings & Glutes', 'https://www.youtube.com/watch?v=NAhgBYD_uKU', 2, 2);
INSERT INTO exercise_muscle (exercise_id, muscle_id, intensity) VALUES (866, 22, 10);
INSERT INTO exercise_muscle (exercise_id, muscle_id, intensity) VALUES (866, 21, 7);

-- Exercise ID: 867
INSERT INTO Exercise (id, title, description, link, equipment_id, training_type_id) VALUES (867, 'Single Leg Elevated Hip Thrust', 'Target: Glutes', 'https://www.youtube.com/watch?v=mY8n40rMqk8', 9, 2);
INSERT INTO exercise_muscle (exercise_id, muscle_id, intensity) VALUES (867, 21, 10);
INSERT INTO exercise_muscle (exercise_id, muscle_id, intensity) VALUES (867, 22, 7);

-- Exercise ID: 868
INSERT INTO Exercise (id, title, description, link, equipment_id, training_type_id) VALUES (868, 'Single Leg Glute Bridge', 'Target: Glutes', 'https://www.youtube.com/watch?v=vdmlNaXSjd4', 2, 2);
INSERT INTO exercise_muscle (exercise_id, muscle_id, intensity) VALUES (868, 21, 10);
INSERT INTO exercise_muscle (exercise_id, muscle_id, intensity) VALUES (868, 22, 7);

-- Exercise ID: 869
INSERT INTO Exercise (id, title, description, link, equipment_id, training_type_id) VALUES (869, 'Single Leg Hamstring Curl', 'Target: Hamstrings', 'https://www.youtube.com/watch?v=Y1dQUd6OKHk', 1, 4);
INSERT INTO exercise_muscle (exercise_id, muscle_id, intensity) VALUES (869, 22, 10);
INSERT INTO exercise_muscle (exercise_id, muscle_id, intensity) VALUES (869, 21, 7);

-- Exercise ID: 870
INSERT INTO Exercise (id, title, description, link, equipment_id, training_type_id) VALUES (870, 'Single leg hip thrust', 'Target: Glutes', 'https://www.youtube.com/watch?v=1Dbd7wStRJg', 2, 2);
INSERT INTO exercise_muscle (exercise_id, muscle_id, intensity) VALUES (870, 21, 10);
INSERT INTO exercise_muscle (exercise_id, muscle_id, intensity) VALUES (870, 22, 7);

-- Exercise ID: 871
INSERT INTO Exercise (id, title, description, link, equipment_id, training_type_id) VALUES (871, 'Single Leg Hip Thrust with ISO Hold', 'Target: Glutes', 'http://v/', 2, 6);
INSERT INTO exercise_muscle (exercise_id, muscle_id, intensity) VALUES (871, 21, 10);
INSERT INTO exercise_muscle (exercise_id, muscle_id, intensity) VALUES (871, 22, 7);

-- Exercise ID: 872
INSERT INTO Exercise (id, title, description, link, equipment_id, training_type_id) VALUES (872, 'Single Leg Hip Thrust with Tempo', 'Target: Glutes', 'https://www.youtube.com/watch?v=lzDgRRuBdqY', 2, 2);
INSERT INTO exercise_muscle (exercise_id, muscle_id, intensity) VALUES (872, 21, 10);
INSERT INTO exercise_muscle (exercise_id, muscle_id, intensity) VALUES (872, 22, 7);

-- Exercise ID: 873
INSERT INTO Exercise (id, title, description, link, equipment_id, training_type_id) VALUES (873, 'Single Leg Lifts', 'Target: Lower Abs', 'https://www.youtube.com/watch?v=zo2pqw794B0', 2, 2);
INSERT INTO exercise_muscle (exercise_id, muscle_id, intensity) VALUES (873, 11, 10);
INSERT INTO exercise_muscle (exercise_id, muscle_id, intensity) VALUES (873, 13, 7);

-- Exercise ID: 874
INSERT INTO Exercise (id, title, description, link, equipment_id, training_type_id) VALUES (874, 'Single Leg Press', 'Target: Quads & Glutes', 'https://www.youtube.com/watch?v=ZYDTJaAM-gE', NULL, 2);
INSERT INTO exercise_muscle (exercise_id, muscle_id, intensity) VALUES (874, 13, 10);
INSERT INTO exercise_muscle (exercise_id, muscle_id, intensity) VALUES (874, 21, 7);

-- Exercise ID: 875
INSERT INTO Exercise (id, title, description, link, equipment_id, training_type_id) VALUES (875, 'Single Leg Seated Calf Press', 'Target: Calves', 'https://www.youtube.com/watch?v=4NUJeFJ14F4', NULL, 2);
INSERT INTO exercise_muscle (exercise_id, muscle_id, intensity) VALUES (875, 6, 10);

-- Exercise ID: 876
INSERT INTO Exercise (id, title, description, link, equipment_id, training_type_id) VALUES (876, 'Single Leg Skip', 'Target: Plyometric Power & Coordination', 'https://www.youtube.com/watch?v=gI7ULyY-Mvc', 2, 9);
INSERT INTO exercise_muscle (exercise_id, muscle_id, intensity) VALUES (876, 6, 10);
INSERT INTO exercise_muscle (exercise_id, muscle_id, intensity) VALUES (876, 13, 7);

-- Exercise ID: 877
INSERT INTO Exercise (id, title, description, link, equipment_id, training_type_id) VALUES (877, 'Single Leg Squat', 'Target: Quads, Glutes, Balance', 'https://www.youtube.com/watch?v=R5ew7Gd5hkg', 2, 4);
INSERT INTO exercise_muscle (exercise_id, muscle_id, intensity) VALUES (877, 13, 10);
INSERT INTO exercise_muscle (exercise_id, muscle_id, intensity) VALUES (877, 21, 7);

-- Exercise ID: 878
INSERT INTO Exercise (id, title, description, link, equipment_id, training_type_id) VALUES (878, 'Single Leg Staggered', 'Target: Hamstrings & Glutes', 'https://www.youtube.com/watch?v=IXzdtAeM1qk', 6, 2);
INSERT INTO exercise_muscle (exercise_id, muscle_id, intensity) VALUES (878, 22, 10);
INSERT INTO exercise_muscle (exercise_id, muscle_id, intensity) VALUES (878, 21, 7);

-- Exercise ID: 879
INSERT INTO Exercise (id, title, description, link, equipment_id, training_type_id) VALUES (879, 'Single Leg Standing Hip Abduction', 'Target: Abductors & Glutes', 'http://v/', 2, 2);
INSERT INTO exercise_muscle (exercise_id, muscle_id, intensity) VALUES (879, 15, 10);
INSERT INTO exercise_muscle (exercise_id, muscle_id, intensity) VALUES (879, 21, 7);

-- Exercise ID: 880
INSERT INTO Exercise (id, title, description, link, equipment_id, training_type_id) VALUES (880, 'Single Leg Switches', 'Target: Lower Abs & Hip Flexors', 'https://www.youtube.com/watch?v=FLOAv_bGQXA', 2, 2);
INSERT INTO exercise_muscle (exercise_id, muscle_id, intensity) VALUES (880, 11, 10);
INSERT INTO exercise_muscle (exercise_id, muscle_id, intensity) VALUES (880, 13, 7);

-- Exercise ID: 881
INSERT INTO Exercise (id, title, description, link, equipment_id, training_type_id) VALUES (881, 'Single Leg Toe Touch', 'Target: Hamstring Mobility & Balance', 'https://www.youtube.com/watch?v=lENC55jZFK8', 2, 8);
INSERT INTO exercise_muscle (exercise_id, muscle_id, intensity) VALUES (881, 22, 10);
INSERT INTO exercise_muscle (exercise_id, muscle_id, intensity) VALUES (881, 21, 7);

-- Exercise ID: 882
INSERT INTO Exercise (id, title, description, link, equipment_id, training_type_id) VALUES (882, 'Single Leg V-Up', 'Target: Abs & Obliques', 'https://www.youtube.com/watch?v=0EIDVDbzVNo', 2, 2);
INSERT INTO exercise_muscle (exercise_id, muscle_id, intensity) VALUES (882, 11, 10);
INSERT INTO exercise_muscle (exercise_id, muscle_id, intensity) VALUES (882, 12, 7);
INSERT INTO exercise_muscle (exercise_id, muscle_id, intensity) VALUES (882, 13, 4);

-- Exercise ID: 883
INSERT INTO Exercise (id, title, description, link, equipment_id, training_type_id) VALUES (883, 'Single Leg Weighted Hip Thrust', 'Target: Glutes', 'https://www.youtube.com/watch?v=L4nTaesNm0E', 6, 2);
INSERT INTO exercise_muscle (exercise_id, muscle_id, intensity) VALUES (883, 21, 10);
INSERT INTO exercise_muscle (exercise_id, muscle_id, intensity) VALUES (883, 22, 7);

-- Exercise ID: 884
INSERT INTO Exercise (id, title, description, link, equipment_id, training_type_id) VALUES (884, 'Single-Arm Band Pull-Apart', 'Target: Rear Delts & Upper Back', 'http://v/', 21, 1);
INSERT INTO exercise_muscle (exercise_id, muscle_id, intensity) VALUES (884, 19, 10);
INSERT INTO exercise_muscle (exercise_id, muscle_id, intensity) VALUES (884, 18, 7);

-- Exercise ID: 885
INSERT INTO Exercise (id, title, description, link, equipment_id, training_type_id) VALUES (885, 'Single-Arm Band Row', 'Target: Lats & Back', 'https://www.youtube.com/watch?v=OvPHAdtKtHk', 21, 2);
INSERT INTO exercise_muscle (exercise_id, muscle_id, intensity) VALUES (885, 17, 10);
INSERT INTO exercise_muscle (exercise_id, muscle_id, intensity) VALUES (885, 18, 7);
INSERT INTO exercise_muscle (exercise_id, muscle_id, intensity) VALUES (885, 8, 4);

-- Exercise ID: 886
INSERT INTO Exercise (id, title, description, link, equipment_id, training_type_id) VALUES (886, 'Single-arm Cable Chest Fly', 'Target: Chest', 'https://www.youtube.com/watch?v=vGGOR4DPDt0', 8, 2);
INSERT INTO exercise_muscle (exercise_id, muscle_id, intensity) VALUES (886, 7, 10);
INSERT INTO exercise_muscle (exercise_id, muscle_id, intensity) VALUES (886, 2, 7);
INSERT INTO exercise_muscle (exercise_id, muscle_id, intensity) VALUES (886, 12, 4);

-- Exercise ID: 887
INSERT INTO Exercise (id, title, description, link, equipment_id, training_type_id) VALUES (887, 'Single-arm Cable Chest Press', 'Target: Chest & Core', 'https://www.youtube.com/watch?v=uVmRqrTcHyc', 8, 2);
INSERT INTO exercise_muscle (exercise_id, muscle_id, intensity) VALUES (887, 7, 10);
INSERT INTO exercise_muscle (exercise_id, muscle_id, intensity) VALUES (887, 4, 7);
INSERT INTO exercise_muscle (exercise_id, muscle_id, intensity) VALUES (887, 12, 4);

-- Exercise ID: 888
INSERT INTO Exercise (id, title, description, link, equipment_id, training_type_id) VALUES (888, 'Single-arm Cable Concentration Curl', 'Target: Biceps', 'https://www.youtube.com/watch?v=fr3YLE0pueA', 8, 2);
INSERT INTO exercise_muscle (exercise_id, muscle_id, intensity) VALUES (888, 8, 10);

-- Exercise ID: 889
INSERT INTO Exercise (id, title, description, link, equipment_id, training_type_id) VALUES (889, 'Single-arm Cable Curl', 'Target: Biceps', 'https://www.youtube.com/watch?v=6uEmkzHIIPg', 8, 2);
INSERT INTO exercise_muscle (exercise_id, muscle_id, intensity) VALUES (889, 8, 10);
INSERT INTO exercise_muscle (exercise_id, muscle_id, intensity) VALUES (889, 10, 7);

-- Exercise ID: 890
INSERT INTO Exercise (id, title, description, link, equipment_id, training_type_id) VALUES (890, 'Single-arm Cable Curl (Supinated Grip)', 'Target: Biceps', 'https://www.youtube.com/watch?v=9LSa5Jed0hs', 8, 2);
INSERT INTO exercise_muscle (exercise_id, muscle_id, intensity) VALUES (890, 8, 10);

-- Exercise ID: 891
INSERT INTO Exercise (id, title, description, link, equipment_id, training_type_id) VALUES (891, 'Single-arm Cable Hammer Curl', 'Target: Biceps & Forearms', 'https://www.youtube.com/watch?v=0QJaDVZAv8I', 8, 2);
INSERT INTO exercise_muscle (exercise_id, muscle_id, intensity) VALUES (891, 8, 10);
INSERT INTO exercise_muscle (exercise_id, muscle_id, intensity) VALUES (891, 10, 7);

-- Exercise ID: 892
INSERT INTO Exercise (id, title, description, link, equipment_id, training_type_id) VALUES (892, 'Single-arm Cable Lat Pull-Down', 'Target: Lats', 'https://www.youtube.com/watch?v=HBC5s98wXko', 8, 2);
INSERT INTO exercise_muscle (exercise_id, muscle_id, intensity) VALUES (892, 17, 10);
INSERT INTO exercise_muscle (exercise_id, muscle_id, intensity) VALUES (892, 12, 7);
INSERT INTO exercise_muscle (exercise_id, muscle_id, intensity) VALUES (892, 8, 4);

-- Exercise ID: 893
INSERT INTO Exercise (id, title, description, link, equipment_id, training_type_id) VALUES (893, 'Single-arm Cable Lateral Raise', 'Target: Side Deltoids', 'https://www.youtube.com/watch?v=FGU9j1P5L-w', 8, 2);
INSERT INTO exercise_muscle (exercise_id, muscle_id, intensity) VALUES (893, 3, 10);
INSERT INTO exercise_muscle (exercise_id, muscle_id, intensity) VALUES (893, 9, 7);

-- Exercise ID: 894
INSERT INTO Exercise (id, title, description, link, equipment_id, training_type_id) VALUES (894, 'Single-arm Cable Overhead Press', 'Target: Shoulders, Triceps, Core', 'https://www.youtube.com/watch?v=idM16Yv4t0Q', 8, 2);
INSERT INTO exercise_muscle (exercise_id, muscle_id, intensity) VALUES (894, 2, 10);
INSERT INTO exercise_muscle (exercise_id, muscle_id, intensity) VALUES (894, 4, 7);
INSERT INTO exercise_muscle (exercise_id, muscle_id, intensity) VALUES (894, 12, 4);

-- Exercise ID: 895
INSERT INTO Exercise (id, title, description, link, equipment_id, training_type_id) VALUES (895, 'Single-arm Cable Overhead Tricep Extension', 'Target: Triceps', 'https://www.youtube.com/watch?v=4Xf2zwFnY14', 8, 2);
INSERT INTO exercise_muscle (exercise_id, muscle_id, intensity) VALUES (895, 4, 10);

-- Exercise ID: 896
INSERT INTO Exercise (id, title, description, link, equipment_id, training_type_id) VALUES (896, 'Single-arm Cable Tricep Extension', 'Target: Triceps', 'https://www.youtube.com/watch?v=8rl4ioij6lc', 8, 2);
INSERT INTO exercise_muscle (exercise_id, muscle_id, intensity) VALUES (896, 4, 10);

-- Exercise ID: 897
INSERT INTO Exercise (id, title, description, link, equipment_id, training_type_id) VALUES (897, 'Single-arm Cable Upright Row', 'Target: Side Deltoids & Traps', 'https://www.youtube.com/watch?v=yY1bRgmHpqc', 8, 2);
INSERT INTO exercise_muscle (exercise_id, muscle_id, intensity) VALUES (897, 3, 10);
INSERT INTO exercise_muscle (exercise_id, muscle_id, intensity) VALUES (897, 9, 7);
INSERT INTO exercise_muscle (exercise_id, muscle_id, intensity) VALUES (897, 8, 4);

-- Exercise ID: 898
INSERT INTO Exercise (id, title, description, link, equipment_id, training_type_id) VALUES (898, 'Single-arm DB Row', 'Target: Lats & Back', 'http://v/', 6, 2);
INSERT INTO exercise_muscle (exercise_id, muscle_id, intensity) VALUES (898, 17, 10);
INSERT INTO exercise_muscle (exercise_id, muscle_id, intensity) VALUES (898, 18, 7);
INSERT INTO exercise_muscle (exercise_id, muscle_id, intensity) VALUES (898, 8, 4);

-- Exercise ID: 899
INSERT INTO Exercise (id, title, description, link, equipment_id, training_type_id) VALUES (899, 'Single-Arm Dumbbell Bench Press', 'Target: Chest & Core', 'https://www.youtube.com/watch?v=d6Ba29xFBnw', 6, 2);
INSERT INTO exercise_muscle (exercise_id, muscle_id, intensity) VALUES (899, 7, 10);
INSERT INTO exercise_muscle (exercise_id, muscle_id, intensity) VALUES (899, 12, 7);
INSERT INTO exercise_muscle (exercise_id, muscle_id, intensity) VALUES (899, 4, 4);

-- Exercise ID: 900
INSERT INTO Exercise (id, title, description, link, equipment_id, training_type_id) VALUES (900, 'Single-Arm Dumbbell Curl', 'Target: Biceps', 'https://youtu.be/tMEGqKuOa-M', 6, 2);
INSERT INTO exercise_muscle (exercise_id, muscle_id, intensity) VALUES (900, 8, 10);
INSERT INTO exercise_muscle (exercise_id, muscle_id, intensity) VALUES (900, 10, 7);

-- Exercise ID: 901
INSERT INTO Exercise (id, title, description, link, equipment_id, training_type_id) VALUES (901, 'Single-Arm Dumbbell Floor Press', 'Target: Chest & Triceps', 'https://youtu.be/0S0pPgQXWNk', 6, 2);
INSERT INTO exercise_muscle (exercise_id, muscle_id, intensity) VALUES (901, 7, 10);
INSERT INTO exercise_muscle (exercise_id, muscle_id, intensity) VALUES (901, 4, 7);
INSERT INTO exercise_muscle (exercise_id, muscle_id, intensity) VALUES (901, 12, 4);

-- Exercise ID: 902
INSERT INTO Exercise (id, title, description, link, equipment_id, training_type_id) VALUES (902, 'Single-Arm Dumbbell Push Press', 'Target: Shoulder Power', 'https://youtu.be/XCErz4Rwwm0', 6, 11);
INSERT INTO exercise_muscle (exercise_id, muscle_id, intensity) VALUES (902, 2, 10);
INSERT INTO exercise_muscle (exercise_id, muscle_id, intensity) VALUES (902, 4, 7);
INSERT INTO exercise_muscle (exercise_id, muscle_id, intensity) VALUES (902, 13, 4);

-- Exercise ID: 903
INSERT INTO Exercise (id, title, description, link, equipment_id, training_type_id) VALUES (903, 'Single-Arm Dumbbell Reverse Lunge', 'Target: Quads, Glutes, Core', 'https://youtu.be/ZsmsBmOMtnw', 6, 2);
INSERT INTO exercise_muscle (exercise_id, muscle_id, intensity) VALUES (903, 13, 10);
INSERT INTO exercise_muscle (exercise_id, muscle_id, intensity) VALUES (903, 21, 7);
INSERT INTO exercise_muscle (exercise_id, muscle_id, intensity) VALUES (903, 12, 4);

-- Exercise ID: 904
INSERT INTO Exercise (id, title, description, link, equipment_id, training_type_id) VALUES (904, 'Single-Arm Dumbbell Reverse Lunge From Deficit', 'Target: Glutes & Quads', 'https://youtu.be/VctKcIQGDCE', 6, 2);
INSERT INTO exercise_muscle (exercise_id, muscle_id, intensity) VALUES (904, 21, 10);
INSERT INTO exercise_muscle (exercise_id, muscle_id, intensity) VALUES (904, 13, 7);
INSERT INTO exercise_muscle (exercise_id, muscle_id, intensity) VALUES (904, 12, 4);

-- Exercise ID: 905
INSERT INTO Exercise (id, title, description, link, equipment_id, training_type_id) VALUES (905, 'Single-Arm Dumbbell Reverse Lunge to Romanian Deadlift', 'Target: Glutes, Hamstrings, Quads', 'https://youtu.be/24DrsyEhezE', 6, 2);
INSERT INTO exercise_muscle (exercise_id, muscle_id, intensity) VALUES (905, 21, 10);
INSERT INTO exercise_muscle (exercise_id, muscle_id, intensity) VALUES (905, 22, 7);
INSERT INTO exercise_muscle (exercise_id, muscle_id, intensity) VALUES (905, 13, 4);

-- Exercise ID: 906
INSERT INTO Exercise (id, title, description, link, equipment_id, training_type_id) VALUES (906, 'Single-Arm Dumbbell Reverse Lunge With Blocked Knee', 'Target: Quad Stability & Strength', 'https://youtu.be/DgODc-R4Nv8', 6, 1);
INSERT INTO exercise_muscle (exercise_id, muscle_id, intensity) VALUES (906, 13, 10);
INSERT INTO exercise_muscle (exercise_id, muscle_id, intensity) VALUES (906, 21, 7);
INSERT INTO exercise_muscle (exercise_id, muscle_id, intensity) VALUES (906, 12, 4);

-- Exercise ID: 907
INSERT INTO Exercise (id, title, description, link, equipment_id, training_type_id) VALUES (907, 'Single-Arm Dumbbell Romanian Deadlift', 'Target: Hamstrings & Glutes', 'https://youtu.be/oe0kbAVoyjw', 6, 2);
INSERT INTO exercise_muscle (exercise_id, muscle_id, intensity) VALUES (907, 22, 10);
INSERT INTO exercise_muscle (exercise_id, muscle_id, intensity) VALUES (907, 21, 7);
INSERT INTO exercise_muscle (exercise_id, muscle_id, intensity) VALUES (907, 12, 4);

-- Exercise ID: 908
INSERT INTO Exercise (id, title, description, link, equipment_id, training_type_id) VALUES (908, 'Single-Arm Dumbbell Row', 'Target: Back & Lats', 'https://youtu.be/dFzUjzfih7k', 6, 2);
INSERT INTO exercise_muscle (exercise_id, muscle_id, intensity) VALUES (908, 17, 10);
INSERT INTO exercise_muscle (exercise_id, muscle_id, intensity) VALUES (908, 18, 7);
INSERT INTO exercise_muscle (exercise_id, muscle_id, intensity) VALUES (908, 8, 4);

-- Exercise ID: 909
INSERT INTO Exercise (id, title, description, link, equipment_id, training_type_id) VALUES (909, 'Single-Arm Dumbbell Slideboard Reverse Lunge', 'Target: Glutes & Hamstrings', 'https://youtu.be/VH55xy3kVAQ', 14, 2);
INSERT INTO exercise_muscle (exercise_id, muscle_id, intensity) VALUES (909, 21, 10);
INSERT INTO exercise_muscle (exercise_id, muscle_id, intensity) VALUES (909, 22, 7);
INSERT INTO exercise_muscle (exercise_id, muscle_id, intensity) VALUES (909, 14, 4);

-- Exercise ID: 910
INSERT INTO Exercise (id, title, description, link, equipment_id, training_type_id) VALUES (910, 'Single-Arm Dumbbell Split Squat', 'Target: Quads, Glutes, Core', 'https://youtu.be/MEG6blZtUpc', 6, 2);
INSERT INTO exercise_muscle (exercise_id, muscle_id, intensity) VALUES (910, 13, 10);
INSERT INTO exercise_muscle (exercise_id, muscle_id, intensity) VALUES (910, 21, 7);
INSERT INTO exercise_muscle (exercise_id, muscle_id, intensity) VALUES (910, 12, 4);

-- Exercise ID: 911
INSERT INTO Exercise (id, title, description, link, equipment_id, training_type_id) VALUES (911, 'Single-Arm Dumbbell Step-Up', 'Target: Quads, Glutes, Core', 'https://youtu.be/E76FjHHJGDI', 6, 2);
INSERT INTO exercise_muscle (exercise_id, muscle_id, intensity) VALUES (911, 13, 10);
INSERT INTO exercise_muscle (exercise_id, muscle_id, intensity) VALUES (911, 21, 7);
INSERT INTO exercise_muscle (exercise_id, muscle_id, intensity) VALUES (911, 12, 4);

-- Exercise ID: 912
INSERT INTO Exercise (id, title, description, link, equipment_id, training_type_id) VALUES (912, 'Single-Arm Face Pull', 'Target: Rear Delts & Upper Back', 'https://youtu.be/GcMYpwXGrj8', 8, 1);
INSERT INTO exercise_muscle (exercise_id, muscle_id, intensity) VALUES (912, 19, 10);
INSERT INTO exercise_muscle (exercise_id, muscle_id, intensity) VALUES (912, 18, 7);
INSERT INTO exercise_muscle (exercise_id, muscle_id, intensity) VALUES (912, 12, 4);

-- Exercise ID: 913
INSERT INTO Exercise (id, title, description, link, equipment_id, training_type_id) VALUES (913, 'Single-Arm Half-Kneeling Band Press', 'Target: Chest & Core', 'https://youtu.be/TEc27KAq8jI', 21, 1);
INSERT INTO exercise_muscle (exercise_id, muscle_id, intensity) VALUES (913, 7, 10);
INSERT INTO exercise_muscle (exercise_id, muscle_id, intensity) VALUES (913, 12, 7);
INSERT INTO exercise_muscle (exercise_id, muscle_id, intensity) VALUES (913, 2, 4);

-- Exercise ID: 914
INSERT INTO Exercise (id, title, description, link, equipment_id, training_type_id) VALUES (914, 'Single-Arm Half-Kneeling Band Pull-Down', 'Target: Lats & Core', 'https://youtu.be/DXGkXHibwXY', 21, 2);
INSERT INTO exercise_muscle (exercise_id, muscle_id, intensity) VALUES (914, 17, 10);
INSERT INTO exercise_muscle (exercise_id, muscle_id, intensity) VALUES (914, 12, 7);
INSERT INTO exercise_muscle (exercise_id, muscle_id, intensity) VALUES (914, 8, 4);

-- Exercise ID: 915
INSERT INTO Exercise (id, title, description, link, equipment_id, training_type_id) VALUES (915, 'Single-Arm Half-Kneeling Band Row', 'Target: Back & Core', 'https://youtu.be/2Z0m_i1-nN0', 21, 2);
INSERT INTO exercise_muscle (exercise_id, muscle_id, intensity) VALUES (915, 17, 10);
INSERT INTO exercise_muscle (exercise_id, muscle_id, intensity) VALUES (915, 18, 7);
INSERT INTO exercise_muscle (exercise_id, muscle_id, intensity) VALUES (915, 12, 4);

-- Exercise ID: 916
INSERT INTO Exercise (id, title, description, link, equipment_id, training_type_id) VALUES (916, 'Single-Arm Half-Kneeling Cable Press', 'Target: Chest & Core', 'https://youtu.be/5k2Bz_XR37U', 8, 2);
INSERT INTO exercise_muscle (exercise_id, muscle_id, intensity) VALUES (916, 7, 10);
INSERT INTO exercise_muscle (exercise_id, muscle_id, intensity) VALUES (916, 12, 7);
INSERT INTO exercise_muscle (exercise_id, muscle_id, intensity) VALUES (916, 4, 4);

-- Exercise ID: 917
INSERT INTO Exercise (id, title, description, link, equipment_id, training_type_id) VALUES (917, 'Single-Arm Half-Kneeling Cable Row', 'Target: Back & Core', 'https://youtu.be/redrpTwkplw', 8, 2);
INSERT INTO exercise_muscle (exercise_id, muscle_id, intensity) VALUES (917, 17, 10);
INSERT INTO exercise_muscle (exercise_id, muscle_id, intensity) VALUES (917, 18, 7);
INSERT INTO exercise_muscle (exercise_id, muscle_id, intensity) VALUES (917, 12, 4);

-- Exercise ID: 918
INSERT INTO Exercise (id, title, description, link, equipment_id, training_type_id) VALUES (918, 'Single-Arm Hands-Elevated Pushup', 'Target: Unilateral Chest Strength', 'https://youtu.be/Bf1pMAIhQ4k', 9, 4);
INSERT INTO exercise_muscle (exercise_id, muscle_id, intensity) VALUES (918, 7, 10);
INSERT INTO exercise_muscle (exercise_id, muscle_id, intensity) VALUES (918, 12, 7);
INSERT INTO exercise_muscle (exercise_id, muscle_id, intensity) VALUES (918, 4, 4);

-- Exercise ID: 919
INSERT INTO Exercise (id, title, description, link, equipment_id, training_type_id) VALUES (919, 'Single-Arm Landmine Row', 'Target: Back & Lats', 'https://youtu.be/qKdTGpvA8GM', 19, 2);
INSERT INTO exercise_muscle (exercise_id, muscle_id, intensity) VALUES (919, 17, 10);
INSERT INTO exercise_muscle (exercise_id, muscle_id, intensity) VALUES (919, 18, 7);
INSERT INTO exercise_muscle (exercise_id, muscle_id, intensity) VALUES (919, 8, 4);

-- Exercise ID: 920
INSERT INTO Exercise (id, title, description, link, equipment_id, training_type_id) VALUES (920, 'Single-arm Lateral Cable Tricep Extension', 'Target: Triceps', 'https://youtu.be/vVW9LwaahNw', 8, 2);
INSERT INTO exercise_muscle (exercise_id, muscle_id, intensity) VALUES (920, 4, 10);

-- Exercise ID: 921
INSERT INTO Exercise (id, title, description, link, equipment_id, training_type_id) VALUES (921, 'Single-Arm Lying Dumbbell Rolling Triceps Extension', 'Target: Triceps & Lats', 'https://youtu.be/L9-dInqIQus', 6, 2);
INSERT INTO exercise_muscle (exercise_id, muscle_id, intensity) VALUES (921, 4, 10);
INSERT INTO exercise_muscle (exercise_id, muscle_id, intensity) VALUES (921, 17, 7);

-- Exercise ID: 922
INSERT INTO Exercise (id, title, description, link, equipment_id, training_type_id) VALUES (922, 'Single-Arm Lying Dumbbell Triceps Extension', 'Target: Triceps', 'https://youtu.be/DvYnG5Uar3M', 6, 2);
INSERT INTO exercise_muscle (exercise_id, muscle_id, intensity) VALUES (922, 4, 10);

-- Exercise ID: 923
INSERT INTO Exercise (id, title, description, link, equipment_id, training_type_id) VALUES (923, 'Single-arm Machine Lat Pull-down', 'Target: Lats', 'https://youtu.be/HBC5s98wXko', NULL, 2);
INSERT INTO exercise_muscle (exercise_id, muscle_id, intensity) VALUES (923, 17, 10);
INSERT INTO exercise_muscle (exercise_id, muscle_id, intensity) VALUES (923, 8, 7);
INSERT INTO exercise_muscle (exercise_id, muscle_id, intensity) VALUES (923, 12, 4);

-- Exercise ID: 924
INSERT INTO Exercise (id, title, description, link, equipment_id, training_type_id) VALUES (924, 'Single-arm Machine Preacher Curl', 'Target: Biceps', 'https://youtube.com/shorts/DoDG6IGCeJw?feature=share', NULL, 2);
INSERT INTO exercise_muscle (exercise_id, muscle_id, intensity) VALUES (924, 8, 10);

-- Exercise ID: 925
INSERT INTO Exercise (id, title, description, link, equipment_id, training_type_id) VALUES (925, 'Single-Arm Overhead Band Press', 'Target: Shoulders & Core', 'https://youtu.be/8Mxrz-S6XD0', 21, 2);
INSERT INTO exercise_muscle (exercise_id, muscle_id, intensity) VALUES (925, 2, 10);
INSERT INTO exercise_muscle (exercise_id, muscle_id, intensity) VALUES (925, 4, 7);
INSERT INTO exercise_muscle (exercise_id, muscle_id, intensity) VALUES (925, 12, 4);

-- Exercise ID: 926
INSERT INTO Exercise (id, title, description, link, equipment_id, training_type_id) VALUES (926, 'Single-Arm Overhead Dumbbell Reverse Lunge', 'Target: Legs, Core, Shoulder Stability', 'https://youtu.be/qXfx8Iij3xo', 6, 12);
INSERT INTO exercise_muscle (exercise_id, muscle_id, intensity) VALUES (926, 13, 10);
INSERT INTO exercise_muscle (exercise_id, muscle_id, intensity) VALUES (926, 21, 7);
INSERT INTO exercise_muscle (exercise_id, muscle_id, intensity) VALUES (926, 2, 4);

-- Exercise ID: 927
INSERT INTO Exercise (id, title, description, link, equipment_id, training_type_id) VALUES (927, 'Single-Arm Overhead Dumbbell Reverse Lunge From Deficit', 'Target: Legs, Core, Shoulder Stability', 'https://youtu.be/VctKcIQGDCE', 6, 12);
INSERT INTO exercise_muscle (exercise_id, muscle_id, intensity) VALUES (927, 21, 10);
INSERT INTO exercise_muscle (exercise_id, muscle_id, intensity) VALUES (927, 13, 7);
INSERT INTO exercise_muscle (exercise_id, muscle_id, intensity) VALUES (927, 2, 4);

-- Exercise ID: 928
INSERT INTO Exercise (id, title, description, link, equipment_id, training_type_id) VALUES (928, 'Single-Arm Plank', 'Target: Core Anti-Rotation', 'https://youtu.be/7r-NgvMgHVI', 2, 1);
INSERT INTO exercise_muscle (exercise_id, muscle_id, intensity) VALUES (928, 12, 10);
INSERT INTO exercise_muscle (exercise_id, muscle_id, intensity) VALUES (928, 11, 7);

-- Exercise ID: 929
INSERT INTO Exercise (id, title, description, link, equipment_id, training_type_id) VALUES (929, 'Single-Arm Plate Curl', 'Target: Biceps & Grip', 'https://youtu.be/1SEBudQXTjA', 22, 2);
INSERT INTO exercise_muscle (exercise_id, muscle_id, intensity) VALUES (929, 8, 10);
INSERT INTO exercise_muscle (exercise_id, muscle_id, intensity) VALUES (929, 10, 7);

-- Exercise ID: 930
INSERT INTO Exercise (id, title, description, link, equipment_id, training_type_id) VALUES (930, 'Single-Arm Rows', 'Target: Back & Lats', 'https://youtu.be/dFzUjzfih7k', 6, 2);
INSERT INTO exercise_muscle (exercise_id, muscle_id, intensity) VALUES (930, 17, 10);
INSERT INTO exercise_muscle (exercise_id, muscle_id, intensity) VALUES (930, 18, 7);
INSERT INTO exercise_muscle (exercise_id, muscle_id, intensity) VALUES (930, 8, 4);

-- Exercise ID: 931
INSERT INTO Exercise (id, title, description, link, equipment_id, training_type_id) VALUES (931, 'Single-arm Seated Cable Row', 'Target: Back & Lats', 'https://youtu.be/CrylzZHfO1c', 8, 2);
INSERT INTO exercise_muscle (exercise_id, muscle_id, intensity) VALUES (931, 17, 10);
INSERT INTO exercise_muscle (exercise_id, muscle_id, intensity) VALUES (931, 18, 7);
INSERT INTO exercise_muscle (exercise_id, muscle_id, intensity) VALUES (931, 8, 4);

-- Exercise ID: 932
INSERT INTO Exercise (id, title, description, link, equipment_id, training_type_id) VALUES (932, 'Single-Arm Seated Overhead Dumbbell Press', 'Target: Shoulders', 'https://youtu.be/9DB2kibw0os', 6, 2);
INSERT INTO exercise_muscle (exercise_id, muscle_id, intensity) VALUES (932, 2, 10);
INSERT INTO exercise_muscle (exercise_id, muscle_id, intensity) VALUES (932, 4, 7);
INSERT INTO exercise_muscle (exercise_id, muscle_id, intensity) VALUES (932, 3, 4);

-- Exercise ID: 933
INSERT INTO Exercise (id, title, description, link, equipment_id, training_type_id) VALUES (933, 'Single-Arm Standing Band Row', 'Target: Back & Core', 'https://youtu.be/Tz-eIqfB-1Y', 21, 2);
INSERT INTO exercise_muscle (exercise_id, muscle_id, intensity) VALUES (933, 17, 10);
INSERT INTO exercise_muscle (exercise_id, muscle_id, intensity) VALUES (933, 18, 7);
INSERT INTO exercise_muscle (exercise_id, muscle_id, intensity) VALUES (933, 12, 4);

-- Exercise ID: 934
INSERT INTO Exercise (id, title, description, link, equipment_id, training_type_id) VALUES (934, 'Single-Arm Standing Cable Row', 'Target: Back & Core', 'https://youtu.be/_z5NMUxkxxw', 8, 2);
INSERT INTO exercise_muscle (exercise_id, muscle_id, intensity) VALUES (934, 17, 10);
INSERT INTO exercise_muscle (exercise_id, muscle_id, intensity) VALUES (934, 18, 7);
INSERT INTO exercise_muscle (exercise_id, muscle_id, intensity) VALUES (934, 12, 4);

-- Exercise ID: 935
INSERT INTO Exercise (id, title, description, link, equipment_id, training_type_id) VALUES (935, 'Single-Arm Standing Split-Stance Band Press', 'Target: Chest & Core', 'https://youtu.be/nuZ8vgL0vRA', 21, 1);
INSERT INTO exercise_muscle (exercise_id, muscle_id, intensity) VALUES (935, 7, 10);
INSERT INTO exercise_muscle (exercise_id, muscle_id, intensity) VALUES (935, 12, 7);
INSERT INTO exercise_muscle (exercise_id, muscle_id, intensity) VALUES (935, 4, 4);

-- Exercise ID: 936
INSERT INTO Exercise (id, title, description, link, equipment_id, training_type_id) VALUES (936, 'Single-Arm Standing Split-Stance Band Row', 'Target: Back & Core', 'https://youtu.be/7NfAcIJqNn8', 21, 1);
INSERT INTO exercise_muscle (exercise_id, muscle_id, intensity) VALUES (936, 17, 10);
INSERT INTO exercise_muscle (exercise_id, muscle_id, intensity) VALUES (936, 12, 7);
INSERT INTO exercise_muscle (exercise_id, muscle_id, intensity) VALUES (936, 18, 4);

-- Exercise ID: 937
INSERT INTO Exercise (id, title, description, link, equipment_id, training_type_id) VALUES (937, 'Single-Arm Standing Split-Stance Cable Press', 'Target: Chest & Core', 'https://youtu.be/RaNrQRI9MFI', 8, 1);
INSERT INTO exercise_muscle (exercise_id, muscle_id, intensity) VALUES (937, 7, 10);
INSERT INTO exercise_muscle (exercise_id, muscle_id, intensity) VALUES (937, 12, 7);
INSERT INTO exercise_muscle (exercise_id, muscle_id, intensity) VALUES (937, 4, 4);

-- Exercise ID: 938
INSERT INTO Exercise (id, title, description, link, equipment_id, training_type_id) VALUES (938, 'Single-Arm Standing Split-Stance Cable Row', 'Target: Back & Core', 'https://youtu.be/GQZ9Hy6XN9Q', 8, 1);
INSERT INTO exercise_muscle (exercise_id, muscle_id, intensity) VALUES (938, 17, 10);
INSERT INTO exercise_muscle (exercise_id, muscle_id, intensity) VALUES (938, 12, 7);
INSERT INTO exercise_muscle (exercise_id, muscle_id, intensity) VALUES (938, 18, 4);

-- Exercise ID: 939
INSERT INTO Exercise (id, title, description, link, equipment_id, training_type_id) VALUES (939, 'Single-Arm Tall-Kneeling Overhead Dumbbell Press', 'Target: Shoulders & Core', 'https://youtu.be/45N-2_m7VI8', 6, 1);
INSERT INTO exercise_muscle (exercise_id, muscle_id, intensity) VALUES (939, 2, 10);
INSERT INTO exercise_muscle (exercise_id, muscle_id, intensity) VALUES (939, 12, 7);
INSERT INTO exercise_muscle (exercise_id, muscle_id, intensity) VALUES (939, 4, 4);

-- Exercise ID: 940
INSERT INTO Exercise (id, title, description, link, equipment_id, training_type_id) VALUES (940, 'Single-Arm Walking Dumbbell Farmer''s Carry', 'Target: Core & Grip', 'https://youtu.be/amOGPorzJWE', 6, 6);
INSERT INTO exercise_muscle (exercise_id, muscle_id, intensity) VALUES (940, 12, 10);
INSERT INTO exercise_muscle (exercise_id, muscle_id, intensity) VALUES (940, 10, 7);
INSERT INTO exercise_muscle (exercise_id, muscle_id, intensity) VALUES (940, 9, 4);

-- Exercise ID: 941
INSERT INTO Exercise (id, title, description, link, equipment_id, training_type_id) VALUES (941, 'Single-Leg Band-Resisted Pushup', 'Target: Chest & Core', 'https://youtu.be/8cTohcawjCM', 21, 4);
INSERT INTO exercise_muscle (exercise_id, muscle_id, intensity) VALUES (941, 7, 10);
INSERT INTO exercise_muscle (exercise_id, muscle_id, intensity) VALUES (941, 11, 7);
INSERT INTO exercise_muscle (exercise_id, muscle_id, intensity) VALUES (941, 4, 4);

-- Exercise ID: 942
INSERT INTO Exercise (id, title, description, link, equipment_id, training_type_id) VALUES (942, 'Single-Leg Band-Resisted Romanian Deadlift', 'Target: Hamstrings & Glutes', 'https://youtube.com/shorts/qup91bTHwH8?feature=share', 21, 2);
INSERT INTO exercise_muscle (exercise_id, muscle_id, intensity) VALUES (942, 22, 10);
INSERT INTO exercise_muscle (exercise_id, muscle_id, intensity) VALUES (942, 21, 7);
INSERT INTO exercise_muscle (exercise_id, muscle_id, intensity) VALUES (942, 20, 4);

-- Exercise ID: 943
INSERT INTO Exercise (id, title, description, link, equipment_id, training_type_id) VALUES (943, 'Single-Leg Barbell Glute Bridge', 'Target: Glutes', 'https://youtu.be/GNY0RKIvkH0', 12, 2);
INSERT INTO exercise_muscle (exercise_id, muscle_id, intensity) VALUES (943, 21, 10);
INSERT INTO exercise_muscle (exercise_id, muscle_id, intensity) VALUES (943, 22, 7);

-- Exercise ID: 944
INSERT INTO Exercise (id, title, description, link, equipment_id, training_type_id) VALUES (944, 'Single-Leg Barbell Romanian Deadlift', 'Target: Hamstrings & Glutes', 'https://youtu.be/4QoBQlZswBg', 12, 2);
INSERT INTO exercise_muscle (exercise_id, muscle_id, intensity) VALUES (944, 22, 10);
INSERT INTO exercise_muscle (exercise_id, muscle_id, intensity) VALUES (944, 21, 7);
INSERT INTO exercise_muscle (exercise_id, muscle_id, intensity) VALUES (944, 20, 4);

-- Exercise ID: 945
INSERT INTO Exercise (id, title, description, link, equipment_id, training_type_id) VALUES (945, 'Single-leg DB Glute Bridge', 'Target: Glutes', 'https://youtu.be/1u5ZDhtYC8s', 6, 2);
INSERT INTO exercise_muscle (exercise_id, muscle_id, intensity) VALUES (945, 21, 10);
INSERT INTO exercise_muscle (exercise_id, muscle_id, intensity) VALUES (945, 22, 7);

-- Exercise ID: 946
INSERT INTO Exercise (id, title, description, link, equipment_id, training_type_id) VALUES (946, 'Single-leg DB RDL', 'Target: Hamstrings & Glutes', 'https://youtu.be/lI8-igvsnVQ', 6, 2);
INSERT INTO exercise_muscle (exercise_id, muscle_id, intensity) VALUES (946, 22, 10);
INSERT INTO exercise_muscle (exercise_id, muscle_id, intensity) VALUES (946, 21, 7);
INSERT INTO exercise_muscle (exercise_id, muscle_id, intensity) VALUES (946, 20, 4);

-- Exercise ID: 947
INSERT INTO Exercise (id, title, description, link, equipment_id, training_type_id) VALUES (947, 'Single-Leg Dumbbell Romanian Deadlift', 'Target: Hamstrings & Glutes', 'https://youtu.be/4I6txKzGkzk', 6, 2);
INSERT INTO exercise_muscle (exercise_id, muscle_id, intensity) VALUES (947, 22, 10);
INSERT INTO exercise_muscle (exercise_id, muscle_id, intensity) VALUES (947, 21, 7);
INSERT INTO exercise_muscle (exercise_id, muscle_id, intensity) VALUES (947, 20, 4);

-- Exercise ID: 948
INSERT INTO Exercise (id, title, description, link, equipment_id, training_type_id) VALUES (948, 'Single-Leg Eccentric Squat to Box', 'Target: Quad Control', 'https://youtu.be/ukuHfg8LvHs', 27, 1);
INSERT INTO exercise_muscle (exercise_id, muscle_id, intensity) VALUES (948, 13, 10);
INSERT INTO exercise_muscle (exercise_id, muscle_id, intensity) VALUES (948, 21, 7);

-- Exercise ID: 949
INSERT INTO Exercise (id, title, description, link, equipment_id, training_type_id) VALUES (949, 'Single-Leg Feet-Elevated Band-Resisted Pushup', 'Target: Upper Chest & Core', 'https://youtu.be/M-sEYls8jRU', 21, 4);
INSERT INTO exercise_muscle (exercise_id, muscle_id, intensity) VALUES (949, 7, 10);
INSERT INTO exercise_muscle (exercise_id, muscle_id, intensity) VALUES (949, 2, 7);
INSERT INTO exercise_muscle (exercise_id, muscle_id, intensity) VALUES (949, 11, 4);

-- Exercise ID: 950
INSERT INTO Exercise (id, title, description, link, equipment_id, training_type_id) VALUES (950, 'Single-Leg Feet-Elevated Pushup', 'Target: Upper Chest & Core', 'https://youtu.be/8D2hRCm_CoI', 9, 4);
INSERT INTO exercise_muscle (exercise_id, muscle_id, intensity) VALUES (950, 7, 10);
INSERT INTO exercise_muscle (exercise_id, muscle_id, intensity) VALUES (950, 2, 7);
INSERT INTO exercise_muscle (exercise_id, muscle_id, intensity) VALUES (950, 11, 4);

-- Exercise ID: 951
INSERT INTO Exercise (id, title, description, link, equipment_id, training_type_id) VALUES (951, 'Single-Leg Glute Bridge', 'Target: Glutes', 'https://youtu.be/b1zTCyGJXCQ', 2, 2);
INSERT INTO exercise_muscle (exercise_id, muscle_id, intensity) VALUES (951, 21, 10);
INSERT INTO exercise_muscle (exercise_id, muscle_id, intensity) VALUES (951, 22, 7);

-- Exercise ID: 952
INSERT INTO Exercise (id, title, description, link, equipment_id, training_type_id) VALUES (952, 'Single-Leg Hip Thrust', 'Target: Glutes', 'https://youtu.be/1Dbd7wStRJg', 9, 2);
INSERT INTO exercise_muscle (exercise_id, muscle_id, intensity) VALUES (952, 21, 10);
INSERT INTO exercise_muscle (exercise_id, muscle_id, intensity) VALUES (952, 22, 7);

-- Exercise ID: 953
INSERT INTO Exercise (id, title, description, link, equipment_id, training_type_id) VALUES (953, 'Single-leg Leg Press', 'Target: Quads & Glutes', 'https://youtu.be/ZYDTJaAM-gE', NULL, 2);
INSERT INTO exercise_muscle (exercise_id, muscle_id, intensity) VALUES (953, 13, 10);
INSERT INTO exercise_muscle (exercise_id, muscle_id, intensity) VALUES (953, 21, 7);

-- Exercise ID: 954
INSERT INTO Exercise (id, title, description, link, equipment_id, training_type_id) VALUES (954, 'Single-leg Lying Leg Curl', 'Target: Hamstrings', 'https://youtu.be/lQSlJHtsnRA', NULL, 2);
INSERT INTO exercise_muscle (exercise_id, muscle_id, intensity) VALUES (954, 22, 10);
INSERT INTO exercise_muscle (exercise_id, muscle_id, intensity) VALUES (954, 6, 7);

-- Exercise ID: 955
INSERT INTO Exercise (id, title, description, link, equipment_id, training_type_id) VALUES (955, 'Single-Leg Offset Dumbbell Romanian Deadlift', 'Target: Hamstrings, Glutes, Core', 'https://youtu.be/0NjTj5J-F1g', 6, 12);
INSERT INTO exercise_muscle (exercise_id, muscle_id, intensity) VALUES (955, 22, 10);
INSERT INTO exercise_muscle (exercise_id, muscle_id, intensity) VALUES (955, 21, 7);
INSERT INTO exercise_muscle (exercise_id, muscle_id, intensity) VALUES (955, 12, 4);

-- Exercise ID: 956
INSERT INTO Exercise (id, title, description, link, equipment_id, training_type_id) VALUES (956, 'Single-Leg Plank', 'Target: Core Stability', 'https://youtu.be/OgkpItr9DOY', 2, 1);
INSERT INTO exercise_muscle (exercise_id, muscle_id, intensity) VALUES (956, 11, 10);
INSERT INTO exercise_muscle (exercise_id, muscle_id, intensity) VALUES (956, 12, 7);
INSERT INTO exercise_muscle (exercise_id, muscle_id, intensity) VALUES (956, 21, 4);

-- Exercise ID: 957
INSERT INTO Exercise (id, title, description, link, equipment_id, training_type_id) VALUES (957, 'Single-Leg Pushup', 'Target: Chest & Core', 'https://youtu.be/cM9Fc-Lfv0A', 2, 4);
INSERT INTO exercise_muscle (exercise_id, muscle_id, intensity) VALUES (957, 7, 10);
INSERT INTO exercise_muscle (exercise_id, muscle_id, intensity) VALUES (957, 11, 7);
INSERT INTO exercise_muscle (exercise_id, muscle_id, intensity) VALUES (957, 4, 4);

-- Exercise ID: 958
INSERT INTO Exercise (id, title, description, link, equipment_id, training_type_id) VALUES (958, 'Single-leg Seated Leg Extension', 'Target: Quads', 'https://youtu.be/82IuSLk5zNc', NULL, 2);
INSERT INTO exercise_muscle (exercise_id, muscle_id, intensity) VALUES (958, 13, 10);

-- Exercise ID: 959
INSERT INTO Exercise (id, title, description, link, equipment_id, training_type_id) VALUES (959, 'Single-Leg Single-Arm Dumbbell Romanian Deadlift', 'Target: Hamstrings, Glutes, Balance', 'https://youtu.be/mEoAgOIjOXI', 6, 12);
INSERT INTO exercise_muscle (exercise_id, muscle_id, intensity) VALUES (959, 22, 10);
INSERT INTO exercise_muscle (exercise_id, muscle_id, intensity) VALUES (959, 21, 7);
INSERT INTO exercise_muscle (exercise_id, muscle_id, intensity) VALUES (959, 12, 4);

-- Exercise ID: 960
INSERT INTO Exercise (id, title, description, link, equipment_id, training_type_id) VALUES (960, 'Single-Leg Slideboard Bodysaw', 'Target: Core & Lats', 'https://youtu.be/0LnYSmuZ0xg', 14, 1);
INSERT INTO exercise_muscle (exercise_id, muscle_id, intensity) VALUES (960, 11, 10);
INSERT INTO exercise_muscle (exercise_id, muscle_id, intensity) VALUES (960, 17, 7);
INSERT INTO exercise_muscle (exercise_id, muscle_id, intensity) VALUES (960, 12, 4);

-- Exercise ID: 961
INSERT INTO Exercise (id, title, description, link, equipment_id, training_type_id) VALUES (961, 'Single-Leg Slideboard Leg Curl', 'Target: Hamstrings', 'https://youtu.be/L5ljNgP5KQY', 14, 4);
INSERT INTO exercise_muscle (exercise_id, muscle_id, intensity) VALUES (961, 22, 10);
INSERT INTO exercise_muscle (exercise_id, muscle_id, intensity) VALUES (961, 21, 7);

-- Exercise ID: 962
INSERT INTO Exercise (id, title, description, link, equipment_id, training_type_id) VALUES (962, 'Single-Leg Squat', 'Target: Quads, Glutes, Balance', 'https://youtu.be/R5ew7Gd5hkg', 2, 4);
INSERT INTO exercise_muscle (exercise_id, muscle_id, intensity) VALUES (962, 13, 10);
INSERT INTO exercise_muscle (exercise_id, muscle_id, intensity) VALUES (962, 21, 7);

-- Exercise ID: 963
INSERT INTO Exercise (id, title, description, link, equipment_id, training_type_id) VALUES (963, 'Single-Leg Squat to Box', 'Target: Quads & Glutes', 'https://youtu.be/uJ4eA2wUXdw', 27, 4);
INSERT INTO exercise_muscle (exercise_id, muscle_id, intensity) VALUES (963, 13, 10);
INSERT INTO exercise_muscle (exercise_id, muscle_id, intensity) VALUES (963, 21, 7);

-- Exercise ID: 964
INSERT INTO Exercise (id, title, description, link, equipment_id, training_type_id) VALUES (964, 'Sissy Squats', 'Target: Quads', 'https://youtu.be/VUiFlZ2FsKA', 2, 2);
INSERT INTO exercise_muscle (exercise_id, muscle_id, intensity) VALUES (964, 13, 10);

-- Exercise ID: 965
INSERT INTO Exercise (id, title, description, link, equipment_id, training_type_id) VALUES (965, 'Sit Up + Throw Punches', 'Target: Abs & Obliques', 'https://youtu.be/gAPffOEheYI', 2, 2);
INSERT INTO exercise_muscle (exercise_id, muscle_id, intensity) VALUES (965, 11, 10);
INSERT INTO exercise_muscle (exercise_id, muscle_id, intensity) VALUES (965, 12, 7);

-- Exercise ID: 966
INSERT INTO Exercise (id, title, description, link, equipment_id, training_type_id) VALUES (966, 'Sit Up and Twist', 'Target: Obliques & Abs', 'https://youtu.be/9C1yGA0Il-o', 2, 2);
INSERT INTO exercise_muscle (exercise_id, muscle_id, intensity) VALUES (966, 12, 10);
INSERT INTO exercise_muscle (exercise_id, muscle_id, intensity) VALUES (966, 11, 7);

-- Exercise ID: 967
INSERT INTO Exercise (id, title, description, link, equipment_id, training_type_id) VALUES (967, 'Sit Up Punches', 'Target: Abs & Obliques', 'https://youtu.be/lGTESnlDcgU', 2, 2);
INSERT INTO exercise_muscle (exercise_id, muscle_id, intensity) VALUES (967, 11, 10);
INSERT INTO exercise_muscle (exercise_id, muscle_id, intensity) VALUES (967, 12, 7);

-- Exercise ID: 968
INSERT INTO Exercise (id, title, description, link, equipment_id, training_type_id) VALUES (968, 'Sit Up to Stand Up', 'Target: Abs & Quads', 'https://youtu.be/panVpr1Dz68', 2, 4);
INSERT INTO exercise_muscle (exercise_id, muscle_id, intensity) VALUES (968, 11, 10);
INSERT INTO exercise_muscle (exercise_id, muscle_id, intensity) VALUES (968, 13, 7);

-- Exercise ID: 969
INSERT INTO Exercise (id, title, description, link, equipment_id, training_type_id) VALUES (969, 'Sit Up to Wall Throw', 'Target: Abs & Lats Power', 'https://youtu.be/D0Yoa0_cfkk', 10, 10);
INSERT INTO exercise_muscle (exercise_id, muscle_id, intensity) VALUES (969, 11, 10);
INSERT INTO exercise_muscle (exercise_id, muscle_id, intensity) VALUES (969, 17, 7);
INSERT INTO exercise_muscle (exercise_id, muscle_id, intensity) VALUES (969, 12, 4);

-- Exercise ID: 970
INSERT INTO Exercise (id, title, description, link, equipment_id, training_type_id) VALUES (970, 'Sitting Knee to Chest Stretch', 'Target: Glute & Low Back Mobility', 'https://youtu.be/LF1gOCOS5nk', 2, 8);
INSERT INTO exercise_muscle (exercise_id, muscle_id, intensity) VALUES (970, 21, 10);
INSERT INTO exercise_muscle (exercise_id, muscle_id, intensity) VALUES (970, 20, 7);

-- Exercise ID: 971
INSERT INTO Exercise (id, title, description, link, equipment_id, training_type_id) VALUES (971, 'Skater Hops', 'Target: Lateral Power', 'https://youtu.be/P9IAAME-1zw', 2, 9);
INSERT INTO exercise_muscle (exercise_id, muscle_id, intensity) VALUES (971, 21, 10);
INSERT INTO exercise_muscle (exercise_id, muscle_id, intensity) VALUES (971, 15, 7);
INSERT INTO exercise_muscle (exercise_id, muscle_id, intensity) VALUES (971, 13, 4);

-- Exercise ID: 972
INSERT INTO Exercise (id, title, description, link, equipment_id, training_type_id) VALUES (972, 'Skaters', 'Target: Lateral Power', 'https://youtu.be/4RuxhVJ4-pg', 2, 9);
INSERT INTO exercise_muscle (exercise_id, muscle_id, intensity) VALUES (972, 21, 10);
INSERT INTO exercise_muscle (exercise_id, muscle_id, intensity) VALUES (972, 15, 7);
INSERT INTO exercise_muscle (exercise_id, muscle_id, intensity) VALUES (972, 13, 4);

-- Exercise ID: 973
INSERT INTO Exercise (id, title, description, link, equipment_id, training_type_id) VALUES (973, 'Skipping', 'Target: Cardio & Calves', 'https://youtu.be/m9MccH7mWO0', NULL, 9);
INSERT INTO exercise_muscle (exercise_id, muscle_id, intensity) VALUES (973, 6, 10);

-- Exercise ID: 974
INSERT INTO Exercise (id, title, description, link, equipment_id, training_type_id) VALUES (974, 'Skull Crushers', 'Target: Triceps', 'https://youtu.be/d_KZxkY_0cM', 18, 2);
INSERT INTO exercise_muscle (exercise_id, muscle_id, intensity) VALUES (974, 4, 10);

-- Exercise ID: 975
INSERT INTO Exercise (id, title, description, link, equipment_id, training_type_id) VALUES (975, 'Skull Crushers to Hip Thrust', 'Target: Triceps & Glutes', 'https://youtu.be/D3_p8bO4bPE', 6, 2);
INSERT INTO exercise_muscle (exercise_id, muscle_id, intensity) VALUES (975, 4, 10);
INSERT INTO exercise_muscle (exercise_id, muscle_id, intensity) VALUES (975, 21, 7);
INSERT INTO exercise_muscle (exercise_id, muscle_id, intensity) VALUES (975, 7, 4);

-- Exercise ID: 976
INSERT INTO Exercise (id, title, description, link, equipment_id, training_type_id) VALUES (976, 'Skullcrushers', 'Target: Triceps', 'https://youtu.be/d_KZxkY_0cM', 18, 2);
INSERT INTO exercise_muscle (exercise_id, muscle_id, intensity) VALUES (976, 4, 10);

-- Exercise ID: 977
INSERT INTO Exercise (id, title, description, link, equipment_id, training_type_id) VALUES (977, 'Sled Pull', 'Target: Posterior Chain Strength', 'https://youtu.be/ReDTlAiHpdk', 38, 6);
INSERT INTO exercise_muscle (exercise_id, muscle_id, intensity) VALUES (977, 21, 10);
INSERT INTO exercise_muscle (exercise_id, muscle_id, intensity) VALUES (977, 22, 7);
INSERT INTO exercise_muscle (exercise_id, muscle_id, intensity) VALUES (977, 13, 4);

-- Exercise ID: 978
INSERT INTO Exercise (id, title, description, link, equipment_id, training_type_id) VALUES (978, 'Sled Push', 'Target: Anterior Chain Strength', 'https://youtu.be/9XRRXaUpnLk', 38, 6);
INSERT INTO exercise_muscle (exercise_id, muscle_id, intensity) VALUES (978, 13, 10);
INSERT INTO exercise_muscle (exercise_id, muscle_id, intensity) VALUES (978, 21, 7);
INSERT INTO exercise_muscle (exercise_id, muscle_id, intensity) VALUES (978, 6, 4);

-- Exercise ID: 979
INSERT INTO Exercise (id, title, description, link, equipment_id, training_type_id) VALUES (979, 'Slideboard Bodysaw', 'Target: Core & Lats', 'https://youtu.be/mZ-GmcmSb6E', 14, 1);
INSERT INTO exercise_muscle (exercise_id, muscle_id, intensity) VALUES (979, 11, 10);
INSERT INTO exercise_muscle (exercise_id, muscle_id, intensity) VALUES (979, 17, 7);

-- Exercise ID: 980
INSERT INTO Exercise (id, title, description, link, equipment_id, training_type_id) VALUES (980, 'Slideboard Leg Curl', 'Target: Hamstrings', 'https://youtu.be/0w47384zyIk', 14, 4);
INSERT INTO exercise_muscle (exercise_id, muscle_id, intensity) VALUES (980, 22, 10);
INSERT INTO exercise_muscle (exercise_id, muscle_id, intensity) VALUES (980, 21, 7);

-- Exercise ID: 981
INSERT INTO Exercise (id, title, description, link, equipment_id, training_type_id) VALUES (981, 'Slip Floor Bridge Curl', 'Target: Hamstrings & Glutes', 'https://youtu.be/yMR95SIxwr0', 2, 4);
INSERT INTO exercise_muscle (exercise_id, muscle_id, intensity) VALUES (981, 22, 10);
INSERT INTO exercise_muscle (exercise_id, muscle_id, intensity) VALUES (981, 21, 7);

-- Exercise ID: 982
INSERT INTO Exercise (id, title, description, link, equipment_id, training_type_id) VALUES (982, 'Slow Tempo Lateral Step Downs', 'Target: Quad & Glute Control', 'https://youtube.com/shorts/pGtdgrL5wmA?feature=share', 27, 1);
INSERT INTO exercise_muscle (exercise_id, muscle_id, intensity) VALUES (982, 13, 10);
INSERT INTO exercise_muscle (exercise_id, muscle_id, intensity) VALUES (982, 21, 7);
INSERT INTO exercise_muscle (exercise_id, muscle_id, intensity) VALUES (982, 15, 4);

-- Exercise ID: 983
INSERT INTO Exercise (id, title, description, link, equipment_id, training_type_id) VALUES (983, 'Smith Machine Bench Press', 'Target: Chest, Shoulders, Triceps', 'https://youtu.be/z_r6hDOYtO0', NULL, 2);
INSERT INTO exercise_muscle (exercise_id, muscle_id, intensity) VALUES (983, 7, 10);
INSERT INTO exercise_muscle (exercise_id, muscle_id, intensity) VALUES (983, 4, 7);
INSERT INTO exercise_muscle (exercise_id, muscle_id, intensity) VALUES (983, 2, 4);

-- Exercise ID: 984
INSERT INTO Exercise (id, title, description, link, equipment_id, training_type_id) VALUES (984, 'Smith Machine Bent Over Row', 'Target: Back & Lats', 'https://youtu.be/k95QyBwSoto', NULL, 2);
INSERT INTO exercise_muscle (exercise_id, muscle_id, intensity) VALUES (984, 17, 10);
INSERT INTO exercise_muscle (exercise_id, muscle_id, intensity) VALUES (984, 18, 7);
INSERT INTO exercise_muscle (exercise_id, muscle_id, intensity) VALUES (984, 8, 4);

-- Exercise ID: 985
INSERT INTO Exercise (id, title, description, link, equipment_id, training_type_id) VALUES (985, 'Smith Machine Close-Grip Bench Press', 'Target: Triceps & Chest', 'https://youtu.be/3VP9HV1nAyQ', NULL, 2);
INSERT INTO exercise_muscle (exercise_id, muscle_id, intensity) VALUES (985, 4, 10);
INSERT INTO exercise_muscle (exercise_id, muscle_id, intensity) VALUES (985, 7, 7);
INSERT INTO exercise_muscle (exercise_id, muscle_id, intensity) VALUES (985, 2, 4);

-- Exercise ID: 986
INSERT INTO Exercise (id, title, description, link, equipment_id, training_type_id) VALUES (986, 'Smith Machine Decline Chest Press', 'Target: Lower Chest', 'https://youtu.be/39qwRmE6ffc', NULL, 2);
INSERT INTO exercise_muscle (exercise_id, muscle_id, intensity) VALUES (986, 7, 10);
INSERT INTO exercise_muscle (exercise_id, muscle_id, intensity) VALUES (986, 4, 7);
INSERT INTO exercise_muscle (exercise_id, muscle_id, intensity) VALUES (986, 2, 4);

-- Exercise ID: 987
INSERT INTO Exercise (id, title, description, link, equipment_id, training_type_id) VALUES (987, 'Smith Machine Good Morning', 'Target: Hamstrings & Lower Back', 'https://youtu.be/8Tp_Hx1jdSc', NULL, 2);
INSERT INTO exercise_muscle (exercise_id, muscle_id, intensity) VALUES (987, 22, 10);
INSERT INTO exercise_muscle (exercise_id, muscle_id, intensity) VALUES (987, 20, 7);
INSERT INTO exercise_muscle (exercise_id, muscle_id, intensity) VALUES (987, 21, 4);

-- Exercise ID: 988
INSERT INTO Exercise (id, title, description, link, equipment_id, training_type_id) VALUES (988, 'Smith Machine Hack Squat', 'Target: Quads', 'https://youtu.be/vzqoYIf8T9c', NULL, 2);
INSERT INTO exercise_muscle (exercise_id, muscle_id, intensity) VALUES (988, 13, 10);
INSERT INTO exercise_muscle (exercise_id, muscle_id, intensity) VALUES (988, 21, 7);

-- Exercise ID: 989
INSERT INTO Exercise (id, title, description, link, equipment_id, training_type_id) VALUES (989, 'Smith Machine Incline Bench Press', 'Target: Upper Chest', 'https://youtu.be/b8DqTO6ak0k', NULL, 2);
INSERT INTO exercise_muscle (exercise_id, muscle_id, intensity) VALUES (989, 7, 10);
INSERT INTO exercise_muscle (exercise_id, muscle_id, intensity) VALUES (989, 2, 7);
INSERT INTO exercise_muscle (exercise_id, muscle_id, intensity) VALUES (989, 4, 4);

-- Exercise ID: 990
INSERT INTO Exercise (id, title, description, link, equipment_id, training_type_id) VALUES (990, 'Smith Machine Rack Pulls', 'Target: Upper & Lower Back', 'https://youtu.be/jQVOV0NlF_I', NULL, 7);
INSERT INTO exercise_muscle (exercise_id, muscle_id, intensity) VALUES (990, 18, 10);
INSERT INTO exercise_muscle (exercise_id, muscle_id, intensity) VALUES (990, 20, 7);
INSERT INTO exercise_muscle (exercise_id, muscle_id, intensity) VALUES (990, 9, 4);

-- Exercise ID: 991
INSERT INTO Exercise (id, title, description, link, equipment_id, training_type_id) VALUES (991, 'Smith Machine RDL', 'Target: Hamstrings & Glutes', 'https://youtu.be/NBR6tozmx2I', NULL, 2);
INSERT INTO exercise_muscle (exercise_id, muscle_id, intensity) VALUES (991, 22, 10);
INSERT INTO exercise_muscle (exercise_id, muscle_id, intensity) VALUES (991, 21, 7);
INSERT INTO exercise_muscle (exercise_id, muscle_id, intensity) VALUES (991, 20, 4);

-- Exercise ID: 992
INSERT INTO Exercise (id, title, description, link, equipment_id, training_type_id) VALUES (992, 'Smith Machine Shoulder Press', 'Target: Shoulders', 'https://youtu.be/evtRb6cPF-Q', NULL, 2);
INSERT INTO exercise_muscle (exercise_id, muscle_id, intensity) VALUES (992, 2, 10);
INSERT INTO exercise_muscle (exercise_id, muscle_id, intensity) VALUES (992, 3, 7);
INSERT INTO exercise_muscle (exercise_id, muscle_id, intensity) VALUES (992, 4, 4);

-- Exercise ID: 993
INSERT INTO Exercise (id, title, description, link, equipment_id, training_type_id) VALUES (993, 'Smith Machine Squat', 'Target: Quads & Glutes', 'https://youtube.com/shorts/3PpzYOubZ5A?feature=share', NULL, 2);
INSERT INTO exercise_muscle (exercise_id, muscle_id, intensity) VALUES (993, 13, 10);
INSERT INTO exercise_muscle (exercise_id, muscle_id, intensity) VALUES (993, 21, 7);

-- Exercise ID: 994
INSERT INTO Exercise (id, title, description, link, equipment_id, training_type_id) VALUES (994, 'Smith Machine Standing Calf Raise', 'Target: Calves', 'https://youtu.be/avO_qtvHJAg', NULL, 2);
INSERT INTO exercise_muscle (exercise_id, muscle_id, intensity) VALUES (994, 6, 10);

-- Exercise ID: 995
INSERT INTO Exercise (id, title, description, link, equipment_id, training_type_id) VALUES (995, 'Smith Machine Supinated Row', 'Target: Lats & Biceps', 'https://youtu.be/ZjzUNteZPd8', NULL, 2);
INSERT INTO exercise_muscle (exercise_id, muscle_id, intensity) VALUES (995, 17, 10);
INSERT INTO exercise_muscle (exercise_id, muscle_id, intensity) VALUES (995, 8, 7);
INSERT INTO exercise_muscle (exercise_id, muscle_id, intensity) VALUES (995, 18, 4);

-- Exercise ID: 996
INSERT INTO Exercise (id, title, description, link, equipment_id, training_type_id) VALUES (996, 'Snatch Grip Barbell Shrugs', 'Target: Traps', 'https://youtu.be/S4WRgOOR_QQ', 12, 2);
INSERT INTO exercise_muscle (exercise_id, muscle_id, intensity) VALUES (996, 9, 10);
INSERT INTO exercise_muscle (exercise_id, muscle_id, intensity) VALUES (996, 18, 7);
INSERT INTO exercise_muscle (exercise_id, muscle_id, intensity) VALUES (996, 10, 4);

-- Exercise ID: 997
INSERT INTO Exercise (id, title, description, link, equipment_id, training_type_id) VALUES (997, 'Snatch Grip Deadlift', 'Target: Full Posterior Chain', 'https://youtu.be/a4-MC4W1_4Y', 12, 11);
INSERT INTO exercise_muscle (exercise_id, muscle_id, intensity) VALUES (997, 22, 10);
INSERT INTO exercise_muscle (exercise_id, muscle_id, intensity) VALUES (997, 18, 7);
INSERT INTO exercise_muscle (exercise_id, muscle_id, intensity) VALUES (997, 21, 4);

-- Exercise ID: 998
INSERT INTO Exercise (id, title, description, link, equipment_id, training_type_id) VALUES (998, 'Speed Squat', 'Target: Leg Power', 'https://youtu.be/lWEBiB42FZ8', 12, 9);
INSERT INTO exercise_muscle (exercise_id, muscle_id, intensity) VALUES (998, 13, 10);
INSERT INTO exercise_muscle (exercise_id, muscle_id, intensity) VALUES (998, 21, 7);
INSERT INTO exercise_muscle (exercise_id, muscle_id, intensity) VALUES (998, 22, 4);

-- Exercise ID: 999
INSERT INTO Exercise (id, title, description, link, equipment_id, training_type_id) VALUES (999, 'Spiderman Crunches', 'Target: Obliques', 'https://youtu.be/CoHUM6vdjog', 2, 2);
INSERT INTO exercise_muscle (exercise_id, muscle_id, intensity) VALUES (999, 12, 10);
INSERT INTO exercise_muscle (exercise_id, muscle_id, intensity) VALUES (999, 11, 7);

-- Exercise ID: 1000
INSERT INTO Exercise (id, title, description, link, equipment_id, training_type_id) VALUES (1000, 'Spiderman Pushup', 'Target: Chest, Core, Mobility', 'https://youtu.be/swPMrVWhplk', 2, 4);
INSERT INTO exercise_muscle (exercise_id, muscle_id, intensity) VALUES (1000, 7, 10);
INSERT INTO exercise_muscle (exercise_id, muscle_id, intensity) VALUES (1000, 12, 7);
INSERT INTO exercise_muscle (exercise_id, muscle_id, intensity) VALUES (1000, 4, 4);

-- Exercise ID: 1001
INSERT INTO Exercise (id, title, description, link, equipment_id, training_type_id) VALUES (1001, 'Split-Stance Dumbbell Push Press', 'Target: Shoulder Power', 'https://youtu.be/RunvqFmuSuQ', 6, 10);
INSERT INTO exercise_muscle (exercise_id, muscle_id, intensity) VALUES (1001, 2, 10);
INSERT INTO exercise_muscle (exercise_id, muscle_id, intensity) VALUES (1001, 13, 7);
INSERT INTO exercise_muscle (exercise_id, muscle_id, intensity) VALUES (1001, 4, 4);

-- Exercise ID: 1002
INSERT INTO Exercise (id, title, description, link, equipment_id, training_type_id) VALUES (1002, 'Sprinters Crunch', 'Target: Abs & Obliques', 'https://youtu.be/1-8Ow8vZhm4', 2, 2);
INSERT INTO exercise_muscle (exercise_id, muscle_id, intensity) VALUES (1002, 11, 10);
INSERT INTO exercise_muscle (exercise_id, muscle_id, intensity) VALUES (1002, 12, 7);
INSERT INTO exercise_muscle (exercise_id, muscle_id, intensity) VALUES (1002, 13, 4);

-- Exercise ID: 1003
INSERT INTO Exercise (id, title, description, link, equipment_id, training_type_id) VALUES (1003, 'Squat 4-3-1', 'Target: Quad & Glute Hypertrophy', 'https://youtu.be/QqvTW0pzLFw', 2, 2);
INSERT INTO exercise_muscle (exercise_id, muscle_id, intensity) VALUES (1003, 13, 10);
INSERT INTO exercise_muscle (exercise_id, muscle_id, intensity) VALUES (1003, 21, 7);

-- Exercise ID: 1004
INSERT INTO Exercise (id, title, description, link, equipment_id, training_type_id) VALUES (1004, 'Squat Hops Side to Side', 'Target: Plyometric Power & Agility', 'https://youtu.be/40GsrBtU_oI', 2, 9);
INSERT INTO exercise_muscle (exercise_id, muscle_id, intensity) VALUES (1004, 13, 10);
INSERT INTO exercise_muscle (exercise_id, muscle_id, intensity) VALUES (1004, 21, 7);
INSERT INTO exercise_muscle (exercise_id, muscle_id, intensity) VALUES (1004, 15, 4);

-- Exercise ID: 1005
INSERT INTO Exercise (id, title, description, link, equipment_id, training_type_id) VALUES (1005, 'Squat Jump to Overhead Press', 'Target: Full Body Power', 'https://youtu.be/5Ho5qnjksYo', 6, 9);
INSERT INTO exercise_muscle (exercise_id, muscle_id, intensity) VALUES (1005, 13, 10);
INSERT INTO exercise_muscle (exercise_id, muscle_id, intensity) VALUES (1005, 2, 7);
INSERT INTO exercise_muscle (exercise_id, muscle_id, intensity) VALUES (1005, 21, 4);

-- Exercise ID: 1006
INSERT INTO Exercise (id, title, description, link, equipment_id, training_type_id) VALUES (1006, 'Squat Jump to Pulse', 'Target: Plyometric Power', 'https://youtu.be/FCmQN5bj7dY', 2, 9);
INSERT INTO exercise_muscle (exercise_id, muscle_id, intensity) VALUES (1006, 13, 10);
INSERT INTO exercise_muscle (exercise_id, muscle_id, intensity) VALUES (1006, 21, 7);
INSERT INTO exercise_muscle (exercise_id, muscle_id, intensity) VALUES (1006, 6, 4);

-- Exercise ID: 1007
INSERT INTO Exercise (id, title, description, link, equipment_id, training_type_id) VALUES (1007, 'Squat Jump with Press', 'Target: Full Body Power', 'https://youtu.be/5Ho5qnjksYo', 6, 9);
INSERT INTO exercise_muscle (exercise_id, muscle_id, intensity) VALUES (1007, 13, 10);
INSERT INTO exercise_muscle (exercise_id, muscle_id, intensity) VALUES (1007, 2, 7);
INSERT INTO exercise_muscle (exercise_id, muscle_id, intensity) VALUES (1007, 21, 4);

-- Exercise ID: 1008
INSERT INTO Exercise (id, title, description, link, equipment_id, training_type_id) VALUES (1008, 'Squat Jumps', 'Target: Plyometric Leg Power', 'https://youtu.be/A-cFYWvaHr0', 2, 9);
INSERT INTO exercise_muscle (exercise_id, muscle_id, intensity) VALUES (1008, 13, 10);
INSERT INTO exercise_muscle (exercise_id, muscle_id, intensity) VALUES (1008, 21, 7);
INSERT INTO exercise_muscle (exercise_id, muscle_id, intensity) VALUES (1008, 6, 4);

-- Exercise ID: 1009
INSERT INTO Exercise (id, title, description, link, equipment_id, training_type_id) VALUES (1009, 'Squat Pulse', 'Target: Quad & Glute Endurance', 'https://youtu.be/N4fzbBv4BFI', 2, 2);
INSERT INTO exercise_muscle (exercise_id, muscle_id, intensity) VALUES (1009, 13, 10);
INSERT INTO exercise_muscle (exercise_id, muscle_id, intensity) VALUES (1009, 21, 7);

-- Exercise ID: 1010
INSERT INTO Exercise (id, title, description, link, equipment_id, training_type_id) VALUES (1010, 'Squat Pulses with Isometric Hold', 'Target: Quad & Glute Endurance', 'https://youtube.com/shorts/OpiE9QGKfuo?feature=share', 2, 6);
INSERT INTO exercise_muscle (exercise_id, muscle_id, intensity) VALUES (1010, 13, 10);
INSERT INTO exercise_muscle (exercise_id, muscle_id, intensity) VALUES (1010, 21, 7);

-- Exercise ID: 1011
INSERT INTO Exercise (id, title, description, link, equipment_id, training_type_id) VALUES (1011, 'Squat Thrusters', 'Target: Full Body Power', 'https://youtu.be/Id-g0YHkuVo', 6, 10);
INSERT INTO exercise_muscle (exercise_id, muscle_id, intensity) VALUES (1011, 13, 10);
INSERT INTO exercise_muscle (exercise_id, muscle_id, intensity) VALUES (1011, 2, 7);
INSERT INTO exercise_muscle (exercise_id, muscle_id, intensity) VALUES (1011, 21, 4);

-- Exercise ID: 1012
INSERT INTO Exercise (id, title, description, link, equipment_id, training_type_id) VALUES (1012, 'Squat to Diagonal Press', 'Target: Legs, Shoulders, Obliques', 'https://youtu.be/HFDFimq5cus', 6, 2);
INSERT INTO exercise_muscle (exercise_id, muscle_id, intensity) VALUES (1012, 13, 10);
INSERT INTO exercise_muscle (exercise_id, muscle_id, intensity) VALUES (1012, 2, 7);
INSERT INTO exercise_muscle (exercise_id, muscle_id, intensity) VALUES (1012, 12, 4);

-- Exercise ID: 1013
INSERT INTO Exercise (id, title, description, link, equipment_id, training_type_id) VALUES (1013, 'Squat to Good Morning', 'Target: Leg & Posterior Chain Mobility', 'https://youtu.be/VZObelUFlWM', 2, 8);
INSERT INTO exercise_muscle (exercise_id, muscle_id, intensity) VALUES (1013, 22, 10);
INSERT INTO exercise_muscle (exercise_id, muscle_id, intensity) VALUES (1013, 13, 7);
INSERT INTO exercise_muscle (exercise_id, muscle_id, intensity) VALUES (1013, 21, 4);

-- Exercise ID: 1014
INSERT INTO Exercise (id, title, description, link, equipment_id, training_type_id) VALUES (1014, 'Squat to Oblique Crunch', 'Target: Quads & Obliques', 'https://youtu.be/5F43-LTIBgY', 2, 4);
INSERT INTO exercise_muscle (exercise_id, muscle_id, intensity) VALUES (1014, 13, 10);
INSERT INTO exercise_muscle (exercise_id, muscle_id, intensity) VALUES (1014, 12, 7);
INSERT INTO exercise_muscle (exercise_id, muscle_id, intensity) VALUES (1014, 21, 4);

-- Exercise ID: 1015
INSERT INTO Exercise (id, title, description, link, equipment_id, training_type_id) VALUES (1015, 'Squat to Press', 'Target: Full Body Power', 'https://youtu.be/7JtzNydMIJ8', 6, 10);
INSERT INTO exercise_muscle (exercise_id, muscle_id, intensity) VALUES (1015, 13, 10);
INSERT INTO exercise_muscle (exercise_id, muscle_id, intensity) VALUES (1015, 2, 7);
INSERT INTO exercise_muscle (exercise_id, muscle_id, intensity) VALUES (1015, 21, 4);

-- Exercise ID: 1016
INSERT INTO Exercise (id, title, description, link, equipment_id, training_type_id) VALUES (1016, 'Squat to Side Crunch', 'Target: Quads & Obliques', 'https://youtu.be/VICKgdEj554', 2, 4);
INSERT INTO exercise_muscle (exercise_id, muscle_id, intensity) VALUES (1016, 13, 10);
INSERT INTO exercise_muscle (exercise_id, muscle_id, intensity) VALUES (1016, 12, 7);
INSERT INTO exercise_muscle (exercise_id, muscle_id, intensity) VALUES (1016, 21, 4);

-- Exercise ID: 1017
INSERT INTO Exercise (id, title, description, link, equipment_id, training_type_id) VALUES (1017, 'Squat to Side Kick', 'Target: Glutes, Quads, Abductors', 'https://youtu.be/dD9n9gFzawg', 2, 4);
INSERT INTO exercise_muscle (exercise_id, muscle_id, intensity) VALUES (1017, 21, 10);
INSERT INTO exercise_muscle (exercise_id, muscle_id, intensity) VALUES (1017, 13, 7);
INSERT INTO exercise_muscle (exercise_id, muscle_id, intensity) VALUES (1017, 15, 4);

-- Exercise ID: 1018
INSERT INTO Exercise (id, title, description, link, equipment_id, training_type_id) VALUES (1018, 'Squat to Stand', 'Target: Hip & Hamstring Mobility', 'https://youtu.be/KNxcFMBgFFU', 2, 8);
INSERT INTO exercise_muscle (exercise_id, muscle_id, intensity) VALUES (1018, 22, 10);
INSERT INTO exercise_muscle (exercise_id, muscle_id, intensity) VALUES (1018, 20, 7);
INSERT INTO exercise_muscle (exercise_id, muscle_id, intensity) VALUES (1018, 13, 4);

-- Exercise ID: 1019
INSERT INTO Exercise (id, title, description, link, equipment_id, training_type_id) VALUES (1019, 'Squat to Stand With Overhead Reach', 'Target: Full Body Mobility', 'https://youtu.be/0FWRt_h4-do', 2, 8);
INSERT INTO exercise_muscle (exercise_id, muscle_id, intensity) VALUES (1019, 22, 10);
INSERT INTO exercise_muscle (exercise_id, muscle_id, intensity) VALUES (1019, 18, 7);
INSERT INTO exercise_muscle (exercise_id, muscle_id, intensity) VALUES (1019, 13, 4);

-- Exercise ID: 1020
INSERT INTO Exercise (id, title, description, link, equipment_id, training_type_id) VALUES (1020, 'Squat to Standing Triple Extension', 'Target: Leg Power & Calves', 'https://youtu.be/y7nzAuuW87A', 6, 9);
INSERT INTO exercise_muscle (exercise_id, muscle_id, intensity) VALUES (1020, 13, 10);
INSERT INTO exercise_muscle (exercise_id, muscle_id, intensity) VALUES (1020, 6, 7);
INSERT INTO exercise_muscle (exercise_id, muscle_id, intensity) VALUES (1020, 21, 4);

-- Exercise ID: 1021
INSERT INTO Exercise (id, title, description, link, equipment_id, training_type_id) VALUES (1021, 'Squat with Hold', 'Target: Quad & Glute Endurance', 'https://youtu.be/_izLJ0giePc', 2, 6);
INSERT INTO exercise_muscle (exercise_id, muscle_id, intensity) VALUES (1021, 13, 10);
INSERT INTO exercise_muscle (exercise_id, muscle_id, intensity) VALUES (1021, 21, 7);

-- Exercise ID: 1022
INSERT INTO Exercise (id, title, description, link, equipment_id, training_type_id) VALUES (1022, 'Squatting Hip Internal Rotation', 'Target: Hip Mobility', 'https://youtu.be/54C5-VZFxIE', 2, 8);
INSERT INTO exercise_muscle (exercise_id, muscle_id, intensity) VALUES (1022, 14, 10);
INSERT INTO exercise_muscle (exercise_id, muscle_id, intensity) VALUES (1022, 15, 7);

-- Exercise ID: 1023
INSERT INTO Exercise (id, title, description, link, equipment_id, training_type_id) VALUES (1023, 'Stability Ball Hamstring Curls', 'Target: Hamstrings & Glutes', 'https://youtu.be/QVMkcf3uCY0', 1, 2);
INSERT INTO exercise_muscle (exercise_id, muscle_id, intensity) VALUES (1023, 22, 10);
INSERT INTO exercise_muscle (exercise_id, muscle_id, intensity) VALUES (1023, 21, 7);
INSERT INTO exercise_muscle (exercise_id, muscle_id, intensity) VALUES (1023, 11, 4);

-- Exercise ID: 1024
INSERT INTO Exercise (id, title, description, link, equipment_id, training_type_id) VALUES (1024, 'Stability Ball Rollout', 'Target: Abs & Lats', 'https://youtu.be/zeSD85M2t6c', 1, 2);
INSERT INTO exercise_muscle (exercise_id, muscle_id, intensity) VALUES (1024, 11, 10);
INSERT INTO exercise_muscle (exercise_id, muscle_id, intensity) VALUES (1024, 17, 7);
INSERT INTO exercise_muscle (exercise_id, muscle_id, intensity) VALUES (1024, 12, 4);

-- Exercise ID: 1025
INSERT INTO Exercise (id, title, description, link, equipment_id, training_type_id) VALUES (1025, 'Staggered Alternating Deadlift', 'Target: Hamstrings & Glutes', 'https://youtu.be/zmnaA-Mbwws', 6, 2);
INSERT INTO exercise_muscle (exercise_id, muscle_id, intensity) VALUES (1025, 22, 10);
INSERT INTO exercise_muscle (exercise_id, muscle_id, intensity) VALUES (1025, 21, 7);
INSERT INTO exercise_muscle (exercise_id, muscle_id, intensity) VALUES (1025, 20, 4);

-- Exercise ID: 1026
INSERT INTO Exercise (id, title, description, link, equipment_id, training_type_id) VALUES (1026, 'Staggered Deadlift', 'Target: Hamstrings & Glutes', 'https://youtu.be/IpXl63ds9NU', 6, 2);
INSERT INTO exercise_muscle (exercise_id, muscle_id, intensity) VALUES (1026, 22, 10);
INSERT INTO exercise_muscle (exercise_id, muscle_id, intensity) VALUES (1026, 21, 7);
INSERT INTO exercise_muscle (exercise_id, muscle_id, intensity) VALUES (1026, 20, 4);

-- Exercise ID: 1027
INSERT INTO Exercise (id, title, description, link, equipment_id, training_type_id) VALUES (1027, 'Staggered Romanian (Stiff Leg)', 'Target: Hamstrings & Glutes', 'https://youtu.be/Th4QdA2BOyg', 6, 2);
INSERT INTO exercise_muscle (exercise_id, muscle_id, intensity) VALUES (1027, 22, 10);
INSERT INTO exercise_muscle (exercise_id, muscle_id, intensity) VALUES (1027, 21, 7);
INSERT INTO exercise_muscle (exercise_id, muscle_id, intensity) VALUES (1027, 20, 4);

-- Exercise ID: 1028
INSERT INTO Exercise (id, title, description, link, equipment_id, training_type_id) VALUES (1028, 'Staggered Single-Arm Row', 'Target: Back, Lats, Core', 'https://youtu.be/sARk1TGYlPU', 6, 2);
INSERT INTO exercise_muscle (exercise_id, muscle_id, intensity) VALUES (1028, 17, 10);
INSERT INTO exercise_muscle (exercise_id, muscle_id, intensity) VALUES (1028, 18, 7);
INSERT INTO exercise_muscle (exercise_id, muscle_id, intensity) VALUES (1028, 12, 4);

-- Exercise ID: 1029
INSERT INTO Exercise (id, title, description, link, equipment_id, training_type_id) VALUES (1029, 'Staggered Stance Single Leg DL', 'Target: Hamstrings & Glutes', 'https://youtu.be/gnTpAO-FOwU', 6, 2);
INSERT INTO exercise_muscle (exercise_id, muscle_id, intensity) VALUES (1029, 22, 10);
INSERT INTO exercise_muscle (exercise_id, muscle_id, intensity) VALUES (1029, 21, 7);
INSERT INTO exercise_muscle (exercise_id, muscle_id, intensity) VALUES (1029, 20, 4);

-- Exercise ID: 1030
INSERT INTO Exercise (id, title, description, link, equipment_id, training_type_id) VALUES (1030, 'Standing Barbell Goodmorning', 'Target: Hamstrings & Lower Back', 'https://youtu.be/VkNcc0BQrpA', 12, 2);
INSERT INTO exercise_muscle (exercise_id, muscle_id, intensity) VALUES (1030, 22, 10);
INSERT INTO exercise_muscle (exercise_id, muscle_id, intensity) VALUES (1030, 20, 7);
INSERT INTO exercise_muscle (exercise_id, muscle_id, intensity) VALUES (1030, 21, 4);

-- Exercise ID: 1031
INSERT INTO Exercise (id, title, description, link, equipment_id, training_type_id) VALUES (1031, 'Standing Barbell Overhead Press', 'Target: Shoulders & Triceps', 'https://youtu.be/2yjwXTZQDDI', 12, 7);
INSERT INTO exercise_muscle (exercise_id, muscle_id, intensity) VALUES (1031, 2, 10);
INSERT INTO exercise_muscle (exercise_id, muscle_id, intensity) VALUES (1031, 4, 7);
INSERT INTO exercise_muscle (exercise_id, muscle_id, intensity) VALUES (1031, 3, 4);

-- Exercise ID: 1032
INSERT INTO Exercise (id, title, description, link, equipment_id, training_type_id) VALUES (1032, 'Standing Butt Kicks', 'Target: Dynamic Hamstring Stretch', 'https://youtu.be/oMW59TKZvaI', 2, 8);
INSERT INTO exercise_muscle (exercise_id, muscle_id, intensity) VALUES (1032, 22, 10);
INSERT INTO exercise_muscle (exercise_id, muscle_id, intensity) VALUES (1032, 13, 7);

-- Exercise ID: 1033
INSERT INTO Exercise (id, title, description, link, equipment_id, training_type_id) VALUES (1033, 'Standing Cable Chest Fly', 'Target: Chest', 'https://youtu.be/Iwe6AmxVf7o', 8, 2);
INSERT INTO exercise_muscle (exercise_id, muscle_id, intensity) VALUES (1033, 7, 10);
INSERT INTO exercise_muscle (exercise_id, muscle_id, intensity) VALUES (1033, 2, 7);

-- Exercise ID: 1034
INSERT INTO Exercise (id, title, description, link, equipment_id, training_type_id) VALUES (1034, 'Standing Cable Chest Press', 'Target: Chest, Triceps, Core', 'https://youtu.be/FVWJglwid4I', 8, 2);
INSERT INTO exercise_muscle (exercise_id, muscle_id, intensity) VALUES (1034, 7, 10);
INSERT INTO exercise_muscle (exercise_id, muscle_id, intensity) VALUES (1034, 4, 7);
INSERT INTO exercise_muscle (exercise_id, muscle_id, intensity) VALUES (1034, 11, 4);

-- Exercise ID: 1035
INSERT INTO Exercise (id, title, description, link, equipment_id, training_type_id) VALUES (1035, 'Standing Cable Low Row (Rope)', 'Target: Back & Biceps', 'https://youtu.be/t3joV_bTf6M', 8, 2);
INSERT INTO exercise_muscle (exercise_id, muscle_id, intensity) VALUES (1035, 17, 10);
INSERT INTO exercise_muscle (exercise_id, muscle_id, intensity) VALUES (1035, 18, 7);
INSERT INTO exercise_muscle (exercise_id, muscle_id, intensity) VALUES (1035, 8, 4);

-- Exercise ID: 1036
INSERT INTO Exercise (id, title, description, link, equipment_id, training_type_id) VALUES (1036, 'Standing Cable Upper Chest Fly', 'Target: Upper Chest', 'https://youtu.be/Iwe6AmxVf7o', 8, 2);
INSERT INTO exercise_muscle (exercise_id, muscle_id, intensity) VALUES (1036, 7, 10);
INSERT INTO exercise_muscle (exercise_id, muscle_id, intensity) VALUES (1036, 2, 7);

-- Exercise ID: 1037
INSERT INTO Exercise (id, title, description, link, equipment_id, training_type_id) VALUES (1037, 'Standing Calf Raises (machine)', 'Target: Calves', 'https://youtu.be/GAQ-oohMhog', NULL, 2);
INSERT INTO exercise_muscle (exercise_id, muscle_id, intensity) VALUES (1037, 6, 10);

-- Exercise ID: 1038
INSERT INTO Exercise (id, title, description, link, equipment_id, training_type_id) VALUES (1038, 'Standing Elbow to Knee', 'Target: Obliques & Balance', 'https://youtu.be/z1fwSujYhX8', 2, 4);
INSERT INTO exercise_muscle (exercise_id, muscle_id, intensity) VALUES (1038, 12, 10);
INSERT INTO exercise_muscle (exercise_id, muscle_id, intensity) VALUES (1038, 11, 7);
INSERT INTO exercise_muscle (exercise_id, muscle_id, intensity) VALUES (1038, 13, 4);

-- Exercise ID: 1039
INSERT INTO Exercise (id, title, description, link, equipment_id, training_type_id) VALUES (1039, 'Standing MB Lift and Chop', 'Target: Rotational Core', 'https://youtu.be/EygfY8ByyhQ', 10, 1);
INSERT INTO exercise_muscle (exercise_id, muscle_id, intensity) VALUES (1039, 12, 10);
INSERT INTO exercise_muscle (exercise_id, muscle_id, intensity) VALUES (1039, 11, 7);
INSERT INTO exercise_muscle (exercise_id, muscle_id, intensity) VALUES (1039, 2, 4);

-- Exercise ID: 1040
INSERT INTO Exercise (id, title, description, link, equipment_id, training_type_id) VALUES (1040, 'Standing Oblique Crunch', 'Target: Obliques', 'https://youtu.be/Z-erdZrQVCw', 2, 4);
INSERT INTO exercise_muscle (exercise_id, muscle_id, intensity) VALUES (1040, 12, 10);

-- Exercise ID: 1041
INSERT INTO Exercise (id, title, description, link, equipment_id, training_type_id) VALUES (1041, 'Standing One Leg Hold', 'Target: Balance', 'https://youtu.be/7SF7AYh2_Yw', 2, 12);
INSERT INTO exercise_muscle (exercise_id, muscle_id, intensity) VALUES (1041, 5, 10);
INSERT INTO exercise_muscle (exercise_id, muscle_id, intensity) VALUES (1041, 15, 7);
INSERT INTO exercise_muscle (exercise_id, muscle_id, intensity) VALUES (1041, 21, 4);

-- Exercise ID: 1042
INSERT INTO Exercise (id, title, description, link, equipment_id, training_type_id) VALUES (1042, 'Standing Opposite Toe Taps', 'Target: Dynamic Mobility', 'https://youtu.be/t0dgz5Uxfqo', 2, 8);
INSERT INTO exercise_muscle (exercise_id, muscle_id, intensity) VALUES (1042, 22, 10);
INSERT INTO exercise_muscle (exercise_id, muscle_id, intensity) VALUES (1042, 12, 7);

-- Exercise ID: 1043
INSERT INTO Exercise (id, title, description, link, equipment_id, training_type_id) VALUES (1043, 'Standing Overhead Press', 'Target: Shoulders & Triceps', 'https://youtu.be/M2rwvNhTOu0', 6, 2);
INSERT INTO exercise_muscle (exercise_id, muscle_id, intensity) VALUES (1043, 2, 10);
INSERT INTO exercise_muscle (exercise_id, muscle_id, intensity) VALUES (1043, 4, 7);
INSERT INTO exercise_muscle (exercise_id, muscle_id, intensity) VALUES (1043, 3, 4);

-- Exercise ID: 1044
INSERT INTO Exercise (id, title, description, link, equipment_id, training_type_id) VALUES (1044, 'Standing Palloffs', 'Target: Anti-Rotation Core', 'https://www.youtube.com/watch?v=YqkTy0TgHEA', 8, 1);
INSERT INTO exercise_muscle (exercise_id, muscle_id, intensity) VALUES (1044, 12, 10);
INSERT INTO exercise_muscle (exercise_id, muscle_id, intensity) VALUES (1044, 11, 7);

-- Exercise ID: 1045
INSERT INTO Exercise (id, title, description, link, equipment_id, training_type_id) VALUES (1045, 'Standing Shoulder Press', 'Target: Shoulders & Triceps', 'https://youtu.be/OOe_HrNnQWw', 6, 2);
INSERT INTO exercise_muscle (exercise_id, muscle_id, intensity) VALUES (1045, 2, 10);
INSERT INTO exercise_muscle (exercise_id, muscle_id, intensity) VALUES (1045, 4, 7);
INSERT INTO exercise_muscle (exercise_id, muscle_id, intensity) VALUES (1045, 3, 4);

-- Exercise ID: 1046
INSERT INTO Exercise (id, title, description, link, equipment_id, training_type_id) VALUES (1046, 'Standing Single Leg Arm Press', 'Target: Chest, Core, Balance', 'https://youtu.be/rff0s7aBhnE', 8, 12);
INSERT INTO exercise_muscle (exercise_id, muscle_id, intensity) VALUES (1046, 7, 10);
INSERT INTO exercise_muscle (exercise_id, muscle_id, intensity) VALUES (1046, 12, 7);
INSERT INTO exercise_muscle (exercise_id, muscle_id, intensity) VALUES (1046, 21, 4);

-- Exercise ID: 1047
INSERT INTO Exercise (id, title, description, link, equipment_id, training_type_id) VALUES (1047, 'Standing Single-arm Cable Row (Normal)', 'Target: Back, Lats, Core', 'https://youtu.be/_z5NMUxkxxw', 8, 2);
INSERT INTO exercise_muscle (exercise_id, muscle_id, intensity) VALUES (1047, 17, 10);
INSERT INTO exercise_muscle (exercise_id, muscle_id, intensity) VALUES (1047, 18, 7);
INSERT INTO exercise_muscle (exercise_id, muscle_id, intensity) VALUES (1047, 12, 4);

-- Exercise ID: 1048
INSERT INTO Exercise (id, title, description, link, equipment_id, training_type_id) VALUES (1048, 'Standing Single-arm DB Overhead Press', 'Target: Shoulders, Triceps, Core', 'https://youtu.be/PWQ9xEVNwkQ', 6, 2);
INSERT INTO exercise_muscle (exercise_id, muscle_id, intensity) VALUES (1048, 2, 10);
INSERT INTO exercise_muscle (exercise_id, muscle_id, intensity) VALUES (1048, 12, 7);
INSERT INTO exercise_muscle (exercise_id, muscle_id, intensity) VALUES (1048, 4, 4);

-- Exercise ID: 1049
INSERT INTO Exercise (id, title, description, link, equipment_id, training_type_id) VALUES (1049, 'Standing Split-Stance Landmine Press', 'Target: Shoulders, Chest, Core', 'https://youtu.be/5KZF1xdgA-A', 19, 2);
INSERT INTO exercise_muscle (exercise_id, muscle_id, intensity) VALUES (1049, 2, 10);
INSERT INTO exercise_muscle (exercise_id, muscle_id, intensity) VALUES (1049, 7, 7);
INSERT INTO exercise_muscle (exercise_id, muscle_id, intensity) VALUES (1049, 11, 4);

-- Exercise ID: 1050
INSERT INTO Exercise (id, title, description, link, equipment_id, training_type_id) VALUES (1050, 'Standing Strict Overhead Press', 'Target: Shoulders & Triceps', 'https://www.youtube.com/watch?v=wuFsq9tOsfs', 12, 7);
INSERT INTO exercise_muscle (exercise_id, muscle_id, intensity) VALUES (1050, 2, 10);
INSERT INTO exercise_muscle (exercise_id, muscle_id, intensity) VALUES (1050, 4, 7);
INSERT INTO exercise_muscle (exercise_id, muscle_id, intensity) VALUES (1050, 3, 4);

-- Exercise ID: 1051
INSERT INTO Exercise (id, title, description, link, equipment_id, training_type_id) VALUES (1051, 'Standing Thoracic Extension Rotation', 'Target: Thoracic Spine Mobility', 'https://youtu.be/PWmNVcs8rJY', 2, 8);
INSERT INTO exercise_muscle (exercise_id, muscle_id, intensity) VALUES (1051, 18, 10);
INSERT INTO exercise_muscle (exercise_id, muscle_id, intensity) VALUES (1051, 12, 7);
-- Exercise ID: 1052
INSERT INTO Exercise (id, title, description, link, equipment_id, training_type_id) VALUES (1052, 'Standing Tricep Extension', 'Target: Triceps', 'https://youtu.be/-Vyt2QdsR7E', 6, 2);
INSERT INTO exercise_muscle (exercise_id, muscle_id, intensity) VALUES (1052, 4, 10);

-- Exercise ID: 1053
INSERT INTO Exercise (id, title, description, link, equipment_id, training_type_id) VALUES (1053, 'Standing Trunk Rotations', 'Target: Oblique Mobility', 'https://youtu.be/EnJTqLyH9ZI', 2, 8);
INSERT INTO exercise_muscle (exercise_id, muscle_id, intensity) VALUES (1053, 12, 10);
INSERT INTO exercise_muscle (exercise_id, muscle_id, intensity) VALUES (1053, 20, 7);

-- Exercise ID: 1054
INSERT INTO Exercise (id, title, description, link, equipment_id, training_type_id) VALUES (1054, 'Static Lunge', 'Target: Quads & Glutes', 'https://youtu.be/xoZMv_YJtkA', 2, 6);
INSERT INTO exercise_muscle (exercise_id, muscle_id, intensity) VALUES (1054, 13, 10);
INSERT INTO exercise_muscle (exercise_id, muscle_id, intensity) VALUES (1054, 21, 7);

-- Exercise ID: 1055
INSERT INTO Exercise (id, title, description, link, equipment_id, training_type_id) VALUES (1055, 'Step Downs', 'Target: Quad Control & Strength', 'https://youtu.be/ee3lC7iLfss', 27, 1);
INSERT INTO exercise_muscle (exercise_id, muscle_id, intensity) VALUES (1055, 13, 10);
INSERT INTO exercise_muscle (exercise_id, muscle_id, intensity) VALUES (1055, 21, 7);

-- -- Exercise ID: 1056
-- INSERT INTO Exercise (id, title, description, link, equipment_id, training_type_id) VALUES (1056, 'Step Ups w/ Knee Drive', 'Target: Quads, Glutes, Power', 'https://youtu.be/WCFCdxzFBa4', 27, 4);
-- INSERT INTO exercise_muscle (exercise_id, muscle_id, intensity) VALUES (1056, 13, 10);
-- INSERT INTO exercise_muscle (exercise_id, muscle_id, intensity) VALUES (1056, 21, 7);
-- INSERT INTO exercise_muscle (exercise_id, muscle_id, intensity) VALUES (1056, 11, 4);

-- Exercise ID: 1057
INSERT INTO Exercise (id, title, description, link, equipment_id, training_type_id) VALUES (1057, 'Step Ups w/ Knee Drive', 'Target: Quads, Glutes, Power', 'https://youtu.be/r_6Fzs8nM3g', 27, 4);
INSERT INTO exercise_muscle (exercise_id, muscle_id, intensity) VALUES (1057, 13, 10);
INSERT INTO exercise_muscle (exercise_id, muscle_id, intensity) VALUES (1057, 21, 7);
INSERT INTO exercise_muscle (exercise_id, muscle_id, intensity) VALUES (1057, 11, 4);

-- Exercise ID: 1058
INSERT INTO Exercise (id, title, description, link, equipment_id, training_type_id) VALUES (1058, 'Stick Dislocates', 'Target: Shoulder Mobility', 'https://youtu.be/LFv4Gp_QDAg', 2, 8);
INSERT INTO exercise_muscle (exercise_id, muscle_id, intensity) VALUES (1058, 2, 10);
INSERT INTO exercise_muscle (exercise_id, muscle_id, intensity) VALUES (1058, 19, 7);
INSERT INTO exercise_muscle (exercise_id, muscle_id, intensity) VALUES (1058, 7, 4);

-- Exercise ID: 1059
INSERT INTO Exercise (id, title, description, link, equipment_id, training_type_id) VALUES (1059, 'Stick Pass Through', 'Target: Shoulder Mobility', 'https://youtu.be/5VA1qaRwaeU', 2, 8);
INSERT INTO exercise_muscle (exercise_id, muscle_id, intensity) VALUES (1059, 2, 10);
INSERT INTO exercise_muscle (exercise_id, muscle_id, intensity) VALUES (1059, 19, 7);
INSERT INTO exercise_muscle (exercise_id, muscle_id, intensity) VALUES (1059, 7, 4);

-- Exercise ID: 1060
INSERT INTO Exercise (id, title, description, link, equipment_id, training_type_id) VALUES (1060, 'Stiff Leg Dead Lift to High Pull', 'Target: Hamstrings & Traps', 'https://youtu.be/DCDTnGzawUI', 12, 2);
INSERT INTO exercise_muscle (exercise_id, muscle_id, intensity) VALUES (1060, 22, 10);
INSERT INTO exercise_muscle (exercise_id, muscle_id, intensity) VALUES (1060, 9, 7);
INSERT INTO exercise_muscle (exercise_id, muscle_id, intensity) VALUES (1060, 21, 4);

-- Exercise ID: 1061
INSERT INTO Exercise (id, title, description, link, equipment_id, training_type_id) VALUES (1061, 'Stiff Leg Deadlift', 'Target: Hamstrings & Lower Back', 'https://youtu.be/cYKYGwcg0U8', 12, 2);
INSERT INTO exercise_muscle (exercise_id, muscle_id, intensity) VALUES (1061, 22, 10);
INSERT INTO exercise_muscle (exercise_id, muscle_id, intensity) VALUES (1061, 20, 7);
INSERT INTO exercise_muscle (exercise_id, muscle_id, intensity) VALUES (1061, 21, 4);

-- Exercise ID: 1062
INSERT INTO Exercise (id, title, description, link, equipment_id, training_type_id) VALUES (1062, 'Stiff Leg/Romanian Deadlift', 'Target: Hamstrings & Glutes', 'https://youtu.be/USpmiOk61Ek', 12, 2);
INSERT INTO exercise_muscle (exercise_id, muscle_id, intensity) VALUES (1062, 22, 10);
INSERT INTO exercise_muscle (exercise_id, muscle_id, intensity) VALUES (1062, 21, 7);
INSERT INTO exercise_muscle (exercise_id, muscle_id, intensity) VALUES (1062, 20, 4);

-- Exercise ID: 1063
INSERT INTO Exercise (id, title, description, link, equipment_id, training_type_id) VALUES (1063, 'Stiff- Leg Deadlift to Bent Over Row', 'Target: Hamstrings & Back', 'https://youtu.be/YakK6YFw6Cc', 12, 2);
INSERT INTO exercise_muscle (exercise_id, muscle_id, intensity) VALUES (1063, 22, 10);
INSERT INTO exercise_muscle (exercise_id, muscle_id, intensity) VALUES (1063, 17, 7);
INSERT INTO exercise_muscle (exercise_id, muscle_id, intensity) VALUES (1063, 18, 4);

-- Exercise ID: 1064
INSERT INTO Exercise (id, title, description, link, equipment_id, training_type_id) VALUES (1064, 'Stir-The-Pot', 'Target: Core Stability', 'https://youtu.be/0aCnSOxplvs', 1, 1);
INSERT INTO exercise_muscle (exercise_id, muscle_id, intensity) VALUES (1064, 11, 10);
INSERT INTO exercise_muscle (exercise_id, muscle_id, intensity) VALUES (1064, 12, 7);

-- Exercise ID: 1065
INSERT INTO Exercise (id, title, description, link, equipment_id, training_type_id) VALUES (1065, 'Straddle Pulses', 'Target: Adductor Mobility', 'https://youtu.be/geS0bvXXD08', 2, 8);
INSERT INTO exercise_muscle (exercise_id, muscle_id, intensity) VALUES (1065, 14, 10);
INSERT INTO exercise_muscle (exercise_id, muscle_id, intensity) VALUES (1065, 22, 7);

-- Exercise ID: 1066
INSERT INTO Exercise (id, title, description, link, equipment_id, training_type_id) VALUES (1066, 'Straight Arm Rotation', 'Target: Shoulder Mobility', 'https://youtu.be/g6UR2cIpJfk', 2, 8);
INSERT INTO exercise_muscle (exercise_id, muscle_id, intensity) VALUES (1066, 2, 10);
INSERT INTO exercise_muscle (exercise_id, muscle_id, intensity) VALUES (1066, 3, 7);

-- Exercise ID: 1067
INSERT INTO Exercise (id, title, description, link, equipment_id, training_type_id) VALUES (1067, 'Straight Bar Cable Pulldown', 'Target: Lats', 'https://youtu.be/wcVDItawocI', 8, 2);
INSERT INTO exercise_muscle (exercise_id, muscle_id, intensity) VALUES (1067, 17, 10);
INSERT INTO exercise_muscle (exercise_id, muscle_id, intensity) VALUES (1067, 7, 7);

-- Exercise ID: 1068
INSERT INTO Exercise (id, title, description, link, equipment_id, training_type_id) VALUES (1068, 'Straight Leg Sit-Ups', 'Target: Abs & Hip Flexors', 'https://youtu.be/WT5ZiYYbVLw', 2, 2);
INSERT INTO exercise_muscle (exercise_id, muscle_id, intensity) VALUES (1068, 11, 10);
INSERT INTO exercise_muscle (exercise_id, muscle_id, intensity) VALUES (1068, 13, 7);

-- Exercise ID: 1069
INSERT INTO Exercise (id, title, description, link, equipment_id, training_type_id) VALUES (1069, 'Straight Leg V-Ups', 'Target: Abs & Hip Flexors', 'https://youtu.be/q4pyKNE8_C4', 2, 4);
INSERT INTO exercise_muscle (exercise_id, muscle_id, intensity) VALUES (1069, 11, 10);
INSERT INTO exercise_muscle (exercise_id, muscle_id, intensity) VALUES (1069, 13, 7);
INSERT INTO exercise_muscle (exercise_id, muscle_id, intensity) VALUES (1069, 12, 4);

-- Exercise ID: 1070
INSERT INTO Exercise (id, title, description, link, equipment_id, training_type_id) VALUES (1070, 'Stretch - Arm Sweep', 'Target: Chest & Shoulder Mobility', 'https://youtu.be/upm2TFlO_r0', 2, 8);
INSERT INTO exercise_muscle (exercise_id, muscle_id, intensity) VALUES (1070, 7, 10);
INSERT INTO exercise_muscle (exercise_id, muscle_id, intensity) VALUES (1070, 2, 7);

-- Exercise ID: 1071
INSERT INTO Exercise (id, title, description, link, equipment_id, training_type_id) VALUES (1071, 'Stretch - Catcow', 'Target: Spinal Mobility', 'https://youtu.be/tT00XNqJ3uA', 2, 8);
INSERT INTO exercise_muscle (exercise_id, muscle_id, intensity) VALUES (1071, 20, 10);
INSERT INTO exercise_muscle (exercise_id, muscle_id, intensity) VALUES (1071, 18, 7);

-- Exercise ID: 1072
INSERT INTO Exercise (id, title, description, link, equipment_id, training_type_id) VALUES (1072, 'Stretch - Child''s Pose', 'Target: Low Back & Lat Stretch', 'https://youtu.be/q-_M3Cfqmj4', 2, 8);
INSERT INTO exercise_muscle (exercise_id, muscle_id, intensity) VALUES (1072, 20, 10);
INSERT INTO exercise_muscle (exercise_id, muscle_id, intensity) VALUES (1072, 17, 7);

-- Exercise ID: 1073
INSERT INTO Exercise (id, title, description, link, equipment_id, training_type_id) VALUES (1073, 'Stretch - Full Cobra', 'Target: Abs & Spine Extension', 'https://youtu.be/jwoTJNgh8BY', 2, 8);
INSERT INTO exercise_muscle (exercise_id, muscle_id, intensity) VALUES (1073, 11, 10);
INSERT INTO exercise_muscle (exercise_id, muscle_id, intensity) VALUES (1073, 20, 7);

-- Exercise ID: 1074
INSERT INTO Exercise (id, title, description, link, equipment_id, training_type_id) VALUES (1074, 'Stretch - Modified Pigeon Pose', 'Target: Glute & Hip Stretch', 'https://youtu.be/SIdaMvrufa0', 2, 8);
INSERT INTO exercise_muscle (exercise_id, muscle_id, intensity) VALUES (1074, 21, 10);
INSERT INTO exercise_muscle (exercise_id, muscle_id, intensity) VALUES (1074, 15, 7);

-- Exercise ID: 1075
INSERT INTO Exercise (id, title, description, link, equipment_id, training_type_id) VALUES (1075, 'Stretch - Pidgeon Pose', 'Target: Glute & Hip Stretch', 'https://youtu.be/HSE2XCoMosk', 2, 8);
INSERT INTO exercise_muscle (exercise_id, muscle_id, intensity) VALUES (1075, 21, 10);
INSERT INTO exercise_muscle (exercise_id, muscle_id, intensity) VALUES (1075, 15, 7);

-- Exercise ID: 1076
INSERT INTO Exercise (id, title, description, link, equipment_id, training_type_id) VALUES (1076, 'Strict Overhead Press', 'Target: Shoulders & Triceps', 'https://youtu.be/J9nSWwSXUbU', 12, 7);
INSERT INTO exercise_muscle (exercise_id, muscle_id, intensity) VALUES (1076, 2, 10);
INSERT INTO exercise_muscle (exercise_id, muscle_id, intensity) VALUES (1076, 4, 7);
INSERT INTO exercise_muscle (exercise_id, muscle_id, intensity) VALUES (1076, 3, 4);

-- Exercise ID: 1077
INSERT INTO Exercise (id, title, description, link, equipment_id, training_type_id) VALUES (1077, 'Suitcase Carry', 'Target: Core, Obliques, Grip', 'https://youtu.be/tNHdx7pmrGI', 15, 6);
INSERT INTO exercise_muscle (exercise_id, muscle_id, intensity) VALUES (1077, 12, 10);
INSERT INTO exercise_muscle (exercise_id, muscle_id, intensity) VALUES (1077, 10, 7);
INSERT INTO exercise_muscle (exercise_id, muscle_id, intensity) VALUES (1077, 9, 4);

-- Exercise ID: 1078
INSERT INTO Exercise (id, title, description, link, equipment_id, training_type_id) VALUES (1078, 'Sumo Deadlift', 'Target: Glutes, Adductors, Hamstrings', 'https://youtu.be/cDlOSfu-zHY', 12, 7);
INSERT INTO exercise_muscle (exercise_id, muscle_id, intensity) VALUES (1078, 21, 10);
INSERT INTO exercise_muscle (exercise_id, muscle_id, intensity) VALUES (1078, 14, 7);
INSERT INTO exercise_muscle (exercise_id, muscle_id, intensity) VALUES (1078, 22, 4);

-- Exercise ID: 1079
INSERT INTO Exercise (id, title, description, link, equipment_id, training_type_id) VALUES (1079, 'Sumo Squat', 'Target: Adductors, Glutes, Quads', 'https://youtu.be/kjlfpqXnyL8', 2, 2);
INSERT INTO exercise_muscle (exercise_id, muscle_id, intensity) VALUES (1079, 14, 10);
INSERT INTO exercise_muscle (exercise_id, muscle_id, intensity) VALUES (1079, 21, 7);
INSERT INTO exercise_muscle (exercise_id, muscle_id, intensity) VALUES (1079, 13, 4);

-- Exercise ID: 1080
INSERT INTO Exercise (id, title, description, link, equipment_id, training_type_id) VALUES (1080, 'Sumo Squat Jumps', 'Target: Adductors, Glutes, Power', 'https://youtu.be/wg1aM2MLynM', 2, 9);
INSERT INTO exercise_muscle (exercise_id, muscle_id, intensity) VALUES (1080, 14, 10);
INSERT INTO exercise_muscle (exercise_id, muscle_id, intensity) VALUES (1080, 21, 7);
INSERT INTO exercise_muscle (exercise_id, muscle_id, intensity) VALUES (1080, 13, 4);

-- Exercise ID: 1081
INSERT INTO Exercise (id, title, description, link, equipment_id, training_type_id) VALUES (1081, 'Sumo Squat Pulses', 'Target: Adductors & Glutes', 'https://youtu.be/2SvNjQHHCx8', 2, 2);
INSERT INTO exercise_muscle (exercise_id, muscle_id, intensity) VALUES (1081, 14, 10);
INSERT INTO exercise_muscle (exercise_id, muscle_id, intensity) VALUES (1081, 21, 7);
INSERT INTO exercise_muscle (exercise_id, muscle_id, intensity) VALUES (1081, 13, 4);

-- Exercise ID: 1082
INSERT INTO Exercise (id, title, description, link, equipment_id, training_type_id) VALUES (1082, 'Sumo Squat to Overhead Press', 'Target: Legs, Glutes, Shoulders', 'https://youtu.be/5nUrHJJv08M', 6, 2);
INSERT INTO exercise_muscle (exercise_id, muscle_id, intensity) VALUES (1082, 14, 10);
INSERT INTO exercise_muscle (exercise_id, muscle_id, intensity) VALUES (1082, 2, 7);
INSERT INTO exercise_muscle (exercise_id, muscle_id, intensity) VALUES (1082, 21, 4);

-- Exercise ID: 1083
INSERT INTO Exercise (id, title, description, link, equipment_id, training_type_id) VALUES (1083, 'Sumo Squat to Upright Row', 'Target: Legs, Glutes, Traps', 'https://youtu.be/FAIo7kzC3us', 15, 2);
INSERT INTO exercise_muscle (exercise_id, muscle_id, intensity) VALUES (1083, 14, 10);
INSERT INTO exercise_muscle (exercise_id, muscle_id, intensity) VALUES (1083, 9, 7);
INSERT INTO exercise_muscle (exercise_id, muscle_id, intensity) VALUES (1083, 21, 4);

-- Exercise ID: 1084
INSERT INTO Exercise (id, title, description, link, equipment_id, training_type_id) VALUES (1084, 'Sumo Stance Deadlift (wide stance)', 'Target: Glutes, Adductors, Hamstrings', 'https://youtu.be/1v4r9hht_K4', 12, 7);
INSERT INTO exercise_muscle (exercise_id, muscle_id, intensity) VALUES (1084, 21, 10);
INSERT INTO exercise_muscle (exercise_id, muscle_id, intensity) VALUES (1084, 14, 7);
INSERT INTO exercise_muscle (exercise_id, muscle_id, intensity) VALUES (1084, 22, 4);

-- Exercise ID: 1085
INSERT INTO Exercise (id, title, description, link, equipment_id, training_type_id) VALUES (1085, 'Super Couch Stretch', 'Target: Quad & Hip Flexor Stretch', 'https://youtu.be/Fg-lwNBzVV8', 2, 8);
INSERT INTO exercise_muscle (exercise_id, muscle_id, intensity) VALUES (1085, 13, 10);

-- Exercise ID: 1086
INSERT INTO Exercise (id, title, description, link, equipment_id, training_type_id) VALUES (1086, 'Superman', 'Target: Lower Back & Glutes', 'https://youtu.be/J9zXkxUAfUA', 2, 1);
INSERT INTO exercise_muscle (exercise_id, muscle_id, intensity) VALUES (1086, 20, 10);
INSERT INTO exercise_muscle (exercise_id, muscle_id, intensity) VALUES (1086, 21, 7);
INSERT INTO exercise_muscle (exercise_id, muscle_id, intensity) VALUES (1086, 18, 4);

-- Exercise ID: 1087
INSERT INTO Exercise (id, title, description, link, equipment_id, training_type_id) VALUES (1087, 'Superman Plank', 'Target: Full Body Core Stability', 'https://youtu.be/uy9WZN-ktNc', 2, 1);
INSERT INTO exercise_muscle (exercise_id, muscle_id, intensity) VALUES (1087, 11, 10);
INSERT INTO exercise_muscle (exercise_id, muscle_id, intensity) VALUES (1087, 20, 7);
INSERT INTO exercise_muscle (exercise_id, muscle_id, intensity) VALUES (1087, 21, 4);

-- Exercise ID: 1088
INSERT INTO Exercise (id, title, description, link, equipment_id, training_type_id) VALUES (1088, 'Supinated Front Raises', 'Target: Front Deltoids & Biceps', 'https://youtu.be/FmT4hayWoJA', 6, 2);
INSERT INTO exercise_muscle (exercise_id, muscle_id, intensity) VALUES (1088, 2, 10);
INSERT INTO exercise_muscle (exercise_id, muscle_id, intensity) VALUES (1088, 8, 7);

-- Exercise ID: 1089
INSERT INTO Exercise (id, title, description, link, equipment_id, training_type_id) VALUES (1089, 'Supinated Incline Raise', 'Target: Front Deltoids & Upper Chest', 'https://youtu.be/9QqrXC0NtiQ', 6, 2);
INSERT INTO exercise_muscle (exercise_id, muscle_id, intensity) VALUES (1089, 2, 10);
INSERT INTO exercise_muscle (exercise_id, muscle_id, intensity) VALUES (1089, 7, 7);
INSERT INTO exercise_muscle (exercise_id, muscle_id, intensity) VALUES (1089, 8, 4);

-- Exercise ID: 1090
INSERT INTO Exercise (id, title, description, link, equipment_id, training_type_id) VALUES (1090, 'Supinated Row (Palms Up)', 'Target: Lats & Biceps', 'https://youtu.be/oWnuU53nU-w', 12, 2);
INSERT INTO exercise_muscle (exercise_id, muscle_id, intensity) VALUES (1090, 17, 10);
INSERT INTO exercise_muscle (exercise_id, muscle_id, intensity) VALUES (1090, 8, 7);
INSERT INTO exercise_muscle (exercise_id, muscle_id, intensity) VALUES (1090, 18, 4);

-- Exercise ID: 1091
INSERT INTO Exercise (id, title, description, link, equipment_id, training_type_id) VALUES (1091, 'Supine Banded No Money Drill', 'Target: Rotator Cuff', 'https://youtu.be/Ma_naTzTb4Q', 21, 1);
INSERT INTO exercise_muscle (exercise_id, muscle_id, intensity) VALUES (1091, 19, 10);
INSERT INTO exercise_muscle (exercise_id, muscle_id, intensity) VALUES (1091, 18, 7);

-- Exercise ID: 1092
INSERT INTO Exercise (id, title, description, link, equipment_id, training_type_id) VALUES (1092, 'Supine Banded Scapular Protraction', 'Target: Scapular Health', 'https://youtu.be/29WoMxbio9w', 21, 1);
INSERT INTO exercise_muscle (exercise_id, muscle_id, intensity) VALUES (1092, 18, 10);
INSERT INTO exercise_muscle (exercise_id, muscle_id, intensity) VALUES (1092, 7, 7);

-- Exercise ID: 1093
INSERT INTO Exercise (id, title, description, link, equipment_id, training_type_id) VALUES (1093, 'Supine Frog Pump', 'Target: Glutes & Adductors', 'https://youtu.be/bUL1Lqb6JUg', 2, 2);
INSERT INTO exercise_muscle (exercise_id, muscle_id, intensity) VALUES (1093, 21, 10);
INSERT INTO exercise_muscle (exercise_id, muscle_id, intensity) VALUES (1093, 14, 7);

-- Exercise ID: 1094
INSERT INTO Exercise (id, title, description, link, equipment_id, training_type_id) VALUES (1094, 'Supine Glute Bridge', 'Target: Glutes & Hamstrings', 'https://youtu.be/8j9boZPcHX8', 2, 2);
INSERT INTO exercise_muscle (exercise_id, muscle_id, intensity) VALUES (1094, 21, 10);
INSERT INTO exercise_muscle (exercise_id, muscle_id, intensity) VALUES (1094, 22, 7);

-- Exercise ID: 1095
INSERT INTO Exercise (id, title, description, link, equipment_id, training_type_id) VALUES (1095, 'Supine Hips-Extended Leg Curl', 'Target: Hamstrings & Glutes', 'https://youtu.be/YCle1o8ovJ8', 1, 2);
INSERT INTO exercise_muscle (exercise_id, muscle_id, intensity) VALUES (1095, 22, 10);
INSERT INTO exercise_muscle (exercise_id, muscle_id, intensity) VALUES (1095, 21, 7);

-- Exercise ID: 1096
INSERT INTO Exercise (id, title, description, link, equipment_id, training_type_id) VALUES (1096, 'Supine Knee to Knee Pull-In', 'Target: Lower Abs & Hip Flexors', 'https://youtu.be/S2SJ2WDhGGE', 2, 8);
INSERT INTO exercise_muscle (exercise_id, muscle_id, intensity) VALUES (1096, 11, 10);
INSERT INTO exercise_muscle (exercise_id, muscle_id, intensity) VALUES (1096, 13, 7);

-- Exercise ID: 1097
INSERT INTO Exercise (id, title, description, link, equipment_id, training_type_id) VALUES (1097, 'Supine Psoas March', 'Target: Hip Flexors & Core', 'https://youtu.be/MezNdAcVfZE', 21, 1);
INSERT INTO exercise_muscle (exercise_id, muscle_id, intensity) VALUES (1097, 13, 10);
INSERT INTO exercise_muscle (exercise_id, muscle_id, intensity) VALUES (1097, 11, 7);

-- Exercise ID: 1098
INSERT INTO Exercise (id, title, description, link, equipment_id, training_type_id) VALUES (1098, 'Swiss ball hamstring curls', 'Target: Hamstrings & Glutes', 'https://youtu.be/XkESHgkTdFw', 1, 2);
INSERT INTO exercise_muscle (exercise_id, muscle_id, intensity) VALUES (1098, 22, 10);
INSERT INTO exercise_muscle (exercise_id, muscle_id, intensity) VALUES (1098, 21, 7);

-- Exercise ID: 1099
INSERT INTO Exercise (id, title, description, link, equipment_id, training_type_id) VALUES (1099, 'T Bar Row', 'Target: Lats, Upper Back, Biceps', 'https://youtu.be/yPis7nlbqdY', 19, 2);
INSERT INTO exercise_muscle (exercise_id, muscle_id, intensity) VALUES (1099, 17, 10);
INSERT INTO exercise_muscle (exercise_id, muscle_id, intensity) VALUES (1099, 18, 7);
INSERT INTO exercise_muscle (exercise_id, muscle_id, intensity) VALUES (1099, 8, 4);

-- Exercise ID: 1100
INSERT INTO Exercise (id, title, description, link, equipment_id, training_type_id) VALUES (1100, 'T Spine Rotations', 'Target: Thoracic Mobility', 'https://youtu.be/uMWob72Y-EY', 2, 8);
INSERT INTO exercise_muscle (exercise_id, muscle_id, intensity) VALUES (1100, 18, 10);
INSERT INTO exercise_muscle (exercise_id, muscle_id, intensity) VALUES (1100, 12, 7);

-- Exercise ID: 1101
INSERT INTO Exercise (id, title, description, link, equipment_id, training_type_id) VALUES (1101, 'T-Bar Close Grip Row', 'Target: Lats & Mid-Back', 'https://youtu.be/mUNXh5oFKKY', 19, 2);
INSERT INTO exercise_muscle (exercise_id, muscle_id, intensity) VALUES (1101, 17, 10);
INSERT INTO exercise_muscle (exercise_id, muscle_id, intensity) VALUES (1101, 18, 7);
INSERT INTO exercise_muscle (exercise_id, muscle_id, intensity) VALUES (1101, 8, 4);

-- Exercise ID: 1102
INSERT INTO Exercise (id, title, description, link, equipment_id, training_type_id) VALUES (1102, 'T-Bar Row', 'Target: Back & Lats', 'https://youtu.be/KDEl3AmZbVE', 19, 2);
INSERT INTO exercise_muscle (exercise_id, muscle_id, intensity) VALUES (1102, 18, 10);
INSERT INTO exercise_muscle (exercise_id, muscle_id, intensity) VALUES (1102, 17, 7);
INSERT INTO exercise_muscle (exercise_id, muscle_id, intensity) VALUES (1102, 8, 4);

-- Exercise ID: 1103
INSERT INTO Exercise (id, title, description, link, equipment_id, training_type_id) VALUES (1103, 'T-Pushup', 'Target: Chest, Obliques, Shoulders', 'https://youtu.be/vKaLCCNxMho', 2, 4);
INSERT INTO exercise_muscle (exercise_id, muscle_id, intensity) VALUES (1103, 7, 10);
INSERT INTO exercise_muscle (exercise_id, muscle_id, intensity) VALUES (1103, 12, 7);
INSERT INTO exercise_muscle (exercise_id, muscle_id, intensity) VALUES (1103, 4, 4);

-- Exercise ID: 1104
INSERT INTO Exercise (id, title, description, link, equipment_id, training_type_id) VALUES (1104, 'T-Spine Rotations', 'Target: Thoracic Mobility', 'https://youtu.be/JDgXqqviyu4', 2, 8);
INSERT INTO exercise_muscle (exercise_id, muscle_id, intensity) VALUES (1104, 18, 10);
INSERT INTO exercise_muscle (exercise_id, muscle_id, intensity) VALUES (1104, 12, 7);

-- Exercise ID: 1105
INSERT INTO Exercise (id, title, description, link, equipment_id, training_type_id) VALUES (1105, 'Table Top Banded Kickbacks', 'Target: Glutes', 'https://youtu.be/faAQrJcDkms', 13, 2);
INSERT INTO exercise_muscle (exercise_id, muscle_id, intensity) VALUES (1105, 21, 10);
INSERT INTO exercise_muscle (exercise_id, muscle_id, intensity) VALUES (1105, 22, 7);

-- Exercise ID: 1106
INSERT INTO Exercise (id, title, description, link, equipment_id, training_type_id) VALUES (1106, 'Table Top Crunch', 'Target: Abs', 'https://youtu.be/fNx2sexcgbI', 2, 2);
INSERT INTO exercise_muscle (exercise_id, muscle_id, intensity) VALUES (1106, 11, 10);

-- Exercise ID: 1107
INSERT INTO Exercise (id, title, description, link, equipment_id, training_type_id) VALUES (1107, 'Table Top Kickback', 'Target: Glutes', 'https://youtu.be/VOJjWXJrOrM', 2, 2);
INSERT INTO exercise_muscle (exercise_id, muscle_id, intensity) VALUES (1107, 21, 10);
INSERT INTO exercise_muscle (exercise_id, muscle_id, intensity) VALUES (1107, 22, 7);

-- Exercise ID: 1108
INSERT INTO Exercise (id, title, description, link, equipment_id, training_type_id) VALUES (1108, 'Tall Kneeling Ball Slams', 'Target: Lats, Core Power', 'https://youtu.be/qVqEkYRFPbo', 5, 10);
INSERT INTO exercise_muscle (exercise_id, muscle_id, intensity) VALUES (1108, 17, 10);
INSERT INTO exercise_muscle (exercise_id, muscle_id, intensity) VALUES (1108, 11, 7);
INSERT INTO exercise_muscle (exercise_id, muscle_id, intensity) VALUES (1108, 12, 4);

-- Exercise ID: 1109
INSERT INTO Exercise (id, title, description, link, equipment_id, training_type_id) VALUES (1109, 'Tall-Kneeling Band Chop', 'Target: Rotational Core', 'https://youtu.be/e6XnIBPfGAw', 21, 1);
INSERT INTO exercise_muscle (exercise_id, muscle_id, intensity) VALUES (1109, 12, 10);
INSERT INTO exercise_muscle (exercise_id, muscle_id, intensity) VALUES (1109, 11, 7);

-- Exercise ID: 1110
INSERT INTO Exercise (id, title, description, link, equipment_id, training_type_id) VALUES (1110, 'Tall-Kneeling Band Lift', 'Target: Rotational Core', 'https://youtu.be/SP6DoszGLQo', 21, 1);
INSERT INTO exercise_muscle (exercise_id, muscle_id, intensity) VALUES (1110, 12, 10);
INSERT INTO exercise_muscle (exercise_id, muscle_id, intensity) VALUES (1110, 11, 7);

-- Exercise ID: 1111
INSERT INTO Exercise (id, title, description, link, equipment_id, training_type_id) VALUES (1111, 'Tall-Kneeling Cable Chop', 'Target: Rotational Core', 'https://youtu.be/kNcl67PdCUA', 8, 1);
INSERT INTO exercise_muscle (exercise_id, muscle_id, intensity) VALUES (1111, 12, 10);
INSERT INTO exercise_muscle (exercise_id, muscle_id, intensity) VALUES (1111, 11, 7);

-- Exercise ID: 1112
INSERT INTO Exercise (id, title, description, link, equipment_id, training_type_id) VALUES (1112, 'Tall-Kneeling Cable Lift', 'Target: Rotational Core', 'https://youtu.be/_HVYT2nuZiw', 8, 1);
INSERT INTO exercise_muscle (exercise_id, muscle_id, intensity) VALUES (1112, 12, 10);
INSERT INTO exercise_muscle (exercise_id, muscle_id, intensity) VALUES (1112, 11, 7);

-- Exercise ID: 1113
INSERT INTO Exercise (id, title, description, link, equipment_id, training_type_id) VALUES (1113, 'Tall-Kneeling Landmine Press', 'Target: Shoulders, Core, Chest', 'https://youtu.be/wWoh6U4GM9E', 19, 2);
INSERT INTO exercise_muscle (exercise_id, muscle_id, intensity) VALUES (1113, 2, 10);
INSERT INTO exercise_muscle (exercise_id, muscle_id, intensity) VALUES (1113, 7, 7);
INSERT INTO exercise_muscle (exercise_id, muscle_id, intensity) VALUES (1113, 11, 4);

-- Exercise ID: 1114
INSERT INTO Exercise (id, title, description, link, equipment_id, training_type_id) VALUES (1114, 'Tall-Kneeling Overhead Pallof Press', 'Target: Core Anti-Extension', 'https://youtube.com/shorts/r_tbgEXCjbg?feature=share', 8, 1);
INSERT INTO exercise_muscle (exercise_id, muscle_id, intensity) VALUES (1114, 11, 10);
INSERT INTO exercise_muscle (exercise_id, muscle_id, intensity) VALUES (1114, 12, 7);

-- Exercise ID: 1115
INSERT INTO Exercise (id, title, description, link, equipment_id, training_type_id) VALUES (1115, 'Tall-Kneeling Pallof Press', 'Target: Anti-Rotation Core', 'https://youtu.be/y30uEJhBTwQ', 8, 1);
INSERT INTO exercise_muscle (exercise_id, muscle_id, intensity) VALUES (1115, 12, 10);
INSERT INTO exercise_muscle (exercise_id, muscle_id, intensity) VALUES (1115, 11, 7);

-- Exercise ID: 1116
INSERT INTO Exercise (id, title, description, link, equipment_id, training_type_id) VALUES (1116, 'Tall-Kneeling Pallof Press Iso', 'Target: Anti-Rotation Core', 'https://youtu.be/jZTU2bkEFCQ', 8, 1);
INSERT INTO exercise_muscle (exercise_id, muscle_id, intensity) VALUES (1116, 12, 10);
INSERT INTO exercise_muscle (exercise_id, muscle_id, intensity) VALUES (1116, 11, 7);

-- Exercise ID: 1117
INSERT INTO Exercise (id, title, description, link, equipment_id, training_type_id) VALUES (1117, 'Tall-Kneeling Pallof Press Iso With Band', 'Target: Anti-Rotation Core', 'https://youtu.be/P3u4PizaORA', 21, 1);
INSERT INTO exercise_muscle (exercise_id, muscle_id, intensity) VALUES (1117, 12, 10);
INSERT INTO exercise_muscle (exercise_id, muscle_id, intensity) VALUES (1117, 11, 7);

-- Exercise ID: 1118
INSERT INTO Exercise (id, title, description, link, equipment_id, training_type_id) VALUES (1118, 'Tall-Kneeling Pallof Press With Band', 'Target: Anti-Rotation Core', 'https://youtu.be/Gnquj2du_Bc', 21, 1);
INSERT INTO exercise_muscle (exercise_id, muscle_id, intensity) VALUES (1118, 12, 10);
INSERT INTO exercise_muscle (exercise_id, muscle_id, intensity) VALUES (1118, 11, 7);

-- Exercise ID: 1119
INSERT INTO Exercise (id, title, description, link, equipment_id, training_type_id) VALUES (1119, 'Tempo Back Squat', 'Target: Quad & Glute Hypertrophy', 'https://youtu.be/mmb618X9Ieg', 12, 2);
INSERT INTO exercise_muscle (exercise_id, muscle_id, intensity) VALUES (1119, 13, 10);
INSERT INTO exercise_muscle (exercise_id, muscle_id, intensity) VALUES (1119, 21, 7);

-- Exercise ID: 1120
INSERT INTO Exercise (id, title, description, link, equipment_id, training_type_id) VALUES (1120, 'Tempo Belt Squat', 'Target: Quad & Glute Hypertrophy', 'https://youtu.be/Y_GWyIx1ROo', NULL, 2);
INSERT INTO exercise_muscle (exercise_id, muscle_id, intensity) VALUES (1120, 13, 10);
INSERT INTO exercise_muscle (exercise_id, muscle_id, intensity) VALUES (1120, 21, 7);

-- Exercise ID: 1121
INSERT INTO Exercise (id, title, description, link, equipment_id, training_type_id) VALUES (1121, 'Tempo DB Goblet Squat', 'Target: Quad & Glute Hypertrophy', 'https://youtu.be/VEHSamPOkX4', 6, 2);
INSERT INTO exercise_muscle (exercise_id, muscle_id, intensity) VALUES (1121, 13, 10);
INSERT INTO exercise_muscle (exercise_id, muscle_id, intensity) VALUES (1121, 21, 7);

-- Exercise ID: 1122
INSERT INTO Exercise (id, title, description, link, equipment_id, training_type_id) VALUES (1122, 'Tempo Leg Extensions', 'Target: Quad Hypertrophy', 'https://youtu.be/-3zBscg3IiY', NULL, 2);
INSERT INTO exercise_muscle (exercise_id, muscle_id, intensity) VALUES (1122, 13, 10);

-- Exercise ID: 1123
INSERT INTO Exercise (id, title, description, link, equipment_id, training_type_id) VALUES (1123, 'Tempo Push Up', 'Target: Chest Hypertrophy', 'https://youtu.be/6URcQFbGZTA', 2, 4);
INSERT INTO exercise_muscle (exercise_id, muscle_id, intensity) VALUES (1123, 7, 10);
INSERT INTO exercise_muscle (exercise_id, muscle_id, intensity) VALUES (1123, 4, 7);
INSERT INTO exercise_muscle (exercise_id, muscle_id, intensity) VALUES (1123, 2, 4);

-- Exercise ID: 1124
INSERT INTO Exercise (id, title, description, link, equipment_id, training_type_id) VALUES (1124, 'Tempo Squats', 'Target: Leg Hypertrophy & Control', 'https://youtu.be/QU3EGV5vQYA', 12, 2);
INSERT INTO exercise_muscle (exercise_id, muscle_id, intensity) VALUES (1124, 13, 10);
INSERT INTO exercise_muscle (exercise_id, muscle_id, intensity) VALUES (1124, 21, 7);

-- Exercise ID: 1125
INSERT INTO Exercise (id, title, description, link, equipment_id, training_type_id) VALUES (1125, 'Thoracic Mobilization on Foam Roller', 'Target: Upper Back Mobility', 'https://youtu.be/WDYFfr6KRoM', NULL, 8);
INSERT INTO exercise_muscle (exercise_id, muscle_id, intensity) VALUES (1125, 18, 10);

-- Exercise ID: 1126
INSERT INTO Exercise (id, title, description, link, equipment_id, training_type_id) VALUES (1126, 'Thoracic Mobilization With Bench', 'Target: Upper Back & Lat Mobility', 'https://youtu.be/2b0LY4tyzgk', 9, 8);
INSERT INTO exercise_muscle (exercise_id, muscle_id, intensity) VALUES (1126, 18, 10);
INSERT INTO exercise_muscle (exercise_id, muscle_id, intensity) VALUES (1126, 17, 7);

-- Exercise ID: 1127
INSERT INTO Exercise (id, title, description, link, equipment_id, training_type_id) VALUES (1127, 'Thread the Needle', 'Target: Thoracic Spine Mobility', 'https://youtu.be/MfUx9FCOb1E', 2, 8);
INSERT INTO exercise_muscle (exercise_id, muscle_id, intensity) VALUES (1127, 18, 10);
INSERT INTO exercise_muscle (exercise_id, muscle_id, intensity) VALUES (1127, 12, 7);

-- Exercise ID: 1128
INSERT INTO Exercise (id, title, description, link, equipment_id, training_type_id) VALUES (1128, 'Thread the Needle Plank', 'Target: Core & Thoracic Mobility', 'https://youtu.be/TfLt8orAiiQ', 2, 1);
INSERT INTO exercise_muscle (exercise_id, muscle_id, intensity) VALUES (1128, 12, 10);
INSERT INTO exercise_muscle (exercise_id, muscle_id, intensity) VALUES (1128, 18, 7);
INSERT INTO exercise_muscle (exercise_id, muscle_id, intensity) VALUES (1128, 11, 4);

-- Exercise ID: 1129
INSERT INTO Exercise (id, title, description, link, equipment_id, training_type_id) VALUES (1129, 'Throw 1,2s', 'Target: Rotational Power & Cardio', 'https://youtu.be/JyuiDu2llOY', 2, 10);
INSERT INTO exercise_muscle (exercise_id, muscle_id, intensity) VALUES (1129, 12, 10);
INSERT INTO exercise_muscle (exercise_id, muscle_id, intensity) VALUES (1129, 2, 7);
INSERT INTO exercise_muscle (exercise_id, muscle_id, intensity) VALUES (1129, 7, 4);

-- Exercise ID: 1130
INSERT INTO Exercise (id, title, description, link, equipment_id, training_type_id) VALUES (1130, 'Toe Crossover Touch', 'Target: Hamstring & Glute Mobility', 'https://youtu.be/xeY-Cofynwk', 2, 8);
INSERT INTO exercise_muscle (exercise_id, muscle_id, intensity) VALUES (1130, 22, 10);
INSERT INTO exercise_muscle (exercise_id, muscle_id, intensity) VALUES (1130, 21, 7);
INSERT INTO exercise_muscle (exercise_id, muscle_id, intensity) VALUES (1130, 12, 4);

-- Exercise ID: 1131
INSERT INTO Exercise (id, title, description, link, equipment_id, training_type_id) VALUES (1131, 'Toe Reaches', 'Target: Upper Abs', 'https://youtu.be/B3W05_n3EGg', 2, 2);
INSERT INTO exercise_muscle (exercise_id, muscle_id, intensity) VALUES (1131, 11, 10);

-- Exercise ID: 1132
INSERT INTO Exercise (id, title, description, link, equipment_id, training_type_id) VALUES (1132, 'Toe Touches', 'Target: Upper Abs', 'https://youtu.be/y6Bv_0Shhc8', 2, 2);
INSERT INTO exercise_muscle (exercise_id, muscle_id, intensity) VALUES (1132, 11, 10);

-- Exercise ID: 1133
INSERT INTO Exercise (id, title, description, link, equipment_id, training_type_id) VALUES (1133, 'Toe Touches with Weight', 'Target: Upper Abs', 'https://youtu.be/HdhmIUkB-iY', 22, 2);
INSERT INTO exercise_muscle (exercise_id, muscle_id, intensity) VALUES (1133, 11, 10);

-- Exercise ID: 1134
INSERT INTO Exercise (id, title, description, link, equipment_id, training_type_id) VALUES (1134, 'Towel Hamstring Slides (single leg)', 'Target: Hamstrings', 'https://youtu.be/8l3HR7vpdh0', 14, 4);
INSERT INTO exercise_muscle (exercise_id, muscle_id, intensity) VALUES (1134, 22, 10);
INSERT INTO exercise_muscle (exercise_id, muscle_id, intensity) VALUES (1134, 21, 7);

-- Exercise ID: 1135
INSERT INTO Exercise (id, title, description, link, equipment_id, training_type_id) VALUES (1135, 'Towel Single Arm Row', 'Target: Back & Lats', 'https://youtu.be/4Ju7WeL7unw', 2, 4);
INSERT INTO exercise_muscle (exercise_id, muscle_id, intensity) VALUES (1135, 17, 10);
INSERT INTO exercise_muscle (exercise_id, muscle_id, intensity) VALUES (1135, 18, 7);

-- Exercise ID: 1136
INSERT INTO Exercise (id, title, description, link, equipment_id, training_type_id) VALUES (1136, 'Toy Soldier', 'Target: Dynamic Hamstring Mobility', 'https://youtu.be/cIqzwOUilR4', 2, 8);
INSERT INTO exercise_muscle (exercise_id, muscle_id, intensity) VALUES (1136, 22, 10);

-- Exercise ID: 1137
INSERT INTO Exercise (id, title, description, link, equipment_id, training_type_id) VALUES (1137, 'Trap Bar Deadlift', 'Target: Full Body Strength', 'https://youtu.be/WzvsIU9FW60', 31, 7);
INSERT INTO exercise_muscle (exercise_id, muscle_id, intensity) VALUES (1137, 13, 10);
INSERT INTO exercise_muscle (exercise_id, muscle_id, intensity) VALUES (1137, 21, 7);
INSERT INTO exercise_muscle (exercise_id, muscle_id, intensity) VALUES (1137, 22, 4);

-- Exercise ID: 1138
INSERT INTO Exercise (id, title, description, link, equipment_id, training_type_id) VALUES (1138, 'Traps Lacrosse or Tennis Ball Rolling (SMR)', 'Target: Trapezius Mobility', 'https://youtu.be/9M0OOz5MnVU', NULL, 8);
INSERT INTO exercise_muscle (exercise_id, muscle_id, intensity) VALUES (1138, 9, 10);
INSERT INTO exercise_muscle (exercise_id, muscle_id, intensity) VALUES (1138, 18, 7);

-- Exercise ID: 1139
INSERT INTO Exercise (id, title, description, link, equipment_id, training_type_id) VALUES (1139, 'Travelling Push-Up', 'Target: Chest, Shoulders, Triceps', 'https://youtu.be/H40Fuq__B24', 2, 4);
INSERT INTO exercise_muscle (exercise_id, muscle_id, intensity) VALUES (1139, 7, 10);
INSERT INTO exercise_muscle (exercise_id, muscle_id, intensity) VALUES (1139, 4, 7);
INSERT INTO exercise_muscle (exercise_id, muscle_id, intensity) VALUES (1139, 2, 4);

-- Exercise ID: 1140
INSERT INTO Exercise (id, title, description, link, equipment_id, training_type_id) VALUES (1140, 'Tricep Dips', 'Target: Triceps & Chest', 'https://youtu.be/0326dy_-CzM', 9, 4);
INSERT INTO exercise_muscle (exercise_id, muscle_id, intensity) VALUES (1140, 4, 10);
INSERT INTO exercise_muscle (exercise_id, muscle_id, intensity) VALUES (1140, 7, 7);
INSERT INTO exercise_muscle (exercise_id, muscle_id, intensity) VALUES (1140, 2, 4);

-- Exercise ID: 1141
INSERT INTO Exercise (id, title, description, link, equipment_id, training_type_id) VALUES (1141, 'Tricep Dips + Hold', 'Target: Triceps & Chest', 'https://youtu.be/uHziJVkB0v8', 9, 6);
INSERT INTO exercise_muscle (exercise_id, muscle_id, intensity) VALUES (1141, 4, 10);
INSERT INTO exercise_muscle (exercise_id, muscle_id, intensity) VALUES (1141, 7, 7);
INSERT INTO exercise_muscle (exercise_id, muscle_id, intensity) VALUES (1141, 2, 4);

-- Exercise ID: 1142
INSERT INTO Exercise (id, title, description, link, equipment_id, training_type_id) VALUES (1142, 'Tricep Extension', 'Target: Triceps', 'https://youtu.be/nRiJVZDpdL0', 6, 2);
INSERT INTO exercise_muscle (exercise_id, muscle_id, intensity) VALUES (1142, 4, 10);

-- Exercise ID: 1143
INSERT INTO Exercise (id, title, description, link, equipment_id, training_type_id) VALUES (1143, 'Tricep Kickbacks', 'Target: Triceps', 'https://youtu.be/ZO81bExngMI', 6, 2);
INSERT INTO exercise_muscle (exercise_id, muscle_id, intensity) VALUES (1143, 4, 10);

-- Exercise ID: 1144
INSERT INTO Exercise (id, title, description, link, equipment_id, training_type_id) VALUES (1144, 'Tricep Presses', 'Target: Triceps', 'https://youtu.be/bjT5WC0FyiU', 6, 2);
INSERT INTO exercise_muscle (exercise_id, muscle_id, intensity) VALUES (1144, 4, 10);

-- Exercise ID: 1145
INSERT INTO Exercise (id, title, description, link, equipment_id, training_type_id) VALUES (1145, 'Tricep Push-Ups', 'Target: Triceps & Chest', 'https://youtu.be/kZi0j-7rDe8', 2, 4);
INSERT INTO exercise_muscle (exercise_id, muscle_id, intensity) VALUES (1145, 4, 10);
INSERT INTO exercise_muscle (exercise_id, muscle_id, intensity) VALUES (1145, 7, 7);
INSERT INTO exercise_muscle (exercise_id, muscle_id, intensity) VALUES (1145, 2, 4);

-- Exercise ID: 1146
INSERT INTO Exercise (id, title, description, link, equipment_id, training_type_id) VALUES (1146, 'Tricep Pushdowns', 'Target: Triceps', 'https://youtu.be/LXkCrxn3caQ', 8, 2);
INSERT INTO exercise_muscle (exercise_id, muscle_id, intensity) VALUES (1146, 4, 10);

-- Exercise ID: 1147
INSERT INTO Exercise (id, title, description, link, equipment_id, training_type_id) VALUES (1147, 'Triceps Press-Down', 'Target: Triceps', 'https://youtu.be/JthKLSzmuP8', 8, 2);
INSERT INTO exercise_muscle (exercise_id, muscle_id, intensity) VALUES (1147, 4, 10);

-- Exercise ID: 1148
INSERT INTO Exercise (id, title, description, link, equipment_id, training_type_id) VALUES (1148, 'TRX Chest Press', 'Target: Chest, Core, Triceps', 'https://youtu.be/7VdE8LAFSWQ', 11, 4);
INSERT INTO exercise_muscle (exercise_id, muscle_id, intensity) VALUES (1148, 7, 10);
INSERT INTO exercise_muscle (exercise_id, muscle_id, intensity) VALUES (1148, 11, 7);
INSERT INTO exercise_muscle (exercise_id, muscle_id, intensity) VALUES (1148, 4, 4);

-- Exercise ID: 1149
INSERT INTO Exercise (id, title, description, link, equipment_id, training_type_id) VALUES (1149, 'TRX Inverted Row', 'Target: Back & Biceps', 'https://youtu.be/utTuYn6ncGE', 11, 4);
INSERT INTO exercise_muscle (exercise_id, muscle_id, intensity) VALUES (1149, 18, 10);
INSERT INTO exercise_muscle (exercise_id, muscle_id, intensity) VALUES (1149, 17, 7);
INSERT INTO exercise_muscle (exercise_id, muscle_id, intensity) VALUES (1149, 8, 4);

-- Exercise ID: 1150
INSERT INTO Exercise (id, title, description, link, equipment_id, training_type_id) VALUES (1150, 'TRX Jump Squats', 'Target: Plyometric Leg Power', 'https://youtu.be/0ztDNFBa0J8', 11, 9);
INSERT INTO exercise_muscle (exercise_id, muscle_id, intensity) VALUES (1150, 13, 10);
INSERT INTO exercise_muscle (exercise_id, muscle_id, intensity) VALUES (1150, 21, 7);
INSERT INTO exercise_muscle (exercise_id, muscle_id, intensity) VALUES (1150, 6, 4);

-- Exercise ID: 1151
INSERT INTO Exercise (id, title, description, link, equipment_id, training_type_id) VALUES (1151, 'TRX Pull Up', 'Target: Lats & Back', 'https://youtu.be/fAQwN4t-2JI', 11, 4);
INSERT INTO exercise_muscle (exercise_id, muscle_id, intensity) VALUES (1151, 17, 10);
INSERT INTO exercise_muscle (exercise_id, muscle_id, intensity) VALUES (1151, 18, 7);
INSERT INTO exercise_muscle (exercise_id, muscle_id, intensity) VALUES (1151, 8, 4);

-- Exercise ID: 1152
INSERT INTO Exercise (id, title, description, link, equipment_id, training_type_id) VALUES (1152, 'TRX Single Leg Squat', 'Target: Quads, Glutes, Balance', 'https://youtu.be/_wTnziOp_7g', 11, 4);
INSERT INTO exercise_muscle (exercise_id, muscle_id, intensity) VALUES (1152, 13, 10);
INSERT INTO exercise_muscle (exercise_id, muscle_id, intensity) VALUES (1152, 21, 7);

-- Exercise ID: 1153
INSERT INTO Exercise (id, title, description, link, equipment_id, training_type_id) VALUES (1153, 'Tube Walking', 'Target: Glute Abductors', 'https://youtu.be/vG9TWYe2XjA', 13, 1);
INSERT INTO exercise_muscle (exercise_id, muscle_id, intensity) VALUES (1153, 15, 10);
INSERT INTO exercise_muscle (exercise_id, muscle_id, intensity) VALUES (1153, 21, 7);

-- Exercise ID: 1154
INSERT INTO Exercise (id, title, description, link, equipment_id, training_type_id) VALUES (1154, 'Tuck Jump', 'Target: Plyometric Power', 'https://youtu.be/r7oBejx1PHM', 2, 9);
INSERT INTO exercise_muscle (exercise_id, muscle_id, intensity) VALUES (1154, 13, 10);
INSERT INTO exercise_muscle (exercise_id, muscle_id, intensity) VALUES (1154, 11, 7);
INSERT INTO exercise_muscle (exercise_id, muscle_id, intensity) VALUES (1154, 21, 4);

-- Exercise ID: 1155
INSERT INTO Exercise (id, title, description, link, equipment_id, training_type_id) VALUES (1155, 'Turkish Get-up', 'Target: Full Body Stability & Strength', 'https://youtu.be/sgd8n917Zv0', 15, 6);
INSERT INTO exercise_muscle (exercise_id, muscle_id, intensity) VALUES (1155, 11, 10);
INSERT INTO exercise_muscle (exercise_id, muscle_id, intensity) VALUES (1155, 2, 7);
INSERT INTO exercise_muscle (exercise_id, muscle_id, intensity) VALUES (1155, 12, 4);

-- Exercise ID: 1156
INSERT INTO Exercise (id, title, description, link, equipment_id, training_type_id) VALUES (1156, 'Twist Hanging Leg Raises', 'Target: Obliques & Abs', 'https://youtu.be/T-XN-RpGMEw', 16, 4);
INSERT INTO exercise_muscle (exercise_id, muscle_id, intensity) VALUES (1156, 12, 10);
INSERT INTO exercise_muscle (exercise_id, muscle_id, intensity) VALUES (1156, 11, 7);
INSERT INTO exercise_muscle (exercise_id, muscle_id, intensity) VALUES (1156, 13, 4);

-- Exercise ID: 1157
INSERT INTO Exercise (id, title, description, link, equipment_id, training_type_id) VALUES (1157, 'Underhand Close Grip Lat Pulldown', 'Target: Lats & Biceps', 'https://youtu.be/E6LOhIP3i1c', 8, 2);
INSERT INTO exercise_muscle (exercise_id, muscle_id, intensity) VALUES (1157, 17, 10);
INSERT INTO exercise_muscle (exercise_id, muscle_id, intensity) VALUES (1157, 8, 7);
INSERT INTO exercise_muscle (exercise_id, muscle_id, intensity) VALUES (1157, 18, 4);

-- Exercise ID: 1158
INSERT INTO Exercise (id, title, description, link, equipment_id, training_type_id) VALUES (1158, 'Underhand Inverted Row', 'Target: Lats, Biceps, Back', 'https://youtu.be/2wQU1Klfc6U', 12, 4);
INSERT INTO exercise_muscle (exercise_id, muscle_id, intensity) VALUES (1158, 17, 10);
INSERT INTO exercise_muscle (exercise_id, muscle_id, intensity) VALUES (1158, 8, 7);
INSERT INTO exercise_muscle (exercise_id, muscle_id, intensity) VALUES (1158, 18, 4);

-- Exercise ID: 1159
INSERT INTO Exercise (id, title, description, link, equipment_id, training_type_id) VALUES (1159, 'Up Downs', 'Target: Full Body Conditioning', 'https://www.youtube.com/watch?v=4NRFUKgNhs8', 2, 4);
INSERT INTO exercise_muscle (exercise_id, muscle_id, intensity) VALUES (1159, 11, 10);
INSERT INTO exercise_muscle (exercise_id, muscle_id, intensity) VALUES (1159, 4, 7);
INSERT INTO exercise_muscle (exercise_id, muscle_id, intensity) VALUES (1159, 2, 4);

-- Exercise ID: 1160
INSERT INTO Exercise (id, title, description, link, equipment_id, training_type_id) VALUES (1160, 'Upfront Row', 'Target: Side Deltoids & Traps', 'https://youtu.be/IhZLB48kluc', 12, 2);
INSERT INTO exercise_muscle (exercise_id, muscle_id, intensity) VALUES (1160, 3, 10);
INSERT INTO exercise_muscle (exercise_id, muscle_id, intensity) VALUES (1160, 9, 7);

-- Exercise ID: 1161
INSERT INTO Exercise (id, title, description, link, equipment_id, training_type_id) VALUES (1161, 'Upper Chest Cable Fly', 'Target: Upper Chest', 'https://youtube.com/shorts/tGXIQR89-JE?feature=share', 8, 2);
INSERT INTO exercise_muscle (exercise_id, muscle_id, intensity) VALUES (1161, 7, 10);
INSERT INTO exercise_muscle (exercise_id, muscle_id, intensity) VALUES (1161, 2, 7);

-- Exercise ID: 1162
INSERT INTO Exercise (id, title, description, link, equipment_id, training_type_id) VALUES (1162, 'Upright Row', 'Target: Side Deltoids & Traps', 'https://youtu.be/IhZLB48kluc', 12, 2);
INSERT INTO exercise_muscle (exercise_id, muscle_id, intensity) VALUES (1162, 3, 10);
INSERT INTO exercise_muscle (exercise_id, muscle_id, intensity) VALUES (1162, 9, 7);

-- Exercise ID: 1163
INSERT INTO Exercise (id, title, description, link, equipment_id, training_type_id) VALUES (1163, 'V Ups with Weight on Bench', 'Target: Abs', 'https://youtu.be/wmlLza-kdcg', 6, 2);
INSERT INTO exercise_muscle (exercise_id, muscle_id, intensity) VALUES (1163, 11, 10);
INSERT INTO exercise_muscle (exercise_id, muscle_id, intensity) VALUES (1163, 12, 7);

-- Exercise ID: 1164
INSERT INTO Exercise (id, title, description, link, equipment_id, training_type_id) VALUES (1164, 'V-Hold', 'Target: Abs Endurance', 'https://youtu.be/WGwI629aTAY', 2, 6);
INSERT INTO exercise_muscle (exercise_id, muscle_id, intensity) VALUES (1164, 11, 10);
INSERT INTO exercise_muscle (exercise_id, muscle_id, intensity) VALUES (1164, 13, 7);

-- Exercise ID: 1165
INSERT INTO Exercise (id, title, description, link, equipment_id, training_type_id) VALUES (1165, 'V-Ups (with or without weight)', 'Target: Abs', 'https://youtu.be/iP2fjvG0g3w', 2, 2);
INSERT INTO exercise_muscle (exercise_id, muscle_id, intensity) VALUES (1165, 11, 10);
INSERT INTO exercise_muscle (exercise_id, muscle_id, intensity) VALUES (1165, 12, 7);

-- Exercise ID: 1166
INSERT INTO Exercise (id, title, description, link, equipment_id, training_type_id) VALUES (1166, 'VMO Squat', 'Target: VMO/Inner Quads', 'https://youtu.be/DpNwtqOwWNI', 2, 1);
INSERT INTO exercise_muscle (exercise_id, muscle_id, intensity) VALUES (1166, 13, 10);
INSERT INTO exercise_muscle (exercise_id, muscle_id, intensity) VALUES (1166, 16, 7);

-- Exercise ID: 1167
INSERT INTO Exercise (id, title, description, link, equipment_id, training_type_id) VALUES (1167, 'Walk Out to Shoulder Tap', 'Target: Core & Shoulder Stability', 'https://youtu.be/i3NZ8BZlXTI', 2, 4);
INSERT INTO exercise_muscle (exercise_id, muscle_id, intensity) VALUES (1167, 11, 10);
INSERT INTO exercise_muscle (exercise_id, muscle_id, intensity) VALUES (1167, 2, 7);
INSERT INTO exercise_muscle (exercise_id, muscle_id, intensity) VALUES (1167, 22, 4);

-- Exercise ID: 1168
INSERT INTO Exercise (id, title, description, link, equipment_id, training_type_id) VALUES (1168, 'Walking Dumbbell Cross-Carry', 'Target: Core Stability & Grip', 'https://youtu.be/tLz-9rvTuWY', 6, 6);
INSERT INTO exercise_muscle (exercise_id, muscle_id, intensity) VALUES (1168, 12, 10);
INSERT INTO exercise_muscle (exercise_id, muscle_id, intensity) VALUES (1168, 10, 7);
INSERT INTO exercise_muscle (exercise_id, muscle_id, intensity) VALUES (1168, 9, 4);

-- Exercise ID: 1169
INSERT INTO Exercise (id, title, description, link, equipment_id, training_type_id) VALUES (1169, 'Walking Dumbbell Lunge', 'Target: Quads & Glutes', 'https://youtu.be/I34ysEkPK7w', 6, 2);
INSERT INTO exercise_muscle (exercise_id, muscle_id, intensity) VALUES (1169, 13, 10);
INSERT INTO exercise_muscle (exercise_id, muscle_id, intensity) VALUES (1169, 21, 7);

-- Exercise ID: 1170
INSERT INTO Exercise (id, title, description, link, equipment_id, training_type_id) VALUES (1170, 'Walking Farmer''s Carry', 'Target: Grip, Core, Traps', 'https://youtu.be/VBobkldqqvk', 6, 6);
INSERT INTO exercise_muscle (exercise_id, muscle_id, intensity) VALUES (1170, 10, 10);
INSERT INTO exercise_muscle (exercise_id, muscle_id, intensity) VALUES (1170, 9, 7);
INSERT INTO exercise_muscle (exercise_id, muscle_id, intensity) VALUES (1170, 11, 4);

-- Exercise ID: 1171
INSERT INTO Exercise (id, title, description, link, equipment_id, training_type_id) VALUES (1171, 'Walking Goblet Carry', 'Target: Core, Grip, Upper Back', 'https://youtu.be/9Xv_5oevuqw', 15, 6);
INSERT INTO exercise_muscle (exercise_id, muscle_id, intensity) VALUES (1171, 11, 10);
INSERT INTO exercise_muscle (exercise_id, muscle_id, intensity) VALUES (1171, 10, 7);
INSERT INTO exercise_muscle (exercise_id, muscle_id, intensity) VALUES (1171, 18, 4);

-- Exercise ID: 1172
INSERT INTO Exercise (id, title, description, link, equipment_id, training_type_id) VALUES (1172, 'Walking Goblet Heartbeat Carry', 'Target: Core & Grip', 'https://www.youtube.com/watch?v=GIX0suMnKxM', 15, 6);
INSERT INTO exercise_muscle (exercise_id, muscle_id, intensity) VALUES (1172, 11, 10);
INSERT INTO exercise_muscle (exercise_id, muscle_id, intensity) VALUES (1172, 10, 7);
INSERT INTO exercise_muscle (exercise_id, muscle_id, intensity) VALUES (1172, 18, 4);

-- Exercise ID: 1173
INSERT INTO Exercise (id, title, description, link, equipment_id, training_type_id) VALUES (1173, 'Walking Goblet Lunge', 'Target: Quads & Glutes', 'https://youtu.be/oV97EckMQlo', 15, 2);
INSERT INTO exercise_muscle (exercise_id, muscle_id, intensity) VALUES (1173, 13, 10);
INSERT INTO exercise_muscle (exercise_id, muscle_id, intensity) VALUES (1173, 21, 7);

-- Exercise ID: 1174
INSERT INTO Exercise (id, title, description, link, equipment_id, training_type_id) VALUES (1174, 'Walking Knee to Chest', 'Target: Dynamic Glute Stretch', 'https://youtu.be/pvlpCSwsvBM', 2, 8);
INSERT INTO exercise_muscle (exercise_id, muscle_id, intensity) VALUES (1174, 21, 10);
INSERT INTO exercise_muscle (exercise_id, muscle_id, intensity) VALUES (1174, 22, 7);

-- Exercise ID: 1175
INSERT INTO Exercise (id, title, description, link, equipment_id, training_type_id) VALUES (1175, 'Walking Lunges', 'Target: Quads & Glutes', 'https://youtu.be/L8fvypPrzzs', 2, 4);
INSERT INTO exercise_muscle (exercise_id, muscle_id, intensity) VALUES (1175, 13, 10);
INSERT INTO exercise_muscle (exercise_id, muscle_id, intensity) VALUES (1175, 21, 7);

-- Exercise ID: 1176
INSERT INTO Exercise (id, title, description, link, equipment_id, training_type_id) VALUES (1176, 'Walking Offset Dumbbell Lunge', 'Target: Quads, Glutes, Core', 'https://youtu.be/xeNEeJ7IqKQ', 6, 2);
INSERT INTO exercise_muscle (exercise_id, muscle_id, intensity) VALUES (1176, 13, 10);
INSERT INTO exercise_muscle (exercise_id, muscle_id, intensity) VALUES (1176, 21, 7);
INSERT INTO exercise_muscle (exercise_id, muscle_id, intensity) VALUES (1176, 12, 4);

-- Exercise ID: 1177
INSERT INTO Exercise (id, title, description, link, equipment_id, training_type_id) VALUES (1177, 'Walking Pull-Back Butt Kick', 'Target: Dynamic Quad Stretch', 'https://youtu.be/VIM9tzPgKPM', 2, 8);
INSERT INTO exercise_muscle (exercise_id, muscle_id, intensity) VALUES (1177, 13, 10);

-- Exercise ID: 1178
INSERT INTO Exercise (id, title, description, link, equipment_id, training_type_id) VALUES (1178, 'Walking Push Up with Pause', 'Target: Chest & Triceps', 'https://youtu.be/l7ZmX1eaXLo', 2, 4);
INSERT INTO exercise_muscle (exercise_id, muscle_id, intensity) VALUES (1178, 7, 10);
INSERT INTO exercise_muscle (exercise_id, muscle_id, intensity) VALUES (1178, 4, 7);
INSERT INTO exercise_muscle (exercise_id, muscle_id, intensity) VALUES (1178, 2, 4);

-- Exercise ID: 1179
INSERT INTO Exercise (id, title, description, link, equipment_id, training_type_id) VALUES (1179, 'Walking Spiderman', 'Target: Hip & Thoracic Mobility', 'https://youtu.be/NCCyBaxKJeA', 2, 8);
INSERT INTO exercise_muscle (exercise_id, muscle_id, intensity) VALUES (1179, 13, 10);
INSERT INTO exercise_muscle (exercise_id, muscle_id, intensity) VALUES (1179, 12, 7);
INSERT INTO exercise_muscle (exercise_id, muscle_id, intensity) VALUES (1179, 14, 4);

-- Exercise ID: 1180
INSERT INTO Exercise (id, title, description, link, equipment_id, training_type_id) VALUES (1180, 'Walking Spiderman With Hip Lift', 'Target: Full Body Mobility', 'https://youtu.be/qEGBq6uW8DA', 2, 8);
INSERT INTO exercise_muscle (exercise_id, muscle_id, intensity) VALUES (1180, 13, 10);
INSERT INTO exercise_muscle (exercise_id, muscle_id, intensity) VALUES (1180, 22, 7);
INSERT INTO exercise_muscle (exercise_id, muscle_id, intensity) VALUES (1180, 12, 4);

-- Exercise ID: 1181
INSERT INTO Exercise (id, title, description, link, equipment_id, training_type_id) VALUES (1181, 'Walking Spiderman With Overhead Reach', 'Target: Full Body Mobility', 'https://youtu.be/1ar0g-ztdVg', 2, 8);
INSERT INTO exercise_muscle (exercise_id, muscle_id, intensity) VALUES (1181, 13, 10);
INSERT INTO exercise_muscle (exercise_id, muscle_id, intensity) VALUES (1181, 18, 7);
INSERT INTO exercise_muscle (exercise_id, muscle_id, intensity) VALUES (1181, 12, 4);

-- Exercise ID: 1182
INSERT INTO Exercise (id, title, description, link, equipment_id, training_type_id) VALUES (1182, 'Walking Spiderman With Overhead Reach and Hip Lift', 'Target: Full Body Mobility', 'https://youtu.be/Y2UIv-e6vgE', 2, 8);
INSERT INTO exercise_muscle (exercise_id, muscle_id, intensity) VALUES (1182, 13, 10);
INSERT INTO exercise_muscle (exercise_id, muscle_id, intensity) VALUES (1182, 22, 7);
INSERT INTO exercise_muscle (exercise_id, muscle_id, intensity) VALUES (1182, 18, 4);

-- Exercise ID: 1183
INSERT INTO Exercise (id, title, description, link, equipment_id, training_type_id) VALUES (1183, 'Walking Two-Arm Waiter''s Carry', 'Target: Shoulder Stability & Core', 'https://youtu.be/7SQeaqVHvwQ', 15, 6);
INSERT INTO exercise_muscle (exercise_id, muscle_id, intensity) VALUES (1183, 2, 10);
INSERT INTO exercise_muscle (exercise_id, muscle_id, intensity) VALUES (1183, 11, 7);
INSERT INTO exercise_muscle (exercise_id, muscle_id, intensity) VALUES (1183, 10, 4);

-- Exercise ID: 1184
INSERT INTO Exercise (id, title, description, link, equipment_id, training_type_id) VALUES (1184, 'Walking Waiter''s Carry', 'Target: Shoulder Stability & Core', 'https://youtu.be/xboGjaMzIkk', 15, 6);
INSERT INTO exercise_muscle (exercise_id, muscle_id, intensity) VALUES (1184, 2, 10);
INSERT INTO exercise_muscle (exercise_id, muscle_id, intensity) VALUES (1184, 12, 7);
INSERT INTO exercise_muscle (exercise_id, muscle_id, intensity) VALUES (1184, 10, 4);

-- Exercise ID: 1185
INSERT INTO Exercise (id, title, description, link, equipment_id, training_type_id) VALUES (1185, 'Walking Warrior Lunge', 'Target: Legs & Hip Mobility', 'https://youtu.be/iS4K0puAFdQ', 2, 8);
INSERT INTO exercise_muscle (exercise_id, muscle_id, intensity) VALUES (1185, 13, 10);
INSERT INTO exercise_muscle (exercise_id, muscle_id, intensity) VALUES (1185, 21, 7);
INSERT INTO exercise_muscle (exercise_id, muscle_id, intensity) VALUES (1185, 14, 4);

-- Exercise ID: 1186
INSERT INTO Exercise (id, title, description, link, equipment_id, training_type_id) VALUES (1186, 'Wall Angel', 'Target: Scapular Mobility & Posture', 'https://youtu.be/YO87HFVgsGo', 2, 1);
INSERT INTO exercise_muscle (exercise_id, muscle_id, intensity) VALUES (1186, 18, 10);
INSERT INTO exercise_muscle (exercise_id, muscle_id, intensity) VALUES (1186, 19, 7);

-- Exercise ID: 1187
INSERT INTO Exercise (id, title, description, link, equipment_id, training_type_id) VALUES (1187, 'Wall Ankle Mobilization', 'Target: Ankle Mobility', 'https://youtu.be/opkGhc45tmY', 2, 8);
INSERT INTO exercise_muscle (exercise_id, muscle_id, intensity) VALUES (1187, 6, 10);
INSERT INTO exercise_muscle (exercise_id, muscle_id, intensity) VALUES (1187, 5, 7);

-- Exercise ID: 1188
INSERT INTO Exercise (id, title, description, link, equipment_id, training_type_id) VALUES (1188, 'Wall Forward Crunch', 'Target: Abs', 'https://youtu.be/huwqkE9b6wE', 2, 2);
INSERT INTO exercise_muscle (exercise_id, muscle_id, intensity) VALUES (1188, 11, 10);

-- Exercise ID: 1189
INSERT INTO Exercise (id, title, description, link, equipment_id, training_type_id) VALUES (1189, 'Wall Glute Iso March', 'Target: Glute Activation', 'https://youtu.be/IyH1kkEFk9U', 2, 1);
INSERT INTO exercise_muscle (exercise_id, muscle_id, intensity) VALUES (1189, 21, 10);
INSERT INTO exercise_muscle (exercise_id, muscle_id, intensity) VALUES (1189, 11, 7);

-- Exercise ID: 1190
INSERT INTO Exercise (id, title, description, link, equipment_id, training_type_id) VALUES (1190, 'Wall Hip Flexor Mobilization', 'Target: Hip Flexor Mobility', 'https://youtu.be/yiLsE4PCpOU', 2, 8);
INSERT INTO exercise_muscle (exercise_id, muscle_id, intensity) VALUES (1190, 13, 10);

-- Exercise ID: 1191
INSERT INTO Exercise (id, title, description, link, equipment_id, training_type_id) VALUES (1191, 'Wall Plank', 'Target: Core Endurance', 'https://youtu.be/T-bfBQXfL-I', 2, 1);
INSERT INTO exercise_muscle (exercise_id, muscle_id, intensity) VALUES (1191, 11, 10);
INSERT INTO exercise_muscle (exercise_id, muscle_id, intensity) VALUES (1191, 2, 7);
INSERT INTO exercise_muscle (exercise_id, muscle_id, intensity) VALUES (1191, 7, 4);

-- Exercise ID: 1192
INSERT INTO Exercise (id, title, description, link, equipment_id, training_type_id) VALUES (1192, 'Wall Scapular Push Up', 'Target: Scapular Health', 'https://youtu.be/MtNsnW7Q7Fo', 2, 1);
INSERT INTO exercise_muscle (exercise_id, muscle_id, intensity) VALUES (1192, 18, 10);
INSERT INTO exercise_muscle (exercise_id, muscle_id, intensity) VALUES (1192, 7, 7);

-- Exercise ID: 1193
INSERT INTO Exercise (id, title, description, link, equipment_id, training_type_id) VALUES (1193, 'Wall Crunch', 'Target: Abs', 'https://youtu.be/huwqkE9b6wE', 2, 2);
INSERT INTO exercise_muscle (exercise_id, muscle_id, intensity) VALUES (1193, 11, 10);

-- Exercise ID: 1194
INSERT INTO Exercise (id, title, description, link, equipment_id, training_type_id) VALUES (1194, 'Wall Sit', 'Target: Quad Endurance', 'https://youtu.be/-cdph8hv0O0', 2, 6);
INSERT INTO exercise_muscle (exercise_id, muscle_id, intensity) VALUES (1194, 13, 10);
INSERT INTO exercise_muscle (exercise_id, muscle_id, intensity) VALUES (1194, 21, 7);

-- Exercise ID: 1195
INSERT INTO Exercise (id, title, description, link, equipment_id, training_type_id) VALUES (1195, 'Wall Slides', 'Target: Scapular Mobility', 'https://youtu.be/YIvNRUJp7_E', 2, 8);
INSERT INTO exercise_muscle (exercise_id, muscle_id, intensity) VALUES (1195, 18, 10);
INSERT INTO exercise_muscle (exercise_id, muscle_id, intensity) VALUES (1195, 19, 7);

-- Exercise ID: 1196
INSERT INTO Exercise (id, title, description, link, equipment_id, training_type_id) VALUES (1196, 'Wall-Press Abs', 'Target: Abs', 'https://youtu.be/zVvDMzZyO5M', 2, 1);
INSERT INTO exercise_muscle (exercise_id, muscle_id, intensity) VALUES (1196, 11, 10);

-- Exercise ID: 1197
INSERT INTO Exercise (id, title, description, link, equipment_id, training_type_id) VALUES (1197, 'Weighted Bench Dip', 'Target: Triceps & Chest', 'https://youtu.be/egQiO0K-BEw', 9, 2);
INSERT INTO exercise_muscle (exercise_id, muscle_id, intensity) VALUES (1197, 4, 10);
INSERT INTO exercise_muscle (exercise_id, muscle_id, intensity) VALUES (1197, 7, 7);
INSERT INTO exercise_muscle (exercise_id, muscle_id, intensity) VALUES (1197, 2, 4);

-- Exercise ID: 1198
INSERT INTO Exercise (id, title, description, link, equipment_id, training_type_id) VALUES (1198, 'Weighted Burpee', 'Target: Full Body Conditioning', 'https://youtu.be/AQY4bL7MJKI', 6, 9);
INSERT INTO exercise_muscle (exercise_id, muscle_id, intensity) VALUES (1198, 13, 10);
INSERT INTO exercise_muscle (exercise_id, muscle_id, intensity) VALUES (1198, 7, 7);
INSERT INTO exercise_muscle (exercise_id, muscle_id, intensity) VALUES (1198, 11, 4);

-- Exercise ID: 1199
INSERT INTO Exercise (id, title, description, link, equipment_id, training_type_id) VALUES (1199, 'Weighted Burpee to Squat Thruster', 'Target: Full Body Power', 'https://youtu.be/PK3j62cIjqQ', 6, 9);
INSERT INTO exercise_muscle (exercise_id, muscle_id, intensity) VALUES (1199, 13, 10);
INSERT INTO exercise_muscle (exercise_id, muscle_id, intensity) VALUES (1199, 2, 7);
INSERT INTO exercise_muscle (exercise_id, muscle_id, intensity) VALUES (1199, 21, 4);

-- Exercise ID: 1200
INSERT INTO Exercise (id, title, description, link, equipment_id, training_type_id) VALUES (1200, 'Weighted Butterfly Stretch', 'Target: Adductor Mobility', 'https://youtu.be/H8cnwdmhkto', 6, 8);
INSERT INTO exercise_muscle (exercise_id, muscle_id, intensity) VALUES (1200, 14, 10);

-- Exercise ID: 1201
INSERT INTO Exercise (id, title, description, link, equipment_id, training_type_id) VALUES (1201, 'Weighted Calf Raises', 'Target: Calves', 'https://youtu.be/wxwY7GXxL4k', 6, 2);
INSERT INTO exercise_muscle (exercise_id, muscle_id, intensity) VALUES (1201, 6, 10);

-- Exercise ID: 1202
INSERT INTO Exercise (id, title, description, link, equipment_id, training_type_id) VALUES (1202, 'Weighted Chin-Up', 'Target: Lats & Biceps', 'https://youtu.be/9aA0-FbxK9E', 16, 2);
INSERT INTO exercise_muscle (exercise_id, muscle_id, intensity) VALUES (1202, 17, 10);
INSERT INTO exercise_muscle (exercise_id, muscle_id, intensity) VALUES (1202, 8, 7);
INSERT INTO exercise_muscle (exercise_id, muscle_id, intensity) VALUES (1202, 18, 4);

-- Exercise ID: 1203
INSERT INTO Exercise (id, title, description, link, equipment_id, training_type_id) VALUES (1203, 'Weighted Clamshell', 'Target: Abductors & Glutes', 'https://youtu.be/SiC6ViOX1Uw', 6, 2);
INSERT INTO exercise_muscle (exercise_id, muscle_id, intensity) VALUES (1203, 15, 10);
INSERT INTO exercise_muscle (exercise_id, muscle_id, intensity) VALUES (1203, 21, 7);

-- Exercise ID: 1204
INSERT INTO Exercise (id, title, description, link, equipment_id, training_type_id) VALUES (1204, 'Weighted Crunch', 'Target: Abs', 'https://youtu.be/Pxkw6dUt_Ok', 22, 2);
INSERT INTO exercise_muscle (exercise_id, muscle_id, intensity) VALUES (1204, 11, 10);

-- Exercise ID: 1205
INSERT INTO Exercise (id, title, description, link, equipment_id, training_type_id) VALUES (1205, 'Weighted Deadbugs', 'Target: Core Stability', 'https://youtu.be/JJFSnqwlVv0', 6, 1);
INSERT INTO exercise_muscle (exercise_id, muscle_id, intensity) VALUES (1205, 11, 10);
INSERT INTO exercise_muscle (exercise_id, muscle_id, intensity) VALUES (1205, 12, 7);

-- Exercise ID: 1206
INSERT INTO Exercise (id, title, description, link, equipment_id, training_type_id) VALUES (1206, 'Weighted Dips', 'Target: Triceps & Chest', 'https://youtu.be/2i3o0bFZT_s', 4, 2);
INSERT INTO exercise_muscle (exercise_id, muscle_id, intensity) VALUES (1206, 4, 10);
INSERT INTO exercise_muscle (exercise_id, muscle_id, intensity) VALUES (1206, 7, 7);
INSERT INTO exercise_muscle (exercise_id, muscle_id, intensity) VALUES (1206, 2, 4);

-- Exercise ID: 1207
INSERT INTO Exercise (id, title, description, link, equipment_id, training_type_id) VALUES (1207, 'Weighted Frog Pumps', 'Target: Glutes & Adductors', 'https://youtu.be/N6t2Fv0SKGc', 6, 2);
INSERT INTO exercise_muscle (exercise_id, muscle_id, intensity) VALUES (1207, 21, 10);
INSERT INTO exercise_muscle (exercise_id, muscle_id, intensity) VALUES (1207, 14, 7);

-- Exercise ID: 1208
INSERT INTO Exercise (id, title, description, link, equipment_id, training_type_id) VALUES (1208, 'Weighted Hanging Leg Raise', 'Target: Abs', 'https://youtu.be/BI7wrB3Crsc', 16, 2);
INSERT INTO exercise_muscle (exercise_id, muscle_id, intensity) VALUES (1208, 11, 10);
INSERT INTO exercise_muscle (exercise_id, muscle_id, intensity) VALUES (1208, 13, 7);
INSERT INTO exercise_muscle (exercise_id, muscle_id, intensity) VALUES (1208, 12, 4);

-- Exercise ID: 1209
INSERT INTO Exercise (id, title, description, link, equipment_id, training_type_id) VALUES (1209, 'Weighted Hip Thrusts', 'Target: Glutes', 'https://youtu.be/Zp26q4BY5HE', 12, 2);
INSERT INTO exercise_muscle (exercise_id, muscle_id, intensity) VALUES (1209, 21, 10);
INSERT INTO exercise_muscle (exercise_id, muscle_id, intensity) VALUES (1209, 22, 7);

-- Exercise ID: 1210
INSERT INTO Exercise (id, title, description, link, equipment_id, training_type_id) VALUES (1210, 'Weighted Jacknives', 'Target: Abs', 'https://youtu.be/4wOc_mGWi00', 6, 2);
INSERT INTO exercise_muscle (exercise_id, muscle_id, intensity) VALUES (1210, 11, 10);
INSERT INTO exercise_muscle (exercise_id, muscle_id, intensity) VALUES (1210, 12, 7);

-- Exercise ID: 1211
INSERT INTO Exercise (id, title, description, link, equipment_id, training_type_id) VALUES (1211, 'Weighted Leg Extensions', 'Target: Quads', 'https://youtu.be/m0FOpMEgero', 6, 2);
INSERT INTO exercise_muscle (exercise_id, muscle_id, intensity) VALUES (1211, 13, 10);

-- Exercise ID: 1212
INSERT INTO Exercise (id, title, description, link, equipment_id, training_type_id) VALUES (1212, 'Weighted Leg Lifts', 'Target: Lower Abs', 'https://youtu.be/SkEzWAyzxJI', 6, 2);
INSERT INTO exercise_muscle (exercise_id, muscle_id, intensity) VALUES (1212, 11, 10);
INSERT INTO exercise_muscle (exercise_id, muscle_id, intensity) VALUES (1212, 13, 7);

-- Exercise ID: 1213
INSERT INTO Exercise (id, title, description, link, equipment_id, training_type_id) VALUES (1213, 'Weighted Lying Hip Abduction', 'Target: Abductors', 'https://youtu.be/4RrsARGxGGU', 22, 2);
INSERT INTO exercise_muscle (exercise_id, muscle_id, intensity) VALUES (1213, 15, 10);
INSERT INTO exercise_muscle (exercise_id, muscle_id, intensity) VALUES (1213, 21, 7);

-- Exercise ID: 1214
INSERT INTO Exercise (id, title, description, link, equipment_id, training_type_id) VALUES (1214, 'Weighted Marching Hip Thrust', 'Target: Glutes & Core', 'https://youtu.be/WJBLYq5vREI', 12, 2);
INSERT INTO exercise_muscle (exercise_id, muscle_id, intensity) VALUES (1214, 21, 10);
INSERT INTO exercise_muscle (exercise_id, muscle_id, intensity) VALUES (1214, 11, 7);
INSERT INTO exercise_muscle (exercise_id, muscle_id, intensity) VALUES (1214, 22, 4);

-- Exercise ID: 1215
INSERT INTO Exercise (id, title, description, link, equipment_id, training_type_id) VALUES (1215, 'Weighted Modified Burpee', 'Target: Full Body Conditioning', 'https://youtu.be/AQY4bL7MJKI', 6, 9);
INSERT INTO exercise_muscle (exercise_id, muscle_id, intensity) VALUES (1215, 13, 10);
INSERT INTO exercise_muscle (exercise_id, muscle_id, intensity) VALUES (1215, 7, 7);
INSERT INTO exercise_muscle (exercise_id, muscle_id, intensity) VALUES (1215, 11, 4);

-- Exercise ID: 1216
INSERT INTO Exercise (id, title, description, link, equipment_id, training_type_id) VALUES (1216, 'Weighted Neutral-Grip Pull-Up', 'Target: Lats & Biceps', 'https://youtu.be/-27Ofi_wMFc', 16, 2);
INSERT INTO exercise_muscle (exercise_id, muscle_id, intensity) VALUES (1216, 17, 10);
INSERT INTO exercise_muscle (exercise_id, muscle_id, intensity) VALUES (1216, 18, 7);
INSERT INTO exercise_muscle (exercise_id, muscle_id, intensity) VALUES (1216, 8, 4);

-- Exercise ID: 1217
INSERT INTO Exercise (id, title, description, link, equipment_id, training_type_id) VALUES (1217, 'Weighted Planks', 'Target: Core Endurance', 'https://youtu.be/H88Ip-MUWn0', 22, 6);
INSERT INTO exercise_muscle (exercise_id, muscle_id, intensity) VALUES (1217, 11, 10);
INSERT INTO exercise_muscle (exercise_id, muscle_id, intensity) VALUES (1217, 12, 7);

-- Exercise ID: 1218
INSERT INTO Exercise (id, title, description, link, equipment_id, training_type_id) VALUES (1218, 'Weighted Pull-Up', 'Target: Lats & Back', 'https://youtu.be/EydHbpLCZJo', 16, 2);
INSERT INTO exercise_muscle (exercise_id, muscle_id, intensity) VALUES (1218, 17, 10);
INSERT INTO exercise_muscle (exercise_id, muscle_id, intensity) VALUES (1218, 18, 7);
INSERT INTO exercise_muscle (exercise_id, muscle_id, intensity) VALUES (1218, 8, 4);

-- Exercise ID: 1219
INSERT INTO Exercise (id, title, description, link, equipment_id, training_type_id) VALUES (1219, 'Weighted Pushup', 'Target: Chest & Triceps', 'https://youtu.be/m1w4h6xFivQ', 22, 4);
INSERT INTO exercise_muscle (exercise_id, muscle_id, intensity) VALUES (1219, 7, 10);
INSERT INTO exercise_muscle (exercise_id, muscle_id, intensity) VALUES (1219, 4, 7);
INSERT INTO exercise_muscle (exercise_id, muscle_id, intensity) VALUES (1219, 2, 4);

-- Exercise ID: 1220
INSERT INTO Exercise (id, title, description, link, equipment_id, training_type_id) VALUES (1220, 'Weighted Ring Pushup', 'Target: Chest, Core, Triceps', 'https://youtu.be/ONg-lNvWukE', 3, 4);
INSERT INTO exercise_muscle (exercise_id, muscle_id, intensity) VALUES (1220, 7, 10);
INSERT INTO exercise_muscle (exercise_id, muscle_id, intensity) VALUES (1220, 11, 7);
INSERT INTO exercise_muscle (exercise_id, muscle_id, intensity) VALUES (1220, 4, 4);

-- Exercise ID: 1221
INSERT INTO Exercise (id, title, description, link, equipment_id, training_type_id) VALUES (1221, 'Weighted Single Arm Situp', 'Target: Obliques & Abs', 'https://youtu.be/UQy0HHaA_TU', 6, 2);
INSERT INTO exercise_muscle (exercise_id, muscle_id, intensity) VALUES (1221, 12, 10);
INSERT INTO exercise_muscle (exercise_id, muscle_id, intensity) VALUES (1221, 11, 7);

-- Exercise ID: 1222
INSERT INTO Exercise (id, title, description, link, equipment_id, training_type_id) VALUES (1222, 'Weighted Squat Hold', 'Target: Quad & Glute Endurance', 'https://youtu.be/HUbrc3hT4JM', 6, 6);
INSERT INTO exercise_muscle (exercise_id, muscle_id, intensity) VALUES (1222, 13, 10);
INSERT INTO exercise_muscle (exercise_id, muscle_id, intensity) VALUES (1222, 21, 7);

-- Exercise ID: 1223
INSERT INTO Exercise (id, title, description, link, equipment_id, training_type_id) VALUES (1223, 'Weighted Toe Touches', 'Target: Abs', 'https://youtu.be/2LoqJTguCx4', 6, 2);
INSERT INTO exercise_muscle (exercise_id, muscle_id, intensity) VALUES (1223, 11, 10);

-- Exercise ID: 1224
INSERT INTO Exercise (id, title, description, link, equipment_id, training_type_id) VALUES (1224, 'Weighted Wall Sit', 'Target: Quad Endurance', 'https://youtu.be/8e42dL8MeMw', 22, 6);
INSERT INTO exercise_muscle (exercise_id, muscle_id, intensity) VALUES (1224, 13, 10);
INSERT INTO exercise_muscle (exercise_id, muscle_id, intensity) VALUES (1224, 21, 7);

-- Exercise ID: 1225
INSERT INTO Exercise (id, title, description, link, equipment_id, training_type_id) VALUES (1225, 'Wide Feet Push-Up', 'Target: Chest', 'https://youtu.be/NnaAyf-X01U', 2, 4);
INSERT INTO exercise_muscle (exercise_id, muscle_id, intensity) VALUES (1225, 7, 10);
INSERT INTO exercise_muscle (exercise_id, muscle_id, intensity) VALUES (1225, 2, 7);
INSERT INTO exercise_muscle (exercise_id, muscle_id, intensity) VALUES (1225, 4, 4);

-- Exercise ID: 1226
INSERT INTO Exercise (id, title, description, link, equipment_id, training_type_id) VALUES (1226, 'Wide Grip Barbell Bicep Curl', 'Target: Biceps (Short Head)', 'https://youtu.be/jnfveKq1i3E', 12, 2);
INSERT INTO exercise_muscle (exercise_id, muscle_id, intensity) VALUES (1226, 8, 10);
INSERT INTO exercise_muscle (exercise_id, muscle_id, intensity) VALUES (1226, 10, 7);

-- Exercise ID: 1227
INSERT INTO Exercise (id, title, description, link, equipment_id, training_type_id) VALUES (1227, 'Wide Grip Chin Up', 'Target: Lats & Biceps', 'https://youtu.be/r245A-Wy9V8', 16, 4);
INSERT INTO exercise_muscle (exercise_id, muscle_id, intensity) VALUES (1227, 17, 10);
INSERT INTO exercise_muscle (exercise_id, muscle_id, intensity) VALUES (1227, 8, 7);
INSERT INTO exercise_muscle (exercise_id, muscle_id, intensity) VALUES (1227, 18, 4);

-- Exercise ID: 1228
INSERT INTO Exercise (id, title, description, link, equipment_id, training_type_id) VALUES (1228, 'Wide Grip Lat Pulldown', 'Target: Lats', 'https://youtu.be/lueEJGjTuPQ', 8, 2);
INSERT INTO exercise_muscle (exercise_id, muscle_id, intensity) VALUES (1228, 17, 10);
INSERT INTO exercise_muscle (exercise_id, muscle_id, intensity) VALUES (1228, 18, 7);
INSERT INTO exercise_muscle (exercise_id, muscle_id, intensity) VALUES (1228, 8, 4);

-- Exercise ID: 1229
INSERT INTO Exercise (id, title, description, link, equipment_id, training_type_id) VALUES (1229, 'Wide Grip Pull-up', 'Target: Lats', 'https://youtu.be/GRgWPT9XSQQ', 16, 4);
INSERT INTO exercise_muscle (exercise_id, muscle_id, intensity) VALUES (1229, 17, 10);
INSERT INTO exercise_muscle (exercise_id, muscle_id, intensity) VALUES (1229, 18, 7);
INSERT INTO exercise_muscle (exercise_id, muscle_id, intensity) VALUES (1229, 8, 4);

-- Exercise ID: 1230
INSERT INTO Exercise (id, title, description, link, equipment_id, training_type_id) VALUES (1230, 'Wide Stance Close Grip Row', 'Target: Lats & Mid-Back', 'https://youtu.be/btppD-8cNYU', 12, 2);
INSERT INTO exercise_muscle (exercise_id, muscle_id, intensity) VALUES (1230, 17, 10);
INSERT INTO exercise_muscle (exercise_id, muscle_id, intensity) VALUES (1230, 18, 7);
INSERT INTO exercise_muscle (exercise_id, muscle_id, intensity) VALUES (1230, 8, 4);

-- Exercise ID: 1231
INSERT INTO Exercise (id, title, description, link, equipment_id, training_type_id) VALUES (1231, 'Wide Stance DB Goblet Squat', 'Target: Adductors & Glutes', 'https://youtu.be/LEY11M55Jc0', 6, 2);
INSERT INTO exercise_muscle (exercise_id, muscle_id, intensity) VALUES (1231, 14, 10);
INSERT INTO exercise_muscle (exercise_id, muscle_id, intensity) VALUES (1231, 21, 7);
INSERT INTO exercise_muscle (exercise_id, muscle_id, intensity) VALUES (1231, 13, 4);

-- Exercise ID: 1232
INSERT INTO Exercise (id, title, description, link, equipment_id, training_type_id) VALUES (1232, 'Wide Stance Leg Press', 'Target: Adductors & Glutes', 'https://youtu.be/UT1U-iGl2Uc', NULL, 2);
INSERT INTO exercise_muscle (exercise_id, muscle_id, intensity) VALUES (1232, 14, 10);
INSERT INTO exercise_muscle (exercise_id, muscle_id, intensity) VALUES (1232, 21, 7);
INSERT INTO exercise_muscle (exercise_id, muscle_id, intensity) VALUES (1232, 13, 4);

-- Exercise ID: 1233
INSERT INTO Exercise (id, title, description, link, equipment_id, training_type_id) VALUES (1233, 'Wide Stance Kettlebell RDL', 'Target: Hamstrings & Adductors', 'https://youtube.com/shorts/SoChBaHIt40?feature=share', 15, 2);
INSERT INTO exercise_muscle (exercise_id, muscle_id, intensity) VALUES (1233, 22, 10);
INSERT INTO exercise_muscle (exercise_id, muscle_id, intensity) VALUES (1233, 14, 7);
INSERT INTO exercise_muscle (exercise_id, muscle_id, intensity) VALUES (1233, 21, 4);

-- Exercise ID: 1234
INSERT INTO Exercise (id, title, description, link, equipment_id, training_type_id) VALUES (1234, 'Wide Stance Plank Row', 'Target: Lats & Core Stability', 'https://youtu.be/Gtc_Ns3qYYo', 6, 4);
INSERT INTO exercise_muscle (exercise_id, muscle_id, intensity) VALUES (1234, 17, 10);
INSERT INTO exercise_muscle (exercise_id, muscle_id, intensity) VALUES (1234, 11, 7);
INSERT INTO exercise_muscle (exercise_id, muscle_id, intensity) VALUES (1234, 12, 4);

-- Exercise ID: 1235
INSERT INTO Exercise (id, title, description, link, equipment_id, training_type_id) VALUES (1235, 'Windmills', 'Target: Obliques & Shoulder Stability', 'https://youtu.be/ogCw52FZlfM', 15, 8);
INSERT INTO exercise_muscle (exercise_id, muscle_id, intensity) VALUES (1235, 12, 10);
INSERT INTO exercise_muscle (exercise_id, muscle_id, intensity) VALUES (1235, 2, 7);
INSERT INTO exercise_muscle (exercise_id, muscle_id, intensity) VALUES (1235, 22, 4);

-- Exercise ID: 1236
INSERT INTO Exercise (id, title, description, link, equipment_id, training_type_id) VALUES (1236, 'World''s Greatest Stretch', 'Target: Full Body Mobility', 'https://youtu.be/-CiWQ2IvY34', 2, 8);
INSERT INTO exercise_muscle (exercise_id, muscle_id, intensity) VALUES (1236, 13, 10);
INSERT INTO exercise_muscle (exercise_id, muscle_id, intensity) VALUES (1236, 18, 7);
INSERT INTO exercise_muscle (exercise_id, muscle_id, intensity) VALUES (1236, 21, 4);

-- Exercise ID: 1237
INSERT INTO Exercise (id, title, description, link, equipment_id, training_type_id) VALUES (1237, 'X-Band Box Walk', 'Target: Abductors & Glutes', 'https://youtu.be/f2ugBVdxpPQ', 21, 1);
INSERT INTO exercise_muscle (exercise_id, muscle_id, intensity) VALUES (1237, 15, 10);
INSERT INTO exercise_muscle (exercise_id, muscle_id, intensity) VALUES (1237, 21, 7);

-- Exercise ID: 1238
INSERT INTO Exercise (id, title, description, link, equipment_id, training_type_id) VALUES (1238, 'X-Band Walk', 'Target: Abductors & Glutes', 'https://youtu.be/RyJonI6zQaE', 21, 1);
INSERT INTO exercise_muscle (exercise_id, muscle_id, intensity) VALUES (1238, 15, 10);
INSERT INTO exercise_muscle (exercise_id, muscle_id, intensity) VALUES (1238, 21, 7);

-- Exercise ID: 1239
INSERT INTO Exercise (id, title, description, link, equipment_id, training_type_id) VALUES (1239, 'X-Lat Band Pull-Down', 'Target: Lats', 'https://youtu.be/8zv8Pray4-w', 21, 2);
INSERT INTO exercise_muscle (exercise_id, muscle_id, intensity) VALUES (1239, 17, 10);
INSERT INTO exercise_muscle (exercise_id, muscle_id, intensity) VALUES (1239, 18, 7);

-- Exercise ID: 1240
INSERT INTO Exercise (id, title, description, link, equipment_id, training_type_id) VALUES (1240, 'Yoga Downward Dog Stretch', 'Target: Hamstring, Calf & Back Mobility', 'https://youtu.be/ayQoxw8sRTk', 2, 8);
INSERT INTO exercise_muscle (exercise_id, muscle_id, intensity) VALUES (1240, 22, 10);
INSERT INTO exercise_muscle (exercise_id, muscle_id, intensity) VALUES (1240, 6, 7);
INSERT INTO exercise_muscle (exercise_id, muscle_id, intensity) VALUES (1240, 17, 4);

-- Exercise ID: 1241
INSERT INTO Exercise (id, title, description, link, equipment_id, training_type_id) VALUES (1241, 'Yoga Plex', 'Target: Full Body Mobility', 'https://youtu.be/74jm-tJnL88', 2, 8);
INSERT INTO exercise_muscle (exercise_id, muscle_id, intensity) VALUES (1241, 18, 10);
INSERT INTO exercise_muscle (exercise_id, muscle_id, intensity) VALUES (1241, 21, 7);
INSERT INTO exercise_muscle (exercise_id, muscle_id, intensity) VALUES (1241, 13, 4);

-- Exercise ID: 1242
INSERT INTO Exercise (id, title, description, link, equipment_id, training_type_id) VALUES (1242, 'Yoga Pushup', 'Target: Chest, Core, Mobility', 'https://www.youtube.com/watch?v=-7TEPQKkTxI', 2, 4);
INSERT INTO exercise_muscle (exercise_id, muscle_id, intensity) VALUES (1242, 7, 10);
INSERT INTO exercise_muscle (exercise_id, muscle_id, intensity) VALUES (1242, 11, 7);
INSERT INTO exercise_muscle (exercise_id, muscle_id, intensity) VALUES (1242, 4, 4);

-- Exercise ID: 1243
INSERT INTO Exercise (id, title, description, link, equipment_id, training_type_id) VALUES (1243, 'Yoga YT Full Body Stretch', 'Target: Full Body Mobility', 'https://www.youtube.com/watch?v=cgjdYaLdJTo', 2, 8);
INSERT INTO exercise_muscle (exercise_id, muscle_id, intensity) VALUES (1243, 22, 10);
INSERT INTO exercise_muscle (exercise_id, muscle_id, intensity) VALUES (1243, 20, 7);
INSERT INTO exercise_muscle (exercise_id, muscle_id, intensity) VALUES (1243, 18, 4);

-- Exercise ID: 1244
INSERT INTO Exercise (id, title, description, link, equipment_id, training_type_id) VALUES (1244, 'Zercher Squats', 'Target: Quads, Upper Back, Core', 'https://youtu.be/vpy4ADmlo1E', 12, 7);
INSERT INTO exercise_muscle (exercise_id, muscle_id, intensity) VALUES (1244, 13, 10);
INSERT INTO exercise_muscle (exercise_id, muscle_id, intensity) VALUES (1244, 18, 7);
INSERT INTO exercise_muscle (exercise_id, muscle_id, intensity) VALUES (1244, 21, 4);

-- Exercise ID: 1245
INSERT INTO Exercise (id, title, description, link, equipment_id, training_type_id) VALUES (1245, 'Zombie Front Squats', 'Target: Quads, Upper Back, Core', 'https://youtu.be/Siwj8KDU5zI', 12, 11);
INSERT INTO exercise_muscle (exercise_id, muscle_id, intensity) VALUES (1245, 13, 10);
INSERT INTO exercise_muscle (exercise_id, muscle_id, intensity) VALUES (1245, 18, 7);
INSERT INTO exercise_muscle (exercise_id, muscle_id, intensity) VALUES (1245, 11, 4);