-- Existing Data (Keep this part as it was)
INSERT INTO users(id,username, password, firstname, lastname, email, enabled) VALUES(4,'admin', '$2a$10$sk586e6x3Xn/Y1ZmgQGZf.Q3MbRrt0WjZuvgFZ75YYiXtX3rsI4lW', 'admin', 'adminkovic', 'admin@mail.com', true);
INSERT INTO users (id,username, password, firstname, lastname, email, enabled)
VALUES
    (1, 'john_doe','sifra','john','doe', 'john@example.com', false),
    (2, 'jane_smith','sifra','jane','smith', 'jane@example.com', false),
    (3, 'mike_wilson','sifra','mike','wilson', 'mike@example.com', false);

insert into fitnessprogramapp.program (followers_number, creator_id, id, title, image_data)
values  (1000, 1, 1, 'Program 1', 0x89504E470D0A1A0A),
        (2000, 1, 2, 'Program 2', 0x474946383961),
        (3000, 2, 3, 'Program 3', 0x89504E470D0A1A0A),
        (4000, 2, 4, 'Program 4', 0x474946383961),
        (5000, 3, 5, 'Program 5', 0x89504E470D0A1A0A),
        (1000, 1, 6, 'Program 6', 0x89504E470D0A1A0A),
        (2000, 1, 7, 'Program 7', 0x474946383961),
        (3000, 2, 8, 'Program 8', 0x89504E470D0A1A0A),
        (4000, 2, 9, 'Program 9', 0x474946383961),
        (5000, 3, 10, 'Program 10', 0x89504E470D0A1A0A),
        (1000, 1, 11, 'Program 11', 0x89504E470D0A1A0A),
        (2000, 1, 12, 'Program 12', 0x474946383961),
        (3000, 2, 13, 'Program 13', 0x89504E470D0A1A0A),
        (4000, 2, 14, 'Program 14', 0x474946383961),
        (5000, 3, 15, 'Program 15', 0x89504E470D0A1A0A),
        (0, 1, 16, 'asdfas', null);

ALTER TABLE program AUTO_INCREMENT = 17; -- Adjusted based on highest ID inserted
ALTER TABLE users AUTO_INCREMENT = 5; -- Adjusted based on highest ID inserted

INSERT INTO review (id, comment, rating,  deleted, created_at, reviewer_id) VALUES
                                                                                (41, 'Amazing experience! Learned so much about cutting-edge technology.', 5, false, '2023-09-15 10:00:00', 1),
                                                                                (42, 'Well-organized but I felt the sessions were too long.', 4, false, '2023-09-16 11:00:00', 2),
                                                                                (43, 'The location was too crowded for the number of attendees.', 3,  false, '2023-09-17 12:00:00', 1),
                                                                                (44, 'Great event! Excellent speakers and engaging sessions.', 5,  false, '2023-09-18 13:00:00', 1);
insert into program_reviews(program_id,review_id) values
                                                      (1,41),
                                                      (1,42),
                                                      (2,43),
                                                      (2,44);
insert into volume_metric(id,is_range,title,metric_symbol) values
                                                               (1,false,'Reps','reps'),
                                                               (2,true,'Reps Range','reps');
insert into intensity_metric(id,minimum_intensity,maximum_intensity,title,metric_symbol,is_range) values
                                                                                                      (1,0,10,'Rpe','rpe',false),
                                                                                                      (2,0,10,'Rpe Range','rpe',true);

-- Existing Exercises (Keep these)
insert into exercise(id,title,description) values
                                               (1,'Ez bar curl','curl description'),
                                               (2,'Leg extension','extension description'),
                                               (3,'Leg curls','leg curls description'); -- Corrected typo 'Let' to 'Leg'


-- >>> NEW DATA STARTS HERE <<<

-- Insert Muscles extracted from TypeScript files
-- Note: IDs are assigned sequentially. Adjust if you have existing muscles with specific IDs.
-- Note: 'Knees' is included as it's in the list, but typically not a target muscle.
INSERT INTO muscle (id, name) VALUES
                                  (1, 'Neck'),
                                  (2, 'Front Deltoid'),
                                  (3, 'Side Deltoid'),
                                  (4, 'Triceps'),
                                  (5, 'Tibialis'),
                                  (6, 'Calves'),
                                  (7, 'Chest'),
                                  (8, 'Biceps'),
                                  (9, 'Trapezius'),
                                  (10, 'Forearms'),
                                  (11, 'Abs'),
                                  (12, 'Obliques'),
                                  (13, 'Quads'),
                                  (14, 'Adductors'),
                                  (15, 'Abductors'),
                                  (16, 'Knees'), -- From front definition, less likely to be a target
                                  (17, 'Lats'),
                                  (18, 'Upper Back'),
                                  (19, 'Rear Deltoids'), -- Corrected name from TS file
                                  (20, 'Lower Back'),
                                  (21, 'Glutes'),
                                  (22, 'Hamstrings');

-- Reset muscle ID sequence
ALTER TABLE muscle AUTO_INCREMENT = 23;

-- Insert New Exercises (Starting ID after existing ones)
INSERT INTO exercise (id, title, description) VALUES
                                                  (4, 'Barbell Bench Press', 'Compound exercise targeting chest, shoulders, and triceps.'),
                                                  (5, 'Barbell Back Squat', 'Compound lower body exercise focusing on quads, glutes, and hamstrings.'),
                                                  (6, 'Conventional Deadlift', 'Full body compound exercise emphasizing hamstrings, glutes, back, and grip.'),
                                                  (7, 'Overhead Press (Barbell)', 'Compound shoulder exercise targeting deltoids and triceps.'),
                                                  (8, 'Lat Pulldown', 'Back exercise targeting the latissimus dorsi, typically performed on a machine.'),
                                                  (9, 'Barbell Row', 'Compound back exercise targeting lats, traps, rhomboids, and biceps.'),
                                                  (10, 'Dumbbell Lateral Raise', 'Isolation exercise for the side deltoids.'),
                                                  (11, 'Triceps Pushdown (Cable)', 'Isolation exercise for the triceps muscle.'),
                                                  (12, 'Dumbbell Bicep Curl', 'Isolation exercise for the biceps brachii.'),
                                                  (13, 'Leg Press', 'Machine-based compound lower body exercise targeting quads and glutes.'),
                                                  (14, 'Standing Calf Raise', 'Isolation exercise for the gastrocnemius and soleus muscles.'),
                                                  (15, 'Crunch', 'Abdominal exercise targeting the rectus abdominis.'),
                                                  (16, 'Russian Twist', 'Core exercise targeting the obliques.'),
                                                  (17, 'Barbell Shrugs', 'Isolation exercise for the upper trapezius.'),
                                                  (18, 'Seated Hip Adduction', 'Machine exercise isolating the adductor muscles of the inner thigh.'),
                                                  (19, 'Standing Tibialis Raise', 'Exercise targeting the tibialis anterior muscle on the front of the shin.');

-- Reset exercise ID sequence
ALTER TABLE exercise AUTO_INCREMENT = 20;

-- Link New Exercises to Muscles with Intensity (1-10)
-- Barbell Bench Press (ID: 4)
INSERT INTO exercise_muscle (exercise_id, muscle_id, intensity) VALUES (4, 7, 9); -- Chest
INSERT INTO exercise_muscle (exercise_id, muscle_id, intensity) VALUES (4, 4, 7); -- Triceps
INSERT INTO exercise_muscle (exercise_id, muscle_id, intensity) VALUES (4, 2, 6); -- Front Deltoid

-- Barbell Back Squat (ID: 5)
INSERT INTO exercise_muscle (exercise_id, muscle_id, intensity) VALUES (5, 13, 9); -- Quads
INSERT INTO exercise_muscle (exercise_id, muscle_id, intensity) VALUES (5, 21, 8); -- Glutes
INSERT INTO exercise_muscle (exercise_id, muscle_id, intensity) VALUES (5, 22, 5); -- Hamstrings
INSERT INTO exercise_muscle (exercise_id, muscle_id, intensity) VALUES (5, 14, 4); -- Adductors (stabilization/synergist)
INSERT INTO exercise_muscle (exercise_id, muscle_id, intensity) VALUES (5, 20, 4); -- Lower Back (stabilization)

-- Conventional Deadlift (ID: 6)
INSERT INTO exercise_muscle (exercise_id, muscle_id, intensity) VALUES (6, 22, 9); -- Hamstrings
INSERT INTO exercise_muscle (exercise_id, muscle_id, intensity) VALUES (6, 21, 9); -- Glutes
INSERT INTO exercise_muscle (exercise_id, muscle_id, intensity) VALUES (6, 20, 8); -- Lower Back
INSERT INTO exercise_muscle (exercise_id, muscle_id, intensity) VALUES (6, 18, 7); -- Upper Back
INSERT INTO exercise_muscle (exercise_id, muscle_id, intensity) VALUES (6, 17, 6); -- Lats
INSERT INTO exercise_muscle (exercise_id, muscle_id, intensity) VALUES (6, 9, 7);  -- Trapezius
INSERT INTO exercise_muscle (exercise_id, muscle_id, intensity) VALUES (6, 10, 7); -- Forearms (Grip)

-- Overhead Press (Barbell) (ID: 7)
INSERT INTO exercise_muscle (exercise_id, muscle_id, intensity) VALUES (7, 2, 9); -- Front Deltoid
INSERT INTO exercise_muscle (exercise_id, muscle_id, intensity) VALUES (7, 3, 7); -- Side Deltoid
INSERT INTO exercise_muscle (exercise_id, muscle_id, intensity) VALUES (7, 4, 7); -- Triceps
INSERT INTO exercise_muscle (exercise_id, muscle_id, intensity) VALUES (7, 18, 5); -- Upper Back (stabilization)
INSERT INTO exercise_muscle (exercise_id, muscle_id, intensity) VALUES (7, 9, 4);  -- Trapezius (upper portion)

-- Lat Pulldown (ID: 8)
INSERT INTO exercise_muscle (exercise_id, muscle_id, intensity) VALUES (8, 17, 9); -- Lats
INSERT INTO exercise_muscle (exercise_id, muscle_id, intensity) VALUES (8, 8, 6);  -- Biceps
INSERT INTO exercise_muscle (exercise_id, muscle_id, intensity) VALUES (8, 18, 7); -- Upper Back (Rhomboids, Mid Traps)
INSERT INTO exercise_muscle (exercise_id, muscle_id, intensity) VALUES (8, 19, 5); -- Rear Deltoids

-- Barbell Row (ID: 9)
INSERT INTO exercise_muscle (exercise_id, muscle_id, intensity) VALUES (9, 17, 8); -- Lats
INSERT INTO exercise_muscle (exercise_id, muscle_id, intensity) VALUES (9, 18, 9); -- Upper Back (Rhomboids, Mid/Lower Traps)
INSERT INTO exercise_muscle (exercise_id, muscle_id, intensity) VALUES (9, 9, 7);  -- Trapezius (overall)
INSERT INTO exercise_muscle (exercise_id, muscle_id, intensity) VALUES (9, 19, 6); -- Rear Deltoids
INSERT INTO exercise_muscle (exercise_id, muscle_id, intensity) VALUES (9, 8, 5);  -- Biceps
INSERT INTO exercise_muscle (exercise_id, muscle_id, intensity) VALUES (9, 10, 6); -- Forearms (Grip)
INSERT INTO exercise_muscle (exercise_id, muscle_id, intensity) VALUES (9, 20, 4); -- Lower Back (stabilization)

-- Dumbbell Lateral Raise (ID: 10)
INSERT INTO exercise_muscle (exercise_id, muscle_id, intensity) VALUES (10, 3, 10); -- Side Deltoid
INSERT INTO exercise_muscle (exercise_id, muscle_id, intensity) VALUES (10, 9, 3);  -- Trapezius (Upper, potential synergist/compensation)

-- Triceps Pushdown (Cable) (ID: 11)
INSERT INTO exercise_muscle (exercise_id, muscle_id, intensity) VALUES (11, 4, 10); -- Triceps

-- Dumbbell Bicep Curl (ID: 12)
INSERT INTO exercise_muscle (exercise_id, muscle_id, intensity) VALUES (12, 8, 10); -- Biceps
INSERT INTO exercise_muscle (exercise_id, muscle_id, intensity) VALUES (12, 10, 4); -- Forearms (Brachialis/Brachioradialis)

-- Leg Press (ID: 13)
INSERT INTO exercise_muscle (exercise_id, muscle_id, intensity) VALUES (13, 13, 9); -- Quads
INSERT INTO exercise_muscle (exercise_id, muscle_id, intensity) VALUES (13, 21, 7); -- Glutes
INSERT INTO exercise_muscle (exercise_id, muscle_id, intensity) VALUES (13, 22, 4); -- Hamstrings (less emphasis than squat)
INSERT INTO exercise_muscle (exercise_id, muscle_id, intensity) VALUES (13, 14, 3); -- Adductors

-- Standing Calf Raise (ID: 14)
INSERT INTO exercise_muscle (exercise_id, muscle_id, intensity) VALUES (14, 6, 10); -- Calves (Gastrocnemius focus)

-- Crunch (ID: 15)
INSERT INTO exercise_muscle (exercise_id, muscle_id, intensity) VALUES (15, 11, 9); -- Abs (Rectus Abdominis)
INSERT INTO exercise_muscle (exercise_id, muscle_id, intensity) VALUES (15, 12, 3); -- Obliques (synergist)

-- Russian Twist (ID: 16)
INSERT INTO exercise_muscle (exercise_id, muscle_id, intensity) VALUES (16, 12, 9); -- Obliques
INSERT INTO exercise_muscle (exercise_id, muscle_id, intensity) VALUES (16, 11, 6); -- Abs (Rectus Abdominis)

-- Barbell Shrugs (ID: 17)
INSERT INTO exercise_muscle (exercise_id, muscle_id, intensity) VALUES (17, 9, 10); -- Trapezius (Upper focus)

-- Seated Hip Adduction (ID: 18)
INSERT INTO exercise_muscle (exercise_id, muscle_id, intensity) VALUES (18, 14, 10); -- Adductors

-- Standing Tibialis Raise (ID: 19)
INSERT INTO exercise_muscle (exercise_id, muscle_id, intensity) VALUES (19, 5, 10); -- Tibialis

-- Link Existing Exercises to New Muscles (Example for Ez bar curl - ID: 1)
-- Assuming Ez bar curl targets Biceps and Forearms
INSERT INTO exercise_muscle (exercise_id, muscle_id, intensity) VALUES (1, 8, 10); -- Biceps
INSERT INTO exercise_muscle (exercise_id, muscle_id, intensity) VALUES (1, 10, 5); -- Forearms

-- Link Existing Exercises to New Muscles (Example for Leg extension - ID: 2)
-- Assuming Leg extension targets Quads
INSERT INTO exercise_muscle (exercise_id, muscle_id, intensity) VALUES (2, 13, 10); -- Quads

-- Link Existing Exercises to New Muscles (Example for Leg curls - ID: 3)
-- Assuming Leg curls targets Hamstrings and Calves (synergist)
INSERT INTO exercise_muscle (exercise_id, muscle_id, intensity) VALUES (3, 22, 10); -- Hamstrings
INSERT INTO exercise_muscle (exercise_id, muscle_id, intensity) VALUES (3, 6, 3);  -- Calves (synergist)



-- >>> NEW DATA ENDS HERE <<<

-- First create the week record
insert into fitnessprogramapp.week (id)
values (1);

-- Create program record (note: there's a missing value in your program insert statement)
insert into fitnessprogramapp.program (followers_number, creator_id, id, title, image_data)
values (0, 4, 17, 'Program koji radi', 0xFFD8FFE000104A46494600010100000100010000FFDB00840009060712111015101212101510151515171515171917151515121615161815151715191D2820181A251D161521312125292B2E2E2E171F3338332D37282D2E2B010A0A0A0E0D0E1B10101B2D2520252D2D2D2F2D2D2B2F302B2D2D2D2D2D2D2F2D2D2D2D2D2D2F2D2D2D2D2D2B2D2E2D2D2D2D2D2D2D2D2D2D2D2D2D2D2D2D2D2DFFC000110800E100E103011100021101031101FFC4001B00010001050100000000000000000000000004010203050607FFC40040100002010202070506030703040300000001020003110421050612314151611322718191324252A1B1C10772D114238292C2E1F03362A253B2D2F1164363FFC4001B01010002030101000000000000000000000001020304050607FFC40037110002010204030506060202030000000000010203110405213112415113617181912232A1C1D1F0061442B1E1F123521516336282FFDA000C03010002110311003F008F3DE122008020080200802008020080200802008020080200802008020080200802008020080200802008020080200802008020080200802008020080200802008020080200802008020198D0EB2BC40B4D13D238814348F293740B4A9E462E0A4902008020080200802008020080200802008020080200802008020080200804C98C08020080508805A698E424DC14344758BB05A687593C40B4D13D23881434CF293740B4A9E464DC148020080200802008000E1C61BB6A0EBF4B6AC353D1D4AA7663B642CD5AC06D6C3E799199D9EEF86738D87C7C678B946FECBD174BAFA83909D90200802008020080200804C98C080200802008065C361CB92058587FE84E466F9CD1CB29C675137C4ED65BF7BF2F999F0F879566D2295A8327B43CF87ACCB80CDF098E57A134DF4DA4BCBED1156854A5EF231CE918440100A1100B4D31CA2E0A1A23AC9BB05A687593C40B4D13D23881434CF293740B4A9E464E80E9B55F4F616832F698650C3235C1DB607E2D93ECFF000FA4E563B075EAA7C13D3FD765F7E20F47C6691A54A89AEEE3B2B03B433B83BB66DBEF7169E729D19CE7D9C56A41E53AC1A5285737A3855A276AFB60E6C2C72283BA2E483C774F5784C3D6A4BFC9538BBBF9DC934F3740802008020080200804C98C080200802014806EF4761C8502DDE6FBEE13E3DF8973078EC7B8C358C7D98F7F57E6FE091DFC1D254A95DF3D5931F0E6C4DD5871B67CBC8EF1BAFBC4E22A53A7EDC25B747AAFBEE33AA9193E16BD7EFF00735B8AC1258B0EEDB3E9E93D664BF89F1FDB430F35DA713495FDEF5E76EFF534F1382A5C2E6B4B7A1AA9F5038A56008020080520158020080508806C717A4CD4C252C2906D4D98DF81BDF607906613569E1B82BCAAF5FB60D51A23ACDBE260A1A1D64F102D344F48E240B4D33CA4DD0284490520080200804C98C080200806FB40688A75A9333ED5F6AC0836C8007EF39D8BC4CE9CD28F42ADD898DAAC9704546B5F7100DFA5C5A69D7C6D5A94A508D9369A4FA77D8984D2926D5D129346BAB020A91CB306C72369E03FEB989A535284A32F833AEF32A538D9A6BE251F0AEAB6B16C885B01906DF7B1CFC33F1E7AF572AC5D185B81CB7B596D7F07AFC4C91C552A92BDEDD7C8D0698665014822F99B823C07F9CA77BF07655255A589AD1B70E914D59DDEEF5E8B4F331E61888B8A845DEFB9AA9F4639256008050998EAD5852839CDA497365A1094E4A31576636A9CA788CD3F144A77A784D17FB73F25CBC5EBE07A4C164AA3EDD7D5F4FA8A6D31FE1BCD9D3AAF0F5A5A49DD37FEDFCFEFE25F38C02943B5A6B58EFE1FC7EC649EFAE7961240BC017900A5E004CCD8024F219990E496E09D4743E25FD9A158F5D8603D480260962E8C779AF504FA1AA18C6DF4D57F33AFD89335E599E1D73BF82FE8131B51EBAA33B54A5DD526CBB4D7B026D7204C3FF2D4DC92517F7EA0E5819D60548920B4D31CA4DD82D344758E260A761D64F1032932A0B0D5126CC16F6FD24F082A2B091C2C1DE6ADD3D9C3275BB7A936F95A707172BD6918E5B9B29AC408020032011AB6028B7B54A99EBB22FEBBE648D69C769326E42ABABD873B9597C18FDEF33C71B5973BF913C4C855B5597DDAAC3F300DF4B4CD1CC65CE3F7F11C46874C68C7A0C0310CADB986EB8DE3C7F59E2FF1156AF52B5E4DF03F75725D7CFBCF5D91CA8CA93E15692DFAFF0045B81C2865ED0807BE16C6F6B9171DD5EF3939D956DBAE4DA7168D34D713EB6FBE6FC0E8E22B38CB8169A5FBFE3A25D5BF2D4B34961D5082990607BA59599483637D926C39024919824DAE62B4141A71FDF55E85B0D525522D4F5B73B349FAFF005CF992B42E86AB8ADAECB63BB6DADA6B5AFB8DB7DA7BFCAF3EA75B0EBB5BF1AD1F7F7F9FEE793CCF05F96ABECFBAF6FA791BFA1A8358FB75A92FE50CFF005D99BB2CE21FA62DFC3EA7309F4350298F6EBD53F942AFD76A6BCB38A8FDD8AFBF406C286A5E0D77A3BFE676FE9B09AF2CCF10F9DBC903614340E153D9C3D1F12A18FA9B998258AAD2DE6FD413E9D355165000E405A606DBDC06AAA37B28F122145BD9031363698F78795CCB2A527C88BA3391716E0653624F13A94F61990EF5257D0DBED3DAC25C5152EA48970200802010C999008020142601E9D81A7B14913E1451E8009E5EA4B8A6DF5662666DA940035F76721BB032AE1EA1DC8DE96FACABA915CC9B195747D53C00F123ED2AEB4459995744B71651E173FA4A3AEB922784CABA2578B31F0B09575DF41C2665D194C7027C49FB4ABAD364D911B4C683A55E8B52D95527356B66AE371FD7A13357154BB7A6E12FE99B583C4CB0D55548F9AEA8F2926AE1DDE99EEB8BA38B03D0EFF91E47ACF2D79D1938ECF63DC5A9622119EEB75F7F226684D5FAB89EF0B251BD8D56F67C147BC7C3D666C2E06AE21E8ACBA9AD8DCCA961559EB2E9F5E87A1E86C061708B6A79B91DE739B379DB21D0653D261F02A8AB45799E47178EAB8995E6F4E4B922736934E018CDA542469F1189B4A725F532EB0FD58E232E0B1A5DAC6DBB2B4A54A4A2AE894C9D30925AEB70473168BD81CFD442A4A9DE27422D3574632D960741876BA29E83E939D2566CC88F24D62A3B18CAEBFF00E8C7F9FBDFD53D660A5C5420FBBF6D09204DB05600802010E640201B6D5AD09FB6556A5DA0A7B2BB57D9DAB8B8072B8E626963717F968295AF776DC1D7E1BF0EE8820BD6ACD6E41541F50729C79E7355ED14883A85D1B4C7027C499CC7567D48B233261506E45F412AE727BB26C6502D2A0B5AAA8DEC3D64A8B7C8AB925CCC6D8C41C7EB2CA9CBA157563D4C4DA41780632CA8C8ABAD132E1B11B77CAD6959C384BC27C467942E201A7D21AB787AF5D6BD452580B15F75EDEC961C6D9FDF74D5AB83A552A29C96A6F50CC2BD1A4E941D93F55E04BD234C0A560000B6B0190037643CE6F50D25646849DF566A26F14100403261EA6CB06E47E5C65271E28D8237EA6E2FC268190AC023E2B08AFBF23CFF00CDF2F0A8E3B10D104E8C7E057E7FA4CFF988F42384D8E1A99540A7789AF3776D964709ADFA0AA54C53544D921954DAF6370367C3DDE73B797E2E10A2A32BE8D8B9CE62B4755A42EE840DD7C88BF8833AB4F114E6ED162E4599891004021CC80403A1FC3EAFB38F41F1A3AFFC76FF00A2733358DF0EDF469FCBE60F54C4395524709E622AEEC526ECAE6BCE39CF21E5363B189ADDB48A6DD56F8FC85A2D4D0BD463F65A87783E663B482D87673657F62237B2891DB2E489EC5F363B0A637D4F48E39BD90E082DD8FDC8F8CFF9E51FE463FC68B9316ABECA7CE43A5296EC955631D906D20DC02892A8A21D790A38972C37DAE2F94894229131A927246CA6B9B261C62DE9B781F9672D07692219A19D028201656AAA8A59982A8DE49B0949D48D35C527645E9D39D4970C15DF71CFE375B115AD490B8E2C4EC83E195FD670EBE794E32B538DFBF6F43BD87C82A4A37AB2E1EEDFD4D868BD7AA406CD44AAA38116603A6F06DE5317FCBD19BBB8B5F122790578FB924FE06FF0BAD183A9BABA03C9EE9FF70136218DA13DA4BCF4346A65B8AA7BC1F96BFB1B5A555585D5958730411EA26CA927B1A528B8BB3562F9240806A34D2F794F3047A1FEF36683D1A2B2391D71AC053A697DEC4FF28B7F54EC65D1BCDBEE1139613AE5CAC0100873202A271B3DC7CB078394E0ED2764BC5FD15CDFCB30CB11885192D16AFEFC49BA2B1070D89A754AB5E9B5CA9C8DAC4119EE3633CA7FDA2ACA9CA96221BF35A3E56D19D7AB91D39AE2A33F5D57A9EA182D68C2D6165A80367657EE93DED9033C8DCDAC37E7BA568E368D4765238B88CB713453728DD776BCAFF7C8CFFB71F742813A6A927CCE43AAD696B14FDA2A1DC4F90FED2782088E39B1D9556F8BCCFEB1C54D0E1A8CA8C0B71D91E263B68F21D8CB98FD9946FA8BE523B493D913D9A5BB2FA54299360CC4FA7DA44A734AF626308376B92970883DDFA9989D497532AA51E8645A4A3728F495E26CBA8A5C8BE412201461716E700E72744C66874EEB0F62C6922835001727D95B8B8C8664DADCB7CE3E619A761274E9ABCBAF2476F2ECA3F311556A3B47A7367278CC654AADB5518B1E1C8780DC2798AF88A95A57A8EE7AAA186A5423C34E36FBEA60984CE201912893D24F095722768DC41A1516AD3C994DFC47153D08CA66A551D29294791AF88A51AF0709ECCF59D1F8E4AD496AA1EEB0BF507883D41B89EA69545520A71D99E1AB51951A8E12DD1203826C08BCC9666235FA6D7BAA7935BD47F699E83F6AC564717A600A9591BDD45616B7BCC73F2B013859C67D1542585A17E26D5DED649ECBCFCAC75F038369F693F2399C6609A91B82362F973F0227AFC8FF001051CCA2A166AA25AAB69A734F6F27A9AD89C24A8EBC8B11AE277DAB1A85D008732032E1DF6583D812AC0D8E60D8DEC4729F3FFC598CBE261463FA15DF8BFE3F73D3E4B86FF04E6FF569E5FD9D9A6B7E1EB80B8CC329FF007280D6EA01EF2F91338EB30A5555AB43E644B28AF45F161AA793D3F87E657FF8D607159E1313B2DF01EF5BF85ACE3C7393F92C356D68CADDDF7A95FF0092C661B4C453BAEBB7C56844D0D431186C70C376B7096670A495D800B05B1195CB0B81F1460A9568E2551E2D16AEDD09CC6B61AA609E238357A2BEF7DAFA6FB7C0ED8E31CEE3E827A5ECA0B73C776B37B0FDEB7C7F48FF001A1FE47D40C1B9DE3D4C76B143B29B322E8F3C48FACABAEB922CA83EA67A1820A6F724CC72AAE4AC648D25177B92A633288020080201CEE3582172C405524927809BBC6A34F89EC9111839C9463BB3CA748624D5AAF50EF6627C3A796EF29E45CDD493A8F9BB9EF69D254A11A6B92B1803195718BDD191368B855328E841965364AC1D407C66BCE9F032D7BA25CA95100DCEADE3F61FB263DC739747FEFBBD276328C676753B293D25F07FC9C5CE707DAD3ED63BC77EF5FC1DB68B6B54F1047DFED3D2575EC9E516E4DD2CB7A47A107E735E93B4D167B1E5FA5748ECE32A1249416523C147DEF37F32C91661808C6292A89DD37E3AABF87C6C6D61311D8CAEF634956A162598DC99E870985A585A31A3495A2BEEFE2CC339B9CB8A411ED33B572A57B531C28164376DC172CF9E7E2CFCB3AF074ADC767C56F2B5FBFE47ABC8FB554E4A77E1E57F8D8BA7933B8201E81F87582252A625EECCEC114B667654666E7A9B7F0CEF65507C32A8F77A7A1E573DA91E38D18ECB5B77BFBF89DA013AC704AC0100401004010040284C038AD3FF008854A95D30C86BD4F8BD9A43F8B7BF965D66A54C5C23EEEA7570F94D69EB3D17C4F3BC7693C4626AF69887B8BDC20C901E16419799B9EB39D89AF3AB0E1BFD0EEE13070A12BA5F531EC8E63E935B89ADE26FD9751D998ED63CC70B2854F232CA717B322CCAA358DE271E25609D99B3A4F7179A45D97C10627AFCA43916E0BEE749A0F5BB61D7B75C87BEBBED6B5D978F97A4EE61F396E3C15979AF9A3CFE2F22BB72A0FC9FC9FD4EED3174F11459A93ABA953983B8DB711BC1E8674E8D58CED28BB9E7EB51A94A5C351599E3189ADB751DFE2666F524CF754A3C3051E88C6639909100402AB383F89317F97C0C92DE7ECAF3DFE173A794D0ED712AFB475F4DBE25F3E5A7B4100DD6A7D2A2F8B55AFB252C76437B26A65B20DF23C723C6D377011A72AC954F8F539D9ACEB470CDD2DF9DB7B1EAF4292A0D9555551B8000017CCE427A6515156478994A527793BB324920401004010040100402CABEC9F03F490F6263BA3C014F741E9F69E7D1EF9BE6589DA30BAAA81C36B7912B2AB4E2ECD954AA4B54B409573D961B2DCB9F8197566AE8296B6968CCB20B150C79995708BDD1376576CF432BD947913C4CCB4711B3C252546EEF72788C9DAED71F29AD384A3B9922D721285840336131552936D537646DD706D71C8F31D0CC94EACE9BE283B33155A34EAC786A24D11DA8D85F84FA0E439F55C654EC2B45715AF75CEDD57D3D0F2F99E5B0C3C7B4A6F4BECFEA5B3D59C510040373A1A9A856B91B4DC3FDA3A7899F36FC6D2C454AD4E318CB822B7B3B713BFEC91D8CB78629BBEAFE449ADA3A9B70D93D32F96E9E1E3889C7BCEDC313523CEFE241ADA2587B2430F43FA4D88E2A2F7D0D9862E2FDED09BAA5A2DAA6369AB290A9FBC6BF24F67C7BC567532E82AB5D5B65A9AF99E2A30C2C9C5EAF4F5DFE173D5E7A93C511F178FA5485EA54A69F9982FD65275210F79A464A746A54D2116FC11A4C66BB6113D967A879229FAB584D3A999508ECEFE0746964D8A9EE947C5FF668F19F882E6E295151D5C96FF8ADBEB34E79B3FD11F53A34B208AFFC93F4FABFA1A7AFAD98D6EFF6A55786CAA85B8DFBC1BFACD49E61887ADEDE46FC329C1C7D9E1BF8B773B5D4DD606C5D365A8076A845C8C83037D936E07237F0F29D7C0E29D78BE2DD1E7B34C02C2CD387BAF6EE3A39BE72C40100A1100E1F1BF86941948A75EB25FE20AE07C81F9CD2FC8C2F74D9D959D556AD28A7EA8F3CD3742AD2634C5C1462AC073190F29C4A508C6728D4DFBCF472A8E74E33A7B3447C4AB3534363DA5C0000CC9390000E272CA4D1B2AAE31D89ACFF00C4A72D1A2757D1B5E9FF00A946B27E64603D48B4D99539C774FD0C70C4529FBB24FCD1101128662DAAC7203DA26C3F58D12BBE4564DECB7654E15BFEA1DAF016F4983F33FF00AE85BB17FEDA96D2A86E55B261F3EA267D24AEB62B193BD9EE485ABCE609D04F63329DB724D24DACF84D67069D997E34485403F58B2451B6CC78C36EE9B86CB2E3CC7CA7AFFC2F80C44711F98946D0B3577CFC0E0E6F8AA52A5D927795D6C459EF8F36200804A75B898C0A58EA8996D12391CF8DCCE3637F0E65F8C4DCA9A4FAC747B597A74D8D9A78BAB0D9FA9B8D118B35DFB3D9EF6C937E196FF0E13C6E69F8327422EA509DD747A3EED767CEFB1BD4F328FEB4767AA940A33ED0EF102DE00FF7F94C59465D530B094AAAB36EDE4BEA6B63B131AAE2A0F4343AF9A76A8AE70D4DD91142ED6C920B330BE64676B11978CC79962A6A7D9C5D91D8C9B0349D2EDA6AEDED7E48D0E1B437688B53B551B599B8B919B8F8AE4DD0EF03A5EC44D386178E2A5C5BFF003F43A3531DD94DC3836E9E5DDDFF005B18EB50C3AA8B3976DA427AA5AEE00195F35DE46E6959428C568EEF4FE4BC2A62272D636567EBCB7FA7341F48534DB5A6AE29B1057BE573D8D921F7974BDC8171F391DBC237505A78F773EA88586A93E19546AEB47A5F9DF4E8F95EC48AD47158C20AD07205EC4290B9851EDB65EE8E3CE649C6BE21AB47EFCCC74E585C1A69CD7AEBCF92F13729A3315A3F06D8AA4CBDA821EAA5B6D0D1032CF895DA2C4A9195C673D364382A5197675D6B2E69ECF92EFBFEE79CCDB1CB1335C1B47E3D59DAE87AB5DE92B62129A5439ECA12C2C79DC647A67E333D78D38CDAA4DB5DE72D13A61244010040347A7B56B0F893B6F74A805B6D48048E01AE2C7EB3531182A75DDDEFDC6FE1332AD85568EABA32CD03A030B863B4843D5E0EE54B0E8B6C879672D87C0C686A93BF56462F32AD8AD24ECBA237F364D122E2B4751ABFEA52A4FF009955BEA252508CB7464856A90F764D799A0D37A97857A6CD4A8AA57009A654B28DAE456FB39EECC719AD88C24274DA8AB33A185CCEB42AC5D495E37D7C0F25C5E05FB5BEE208B8391523222DE53890AD1841C24B53D4CA939CD4E0F47CCD8E1341D6C4D50D4D40550769DAE178D941B1B9F0DDC66CE5F85AB5A0F8569D791A98FC6D2C3D45C4F5E8B725D6D57C52FB8ADF9597E86C66D4B2EC44795FC1FF00462866F8597EAB78AFEC95A2B40D7616642801CCB65E838CC11CB3115676B59757F7A96AD9B61A946E9F13E8BEF43BCD5FD5DA14D4542BB753E26CEC41F75770FAF59D1A797D2A12EAFAB38189CCEB57D2F65D17CD9C47E20D0D9C7B9F8D29B7FC763FA27B3CA657C3A5D1B5F3F99A073D3A6040100993182845E01BED4DC38ED2A3F250BFCC6FFD339D98CFD98C7BFEFF0072B23B3D16D6AA3A823EFF0069C4ACBD92AB7206B76AAB625856A45455B05656C8301B8DF811F3B4E063702EB3E386E7732CCD161A3D9D4578EFA7234784D43AED6ED2A228E819C807C7647CE69C32AA8FDE95BE3F43A5533EA31F722DFA2FA9BBC1EA261D737351F76F6D91D724B11FCC66E432BA4BDEBBFBEE39D573CC44BDDB2F05F5FA1BCC1684A14AC5295353966145FF0098DDBE7376187A70F7525E473AAE2EB55F7E4DF9FDA270A63972CF79CB766665B1AF72E6504588B83BC7492415805A5C0DE40936645D18DB1483DE1F5FA4B2849F22AEA457331B63D3A9F2FD6595191575A228E30336CD88912A4E2AE235549D8C98D5BD36F03F2CE453769232334337CA137038B2A4293DD3F2FED3055A49ABA2C99B79A8584039BD33A2E8B552CF4D189B1B919FAF199161A8D6579C53666A78CAF4570C26D2F128881405000032006400E826E462A2AC9591AF29393BC9DD97AA13B813E02F0DA5B9532AE12A1F74F9E5F5957560B9936367A3E9322D9B9FCB29AB564A52BA2C8E0BF1468DAB51A9F15365FE4607FAE7732597B138F7AF8FF449C689DC24401009931810097A3F49D4A17D82B636B822F7B7CE60AD87855D644357377A1B599CE2292BA2779D56E2E2DB4766F637E739D89C04553938BD95C8E13D1EF3CF926138A41EF0FAFD25D5397428EA457331B63D3A996546455D68989B48F25F9CB2A0FA9475FA231B63DB80512CA8A2AEBC8BB0B8A667B13BC195A94E2A3745A9D494A56640D29A4A961576B1150B39F66929BB1F2E5D4D84D5C56369515AFF0026EE0B2EAD89969EBC9193B54A8895E9E74EA0BF81E20F2E23C419B385AF1AB04D1AB8BC3CA8D47196E8B66C9A856019708D675F1FAE529515E2CBD37ED236EEB704739A68DD346B83A87DD3F21F59BCEAC3A94B332AE8D73F08F3FD251D788E136C808001DF6F9CD465CBA018AA505637600996526B605568A8DCAA3C848726F762C5E481BE4030BE3298DEEBEB7965093E445CD2E375D307498A177665362151B7F2B9007CE6E53CB7115126968FBD1271BAE5AC94B18B4C534AAA5189BBEC8B823300027909D8CBB03530F26E4D6BD0939913AC04010099318100A402A9536195C6F521878837FB4A4E3C5171EA0F6C06E3A19E2B620D1916CA6FA77341E8208284C0322D2EE97721298CCB3642DE730D4AD182BB3352A13A8D24B7399D33AE4A80D2C18E86B30CCFE553F53E9C679EC5E6CDBB52F5FA1EAF0190A4B8ABFA7D5FC91C656AACEC5998B31CCB13724F5267125272776F53D2C21182E18AB23A8D47D3229B1C2D53FBAA9EC9F86A72F3FA81CE7572BC5384FB37B3DBC7F93879E60555A7DB456AB7F0FE3F63BCC3E1108BDC9F94F492AB24EC78E8D28357242E1107BA3EB28EA49F3322A715C8CAB4C0DC00F2956DB2C925B15660379B4824C2F8CA637BAFADE59424F642E69E9EB8611EA0A54D9AA546360154804FE67B0E1CE6DBCBEBC60E72564BBFE9A821E99D73FD9CECB616ADF7779A9817DE01285AC6D9D8E732E1F2EED95D4D7A3F9D81ADC27E21ED3D9E92D353B9AE5C03FEEC865D66CD4C9DC6378CAE19BE3A4AAB661858F202687611452ECC4D5EA1DEEDEA47D259422B90B98CA5F7CB588012483CC712FB751DFE2666F524CF514E1C304BA23218ED2E495802015D93C8C5D025CC6040100B1A403D8B4156DBC2D17E26925FC7645FE779E3B111E1AB25DEC8329C129249BE66F2BDACAD6317651BDCB861507BA3EBF590EA49F32CA9C5722169BD20B85A0D5FB32F620596C2C4E40B1E02FC73DF35B135FB2A6E6D366DE0F0BF98AAA9A697DFEE79869AD395B14D7A8DDC07BA83241E5C4F533CD6231552BBF69E9D391ED30981A3865EC2D7ABDCD6CD637040109D86E7A0E89D3556A609EA51D86C4D2B7688C09DA51EFA8046640BF8A91CA7B0CAF134F15C31ABA3D9FD4F0D98603F2959F0FBB2D57D3C8D056D70C63EEA8AA3FDA8BF5604CF551CB30EB95FCFFA344C49AD18BE354B788FFC6D2EF2EA0F65622C48A5ACEDEFD253D4123EB798DE5CBF4C88E129A534DAD5A2D4D36D18EFB80415E2B706E2FE114706E9D452959A0A36398A4CC8C19495752083C430370675250524D3D9963A0A1A5B085710D56957EDF10A436C956A61C9DADB50C415EF006C76AD6CA73E785C42705092E18BD2FBF83F2F0061D57D0FDB3F68E3F7487C9DF9780DE7C84C98DC4F671E18EEFE08AB763BAB4E194169204023E90ABB146A37246F5B1B4BD28F14D2EF251E70687233D2F1190A761D6388170A3D638817AA012B705D00C62A8E726CC17061CC48056003201D5E88D72187C3251EC59D90117DA0A2DB448E04EE23D271F11963AB55CF8AC9F71052BEBF573EC52A2BE3B4FF007111CA29AF7A4DFC3EA49AFAFADF8D6FFED0A392AAFD48266C472DC3AE57F16C19F57F581CD634B14ED528561B0DB66E149C81E833B1F1BF09AF8FCBA9CE8BE08EDCBAA2D0938494A3BA34FA7F453616BB52372BBD1BE243B8F8F03D44F9A62B0EE8D471E5CBC0F7582C52C4D1535BF3F135F35CDB1009DA2F4455C413B00045F6EA31D9A6838966FB4D9C3612AE225682353158DA5868DE6F5E9CCD9E0F5830D80A8AB8656C4392AB56B66015B8BAD141BCF227A6FBCF75977E1A74A9B9D47676FBBF45F13C7E3F349E29D9AB456CBF9326B7E87EC2A8A8808A357BCB911B2DBD9083BB981E5C275F2EC576B0E097BD1F8AEA699A19D202015805AE80C276060EC8DEDF397B836186C6D5A62C951D40E00E5E9BA6BCE8D39BBC9264589D4B58B10BBD95BF328FE9B4C12C0D27DDE6470A26D2D6A6F7A929FCAC47C883304B2E5FA64384994B59E89F68545F2047C8FDA619602AADACC8E131E9BD2F4AA61D969B82CDB22D620DB6813911C84B61B0D52355392D025A9CACEB97100401004021CC8018075FA1B4021A2F7A88E6A0B064EF04B6791E77B5F76E9C6C46325DA2B26ADD79946CE671B44D2729DA23DBDE43B43C3C7A4EA529F691E2B35E258C22A997E144970ADD2384151587591C20BB6D4C87160EB30C4691C19A570719871743C5E9EEB79D803D429E33C667F95DFDA8AEF5E3CD799D1CB319F96ADAFBAF7FAF91C8D3A6CCC15558B1360A012C4F2037DE787516DD92D4F6929462B89BD3A9B5AB81A584B3630DEA5815C321EF91C36D87B03FCE93D4655F86EA627DBA9A2FBDFE8BD4F358FCFACF830EBFFA7F25F37E829FED9A55852A6AB4B0AA45917BB4500E7C6A37F9613DA42960F2B82FF6F8F9745F7A9E6E7525565793BB3BDD5BD51A183B301DA57B675586639EC2FB83E7D4CE2E3331AB89767A47A2F9F525452369A6746AE268B516E2323C5587B2C3FCE626AD0AD2A3514E258F23C4E1DA93B53716742411D472E9C7CE7AFA5523522A71D99263990080200802008020080200802008020080439900804AC263DE9A54A6BECD4001DF9751D6D7130D4A119CA327C88B1166624401004010095A2F1EF86AC95D3DA5398E0CA7DA53D08FD784C188A11AD4DC25CC1DA69AC46C2D3C4E0A91098B63DA56A69DA570C45FB34526C8588209E0413BF7F99C0E5F87855A9DA24A6BAE89F7DFE365B992B62AB4E1184A4ECB644AA1AA0B59B6EAA76349B658D00DB6EF52D9B57AD997DFEC836E37B93334B319535C307C4D69C5B24BA4572F1B1AEE3737F85D1DD9950A1422EE0058003765C2694EB71A6DEECC51A4D4AE5D8C2FB7DDDAB586EBDA45351B6A2A3971686934B6B5AE1BBAC76EA7FD31BC7E63EEFD7A4DCA397BAFAAD175FBDC9A6EA3385D29A59B1354D57D90C401602C001B875F133BD87C32A10E089B0460C39899C158020080200802008020080200802008043990080200802008020080201D6FE1EE9CECAAFECAE7F7754F709F76AF2F06FA81CE71B36C271C7B58EEB7F0FE3F607A64F3841831B8CA7450D4AAEA883793F41CCF412F4E9CAA4B860AEC1E79AC3AF352ADE9E1AF4E9EE350FF00A8DF97E01F3F09DFC265318FB55B57D3979F5FD89390EA7327327893C4CECA5602481000300B8543CE45902E158F491C28170AFD2384151587591C2C170A839C5982E0C39C805600802008020080439900802008020080200802014321AB83BCA3AFE170AB742F8A0364DF24CB7393D790E37DD94F3F2C9DBACECED0F8F81071DA5349D6C4BF6959CB1E0372A8E4ABB87D79CED50C353A11E182FAB248B33810040100401004010040100402A0C02A2A1E722C8170AC7A48E105C2BF48E1054561D6470B057B5116608F2E040100401004010040100401004010040100401004010040100401004010040100401004010040100401004010040100401004010040100401004010040100401004010040100401004010040100401004010040100401004010040100401004010040100401004010040100FFD9);

-- Link program to week
insert into fitnessprogramapp.program_weeks (program_id, week_id)
values (17, 1);

-- Create workouts
insert into fitnessprogramapp.workout (id, description, number, title,position)
values  (1, 'asdas', '1', 'neki workout 1',0),
        (2, 'asdas', '2', 'workout 2',1);

-- Link week to workouts
insert into fitnessprogramapp.week_workouts (week_id, workout_id)
values  (1, 1),
        (1, 2);

-- Create sets for exercises
insert into fitnessprogramapp.sets (maximum_intensity, maximum_volume, minimum_intensity, minimum_volume, id, intensity_metric_id, volume_metric_id)
values  (10, 8, 0, 0, 1, 1, 1),
        (10, 8, 0, 0, 2, 1, 1),
        (10, 12, 0, 0, 3, 1, 1),
        (10, 12, 0, 0, 4, 1, 1),
        (10, 12, 0, 0, 5, 1, 1),
        (10, 12, 0, 0, 6, 1, 1),
        (10, 12, 0, 0, 7, 1, 1);

-- Create workout exercises
insert into fitnessprogramapp.workout_exercise (maximum_rest_time, minimum_rest_time, exercise_id, id,position)
values  (60, 0, 3, 1,0),
        (60, 0, 2, 2,1),
        (60, 0, 1, 3,2);

-- Link workouts to workout_exercises
insert into fitnessprogramapp.workout_workout_exercises (workout_exercise_id, workout_id)
values  (1, 1),
        (2, 1),
        (3, 2);

-- Link workout_exercises to sets
insert into fitnessprogramapp.workout_exercise_sets (set_id, workout_exercise_id)
values  (1, 1),
        (2, 1),
        (3, 2),
        (4, 2),
        (5, 2),
        (6, 3),
        (7, 3);